{
  "saved_at_utc": "2026-06-04T12:42:38.832465+00:00",
  "source": "tomsk_sos70_param_charts",
  "freq_max_hz": 40.0,
  "values": {
    "scale_ranges": {
      "F": {
        "F1": [
          7.2,
          8.4
        ],
        "F2": [
          13.1,
          14.5
        ],
        "F3": [
          18.6,
          20.2
        ],
        "F4": [
          24.1,
          26.5
        ]
      },
      "A": {
        "A1": [
          1.0,
          45.0
        ],
        "A2": [
          1.0,
          61.5
        ],
        "A3": [
          2.2,
          12.2
        ],
        "A4": [
          1.1,
          10.2
        ]
      },
      "Q": {
        "Q1": [
          4.0,
          38.0
        ],
        "Q2": [
          5.0,
          17.5
        ],
        "Q3": [
          7.0,
          23.0
        ],
        "Q4": [
          5.0,
          30.0
        ]
      }
    },
    "scale_units": {
      "F_hz": "Hz",
      "A_value": "idx",
      "Q_value": "idx"
    },
    "F_norm": {
      "F1": 0.04529616724738676,
      "F2": 0.2613240418118467,
      "F3": 0.578397212543554,
      "F4": 0.7526132404181185
    },
    "F_y_px": {
      "F1": 48,
      "F2": 110,
      "F3": 201,
      "F4": 251
    },
    "F_lane_norm": {
      "F1": 0.12280701754385964,
      "F2": 0.11538461538461539,
      "F3": 0.9347826086956522,
      "F4": 0.9565217391304348
    },
    "F_hz": {
      "F1": 8.25263157894737,
      "F2": 14.338461538461539,
      "F3": 18.70434782608696,
      "F4": 24.20434782608696
    },
    "A_norm": {
      "A1": 0.11498257839721254,
      "A2": 0.2682926829268293,
      "A3": 0.4912891986062718,
      "A4": 0.8745644599303136
    },
    "A_y_px": {
      "A1": 68,
      "A2": 112,
      "A3": 176,
      "A4": 286
    },
    "A_lane_norm": {
      "A1": 0.2891566265060241,
      "A2": 0.20408163265306123,
      "A3": 0.20618556701030927,
      "A4": 0.6153846153846154
    },
    "A_value": {
      "A1": 32.27710843373494,
      "A2": 49.1530612244898,
      "A3": 10.138144329896907,
      "A4": 4.599999999999999
    },
    "Q_norm": {
      "Q1": 0.28222996515679444,
      "Q2": 0.3344947735191638,
      "Q3": 0.6933797909407665,
      "Q4": 0.7491289198606271
    },
    "Q_y_px": {
      "Q1": 116,
      "Q2": 131,
      "Q3": 234,
      "Q4": 250
    },
    "Q_lane_norm": {
      "Q1": 0.7528089887640449,
      "Q2": 0.27835051546391754,
      "Q3": 0.7572815533980582,
      "Q4": 0.16470588235294117
    },
    "Q_value": {
      "Q1": 12.404494382022474,
      "Q2": 14.02061855670103,
      "Q3": 10.883495145631068,
      "Q4": 25.88235294117647
    }
  },
  "debug": {
    "F": {
      "x_day0": 59,
      "x_day1": 392,
      "x_day2": 726,
      "day_w": 333.5,
      "x_day0_time": 59,
      "x_day1_time": 351,
      "x_day2_time": 643,
      "day_w_time": 292.0,
      "x_plot_end": 935,
      "x1_static": 936,
      "x1_dyn": 935,
      "x1_dyn_used": true,
      "pph": 12.166666666666666,
      "pph_source": "day_width (tick-mismatch-fallback)",
      "pph_tick": 19.0,
      "tick_pph_rel_err": 0.5616438356164384,
      "tick_pph_valid": false,
      "tick_count": 50,
      "tick_quality": 0.6944444444444444,
      "tick_used": false,
      "x_frontier": 876,
      "frontier_method": "activity_scan",
      "frontier_activity_thr": 0.41710610091686245,
      "frontier_activity_right_tail": 0.05497229844331741,
      "frontier_activity_run_px": 8,
      "guard_px": 4,
      "left_guard": 645,
      "right_guard": 872,
      "x_time": 883,
      "x_ideal": 883,
      "x_now": 883,
      "x_now_method": "ideal",
      "hour_now_tsst": 19.710555555555555,
      "rollover_hour_min": 3.0,
      "rollover_hour_max": 8.5,
      "delta_min_to_guard": -54.24657534246576,
      "delta_min_to_frontier": -34.520547945205486,
      "frontier_day_fill": 0.797945205479452,
      "rollover_candidate": false,
      "bias_minutes_applied": 0.0,
      "measured_bias_minutes": null,
      "age_hours": null,
      "status": "ok",
      "x_pick": 882,
      "x_pick_edge": 883,
      "x_pick_safe_right": 923,
      "x_overlay": 883,
      "f1_path_x_range": [
        869,
        883
      ],
      "f1_path_target_col": 13,
      "f1_path_y_px": 46,
      "f4_path_x_range": [
        869,
        883
      ],
      "f4_path_target_col": 13,
      "f4_path_y_px": 251,
      "f1_path2_x_range": [
        873,
        883
      ],
      "f1_path2_target_col": 9,
      "f1_path2_y_px": 46,
      "f1_path2_y_direct_px": 47,
      "f1_path2_direct_used": false,
      "f1_path2_direct_allowed": false,
      "f1_path2_left_weight": 0.35,
      "f1_path2_right_weight": 1.0,
      "f2_path2_x_range": [
        873,
        883
      ],
      "f2_path2_target_col": 9,
      "f2_path2_y_px": 125,
      "f2_path2_y_direct_px": 131,
      "f2_path2_direct_used": false,
      "f2_path2_direct_allowed": false,
      "f2_path2_left_weight": 0.4,
      "f2_path2_right_weight": 1.0,
      "f4_path2_x_range": [
        873,
        883
      ],
      "f4_path2_target_col": 9,
      "f4_path2_y_px": 251,
      "f4_path2_y_direct_px": 250,
      "f4_path2_direct_used": false,
      "f4_path2_direct_allowed": false,
      "f4_path2_left_weight": 0.4,
      "f4_path2_right_weight": 1.0,
      "f1_local_snap_x": 883,
      "f1_local_snap_y_px": 48,
      "f1_local_snap_search_px": 8,
      "f1_local_snap_search_up_px": 4,
      "f1_local_snap_search_down_px": 12,
      "f1_local_snap_prefer_lower_weight": 0.02,
      "f3_local_snap_x": 883,
      "f3_local_snap_y_px": 201,
      "f3_local_snap_search_px": 6,
      "f3_local_snap_search_up_px": 6,
      "f3_local_snap_search_down_px": 6,
      "f3_local_snap_prefer_lower_weight": 0.0,
      "f4_local_snap_x": 883,
      "f4_local_snap_y_px": 251,
      "f4_local_snap_search_px": 8,
      "f4_local_snap_search_up_px": 6,
      "f4_local_snap_search_down_px": 14,
      "f4_local_snap_prefer_lower_weight": 0.05,
      "f2_local_snap_x": 883,
      "f2_local_snap_y_px": 111,
      "f2_local_snap_search_px": 8,
      "f2_local_snap_search_up_px": 14,
      "f2_local_snap_search_down_px": 2,
      "f2_local_snap_prefer_lower_weight": 0.0,
      "f2_consensus_x_range": [
        877,
        883
      ],
      "f2_consensus_y_px": 110,
      "f2_consensus_anchor_y_px": 111,
      "f2_consensus_seed_y_px": 111,
      "f2_consensus_support_cols": 5,
      "f2_consensus_support_ratio": 0.7909534033540301,
      "f2_consensus_jump_px": 1,
      "f2_consensus_tol_px": 5,
      "f2_consensus_reason": "accepted",
      "f2_consensus_applied": true,
      "f3_consensus_applied": false,
      "f3_consensus_x_range": [
        877,
        883
      ],
      "f3_consensus_y_px": 200,
      "f3_consensus_anchor_y_px": 201,
      "f3_consensus_seed_y_px": 199,
      "f3_consensus_support_cols": 3,
      "f3_consensus_support_ratio": 0.5101796276729011,
      "f3_consensus_jump_px": 1,
      "f3_consensus_tol_px": 5,
      "f3_consensus_reason": "low_support",
      "f4_consensus_x_range": [
        877,
        883
      ],
      "f4_consensus_y_px": 251,
      "f4_consensus_anchor_y_px": 251,
      "f4_consensus_seed_y_px": 252,
      "f4_consensus_support_cols": 6,
      "f4_consensus_support_ratio": 0.8223212833733511,
      "f4_consensus_jump_px": 0,
      "f4_consensus_tol_px": 6,
      "f4_consensus_reason": "accepted",
      "f4_consensus_applied": true,
      "scale_ranges": {
        "F1": [
          7.2,
          8.4
        ],
        "F2": [
          13.1,
          14.5
        ],
        "F3": [
          18.6,
          20.2
        ],
        "F4": [
          24.1,
          26.5
        ]
      }
    },
    "A": {
      "x_day0": 59,
      "x_day1": 372,
      "x_day2": 684,
      "day_w": 312.5,
      "x_day0_time": 59,
      "x_day1_time": 351,
      "x_day2_time": 643,
      "day_w_time": 292.0,
      "x_plot_end": 935,
      "x1_static": 936,
      "x1_dyn": 935,
      "x1_dyn_used": true,