{
  "saved_at_utc": "2026-04-04T21:55:38.929833+00:00",
  "source": "tomsk_sos70_param_charts",
  "freq_max_hz": 40.0,
  "values": {
    "scale_ranges": {
      "F": {
        "F1": [
          7.2,
          8.4
        ],
        "F2": [
          13.1,
          14.5
        ],
        "F3": [
          18.6,
          20.2
        ],
        "F4": [
          24.1,
          26.5
        ]
      },
      "A": {
        "A1": [
          1.0,
          45.0
        ],
        "A2": [
          1.0,
          61.5
        ],
        "A3": [
          2.2,
          12.2
        ],
        "A4": [
          1.1,
          10.2
        ]
      },
      "Q": {
        "Q1": [
          4.0,
          38.0
        ],
        "Q2": [
          5.0,
          17.5
        ],
        "Q3": [
          7.0,
          23.0
        ],
        "Q4": [
          5.0,
          30.0
        ]
      }
    },
    "scale_units": {
      "F_hz": "Hz",
      "A_value": "idx",
      "Q_value": "idx"
    },
    "F_norm": {
      "F1": 0.04878048780487805,
      "F2": 0.31010452961672474,
      "F3": 0.5714285714285714,
      "F4": 0.7456445993031359
    },
    "F_y_px": {
      "F1": 49,
      "F2": 124,
      "F3": 199,
      "F4": 249
    },
    "F_lane_norm": {
      "F1": 0.14035087719298245,
      "F2": 0.38461538461538464,
      "F3": 0.8913043478260869,
      "F4": 0.9130434782608695
    },
    "F_hz": {
      "F1": 8.23157894736842,
      "F2": 13.961538461538462,
      "F3": 18.773913043478263,
      "F4": 24.308695652173913
    },
    "A_norm": {
      "A1": 0.31010452961672474,
      "A2": 0.5365853658536586,
      "A3": 0.7421602787456446,
      "A4": 0.9407665505226481
    },
    "A_y_px": {
      "A1": 124,
      "A2": 189,
      "A3": 248,
      "A4": 305
    },
    "A_lane_norm": {
      "A1": 0.963855421686747,
      "A2": 0.9897959183673469,
      "A3": 0.9484536082474226,
      "A4": 0.8241758241758241
    },
    "A_value": {
      "A1": 2.590361445783131,
      "A2": 1.617346938775512,
      "A3": 2.7154639175257724,
      "A4": 2.7
    },
    "Q_norm": {
      "Q1": 0.1289198606271777,
      "Q2": 0.44947735191637633,
      "Q3": 0.4912891986062718,
      "Q4": 0.7526132404181185
    },
    "Q_y_px": {
      "Q1": 72,
      "Q2": 164,
      "Q3": 176,
      "Q4": 251
    },
    "Q_lane_norm": {
      "Q1": 0.25842696629213485,
      "Q2": 0.6185567010309279,
      "Q3": 0.1941747572815534,
      "Q4": 0.17647058823529413
    },
    "Q_value": {
      "Q1": 29.213483146067414,
      "Q2": 9.768041237113401,
      "Q3": 19.893203883495147,
      "Q4": 25.588235294117645
    }
  },
  "debug": {
    "F": {
      "x_day0": 59,
      "x_day1": 392,
      "x_day2": 726,
      "day_w": 333.5,
      "x_day0_time": 59,
      "x_day1_time": 351,
      "x_day2_time": 643,
      "day_w_time": 292.0,
      "x_plot_end": 935,
      "x1_static": 936,
      "x1_dyn": 935,
      "x1_dyn_used": true,
      "pph": 12.166666666666666,
      "pph_source": "day_width (tick-mismatch-fallback)",
      "pph_tick": 19.0,
      "tick_pph_rel_err": 0.5616438356164384,
      "tick_pph_valid": false,
      "tick_count": 50,
      "tick_quality": 0.6944444444444444,
      "tick_used": false,
      "x_frontier": 701,
      "frontier_method": "activity_scan",
      "frontier_activity_thr": 0.5183953404426574,
      "frontier_activity_right_tail": 0.18403959274291992,
      "frontier_activity_run_px": 8,
      "guard_px": 4,
      "left_guard": 645,
      "right_guard": 697,
      "x_time": 703,
      "x_ideal": 703,
      "x_now": 703,
      "x_now_method": "harmonized_pair_cluster",
      "hour_now_tsst": 4.927222222222222,
      "rollover_hour_min": 3.0,
      "rollover_hour_max": 8.5,
      "delta_min_to_guard": -29.589041095890412,
      "delta_min_to_frontier": -9.863013698630137,
      "frontier_day_fill": 0.19863013698630136,
      "rollover_candidate": false,
      "bias_minutes_applied": 0.0,
      "measured_bias_minutes": null,
      "age_hours": null,
      "status": "ok",
      "x_now_before_harmonize": 703,
      "x_pick": 702,
      "x_pick_edge": 703,
      "x_pick_safe_right": 923,
      "x_overlay": 703,
      "f1_path_x_range": [
        689,
        703
      ],
      "f1_path_target_col": 13,
      "f1_path_y_px": 50,
      "f4_path_x_range": [
        689,
        703
      ],
      "f4_path_target_col": 13,
      "f4_path_y_px": 250,
      "f1_path2_x_range": [
        693,
        703
      ],
      "f1_path2_target_col": 9,
      "f1_path2_y_px": 48,
      "f1_path2_y_direct_px": 47,
      "f1_path2_direct_used": false,
      "f1_path2_direct_allowed": false,
      "f1_path2_left_weight": 0.35,
      "f1_path2_right_weight": 1.0,
      "f2_path2_x_range": [
        693,
        703
      ],
      "f2_path2_target_col": 9,
      "f2_path2_y_px": 123,
      "f2_path2_y_direct_px": 123,
      "f2_path2_direct_used": false,
      "f2_path2_direct_allowed": false,
      "f2_path2_left_weight": 0.4,
      "f2_path2_right_weight": 1.0,
      "f4_path2_x_range": [
        693,
        703
      ],
      "f4_path2_target_col": 9,
      "f4_path2_y_px": 250,
      "f4_path2_y_direct_px": 250,
      "f4_path2_direct_used": false,
      "f4_path2_direct_allowed": false,
      "f4_path2_left_weight": 0.4,
      "f4_path2_right_weight": 1.0,
      "f1_local_snap_x": 703,
      "f1_local_snap_y_px": 49,
      "f1_local_snap_search_px": 8,
      "f1_local_snap_search_up_px": 4,
      "f1_local_snap_search_down_px": 12,
      "f1_local_snap_prefer_lower_weight": 0.02,
      "f3_local_snap_x": 703,
      "f3_local_snap_y_px": 195,
      "f3_local_snap_search_px": 6,
      "f3_local_snap_search_up_px": 6,
      "f3_local_snap_search_down_px": 6,
      "f3_local_snap_prefer_lower_weight": 0.0,
      "f4_local_snap_x": 703,
      "f4_local_snap_y_px": 249,
      "f4_local_snap_search_px": 8,
      "f4_local_snap_search_up_px": 6,
      "f4_local_snap_search_down_px": 14,
      "f4_local_snap_prefer_lower_weight": 0.05,
      "f2_local_snap_x": 703,
      "f2_local_snap_y_px": 124,
      "f2_local_snap_search_px": 8,
      "f2_local_snap_search_up_px": 14,
      "f2_local_snap_search_down_px": 2,
      "f2_local_snap_prefer_lower_weight": 0.0,
      "f2_consensus_x_range": [
        697,
        703
      ],
      "f2_consensus_y_px": 124,
      "f2_consensus_anchor_y_px": 124,
      "f2_consensus_seed_y_px": 124,
      "f2_consensus_support_cols": 6,
      "f2_consensus_support_ratio": 0.8028870084619213,
      "f2_consensus_jump_px": 0,
      "f2_consensus_tol_px": 5,
      "f2_consensus_reason": "accepted",
      "f2_consensus_applied": true,
      "f3_consensus_x_range": [
        697,
        703
      ],
      "f3_consensus_y_px": 199,
      "f3_consensus_anchor_y_px": 195,
      "f3_consensus_seed_y_px": 199,
      "f3_consensus_support_cols": 4,
      "f3_consensus_support_ratio": 0.5880338151077174,
      "f3_consensus_jump_px": 4,
      "f3_consensus_tol_px": 5,
      "f3_consensus_reason": "accepted",
      "f3_consensus_applied": true,
      "f4_consensus_x_range": [
        697,
        703
      ],
      "f4_consensus_y_px": 249,
      "f4_consensus_anchor_y_px": 249,
      "f4_consensus_seed_y_px": 249,
      "f4_consensus_support_cols": 5,
      "f4_consensus_support_ratio": 0.7134725943157875,
      "f4_consensus_jump_px": 0,
      "f4_consensus_tol_px": 6,
      "f4_consensus_reason": "accepted",
      "f4_consensus_applied": true,
      "scale_ranges": {
        "F1": [
          7.2,
          8.4
        ],
        "F2": [
          13.1,
          14.5
        ],
        "F3": [
          18.6,
          20.2
        ],
        "F4": [
          24.1,
          26.5
        ]
      }
    },
    "A": {
      "x_day0": 59,
      "x_day1": 392,
      "x_day2": 726,
      "day_w": 333.5,
      "x_day0_time": 59,
      "x_day1_time": 351,
      "x_day2_time": 643,
      "day_w_time": 292.0,
      "x_plot_end": 935,
      "x1_static": 936,
      "x1_dyn": 935,