{
  "saved_at_utc": "2026-05-14T20:58:21.912035+00:00",
  "source": "tomsk_sos70_param_charts",
  "freq_max_hz": 40.0,
  "values": {
    "scale_ranges": {
      "F": {
        "F1": [
          7.2,
          8.4
        ],
        "F2": [
          13.1,
          14.5
        ],
        "F3": [
          18.6,
          20.2
        ],
        "F4": [
          24.1,
          26.5
        ]
      },
      "A": {
        "A1": [
          1.0,
          45.0
        ],
        "A2": [
          1.0,
          61.5
        ],
        "A3": [
          2.2,
          12.2
        ],
        "A4": [
          1.1,
          10.2
        ]
      },
      "Q": {
        "Q1": [
          4.0,
          38.0
        ],
        "Q2": [
          5.0,
          17.5
        ],
        "Q3": [
          7.0,
          23.0
        ],
        "Q4": [
          5.0,
          30.0
        ]
      }
    },
    "scale_units": {
      "F_hz": "Hz",
      "A_value": "idx",
      "Q_value": "idx"
    },
    "F_norm": {
      "F1": 0.13588850174216027,
      "F2": 0.3310104529616725,
      "F3": 0.5574912891986062,
      "F4": 0.7560975609756098
    },
    "F_y_px": {
      "F1": 74,
      "F2": 130,
      "F3": 195,
      "F4": 252
    },
    "F_lane_norm": {
      "F1": 0.5789473684210527,
      "F2": 0.5,
      "F3": 0.8043478260869565,
      "F4": 0.9782608695652174
    },
    "F_hz": {
      "F1": 7.705263157894737,
      "F2": 13.8,
      "F3": 18.91304347826087,
      "F4": 24.15217391304348
    },
    "A_norm": {
      "A1": 0.2961672473867596,
      "A2": 0.4912891986062718,
      "A3": 0.7073170731707317,
      "A4": 0.9407665505226481
    },
    "A_y_px": {
      "A1": 120,
      "A2": 176,
      "A3": 238,
      "A4": 305
    },
    "A_lane_norm": {
      "A1": 0.9156626506024096,
      "A2": 0.8571428571428571,
      "A3": 0.845360824742268,
      "A4": 0.8241758241758241
    },
    "A_value": {
      "A1": 4.710843373493979,
      "A2": 9.642857142857146,
      "A3": 3.7463917525773187,
      "A4": 2.7
    },
    "Q_norm": {
      "Q1": 0.2961672473867596,
      "Q2": 0.5052264808362369,
      "Q3": 0.6515679442508711,
      "Q4": 0.926829268292683
    },
    "Q_y_px": {
      "Q1": 120,
      "Q2": 180,
      "Q3": 222,
      "Q4": 301
    },
    "Q_lane_norm": {
      "Q1": 0.797752808988764,
      "Q2": 0.7835051546391752,
      "Q3": 0.6407766990291263,
      "Q4": 0.7647058823529411
    },
    "Q_value": {
      "Q1": 10.876404494382022,
      "Q2": 7.7061855670103085,
      "Q3": 12.74757281553398,
      "Q4": 10.882352941176471
    }
  },
  "debug": {
    "F": {
      "x_day0": 59,
      "x_day1": 392,
      "x_day2": 726,
      "day_w": 333.5,
      "x_day0_time": 59,
      "x_day1_time": 351,
      "x_day2_time": 643,
      "day_w_time": 292.0,
      "x_plot_end": 935,
      "x1_static": 936,
      "x1_dyn": 935,
      "x1_dyn_used": true,
      "pph": 12.166666666666666,
      "pph_source": "day_width (tick-mismatch-fallback)",
      "pph_tick": 19.0,
      "tick_pph_rel_err": 0.5616438356164384,
      "tick_pph_valid": false,
      "tick_count": 50,
      "tick_quality": 0.6944444444444444,
      "tick_used": false,
      "x_frontier": 678,
      "frontier_method": "activity_scan",
      "frontier_activity_thr": 0.47942751944065093,
      "frontier_activity_right_tail": 0.19620338082313538,
      "frontier_activity_run_px": 8,
      "guard_px": 4,
      "left_guard": 645,
      "right_guard": 674,
      "x_time": 691,
      "x_ideal": 691,
      "x_now": 674,
      "x_now_method": "harmonized_prefer_non_rollover",
      "hour_now_tsst": 3.9725,
      "rollover_hour_min": 3.0,
      "rollover_hour_max": 8.5,
      "delta_min_to_guard": -83.83561643835617,
      "delta_min_to_frontier": -64.10958904109589,
      "frontier_day_fill": 0.11986301369863013,
      "rollover_candidate": false,
      "bias_minutes_applied": 0.0,
      "measured_bias_minutes": null,
      "age_hours": null,
      "status": "ok",
      "x_now_before_harmonize": 674,
      "x_pick": 673,
      "x_pick_edge": 674,
      "x_pick_safe_right": 923,
      "x_overlay": 674,
      "f1_path_x_range": [
        660,
        674
      ],
      "f1_path_target_col": 13,
      "f1_path_y_px": 73,
      "f4_path_x_range": [
        660,
        674
      ],
      "f4_path_target_col": 13,
      "f4_path_y_px": 249,
      "f1_path2_x_range": [
        664,
        674
      ],
      "f1_path2_target_col": 9,
      "f1_path2_y_px": 74,
      "f1_path2_y_direct_px": 44,
      "f1_path2_direct_used": false,
      "f1_path2_direct_allowed": false,
      "f1_path2_left_weight": 0.35,
      "f1_path2_right_weight": 1.0,
      "f2_path2_x_range": [
        664,
        674
      ],
      "f2_path2_target_col": 9,
      "f2_path2_y_px": 131,
      "f2_path2_y_direct_px": 138,
      "f2_path2_direct_used": false,
      "f2_path2_direct_allowed": false,
      "f2_path2_left_weight": 0.4,
      "f2_path2_right_weight": 1.0,
      "f4_path2_x_range": [
        664,
        674
      ],
      "f4_path2_target_col": 9,
      "f4_path2_y_px": 250,
      "f4_path2_y_direct_px": 253,
      "f4_path2_direct_used": false,
      "f4_path2_direct_allowed": false,
      "f4_path2_left_weight": 0.4,
      "f4_path2_right_weight": 1.0,
      "f1_local_snap_x": 674,
      "f1_local_snap_y_px": 74,
      "f1_local_snap_search_px": 8,
      "f1_local_snap_search_up_px": 4,
      "f1_local_snap_search_down_px": 12,
      "f1_local_snap_prefer_lower_weight": 0.02,
      "f3_local_snap_x": 674,
      "f3_local_snap_y_px": 197,
      "f3_local_snap_search_px": 6,
      "f3_local_snap_search_up_px": 6,
      "f3_local_snap_search_down_px": 6,
      "f3_local_snap_prefer_lower_weight": 0.0,
      "f4_local_snap_x": 674,
      "f4_local_snap_y_px": 252,
      "f4_local_snap_search_px": 8,
      "f4_local_snap_search_up_px": 6,
      "f4_local_snap_search_down_px": 14,
      "f4_local_snap_prefer_lower_weight": 0.05,
      "f2_local_snap_x": 674,
      "f2_local_snap_y_px": 130,
      "f2_local_snap_search_px": 8,
      "f2_local_snap_search_up_px": 14,
      "f2_local_snap_search_down_px": 2,
      "f2_local_snap_prefer_lower_weight": 0.0,
      "f2_consensus_applied": false,
      "f2_consensus_x_range": [
        668,
        674
      ],
      "f2_consensus_y_px": 110,
      "f2_consensus_anchor_y_px": 130,
      "f2_consensus_seed_y_px": 111,
      "f2_consensus_support_cols": 5,
      "f2_consensus_support_ratio": 0.6849817905772243,
      "f2_consensus_jump_px": 20,
      "f2_consensus_tol_px": 5,
      "f2_consensus_reason": "excessive_jump",
      "f3_consensus_x_range": [
        668,
        674
      ],
      "f3_consensus_y_px": 195,
      "f3_consensus_anchor_y_px": 197,
      "f3_consensus_seed_y_px": 194,
      "f3_consensus_support_cols": 7,
      "f3_consensus_support_ratio": 1.0,
      "f3_consensus_jump_px": 2,
      "f3_consensus_tol_px": 5,
      "f3_consensus_reason": "accepted",
      "f3_consensus_applied": true,
      "f4_consensus_x_range": [
        668,
        674
      ],
      "f4_consensus_y_px": 252,
      "f4_consensus_anchor_y_px": 252,
      "f4_consensus_seed_y_px": 252,
      "f4_consensus_support_cols": 7,
      "f4_consensus_support_ratio": 1.0,
      "f4_consensus_jump_px": 0,
      "f4_consensus_tol_px": 6,
      "f4_consensus_reason": "accepted",
      "f4_consensus_applied": true,
      "scale_ranges": {
        "F1": [
          7.2,
          8.4
        ],
        "F2": [
          13.1,
          14.5
        ],
        "F3": [
          18.6,
          20.2
        ],
        "F4": [
          24.1,
          26.5
        ]
      }
    },
    "A": {
      "x_day0": 59,
      "x_day1": 392,
      "x_day2": 726,
      "day_w": 333.5,
      "x_day0_time": 59,
      "x_day1_time": 351,
      "x_day2_time": 643,
      "day_w_time": 292.0,
      "x_plot_end": 935,
      "x1_static": 936,
      "x1_dyn": 935,
      "x1_dyn_used": true,
      "pph": 12.166666666666666,