{
  "saved_at_utc": "2026-04-29T16:51:51.612137+00:00",
  "source": "tomsk_sos70_param_charts",
  "freq_max_hz": 40.0,
  "values": {
    "scale_ranges": {
      "F": {
        "F1": [
          7.2,
          8.4
        ],
        "F2": [
          13.1,
          14.5
        ],
        "F3": [
          18.6,
          20.2
        ],
        "F4": [
          24.1,
          26.5
        ]
      },
      "A": {
        "A1": [
          1.0,
          45.0
        ],
        "A2": [
          1.0,
          61.5
        ],
        "A3": [
          2.2,
          12.2
        ],
        "A4": [
          1.1,
          10.2
        ]
      },
      "Q": {
        "Q1": [
          4.0,
          38.0
        ],
        "Q2": [
          5.0,
          17.5
        ],
        "Q3": [
          7.0,
          23.0
        ],
        "Q4": [
          5.0,
          30.0
        ]
      }
    },
    "scale_units": {
      "F_hz": "Hz",
      "A_value": "idx",
      "Q_value": "idx"
    },
    "F_norm": {
      "F1": 0.06968641114982578,
      "F2": 0.2613240418118467,
      "F3": 0.4564459930313589,
      "F4": 0.7526132404181185
    },
    "F_y_px": {
      "F1": 55,
      "F2": 110,
      "F3": 166,
      "F4": 251
    },
    "F_lane_norm": {
      "F1": 0.24561403508771928,
      "F2": 0.11538461538461539,
      "F3": 0.17391304347826086,
      "F4": 0.9565217391304348
    },
    "F_hz": {
      "F1": 8.105263157894736,
      "F2": 14.338461538461539,
      "F3": 19.921739130434784,
      "F4": 24.20434782608696
    },
    "A_norm": {
      "A1": 0.3170731707317073,
      "A2": 0.5121951219512195,
      "A3": 0.7073170731707317,
      "A4": 0.7491289198606271
    },
    "A_y_px": {
      "A1": 126,
      "A2": 182,
      "A3": 238,
      "A4": 250
    },
    "A_lane_norm": {
      "A1": 0.9879518072289156,
      "A2": 0.9183673469387755,
      "A3": 0.845360824742268,
      "A4": 0.21978021978021978
    },
    "A_value": {
      "A1": 1.5301204819277103,
      "A2": 5.938775510204081,
      "A3": 3.7463917525773187,
      "A4": 8.2
    },
    "Q_norm": {
      "Q1": 0.2682926829268293,
      "Q2": 0.47038327526132406,
      "Q3": 0.6027874564459931,
      "Q4": 0.9616724738675958
    },
    "Q_y_px": {
      "Q1": 112,
      "Q2": 170,
      "Q3": 208,
      "Q4": 311
    },
    "Q_lane_norm": {
      "Q1": 0.7078651685393258,
      "Q2": 0.6804123711340206,
      "Q3": 0.5048543689320388,
      "Q4": 0.8823529411764706
    },
    "Q_value": {
      "Q1": 13.932584269662922,
      "Q2": 8.994845360824742,
      "Q3": 14.922330097087379,
      "Q4": 7.9411764705882355
    }
  },
  "debug": {
    "F": {
      "x_day0": 59,
      "x_day1": 368,
      "x_day2": 678,
      "day_w": 309.5,
      "x_day0_time": 59,
      "x_day1_time": 351,
      "x_day2_time": 644,
      "day_w_time": 292.3333333333333,
      "x_plot_end": 936,
      "x1_static": 936,
      "x1_dyn": 1006,
      "x1_dyn_used": false,
      "pph": 12.180555555555555,
      "pph_source": "day_width (tick-mismatch-fallback)",
      "pph_tick": 19.0,
      "tick_pph_rel_err": 0.5598631698973775,
      "tick_pph_valid": false,
      "tick_count": 50,
      "tick_quality": 0.6944444444444444,
      "tick_used": false,
      "x_frontier": 917,
      "frontier_method": "activity_scan",
      "frontier_activity_thr": 0.42562012672424315,
      "frontier_activity_right_tail": 0.3089931905269623,
      "frontier_activity_run_px": 8,
      "guard_px": 4,
      "left_guard": 646,
      "right_guard": 913,
      "x_time": 935,
      "x_ideal": 935,
      "x_now": 912,
      "x_now_method": "harmonized_pair_cluster",
      "hour_now_tsst": 23.86416666666667,
      "rollover_hour_min": 3.0,
      "rollover_hour_max": 8.5,
      "delta_min_to_guard": -108.36944127708097,
      "delta_min_to_frontier": -88.66590649942988,
      "frontier_day_fill": 0.9338654503990879,
      "rollover_candidate": false,
      "bias_minutes_applied": 0.0,
      "measured_bias_minutes": null,
      "age_hours": null,
      "status": "ok",
      "x_now_before_harmonize": 913,
      "x_pick": 911,
      "x_pick_edge": 912,
      "x_pick_safe_right": 924,
      "x_overlay": 912,
      "f1_path_x_range": [
        898,
        912
      ],
      "f1_path_target_col": 13,
      "f1_path_y_px": 56,
      "f4_path_x_range": [
        898,
        912
      ],
      "f4_path_target_col": 13,
      "f4_path_y_px": 251,
      "f1_path2_x_range": [
        902,
        912
      ],
      "f1_path2_target_col": 9,
      "f1_path2_y_px": 56,
      "f1_path2_y_direct_px": 57,
      "f1_path2_direct_used": false,
      "f1_path2_direct_allowed": false,
      "f1_path2_left_weight": 0.35,
      "f1_path2_right_weight": 1.0,
      "f2_path2_x_range": [
        902,
        912
      ],
      "f2_path2_target_col": 9,
      "f2_path2_y_px": 151,
      "f2_path2_y_direct_px": 151,
      "f2_path2_direct_used": false,
      "f2_path2_direct_allowed": false,
      "f2_path2_left_weight": 0.4,
      "f2_path2_right_weight": 1.0,
      "f4_path2_x_range": [
        902,
        912
      ],
      "f4_path2_target_col": 9,
      "f4_path2_y_px": 251,
      "f4_path2_y_direct_px": 252,
      "f4_path2_direct_used": false,
      "f4_path2_direct_allowed": false,
      "f4_path2_left_weight": 0.4,
      "f4_path2_right_weight": 1.0,
      "f1_local_snap_x": 912,
      "f1_local_snap_y_px": 55,
      "f1_local_snap_search_px": 8,
      "f1_local_snap_search_up_px": 4,
      "f1_local_snap_search_down_px": 12,
      "f1_local_snap_prefer_lower_weight": 0.02,
      "f3_local_snap_x": 912,
      "f3_local_snap_y_px": 166,
      "f3_local_snap_search_px": 6,
      "f3_local_snap_search_up_px": 6,
      "f3_local_snap_search_down_px": 6,
      "f3_local_snap_prefer_lower_weight": 0.0,
      "f4_local_snap_x": 912,
      "f4_local_snap_y_px": 251,
      "f4_local_snap_search_px": 8,
      "f4_local_snap_search_up_px": 6,
      "f4_local_snap_search_down_px": 14,
      "f4_local_snap_prefer_lower_weight": 0.05,
      "f2_local_snap_x": 912,
      "f2_local_snap_y_px": 151,
      "f2_local_snap_search_px": 8,
      "f2_local_snap_search_up_px": 14,
      "f2_local_snap_search_down_px": 2,
      "f2_local_snap_prefer_lower_weight": 0.0,
      "f2_consensus_x_range": [
        906,
        912
      ],
      "f2_consensus_y_px": 110,
      "f2_consensus_anchor_y_px": 151,
      "f2_consensus_seed_y_px": 110,
      "f2_consensus_support_cols": 6,
      "f2_consensus_support_ratio": 0.819686877312838,
      "f2_consensus_jump_px": 41,
      "f2_consensus_tol_px": 5,
      "f2_consensus_reason": "accepted",
      "f2_consensus_applied": true,
      "f3_consensus_x_range": [
        906,
        912
      ],
      "f3_consensus_y_px": 166,
      "f3_consensus_anchor_y_px": 166,
      "f3_consensus_seed_y_px": 166,
      "f3_consensus_support_cols": 7,
      "f3_consensus_support_ratio": 1.0,
      "f3_consensus_jump_px": 0,
      "f3_consensus_tol_px": 5,
      "f3_consensus_reason": "accepted",
      "f3_consensus_applied": true,
      "f4_consensus_x_range": [
        906,
        912
      ],
      "f4_consensus_y_px": 251,
      "f4_consensus_anchor_y_px": 251,
      "f4_consensus_seed_y_px": 251,
      "f4_consensus_support_cols": 5,
      "f4_consensus_support_ratio": 0.7120911936141499,
      "f4_consensus_jump_px": 0,
      "f4_consensus_tol_px": 6,
      "f4_consensus_reason": "accepted",
      "f4_consensus_applied": true,
      "scale_ranges": {
        "F1": [
          7.2,
          8.4
        ],
        "F2": [
          13.1,
          14.5
        ],
        "F3": [
          18.6,
          20.2
        ],
        "F4": [
          24.1,
          26.5
        ]
      }
    },
    "A": {
      "x_day0": 59,
      "x_day1": 372,
      "x_day2": 684,
      "day_w": 312.5,
      "x_day0_time": 59,
      "x_day1_time": 351,
      "x_day2_time": 643,
      "day_w_time": 292.0,
      "x_plot_end": 935,
      "x1_static": 936,
      "x1_dyn": 935,