{
  "saved_at_utc": "2026-04-03T17:15:58.226900+00:00",
  "source": "tomsk_sos70_param_charts",
  "freq_max_hz": 40.0,
  "values": {
    "scale_ranges": {
      "F": {
        "F1": [
          7.2,
          8.4
        ],
        "F2": [
          13.1,
          14.5
        ],
        "F3": [
          18.6,
          20.2
        ],
        "F4": [
          24.1,
          26.5
        ]
      },
      "A": {
        "A1": [
          1.0,
          45.0
        ],
        "A2": [
          1.0,
          61.5
        ],
        "A3": [
          2.2,
          12.2
        ],
        "A4": [
          1.1,
          10.2
        ]
      },
      "Q": {
        "Q1": [
          4.0,
          38.0
        ],
        "Q2": [
          5.0,
          17.5
        ],
        "Q3": [
          7.0,
          23.0
        ],
        "Q4": [
          5.0,
          30.0
        ]
      }
    },
    "scale_units": {
      "F_hz": "Hz",
      "A_value": "idx",
      "Q_value": "idx"
    },
    "F_norm": {
      "F1": 0.06968641114982578,
      "F2": 0.30662020905923343,
      "F3": 0.5470383275261324,
      "F4": 0.8013937282229965
    },
    "F_y_px": {
      "F1": 55,
      "F2": 123,
      "F3": 192,
      "F4": 265
    },
    "F_lane_norm": {
      "F1": 0.24561403508771928,
      "F2": 0.36538461538461536,
      "F3": 0.7391304347826086,
      "F4": 1.0
    },
    "F_hz": {
      "F1": 8.105263157894736,
      "F2": 13.988461538461538,
      "F3": 19.01739130434783,
      "F4": 24.1
    },
    "A_norm": {
      "A1": 0.26480836236933797,
      "A2": 0.45993031358885017,
      "A3": 0.7003484320557491,
      "A4": 0.9581881533101045
    },
    "A_y_px": {
      "A1": 111,
      "A2": 167,
      "A3": 236,
      "A4": 310
    },
    "A_lane_norm": {
      "A1": 0.8072289156626506,
      "A2": 0.7653061224489796,
      "A3": 0.8247422680412371,
      "A4": 0.8791208791208791
    },
    "A_value": {
      "A1": 9.481927710843372,
      "A2": 15.19897959183674,
      "A3": 3.952577319587629,
      "A4": 2.2
    },
    "Q_norm": {
      "Q1": 0.28222996515679444,
      "Q2": 0.5156794425087108,
      "Q3": 0.6898954703832753,
      "Q4": 0.9337979094076655
    },
    "Q_y_px": {
      "Q1": 116,
      "Q2": 183,
      "Q3": 233,
      "Q4": 303
    },
    "Q_lane_norm": {
      "Q1": 0.7528089887640449,
      "Q2": 0.8144329896907216,
      "Q3": 0.7475728155339806,
      "Q4": 0.788235294117647
    },
    "Q_value": {
      "Q1": 12.404494382022474,
      "Q2": 7.31958762886598,
      "Q3": 11.03883495145631,
      "Q4": 10.294117647058822
    }
  },
  "debug": {
    "F": {
      "x_day0": 59,
      "x_day1": 357,
      "x_day2": 655,
      "day_w": 298.0,
      "x_day0_time": 59,
      "x_day1_time": 351,
      "x_day2_time": 644,
      "day_w_time": 292.3333333333333,
      "x_plot_end": 936,
      "x1_static": 936,
      "x1_dyn": 1006,
      "x1_dyn_used": false,
      "pph": 12.180555555555555,
      "pph_source": "day_width (tick-mismatch-fallback)",
      "pph_tick": 19.0,
      "tick_pph_rel_err": 0.5598631698973775,
      "tick_pph_valid": false,
      "tick_count": 50,
      "tick_quality": 0.6944444444444444,
      "tick_used": false,
      "x_frontier": 935,
      "frontier_method": "activity_scan",
      "frontier_activity_thr": 0.38601690381765363,
      "frontier_activity_right_tail": 0.47486162185668945,
      "frontier_activity_run_px": 8,
      "guard_px": 4,
      "left_guard": 646,
      "right_guard": 931,
      "x_time": 647,
      "x_ideal": 647,
      "x_now": 647,
      "x_now_method": "ideal",
      "hour_now_tsst": 0.26611111111111113,
      "rollover_hour_min": 3.0,
      "rollover_hour_max": 8.5,
      "delta_min_to_guard": 1398.950969213227,
      "delta_min_to_frontier": 1418.654503990878,
      "frontier_day_fill": 0.9954389965792475,
      "rollover_candidate": false,
      "bias_minutes_applied": 0.0,
      "measured_bias_minutes": null,
      "age_hours": null,
      "status": "ok",
      "x_pick": 646,
      "x_pick_edge": 647,
      "x_pick_safe_right": 924,
      "x_overlay": 647,
      "f1_path_x_range": [
        633,
        647
      ],
      "f1_path_target_col": 13,
      "f1_path_y_px": 51,
      "f4_path_x_range": [
        633,
        647
      ],
      "f4_path_target_col": 13,
      "f4_path_y_px": 230,
      "f1_path2_x_range": [
        637,
        647
      ],
      "f1_path2_target_col": 9,
      "f1_path2_y_px": 56,
      "f1_path2_y_direct_px": 56,
      "f1_path2_direct_used": false,
      "f1_path2_direct_allowed": false,
      "f1_path2_left_weight": 0.35,
      "f1_path2_right_weight": 1.0,
      "f2_path2_x_range": [
        637,
        647
      ],
      "f2_path2_target_col": 9,
      "f2_path2_y_px": 123,
      "f2_path2_y_direct_px": 122,
      "f2_path2_direct_used": false,
      "f2_path2_direct_allowed": false,
      "f2_path2_left_weight": 0.4,
      "f2_path2_right_weight": 1.0,
      "f4_path2_x_range": [
        637,
        647
      ],
      "f4_path2_target_col": 9,
      "f4_path2_y_px": 230,
      "f4_path2_y_direct_px": 250,
      "f4_path2_direct_used": false,
      "f4_path2_direct_allowed": false,
      "f4_path2_left_weight": 0.4,
      "f4_path2_right_weight": 1.0,
      "f1_local_snap_x": 647,
      "f1_local_snap_y_px": 55,
      "f1_local_snap_search_px": 8,
      "f1_local_snap_search_up_px": 4,
      "f1_local_snap_search_down_px": 12,
      "f1_local_snap_prefer_lower_weight": 0.02,
      "f3_local_snap_x": 647,
      "f3_local_snap_y_px": 192,
      "f3_local_snap_search_px": 6,
      "f3_local_snap_search_up_px": 6,
      "f3_local_snap_search_down_px": 6,
      "f3_local_snap_prefer_lower_weight": 0.0,
      "f4_local_snap_x": 647,
      "f4_local_snap_y_px": 230,
      "f4_local_snap_search_px": 8,
      "f4_local_snap_search_up_px": 6,
      "f4_local_snap_search_down_px": 14,
      "f4_local_snap_prefer_lower_weight": 0.05,
      "f2_local_snap_x": 647,
      "f2_local_snap_y_px": 120,
      "f2_local_snap_search_px": 8,
      "f2_local_snap_search_up_px": 14,
      "f2_local_snap_search_down_px": 2,
      "f2_local_snap_prefer_lower_weight": 0.0,
      "f2_consensus_x_range": [
        641,
        647
      ],
      "f2_consensus_y_px": 123,
      "f2_consensus_anchor_y_px": 120,
      "f2_consensus_seed_y_px": 125,
      "f2_consensus_support_cols": 7,
      "f2_consensus_support_ratio": 1.0,
      "f2_consensus_jump_px": 3,
      "f2_consensus_tol_px": 5,
      "f2_consensus_reason": "accepted",
      "f2_consensus_applied": true,
      "f3_consensus_x_range": [
        641,
        647
      ],
      "f3_consensus_y_px": 192,
      "f3_consensus_anchor_y_px": 192,
      "f3_consensus_seed_y_px": 196,
      "f3_consensus_support_cols": 7,
      "f3_consensus_support_ratio": 1.0,
      "f3_consensus_jump_px": 0,
      "f3_consensus_tol_px": 5,
      "f3_consensus_reason": "accepted",
      "f3_consensus_applied": true,
      "f4_consensus_x_range": [
        641,
        647
      ],
      "f4_consensus_y_px": 265,
      "f4_consensus_anchor_y_px": 230,
      "f4_consensus_seed_y_px": 265,
      "f4_consensus_support_cols": 6,
      "f4_consensus_support_ratio": 0.9021310181531177,
      "f4_consensus_jump_px": 35,
      "f4_consensus_tol_px": 6,
      "f4_consensus_reason": "accepted",
      "f4_consensus_applied": true,
      "scale_ranges": {
        "F1": [
          7.2,
          8.4
        ],
        "F2": [
          13.1,
          14.5
        ],
        "F3": [
          18.6,
          20.2
        ],
        "F4": [
          24.1,
          26.5
        ]
      }
    },
    "A": {
      "x_day0": 59,
      "x_day1": 368,
      "x_day2": 678,
      "day_w": 309.5,
      "x_day0_time": 59,
      "x_day1_time": 351,
      "x_day2_time": 644,
      "day_w_time": 292.3333333333333,
      "x_plot_end": 936,
      "x1_static": 936,
      "x1_dyn": 1006,
      "x1_dyn_used": false,
      "pph": 12.180555555555555,