{
  "saved_at_utc": "2026-04-21T18:40:42.180535+00:00",
  "source": "tomsk_sos70_param_charts",
  "freq_max_hz": 40.0,
  "values": {
    "scale_ranges": {
      "F": {
        "F1": [
          7.2,
          8.4
        ],
        "F2": [
          13.1,
          14.5
        ],
        "F3": [
          18.6,
          20.2
        ],
        "F4": [
          24.1,
          26.5
        ]
      },
      "A": {
        "A1": [
          1.0,
          45.0
        ],
        "A2": [
          1.0,
          61.5
        ],
        "A3": [
          2.2,
          12.2
        ],
        "A4": [
          1.1,
          10.2
        ]
      },
      "Q": {
        "Q1": [
          4.0,
          38.0
        ],
        "Q2": [
          5.0,
          17.5
        ],
        "Q3": [
          7.0,
          23.0
        ],
        "Q4": [
          5.0,
          30.0
        ]
      }
    },
    "scale_units": {
      "F_hz": "Hz",
      "A_value": "idx",
      "Q_value": "idx"
    },
    "F_norm": {
      "F1": 0.10104529616724739,
      "F2": 0.27526132404181186,
      "F3": 0.49477351916376305,
      "F4": 0.6794425087108014
    },
    "F_y_px": {
      "F1": 64,
      "F2": 114,
      "F3": 177,
      "F4": 230
    },
    "F_lane_norm": {
      "F1": 0.40350877192982454,
      "F2": 0.19230769230769232,
      "F3": 0.41304347826086957,
      "F4": 0.5
    },
    "F_hz": {
      "F1": 7.915789473684211,
      "F2": 14.23076923076923,
      "F3": 19.53913043478261,
      "F4": 25.3
    },
    "A_norm": {
      "A1": 0.3170731707317073,
      "A2": 0.5226480836236934,
      "A3": 0.7317073170731707,
      "A4": 0.9616724738675958
    },
    "A_y_px": {
      "A1": 126,
      "A2": 185,
      "A3": 245,
      "A4": 311
    },
    "A_lane_norm": {
      "A1": 0.9879518072289156,
      "A2": 0.9489795918367347,
      "A3": 0.9175257731958762,
      "A4": 0.8901098901098901
    },
    "A_value": {
      "A1": 1.5301204819277103,
      "A2": 4.0867346938775455,
      "A3": 3.024742268041237,
      "A4": 2.0999999999999996
    },
    "Q_norm": {
      "Q1": 0.29965156794425085,
      "Q2": 0.5331010452961672,
      "Q3": 0.5609756097560976,
      "Q4": 0.9581881533101045
    },
    "Q_y_px": {
      "Q1": 121,
      "Q2": 188,
      "Q3": 196,
      "Q4": 310
    },
    "Q_lane_norm": {
      "Q1": 0.8089887640449438,
      "Q2": 0.865979381443299,
      "Q3": 0.3883495145631068,
      "Q4": 0.8705882352941177
    },
    "Q_value": {
      "Q1": 10.49438202247191,
      "Q2": 6.675257731958762,
      "Q3": 16.78640776699029,
      "Q4": 8.235294117647058
    }
  },
  "debug": {
    "F": {
      "x_day0": 59,
      "x_day1": 372,
      "x_day2": 684,
      "day_w": 312.5,
      "x_day0_time": 59,
      "x_day1_time": 351,
      "x_day2_time": 643,
      "day_w_time": 292.0,
      "x_plot_end": 935,
      "x1_static": 936,
      "x1_dyn": 935,
      "x1_dyn_used": true,
      "pph": 12.166666666666666,
      "pph_source": "day_width (tick-mismatch-fallback)",
      "pph_tick": 19.0,
      "tick_pph_rel_err": 0.5616438356164384,
      "tick_pph_valid": false,
      "tick_count": 50,
      "tick_quality": 0.6944444444444444,
      "tick_used": false,
      "x_frontier": 661,
      "frontier_method": "activity_scan",
      "frontier_activity_thr": 0.5147081702947617,
      "frontier_activity_right_tail": 0.18112879991531372,
      "frontier_activity_run_px": 8,
      "guard_px": 4,
      "left_guard": 645,
      "right_guard": 657,
      "x_time": 663,
      "x_ideal": 663,
      "x_now": 663,
      "x_now_method": "ideal",
      "hour_now_tsst": 1.6783333333333332,
      "rollover_hour_min": 3.0,
      "rollover_hour_max": 8.5,
      "delta_min_to_guard": -29.589041095890412,
      "delta_min_to_frontier": -9.863013698630137,
      "frontier_day_fill": 0.06164383561643835,
      "rollover_candidate": false,
      "bias_minutes_applied": 0.0,
      "measured_bias_minutes": null,
      "age_hours": null,
      "status": "ok",
      "x_pick": 662,
      "x_pick_edge": 663,
      "x_pick_safe_right": 923,
      "x_overlay": 663,
      "f1_path_x_range": [
        649,
        663
      ],
      "f1_path_target_col": 13,
      "f1_path_y_px": 59,
      "f4_path_x_range": [
        649,
        663
      ],
      "f4_path_target_col": 13,
      "f4_path_y_px": 251,
      "f1_path2_x_range": [
        653,
        663
      ],
      "f1_path2_target_col": 9,
      "f1_path2_y_px": 66,
      "f1_path2_y_direct_px": 66,
      "f1_path2_direct_used": false,
      "f1_path2_direct_allowed": false,
      "f1_path2_left_weight": 0.35,
      "f1_path2_right_weight": 1.0,
      "f2_path2_x_range": [
        653,
        663
      ],
      "f2_path2_target_col": 9,
      "f2_path2_y_px": 115,
      "f2_path2_y_direct_px": 145,
      "f2_path2_direct_used": false,
      "f2_path2_direct_allowed": false,
      "f2_path2_left_weight": 0.4,
      "f2_path2_right_weight": 1.0,
      "f4_path2_x_range": [
        653,
        663
      ],
      "f4_path2_target_col": 9,
      "f4_path2_y_px": 230,
      "f4_path2_y_direct_px": 251,
      "f4_path2_direct_used": false,
      "f4_path2_direct_allowed": false,
      "f4_path2_left_weight": 0.4,
      "f4_path2_right_weight": 1.0,
      "f1_local_snap_x": 663,
      "f1_local_snap_y_px": 64,
      "f1_local_snap_search_px": 8,
      "f1_local_snap_search_up_px": 4,
      "f1_local_snap_search_down_px": 12,
      "f1_local_snap_prefer_lower_weight": 0.02,
      "f3_local_snap_x": 663,
      "f3_local_snap_y_px": 181,
      "f3_local_snap_search_px": 6,
      "f3_local_snap_search_up_px": 6,
      "f3_local_snap_search_down_px": 6,
      "f3_local_snap_prefer_lower_weight": 0.0,
      "f4_local_snap_x": 663,
      "f4_local_snap_y_px": 230,
      "f4_local_snap_search_px": 8,
      "f4_local_snap_search_up_px": 6,
      "f4_local_snap_search_down_px": 14,
      "f4_local_snap_prefer_lower_weight": 0.05,
      "f2_local_snap_x": 663,
      "f2_local_snap_y_px": 110,
      "f2_local_snap_search_px": 8,
      "f2_local_snap_search_up_px": 14,
      "f2_local_snap_search_down_px": 2,
      "f2_local_snap_prefer_lower_weight": 0.0,
      "f2_consensus_x_range": [
        657,
        663
      ],
      "f2_consensus_y_px": 114,
      "f2_consensus_anchor_y_px": 110,
      "f2_consensus_seed_y_px": 115,
      "f2_consensus_support_cols": 6,
      "f2_consensus_support_ratio": 0.7974555484505188,
      "f2_consensus_jump_px": 4,
      "f2_consensus_tol_px": 5,
      "f2_consensus_reason": "accepted",
      "f2_consensus_applied": true,
      "f3_consensus_x_range": [
        657,
        663
      ],
      "f3_consensus_y_px": 177,
      "f3_consensus_anchor_y_px": 181,
      "f3_consensus_seed_y_px": 177,
      "f3_consensus_support_cols": 7,
      "f3_consensus_support_ratio": 1.0,
      "f3_consensus_jump_px": 4,
      "f3_consensus_tol_px": 5,
      "f3_consensus_reason": "accepted",
      "f3_consensus_applied": true,
      "f4_consensus_applied": false,
      "f4_consensus_x_range": [
        657,
        663
      ],
      "f4_consensus_y_px": 251,
      "f4_consensus_anchor_y_px": 230,
      "f4_consensus_seed_y_px": 251,
      "f4_consensus_support_cols": 3,
      "f4_consensus_support_ratio": 0.4686948982474599,
      "f4_consensus_jump_px": 21,
      "f4_consensus_tol_px": 6,
      "f4_consensus_reason": "low_support",
      "scale_ranges": {
        "F1": [
          7.2,
          8.4
        ],
        "F2": [
          13.1,
          14.5
        ],
        "F3": [
          18.6,
          20.2
        ],
        "F4": [
          24.1,
          26.5
        ]
      }
    },
    "A": {
      "x_day0": 59,
      "x_day1": 372,
      "x_day2": 684,
      "day_w": 312.5,
      "x_day0_time": 59,
      "x_day1_time": 351,
      "x_day2_time": 643,
      "day_w_time": 292.0,
      "x_plot_end": 935,
      "x1_static": 936,
      "x1_dyn": 935,
      "x1_dyn_used": true,
      "pph": 12.166666666666666,