{
  "saved_at_utc": "2026-06-16T22:28:52.139409+00:00",
  "source": "tomsk_sos70_param_charts",
  "freq_max_hz": 40.0,
  "values": {
    "scale_ranges": {
      "F": {
        "F1": [
          7.2,
          8.4
        ],
        "F2": [
          13.1,
          14.5
        ],
        "F3": [
          18.6,
          20.2
        ],
        "F4": [
          24.1,
          26.5
        ]
      },
      "A": {
        "A1": [
          1.0,
          45.0
        ],
        "A2": [
          1.0,
          61.5
        ],
        "A3": [
          2.2,
          12.2
        ],
        "A4": [
          1.1,
          10.2
        ]
      },
      "Q": {
        "Q1": [
          4.0,
          38.0
        ],
        "Q2": [
          5.0,
          17.5
        ],
        "Q3": [
          7.0,
          23.0
        ],
        "Q4": [
          5.0,
          30.0
        ]
      }
    },
    "scale_units": {
      "F_hz": "Hz",
      "A_value": "idx",
      "Q_value": "idx"
    },
    "F_norm": {
      "F1": 0.04529616724738676,
      "F2": 0.2682926829268293,
      "F3": 0.4529616724738676,
      "F4": 0.6794425087108014
    },
    "F_y_px": {
      "F1": 48,
      "F2": 112,
      "F3": 165,
      "F4": 230
    },
    "F_lane_norm": {
      "F1": 0.12280701754385964,
      "F2": 0.15384615384615385,
      "F3": 0.15217391304347827,
      "F4": 0.5
    },
    "F_hz": {
      "F1": 8.25263157894737,
      "F2": 14.284615384615385,
      "F3": 19.956521739130434,
      "F4": 25.3
    },
    "A_norm": {
      "A1": 0.30662020905923343,
      "A2": 0.5331010452961672,
      "A3": 0.5923344947735192,
      "A4": 0.7526132404181185
    },
    "A_y_px": {
      "A1": 123,
      "A2": 188,
      "A3": 205,
      "A4": 251
    },
    "A_lane_norm": {
      "A1": 0.9518072289156626,
      "A2": 0.9795918367346939,
      "A3": 0.5051546391752577,
      "A4": 0.23076923076923078
    },
    "A_value": {
      "A1": 3.1204819277108484,
      "A2": 2.234693877551024,
      "A3": 7.148453608247422,
      "A4": 8.1
    },
    "Q_norm": {
      "Q1": 0.1986062717770035,
      "Q2": 0.3344947735191638,
      "Q3": 0.5923344947735192,
      "Q4": 0.8885017421602788
    },
    "Q_y_px": {
      "Q1": 92,
      "Q2": 131,
      "Q3": 205,
      "Q4": 290
    },
    "Q_lane_norm": {
      "Q1": 0.48314606741573035,
      "Q2": 0.27835051546391754,
      "Q3": 0.47572815533980584,
      "Q4": 0.6352941176470588
    },
    "Q_value": {
      "Q1": 21.573033707865168,
      "Q2": 14.02061855670103,
      "Q3": 15.388349514563107,
      "Q4": 14.11764705882353
    }
  },
  "debug": {
    "F": {
      "x_day0": 59,
      "x_day1": 392,
      "x_day2": 726,
      "day_w": 333.5,
      "x_day0_time": 59,
      "x_day1_time": 351,
      "x_day2_time": 643,
      "day_w_time": 292.0,
      "x_plot_end": 935,
      "x1_static": 936,
      "x1_dyn": 935,
      "x1_dyn_used": true,
      "pph": 12.166666666666666,
      "pph_source": "day_width (tick-mismatch-fallback)",
      "pph_tick": 19.0,
      "tick_pph_rel_err": 0.5616438356164384,
      "tick_pph_valid": false,
      "tick_count": 50,
      "tick_quality": 0.6944444444444444,
      "tick_used": false,
      "x_frontier": 702,
      "frontier_method": "activity_scan",
      "frontier_activity_thr": 0.473826265335083,
      "frontier_activity_right_tail": 0.19028139114379883,
      "frontier_activity_run_px": 8,
      "guard_px": 4,
      "left_guard": 645,
      "right_guard": 698,
      "x_time": 710,
      "x_ideal": 710,
      "x_now": 710,
      "x_now_method": "harmonized_pair_cluster",
      "hour_now_tsst": 5.480833333333334,
      "rollover_hour_min": 3.0,
      "rollover_hour_max": 8.5,
      "delta_min_to_guard": -59.178082191780824,
      "delta_min_to_frontier": -39.45205479452055,
      "frontier_day_fill": 0.20205479452054795,
      "rollover_candidate": false,
      "bias_minutes_applied": 0.0,
      "measured_bias_minutes": null,
      "age_hours": null,
      "status": "ok",
      "x_now_before_harmonize": 710,
      "x_pick": 709,
      "x_pick_edge": 710,
      "x_pick_safe_right": 923,
      "x_overlay": 710,
      "f1_path_x_range": [
        696,
        710
      ],
      "f1_path_target_col": 13,
      "f1_path_y_px": 46,
      "f4_path_x_range": [
        696,
        710
      ],
      "f4_path_target_col": 13,
      "f4_path_y_px": 250,
      "f1_path2_x_range": [
        700,
        710
      ],
      "f1_path2_target_col": 9,
      "f1_path2_y_px": 46,
      "f1_path2_y_direct_px": 45,
      "f1_path2_direct_used": false,
      "f1_path2_direct_allowed": false,
      "f1_path2_left_weight": 0.35,
      "f1_path2_right_weight": 1.0,
      "f2_path2_x_range": [
        700,
        710
      ],
      "f2_path2_target_col": 9,
      "f2_path2_y_px": 117,
      "f2_path2_y_direct_px": 118,
      "f2_path2_direct_used": false,
      "f2_path2_direct_allowed": false,
      "f2_path2_left_weight": 0.4,
      "f2_path2_right_weight": 1.0,
      "f4_path2_x_range": [
        700,
        710
      ],
      "f4_path2_target_col": 9,
      "f4_path2_y_px": 230,
      "f4_path2_y_direct_px": 230,
      "f4_path2_direct_used": false,
      "f4_path2_direct_allowed": false,
      "f4_path2_left_weight": 0.4,
      "f4_path2_right_weight": 1.0,
      "f1_local_snap_x": 710,
      "f1_local_snap_y_px": 48,
      "f1_local_snap_search_px": 8,
      "f1_local_snap_search_up_px": 4,
      "f1_local_snap_search_down_px": 12,
      "f1_local_snap_prefer_lower_weight": 0.02,
      "f3_local_snap_x": 710,
      "f3_local_snap_y_px": 165,
      "f3_local_snap_search_px": 6,
      "f3_local_snap_search_up_px": 6,
      "f3_local_snap_search_down_px": 6,
      "f3_local_snap_prefer_lower_weight": 0.0,
      "f4_local_snap_x": 710,
      "f4_local_snap_y_px": 230,
      "f4_local_snap_search_px": 8,
      "f4_local_snap_search_up_px": 6,
      "f4_local_snap_search_down_px": 14,
      "f4_local_snap_prefer_lower_weight": 0.05,
      "f2_local_snap_x": 710,
      "f2_local_snap_y_px": 119,
      "f2_local_snap_search_px": 8,
      "f2_local_snap_search_up_px": 14,
      "f2_local_snap_search_down_px": 2,
      "f2_local_snap_prefer_lower_weight": 0.0,
      "f2_consensus_x_range": [
        704,
        710
      ],
      "f2_consensus_y_px": 112,
      "f2_consensus_anchor_y_px": 119,
      "f2_consensus_seed_y_px": 113,
      "f2_consensus_support_cols": 5,
      "f2_consensus_support_ratio": 0.6462893124116103,
      "f2_consensus_jump_px": 7,
      "f2_consensus_tol_px": 5,
      "f2_consensus_reason": "accepted",
      "f2_consensus_applied": true,
      "f3_consensus_applied": false,
      "f3_consensus_x_range": [
        704,
        710
      ],
      "f3_consensus_y_px": 187,
      "f3_consensus_anchor_y_px": 165,
      "f3_consensus_seed_y_px": 183,
      "f3_consensus_support_cols": 4,
      "f3_consensus_support_ratio": 0.48491505883888375,
      "f3_consensus_jump_px": 22,
      "f3_consensus_tol_px": 5,
      "f3_consensus_reason": "low_support",
      "f4_consensus_applied": false,
      "f4_consensus_x_range": [
        704,
        710
      ],
      "f4_consensus_y_px": 231,
      "f4_consensus_anchor_y_px": 230,
      "f4_consensus_seed_y_px": 231,
      "f4_consensus_support_cols": 3,
      "f4_consensus_support_ratio": 0.4889314231579761,
      "f4_consensus_jump_px": 1,
      "f4_consensus_tol_px": 6,
      "f4_consensus_reason": "low_support",
      "scale_ranges": {
        "F1": [
          7.2,
          8.4
        ],
        "F2": [
          13.1,
          14.5
        ],
        "F3": [
          18.6,
          20.2
        ],
        "F4": [
          24.1,
          26.5
        ]
      }
    },
    "A": {
      "x_day0": 59,
      "x_day1": 392,
      "x_day2": 726,
      "day_w": 333.5,
      "x_day0_time": 59,
      "x_day1_time": 351,
      "x_day2_time": 643,
      "day_w_time": 292.0,
      "x_plot_end": 935,
      "x1_static": 936,
      "x1_dyn": 935,