{
  "saved_at_utc": "2026-03-07T05:50:35.195845+00:00",
  "source": "tomsk_sos70_param_charts",
  "freq_max_hz": 40.0,
  "values": {
    "scale_ranges": {
      "F": {
        "F1": [
          7.2,
          8.4
        ],
        "F2": [
          13.1,
          14.5
        ],
        "F3": [
          18.6,
          20.2
        ],
        "F4": [
          24.1,
          26.5
        ]
      },
      "A": {
        "A1": [
          1.0,
          45.0
        ],
        "A2": [
          1.0,
          61.5
        ],
        "A3": [
          2.2,
          12.2
        ],
        "A4": [
          1.1,
          10.2
        ]
      },
      "Q": {
        "Q1": [
          4.0,
          38.0
        ],
        "Q2": [
          5.0,
          17.5
        ],
        "Q3": [
          7.0,
          23.0
        ],
        "Q4": [
          5.0,
          30.0
        ]
      }
    },
    "scale_units": {
      "F_hz": "Hz",
      "A_value": "idx",
      "Q_value": "idx"
    },
    "F_norm": {
      "F1": 0.1289198606271777,
      "F2": 0.3310104529616725,
      "F3": 0.578397212543554,
      "F4": 0.7456445993031359
    },
    "F_y_px": {
      "F1": 72,
      "F2": 130,
      "F3": 201,
      "F4": 249
    },
    "F_lane_norm": {
      "F1": 0.543859649122807,
      "F2": 0.5,
      "F3": 0.9347826086956522,
      "F4": 0.9130434782608695
    },
    "F_hz": {
      "F1": 7.747368421052632,
      "F2": 13.8,
      "F3": 18.70434782608696,
      "F4": 24.308695652173913
    },
    "A_norm": {
      "A1": 0.2961672473867596,
      "A2": 0.5261324041811847,
      "A3": 0.7038327526132404,
      "A4": 0.8885017421602788
    },
    "A_y_px": {
      "A1": 120,
      "A2": 186,
      "A3": 237,
      "A4": 290
    },
    "A_lane_norm": {
      "A1": 0.9156626506024096,
      "A2": 0.9591836734693877,
      "A3": 0.8350515463917526,
      "A4": 0.6593406593406593
    },
    "A_value": {
      "A1": 4.710843373493979,
      "A2": 3.4693877551020407,
      "A3": 3.849484536082473,
      "A4": 4.199999999999999
    },
    "Q_norm": {
      "Q1": 0.2682926829268293,
      "Q2": 0.3344947735191638,
      "Q3": 0.519163763066202,
      "Q4": 0.9198606271777003
    },
    "Q_y_px": {
      "Q1": 112,
      "Q2": 131,
      "Q3": 184,
      "Q4": 299
    },
    "Q_lane_norm": {
      "Q1": 0.7078651685393258,
      "Q2": 0.27835051546391754,
      "Q3": 0.27184466019417475,
      "Q4": 0.7411764705882353
    },
    "Q_value": {
      "Q1": 13.932584269662922,
      "Q2": 14.02061855670103,
      "Q3": 18.650485436893206,
      "Q4": 11.470588235294116
    }
  },
  "debug": {
    "F": {
      "x_day0": 59,
      "x_day1": 369,
      "x_day2": 679,
      "day_w": 310.0,
      "x_day0_time": 59,
      "x_day1_time": 351,
      "x_day2_time": 643,
      "day_w_time": 292.0,
      "x_plot_end": 935,
      "x1_static": 936,
      "x1_dyn": 935,
      "x1_dyn_used": true,
      "pph": 12.166666666666666,
      "pph_source": "day_width (tick-mismatch-fallback)",
      "pph_tick": 19.0,
      "tick_pph_rel_err": 0.5616438356164384,
      "tick_pph_valid": false,
      "tick_count": 50,
      "tick_quality": 0.6944444444444444,
      "tick_used": false,
      "x_frontier": 916,
      "frontier_method": "activity_scan",
      "frontier_activity_thr": 0.4207830622792244,
      "frontier_activity_right_tail": 0.17038333415985107,
      "frontier_activity_run_px": 8,
      "guard_px": 4,
      "left_guard": 645,
      "right_guard": 912,
      "x_time": 799,
      "x_ideal": 799,
      "x_now": 799,
      "x_now_method": "ideal",
      "hour_now_tsst": 12.843055555555557,
      "delta_min_to_guard": 557.2602739726028,
      "frontier_day_fill": 0.934931506849315,
      "rollover_candidate": false,
      "bias_minutes_applied": 0.0,
      "measured_bias_minutes": null,
      "age_hours": null,
      "status": "ok",
      "x_pick": 798,
      "x_pick_edge": 799,
      "x_pick_safe_right": 923,
      "x_overlay": 799,
      "f1_path_x_range": [
        785,
        799
      ],
      "f1_path_target_col": 13,
      "f1_path_y_px": 70,
      "f4_path_x_range": [
        785,
        799
      ],
      "f4_path_target_col": 13,
      "f4_path_y_px": 250,
      "f1_path2_x_range": [
        789,
        799
      ],
      "f1_path2_target_col": 9,
      "f1_path2_y_px": 70,
      "f1_path2_y_direct_px": 69,
      "f1_path2_direct_used": false,
      "f1_path2_direct_allowed": false,
      "f1_path2_left_weight": 0.35,
      "f1_path2_right_weight": 1.0,
      "f2_path2_x_range": [
        789,
        799
      ],
      "f2_path2_target_col": 9,
      "f2_path2_y_px": 133,
      "f2_path2_y_direct_px": 135,
      "f2_path2_direct_used": false,
      "f2_path2_direct_allowed": false,
      "f2_path2_left_weight": 0.4,
      "f2_path2_right_weight": 1.0,
      "f4_path2_x_range": [
        789,
        799
      ],
      "f4_path2_target_col": 9,
      "f4_path2_y_px": 250,
      "f4_path2_y_direct_px": 250,
      "f4_path2_direct_used": false,
      "f4_path2_direct_allowed": false,
      "f4_path2_left_weight": 0.4,
      "f4_path2_right_weight": 1.0,
      "f1_local_snap_x": 799,
      "f1_local_snap_y_px": 72,
      "f1_local_snap_search_px": 8,
      "f1_local_snap_search_up_px": 4,
      "f1_local_snap_search_down_px": 12,
      "f1_local_snap_prefer_lower_weight": 0.02,
      "f3_local_snap_x": 799,
      "f3_local_snap_y_px": 201,
      "f3_local_snap_search_px": 6,
      "f3_local_snap_search_up_px": 6,
      "f3_local_snap_search_down_px": 6,
      "f3_local_snap_prefer_lower_weight": 0.0,
      "f4_local_snap_x": 799,
      "f4_local_snap_y_px": 249,
      "f4_local_snap_search_px": 8,
      "f4_local_snap_search_up_px": 6,
      "f4_local_snap_search_down_px": 14,
      "f4_local_snap_prefer_lower_weight": 0.05,
      "f2_local_snap_x": 799,
      "f2_local_snap_y_px": 130,
      "f2_local_snap_search_px": 8,
      "f2_local_snap_search_up_px": 14,
      "f2_local_snap_search_down_px": 2,
      "f2_local_snap_prefer_lower_weight": 0.0,
      "scale_ranges": {
        "F1": [
          7.2,
          8.4
        ],
        "F2": [
          13.1,
          14.5
        ],
        "F3": [
          18.6,
          20.2
        ],
        "F4": [
          24.1,
          26.5
        ]
      }
    },
    "A": {
      "x_day0": 59,
      "x_day1": 368,
      "x_day2": 678,
      "day_w": 309.5,
      "x_day0_time": 59,
      "x_day1_time": 351,
      "x_day2_time": 643,
      "day_w_time": 292.0,
      "x_plot_end": 935,
      "x1_static": 936,
      "x1_dyn": 935,
      "x1_dyn_used": true,
      "pph": 12.166666666666666,
      "pph_source": "day_width (tick-mismatch-fallback)",
      "pph_tick": 19.0,
      "tick_pph_rel_err": 0.5616438356164384,
      "tick_pph_valid": false,
      "tick_count": 50,
      "tick_quality": 0.6944444444444444,
      "tick_used": false,
      "x_frontier": 934,
      "frontier_method": "activity_scan",
      "frontier_activity_thr": 0.27363329827785493,
      "frontier_activity_right_tail": 0.21801364421844482,
      "frontier_activity_run_px": 8,
      "guard_px": 6,
      "left_guard": 645,
      "right_guard": 928,
      "x_time": 799,
      "x_ideal": 799,
      "x_now": 799,
      "x_now_method": "ideal",
      "hour_now_tsst": 12.843055555555557,
      "delta_min_to_guard": 636.1643835616438,
      "frontier_day_fill": 0.9965753424657534,
      "rollover_candidate": false,
      "bias_minutes_applied": 0.0,
      "measured_bias_minutes": null,
      "age_hours": null,
      "status": "ok",
      "x_pick": 795,
      "x_pick_safe_right": 911,
      "x_overlay": 795,
      "a2_path2_x_range": [
        785,
        795
      ],
      "a2_path2_target_col": 9,
      "a2_path2_y_px": 185,
      "a2_path2_y_direct_px": 186,
      "a2_path2_direct_used": false,
      "a2_path2_direct_allowed": true,
      "a2_path2_left_weight": 0.45,
      "a2_path2_right_weight": 1.0,
      "a1_local_snap_x": 795,