{
  "saved_at_utc": "2026-06-14T03:53:10.775292+00:00",
  "source": "tomsk_sos70_param_charts",
  "freq_max_hz": 40.0,
  "values": {
    "scale_ranges": {
      "F": {
        "F1": [
          7.2,
          8.4
        ],
        "F2": [
          13.1,
          14.5
        ],
        "F3": [
          18.6,
          20.2
        ],
        "F4": [
          24.1,
          26.5
        ]
      },
      "A": {
        "A1": [
          1.0,
          45.0
        ],
        "A2": [
          1.0,
          61.5
        ],
        "A3": [
          2.2,
          12.2
        ],
        "A4": [
          1.1,
          10.2
        ]
      },
      "Q": {
        "Q1": [
          4.0,
          38.0
        ],
        "Q2": [
          5.0,
          17.5
        ],
        "Q3": [
          7.0,
          23.0
        ],
        "Q4": [
          5.0,
          30.0
        ]
      }
    },
    "scale_units": {
      "F_hz": "Hz",
      "A_value": "idx",
      "Q_value": "idx"
    },
    "F_norm": {
      "F1": 0.0313588850174216,
      "F2": 0.40069686411149824,
      "F3": 0.5052264808362369,
      "F4": 0.686411149825784
    },
    "F_y_px": {
      "F1": 44,
      "F2": 150,
      "F3": 180,
      "F4": 232
    },
    "F_lane_norm": {
      "F1": 0.05263157894736842,
      "F2": 0.8846153846153846,
      "F3": 0.4782608695652174,
      "F4": 0.5434782608695652
    },
    "F_hz": {
      "F1": 8.336842105263159,
      "F2": 13.26153846153846,
      "F3": 19.434782608695652,
      "F4": 25.195652173913043
    },
    "A_norm": {
      "A1": 0.2857142857142857,
      "A2": 0.5087108013937283,
      "A3": 0.7073170731707317,
      "A4": 0.9163763066202091
    },
    "A_y_px": {
      "A1": 117,
      "A2": 181,
      "A3": 238,
      "A4": 298
    },
    "A_lane_norm": {
      "A1": 0.8795180722891566,
      "A2": 0.9081632653061225,
      "A3": 0.845360824742268,
      "A4": 0.7472527472527473
    },
    "A_value": {
      "A1": 6.30120481927711,
      "A2": 6.556122448979593,
      "A3": 3.7463917525773187,
      "A4": 3.3999999999999995
    },
    "Q_norm": {
      "Q1": 0.30313588850174217,
      "Q2": 0.5121951219512195,
      "Q3": 0.7282229965156795,
      "Q4": 0.9163763066202091
    },
    "Q_y_px": {
      "Q1": 122,
      "Q2": 182,
      "Q3": 244,
      "Q4": 298
    },
    "Q_lane_norm": {
      "Q1": 0.8202247191011236,
      "Q2": 0.8041237113402062,
      "Q3": 0.8543689320388349,
      "Q4": 0.7294117647058823
    },
    "Q_value": {
      "Q1": 10.112359550561798,
      "Q2": 7.448453608247423,
      "Q3": 9.330097087378642,
      "Q4": 11.764705882352942
    }
  },
  "debug": {
    "F": {
      "x_day0": 59,
      "x_day1": 372,
      "x_day2": 684,
      "day_w": 312.5,
      "x_day0_time": 59,
      "x_day1_time": 351,
      "x_day2_time": 643,
      "day_w_time": 292.0,
      "x_plot_end": 935,
      "x1_static": 936,
      "x1_dyn": 935,
      "x1_dyn_used": true,
      "pph": 12.166666666666666,
      "pph_source": "day_width (tick-mismatch-fallback)",
      "pph_tick": 19.0,
      "tick_pph_rel_err": 0.5616438356164384,
      "tick_pph_valid": false,
      "tick_count": 50,
      "tick_quality": 0.6944444444444444,
      "tick_used": false,
      "x_frontier": 774,
      "frontier_method": "activity_scan",
      "frontier_activity_thr": 0.4700699388980865,
      "frontier_activity_right_tail": 0.18626317381858826,
      "frontier_activity_run_px": 8,
      "guard_px": 4,
      "left_guard": 645,
      "right_guard": 770,
      "x_time": 775,
      "x_ideal": 775,
      "x_now": 775,
      "x_now_method": "ideal",
      "hour_now_tsst": 10.886111111111111,
      "rollover_hour_min": 3.0,
      "rollover_hour_max": 8.5,
      "delta_min_to_guard": -24.657534246575345,
      "delta_min_to_frontier": -4.931506849315069,
      "frontier_day_fill": 0.4486301369863014,
      "rollover_candidate": false,
      "bias_minutes_applied": 0.0,
      "measured_bias_minutes": null,
      "age_hours": null,
      "status": "ok",
      "x_pick": 774,
      "x_pick_edge": 775,
      "x_pick_safe_right": 923,
      "x_overlay": 775,
      "f1_path_x_range": [
        761,
        775
      ],
      "f1_path_target_col": 13,
      "f1_path_y_px": 45,
      "f4_path_x_range": [
        761,
        775
      ],
      "f4_path_target_col": 13,
      "f4_path_y_px": 231,
      "f1_path2_x_range": [
        765,
        775
      ],
      "f1_path2_target_col": 9,
      "f1_path2_y_px": 45,
      "f1_path2_y_direct_px": 44,
      "f1_path2_direct_used": false,
      "f1_path2_direct_allowed": false,
      "f1_path2_left_weight": 0.35,
      "f1_path2_right_weight": 1.0,
      "f2_path2_x_range": [
        765,
        775
      ],
      "f2_path2_target_col": 9,
      "f2_path2_y_px": 159,
      "f2_path2_y_direct_px": 114,
      "f2_path2_direct_used": false,
      "f2_path2_direct_allowed": false,
      "f2_path2_left_weight": 0.4,
      "f2_path2_right_weight": 1.0,
      "f4_path2_x_range": [
        765,
        775
      ],
      "f4_path2_target_col": 9,
      "f4_path2_y_px": 231,
      "f4_path2_y_direct_px": 232,
      "f4_path2_direct_used": false,
      "f4_path2_direct_allowed": false,
      "f4_path2_left_weight": 0.4,
      "f4_path2_right_weight": 1.0,
      "f1_local_snap_x": 775,
      "f1_local_snap_y_px": 44,
      "f1_local_snap_search_px": 8,
      "f1_local_snap_search_up_px": 4,
      "f1_local_snap_search_down_px": 12,
      "f1_local_snap_prefer_lower_weight": 0.02,
      "f3_local_snap_x": 775,
      "f3_local_snap_y_px": 179,
      "f3_local_snap_search_px": 6,
      "f3_local_snap_search_up_px": 6,
      "f3_local_snap_search_down_px": 6,
      "f3_local_snap_prefer_lower_weight": 0.0,
      "f4_local_snap_x": 775,
      "f4_local_snap_y_px": 231,
      "f4_local_snap_search_px": 8,
      "f4_local_snap_search_up_px": 6,
      "f4_local_snap_search_down_px": 14,
      "f4_local_snap_prefer_lower_weight": 0.05,
      "f2_local_snap_x": 775,
      "f2_local_snap_y_px": 150,
      "f2_local_snap_search_px": 8,
      "f2_local_snap_search_up_px": 14,
      "f2_local_snap_search_down_px": 2,
      "f2_local_snap_prefer_lower_weight": 0.0,
      "f2_consensus_applied": false,
      "f2_consensus_x_range": [
        769,
        775
      ],
      "f2_consensus_y_px": 114,
      "f2_consensus_anchor_y_px": 150,
      "f2_consensus_seed_y_px": 110,
      "f2_consensus_support_cols": 4,
      "f2_consensus_support_ratio": 0.5218037334838013,
      "f2_consensus_jump_px": 36,
      "f2_consensus_tol_px": 5,
      "f2_consensus_reason": "low_support",
      "f3_consensus_x_range": [
        769,
        775
      ],
      "f3_consensus_y_px": 180,
      "f3_consensus_anchor_y_px": 179,
      "f3_consensus_seed_y_px": 176,
      "f3_consensus_support_cols": 4,
      "f3_consensus_support_ratio": 0.6843615954245715,
      "f3_consensus_jump_px": 1,
      "f3_consensus_tol_px": 5,
      "f3_consensus_reason": "accepted",
      "f3_consensus_applied": true,
      "f4_consensus_x_range": [
        769,
        775
      ],
      "f4_consensus_y_px": 232,
      "f4_consensus_anchor_y_px": 231,
      "f4_consensus_seed_y_px": 229,
      "f4_consensus_support_cols": 7,
      "f4_consensus_support_ratio": 1.0,
      "f4_consensus_jump_px": 1,
      "f4_consensus_tol_px": 6,
      "f4_consensus_reason": "accepted",
      "f4_consensus_applied": true,
      "scale_ranges": {
        "F1": [
          7.2,
          8.4
        ],
        "F2": [
          13.1,
          14.5
        ],
        "F3": [
          18.6,
          20.2
        ],
        "F4": [
          24.1,
          26.5
        ]
      }
    },
    "A": {
      "x_day0": 59,
      "x_day1": 368,
      "x_day2": 678,
      "day_w": 309.5,
      "x_day0_time": 59,
      "x_day1_time": 351,
      "x_day2_time": 643,
      "day_w_time": 292.0,
      "x_plot_end": 935,
      "x1_static": 936,
      "x1_dyn": 935,
      "x1_dyn_used": true,