{
  "saved_at_utc": "2026-05-10T13:12:16.391682+00:00",
  "source": "tomsk_sos70_param_charts",
  "freq_max_hz": 40.0,
  "values": {
    "scale_ranges": {
      "F": {
        "F1": [
          7.2,
          8.4
        ],
        "F2": [
          13.1,
          14.5
        ],
        "F3": [
          18.6,
          20.2
        ],
        "F4": [
          24.1,
          26.5
        ]
      },
      "A": {
        "A1": [
          1.0,
          45.0
        ],
        "A2": [
          1.0,
          61.5
        ],
        "A3": [
          2.2,
          12.2
        ],
        "A4": [
          1.1,
          10.2
        ]
      },
      "Q": {
        "Q1": [
          4.0,
          38.0
        ],
        "Q2": [
          5.0,
          17.5
        ],
        "Q3": [
          7.0,
          23.0
        ],
        "Q4": [
          5.0,
          30.0
        ]
      }
    },
    "scale_units": {
      "F_hz": "Hz",
      "A_value": "idx",
      "Q_value": "idx"
    },
    "F_norm": {
      "F1": 0.1254355400696864,
      "F2": 0.3344947735191638,
      "F3": 0.49477351916376305,
      "F4": 0.6794425087108014
    },
    "F_y_px": {
      "F1": 71,
      "F2": 131,
      "F3": 177,
      "F4": 230
    },
    "F_lane_norm": {
      "F1": 0.5263157894736842,
      "F2": 0.5192307692307693,
      "F3": 0.41304347826086957,
      "F4": 0.5
    },
    "F_hz": {
      "F1": 7.768421052631579,
      "F2": 13.773076923076923,
      "F3": 19.53913043478261,
      "F4": 25.3
    },
    "A_norm": {
      "A1": 0.11498257839721254,
      "A2": 0.5087108013937283,
      "A3": 0.7142857142857143,
      "A4": 0.7560975609756098
    },
    "A_y_px": {
      "A1": 68,
      "A2": 181,
      "A3": 240,
      "A4": 252
    },
    "A_lane_norm": {
      "A1": 0.2891566265060241,
      "A2": 0.9081632653061225,
      "A3": 0.865979381443299,
      "A4": 0.24175824175824176
    },
    "A_value": {
      "A1": 32.27710843373494,
      "A2": 6.556122448979593,
      "A3": 3.5402061855670084,
      "A4": 8.0
    },
    "Q_norm": {
      "Q1": 0.1254355400696864,
      "Q2": 0.3344947735191638,
      "Q3": 0.5749128919860628,
      "Q4": 0.7456445993031359
    },
    "Q_y_px": {
      "Q1": 71,
      "Q2": 131,
      "Q3": 200,
      "Q4": 249
    },
    "Q_lane_norm": {
      "Q1": 0.24719101123595505,
      "Q2": 0.27835051546391754,
      "Q3": 0.42718446601941745,
      "Q4": 0.15294117647058825
    },
    "Q_value": {
      "Q1": 29.59550561797753,
      "Q2": 14.02061855670103,
      "Q3": 16.16504854368932,
      "Q4": 26.176470588235293
    }
  },
  "debug": {
    "F": {
      "x_day0": 59,
      "x_day1": 372,
      "x_day2": 685,
      "day_w": 313.0,
      "x_day0_time": 59,
      "x_day1_time": 351,
      "x_day2_time": 643,
      "day_w_time": 292.0,
      "x_plot_end": 935,
      "x1_static": 936,
      "x1_dyn": 935,
      "x1_dyn_used": true,
      "pph": 12.166666666666666,
      "pph_source": "day_width (tick-mismatch-fallback)",
      "pph_tick": 19.0,
      "tick_pph_rel_err": 0.5616438356164384,
      "tick_pph_valid": false,
      "tick_count": 50,
      "tick_quality": 0.6944444444444444,
      "tick_used": false,
      "x_frontier": 871,
      "frontier_method": "activity_scan",
      "frontier_activity_thr": 0.45970906019210817,
      "frontier_activity_right_tail": 0.08120110630989075,
      "frontier_activity_run_px": 8,
      "guard_px": 4,
      "left_guard": 645,
      "right_guard": 867,
      "x_time": 889,
      "x_ideal": 889,
      "x_now": 890,
      "x_now_method": "harmonized_pair_cluster",
      "hour_now_tsst": 20.204444444444444,
      "rollover_hour_min": 3.0,
      "rollover_hour_max": 8.5,
      "delta_min_to_guard": -108.49315068493152,
      "delta_min_to_frontier": -88.76712328767124,
      "frontier_day_fill": 0.7808219178082192,
      "rollover_candidate": false,
      "bias_minutes_applied": 0.0,
      "measured_bias_minutes": null,
      "age_hours": null,
      "status": "ok",
      "x_now_before_harmonize": 867,
      "x_pick": 889,
      "x_pick_edge": 890,
      "x_pick_safe_right": 923,
      "x_overlay": 890,
      "f1_path_x_range": [
        876,
        890
      ],
      "f1_path_target_col": 13,
      "f1_path_y_px": 49,
      "f4_path_x_range": [
        876,
        890
      ],
      "f4_path_target_col": 13,
      "f4_path_y_px": 255,
      "f1_path2_x_range": [
        880,
        890
      ],
      "f1_path2_target_col": 9,
      "f1_path2_y_px": 68,
      "f1_path2_y_direct_px": 69,
      "f1_path2_direct_used": false,
      "f1_path2_direct_allowed": false,
      "f1_path2_left_weight": 0.35,
      "f1_path2_right_weight": 1.0,
      "f2_path2_x_range": [
        880,
        890
      ],
      "f2_path2_target_col": 9,
      "f2_path2_y_px": 132,
      "f2_path2_y_direct_px": 131,
      "f2_path2_direct_used": false,
      "f2_path2_direct_allowed": false,
      "f2_path2_left_weight": 0.4,
      "f2_path2_right_weight": 1.0,
      "f4_path2_x_range": [
        880,
        890
      ],
      "f4_path2_target_col": 9,
      "f4_path2_y_px": 230,
      "f4_path2_y_direct_px": 252,
      "f4_path2_direct_used": false,
      "f4_path2_direct_allowed": false,
      "f4_path2_left_weight": 0.4,
      "f4_path2_right_weight": 1.0,
      "f1_local_snap_x": 890,
      "f1_local_snap_y_px": 71,
      "f1_local_snap_search_px": 8,
      "f1_local_snap_search_up_px": 4,
      "f1_local_snap_search_down_px": 12,
      "f1_local_snap_prefer_lower_weight": 0.02,
      "f3_local_snap_x": 890,
      "f3_local_snap_y_px": 177,
      "f3_local_snap_search_px": 6,
      "f3_local_snap_search_up_px": 6,
      "f3_local_snap_search_down_px": 6,
      "f3_local_snap_prefer_lower_weight": 0.0,
      "f4_local_snap_x": 890,
      "f4_local_snap_y_px": 230,
      "f4_local_snap_search_px": 8,
      "f4_local_snap_search_up_px": 6,
      "f4_local_snap_search_down_px": 14,
      "f4_local_snap_prefer_lower_weight": 0.05,
      "f2_local_snap_x": 890,
      "f2_local_snap_y_px": 130,
      "f2_local_snap_search_px": 8,
      "f2_local_snap_search_up_px": 14,
      "f2_local_snap_search_down_px": 2,
      "f2_local_snap_prefer_lower_weight": 0.0,
      "f2_consensus_x_range": [
        884,
        890
      ],
      "f2_consensus_y_px": 131,
      "f2_consensus_anchor_y_px": 130,
      "f2_consensus_seed_y_px": 131,
      "f2_consensus_support_cols": 7,
      "f2_consensus_support_ratio": 1.0,
      "f2_consensus_jump_px": 1,
      "f2_consensus_tol_px": 5,
      "f2_consensus_reason": "accepted",
      "f2_consensus_applied": true,
      "f3_consensus_applied": false,
      "f3_consensus_support_cols": 2,
      "f3_consensus_anchor_y_px": 177,
      "f3_consensus_seed_y_px": 177,
      "f3_consensus_reason": "insufficient_inliers",
      "f4_consensus_applied": false,
      "f4_consensus_x_range": [
        884,
        890
      ],
      "f4_consensus_y_px": 252,
      "f4_consensus_anchor_y_px": 230,
      "f4_consensus_seed_y_px": 255,
      "f4_consensus_support_cols": 4,
      "f4_consensus_support_ratio": 0.5182490149270902,
      "f4_consensus_jump_px": 22,
      "f4_consensus_tol_px": 6,
      "f4_consensus_reason": "low_support",
      "scale_ranges": {
        "F1": [
          7.2,
          8.4
        ],
        "F2": [
          13.1,
          14.5
        ],
        "F3": [
          18.6,
          20.2
        ],
        "F4": [
          24.1,
          26.5
        ]
      }
    },
    "A": {
      "x_day0": 59,
      "x_day1": 392,
      "x_day2": 726,
      "day_w": 333.5,
      "x_day0_time": 59,
      "x_day1_time": 351,
      "x_day2_time": 644,
      "day_w_time": 292.3333333333333,
      "x_plot_end": 936,
      "x1_static": 936,
      "x1_dyn": 977,
      "x1_dyn_used": false,
      "pph": 12.180555555555555,
      "pph_source": "day_width (tick-mismatch-fallback)",
      "pph_tick": 19.0,
      "tick_pph_rel_err": 0.5598631698973775,
      "tick_pph_valid": false,