{
  "saved_at_utc": "2026-05-27T23:42:38.311450+00:00",
  "source": "tomsk_sos70_param_charts",
  "freq_max_hz": 40.0,
  "values": {
    "scale_ranges": {
      "F": {
        "F1": [
          7.2,
          8.4
        ],
        "F2": [
          13.1,
          14.5
        ],
        "F3": [
          18.6,
          20.2
        ],
        "F4": [
          24.1,
          26.5
        ]
      },
      "A": {
        "A1": [
          1.0,
          45.0
        ],
        "A2": [
          1.0,
          61.5
        ],
        "A3": [
          2.2,
          12.2
        ],
        "A4": [
          1.1,
          10.2
        ]
      },
      "Q": {
        "Q1": [
          4.0,
          38.0
        ],
        "Q2": [
          5.0,
          17.5
        ],
        "Q3": [
          7.0,
          23.0
        ],
        "Q4": [
          5.0,
          30.0
        ]
      }
    },
    "scale_units": {
      "F_hz": "Hz",
      "A_value": "idx",
      "Q_value": "idx"
    },
    "F_norm": {
      "F1": 0.027874564459930314,
      "F2": 0.39372822299651566,
      "F3": 0.4425087108013937,
      "F4": 0.7526132404181185
    },
    "F_y_px": {
      "F1": 43,
      "F2": 148,
      "F3": 162,
      "F4": 251
    },
    "F_lane_norm": {
      "F1": 0.03508771929824561,
      "F2": 0.8461538461538461,
      "F3": 0.08695652173913043,
      "F4": 0.9565217391304348
    },
    "F_hz": {
      "F1": 8.357894736842105,
      "F2": 13.315384615384616,
      "F3": 20.06086956521739,
      "F4": 24.20434782608696
    },
    "A_norm": {
      "A1": 0.2787456445993031,
      "A2": 0.49825783972125437,
      "A3": 0.662020905923345,
      "A4": 0.7526132404181185
    },
    "A_y_px": {
      "A1": 115,
      "A2": 178,
      "A3": 225,
      "A4": 251
    },
    "A_lane_norm": {
      "A1": 0.8554216867469879,
      "A2": 0.8775510204081632,
      "A3": 0.711340206185567,
      "A4": 0.23076923076923078
    },
    "A_value": {
      "A1": 7.361445783132531,
      "A2": 8.408163265306122,
      "A3": 5.086597938144329,
      "A4": 8.1
    },
    "Q_norm": {
      "Q1": 0.2961672473867596,
      "Q2": 0.41114982578397213,
      "Q3": 0.6411149825783972,
      "Q4": 0.9024390243902439
    },
    "Q_y_px": {
      "Q1": 120,
      "Q2": 153,
      "Q3": 219,
      "Q4": 294
    },
    "Q_lane_norm": {
      "Q1": 0.797752808988764,
      "Q2": 0.5051546391752577,
      "Q3": 0.6116504854368932,
      "Q4": 0.6823529411764706
    },
    "Q_value": {
      "Q1": 10.876404494382022,
      "Q2": 11.185567010309278,
      "Q3": 13.21359223300971,
      "Q4": 12.941176470588236
    }
  },
  "debug": {
    "F": {
      "x_day0": 59,
      "x_day1": 392,
      "x_day2": 726,
      "day_w": 333.5,
      "x_day0_time": 59,
      "x_day1_time": 351,
      "x_day2_time": 643,
      "day_w_time": 292.0,
      "x_plot_end": 935,
      "x1_static": 936,
      "x1_dyn": 935,
      "x1_dyn_used": true,
      "pph": 12.166666666666666,
      "pph_source": "day_width (tick-mismatch-fallback)",
      "pph_tick": 19.0,
      "tick_pph_rel_err": 0.5616438356164384,
      "tick_pph_valid": false,
      "tick_count": 50,
      "tick_quality": 0.6944444444444444,
      "tick_used": false,
      "x_frontier": 725,
      "frontier_method": "activity_scan",
      "frontier_activity_thr": 0.5021744668483734,
      "frontier_activity_right_tail": 0.18764559924602509,
      "frontier_activity_run_px": 8,
      "guard_px": 4,
      "left_guard": 645,
      "right_guard": 721,
      "x_time": 725,
      "x_ideal": 725,
      "x_now": 725,
      "x_now_method": "harmonized_prefer_non_rollover",
      "hour_now_tsst": 6.710555555555556,
      "rollover_hour_min": 3.0,
      "rollover_hour_max": 8.5,
      "delta_min_to_guard": -19.726027397260275,
      "delta_min_to_frontier": 0.0,
      "frontier_day_fill": 0.2808219178082192,
      "rollover_candidate": false,
      "bias_minutes_applied": 0.0,
      "measured_bias_minutes": null,
      "age_hours": null,
      "status": "ok",
      "x_now_before_harmonize": 725,
      "x_pick": 724,
      "x_pick_edge": 725,
      "x_pick_safe_right": 923,
      "x_overlay": 725,
      "f1_path_x_range": [
        711,
        725
      ],
      "f1_path_target_col": 13,
      "f1_path_y_px": 45,
      "f4_path_x_range": [
        711,
        725
      ],
      "f4_path_target_col": 13,
      "f4_path_y_px": 230,
      "f1_path2_x_range": [
        715,
        725
      ],
      "f1_path2_target_col": 9,
      "f1_path2_y_px": 45,
      "f1_path2_y_direct_px": 44,
      "f1_path2_direct_used": false,
      "f1_path2_direct_allowed": false,
      "f1_path2_left_weight": 0.35,
      "f1_path2_right_weight": 1.0,
      "f2_path2_x_range": [
        715,
        725
      ],
      "f2_path2_target_col": 9,
      "f2_path2_y_px": 161,
      "f2_path2_y_direct_px": 147,
      "f2_path2_direct_used": false,
      "f2_path2_direct_allowed": false,
      "f2_path2_left_weight": 0.4,
      "f2_path2_right_weight": 1.0,
      "f4_path2_x_range": [
        715,
        725
      ],
      "f4_path2_target_col": 9,
      "f4_path2_y_px": 231,
      "f4_path2_y_direct_px": 251,
      "f4_path2_direct_used": false,
      "f4_path2_direct_allowed": false,
      "f4_path2_left_weight": 0.4,
      "f4_path2_right_weight": 1.0,
      "f1_local_snap_x": 725,
      "f1_local_snap_y_px": 43,
      "f1_local_snap_search_px": 8,
      "f1_local_snap_search_up_px": 4,
      "f1_local_snap_search_down_px": 12,
      "f1_local_snap_prefer_lower_weight": 0.02,
      "f3_local_snap_x": 725,
      "f3_local_snap_y_px": 188,
      "f3_local_snap_search_px": 6,
      "f3_local_snap_search_up_px": 6,
      "f3_local_snap_search_down_px": 6,
      "f3_local_snap_prefer_lower_weight": 0.0,
      "f4_local_snap_x": 725,
      "f4_local_snap_y_px": 231,
      "f4_local_snap_search_px": 8,
      "f4_local_snap_search_up_px": 6,
      "f4_local_snap_search_down_px": 14,
      "f4_local_snap_prefer_lower_weight": 0.05,
      "f2_local_snap_x": 725,
      "f2_local_snap_y_px": 148,
      "f2_local_snap_search_px": 8,
      "f2_local_snap_search_up_px": 14,
      "f2_local_snap_search_down_px": 2,
      "f2_local_snap_prefer_lower_weight": 0.0,
      "f2_consensus_x_range": [
        719,
        725
      ],
      "f2_consensus_y_px": 148,
      "f2_consensus_anchor_y_px": 148,
      "f2_consensus_seed_y_px": 148,
      "f2_consensus_support_cols": 4,
      "f2_consensus_support_ratio": 0.6834796279313505,
      "f2_consensus_jump_px": 0,
      "f2_consensus_tol_px": 5,
      "f2_consensus_reason": "accepted",
      "f2_consensus_applied": true,
      "f3_consensus_x_range": [
        719,
        725
      ],
      "f3_consensus_y_px": 162,
      "f3_consensus_anchor_y_px": 188,
      "f3_consensus_seed_y_px": 162,
      "f3_consensus_support_cols": 6,
      "f3_consensus_support_ratio": 0.8159019155036425,
      "f3_consensus_jump_px": 26,
      "f3_consensus_tol_px": 5,
      "f3_consensus_reason": "accepted",
      "f3_consensus_applied": true,
      "f4_consensus_x_range": [
        719,
        725
      ],
      "f4_consensus_y_px": 251,
      "f4_consensus_anchor_y_px": 231,
      "f4_consensus_seed_y_px": 249,
      "f4_consensus_support_cols": 5,
      "f4_consensus_support_ratio": 0.7908909194745858,
      "f4_consensus_jump_px": 20,
      "f4_consensus_tol_px": 6,
      "f4_consensus_reason": "accepted",
      "f4_consensus_applied": true,
      "scale_ranges": {
        "F1": [
          7.2,
          8.4
        ],
        "F2": [
          13.1,
          14.5
        ],
        "F3": [
          18.6,
          20.2
        ],
        "F4": [
          24.1,
          26.5
        ]
      }
    },
    "A": {
      "x_day0": 59,
      "x_day1": 392,
      "x_day2": 726,
      "day_w": 333.5,
      "x_day0_time": 59,
      "x_day1_time": 351,
      "x_day2_time": 643,
      "day_w_time": 292.0,
      "x_plot_end": 935,
      "x1_static": 936,
      "x1_dyn": 935,