{
  "saved_at_utc": "2026-05-17T12:58:04.296639+00:00",
  "source": "tomsk_sos70_param_charts",
  "freq_max_hz": 40.0,
  "values": {
    "scale_ranges": {
      "F": {
        "F1": [
          7.2,
          8.4
        ],
        "F2": [
          13.1,
          14.5
        ],
        "F3": [
          18.6,
          20.2
        ],
        "F4": [
          24.1,
          26.5
        ]
      },
      "A": {
        "A1": [
          1.0,
          45.0
        ],
        "A2": [
          1.0,
          61.5
        ],
        "A3": [
          2.2,
          12.2
        ],
        "A4": [
          1.1,
          10.2
        ]
      },
      "Q": {
        "Q1": [
          4.0,
          38.0
        ],
        "Q2": [
          5.0,
          17.5
        ],
        "Q3": [
          7.0,
          23.0
        ],
        "Q4": [
          5.0,
          30.0
        ]
      }
    },
    "scale_units": {
      "F_hz": "Hz",
      "A_value": "idx",
      "Q_value": "idx"
    },
    "F_norm": {
      "F1": 0.18466898954703834,
      "F2": 0.3310104529616725,
      "F3": 0.5609756097560976,
      "F4": 0.7421602787456446
    },
    "F_y_px": {
      "F1": 88,
      "F2": 130,
      "F3": 196,
      "F4": 248
    },
    "F_lane_norm": {
      "F1": 0.8245614035087719,
      "F2": 0.5,
      "F3": 0.8260869565217391,
      "F4": 0.8913043478260869
    },
    "F_hz": {
      "F1": 7.410526315789474,
      "F2": 13.8,
      "F3": 18.878260869565217,
      "F4": 24.360869565217392
    },
    "A_norm": {
      "A1": 0.2961672473867596,
      "A2": 0.5052264808362369,
      "A3": 0.7317073170731707,
      "A4": 0.9372822299651568
    },
    "A_y_px": {
      "A1": 120,
      "A2": 180,
      "A3": 245,
      "A4": 304
    },
    "A_lane_norm": {
      "A1": 0.9156626506024096,
      "A2": 0.8979591836734694,
      "A3": 0.9175257731958762,
      "A4": 0.8131868131868132
    },
    "A_value": {
      "A1": 4.710843373493979,
      "A2": 7.173469387755105,
      "A3": 3.024742268041237,
      "A4": 2.8
    },
    "Q_norm": {
      "Q1": 0.31010452961672474,
      "Q2": 0.4634146341463415,
      "Q3": 0.7317073170731707,
      "Q4": 0.9128919860627178
    },
    "Q_y_px": {
      "Q1": 124,
      "Q2": 168,
      "Q3": 245,
      "Q4": 297
    },
    "Q_lane_norm": {
      "Q1": 0.8426966292134831,
      "Q2": 0.6597938144329897,
      "Q3": 0.8640776699029126,
      "Q4": 0.7176470588235294
    },
    "Q_value": {
      "Q1": 9.348314606741575,
      "Q2": 9.25257731958763,
      "Q3": 9.174757281553399,
      "Q4": 12.058823529411764
    }
  },
  "debug": {
    "F": {
      "x_day0": 59,
      "x_day1": 359,
      "x_day2": 659,
      "day_w": 300.0,
      "x_day0_time": 59,
      "x_day1_time": 351,
      "x_day2_time": 643,
      "day_w_time": 292.0,
      "x_plot_end": 935,
      "x1_static": 936,
      "x1_dyn": 935,
      "x1_dyn_used": true,
      "pph": 12.166666666666666,
      "pph_source": "day_width (tick-mismatch-fallback)",
      "pph_tick": 19.0,
      "tick_pph_rel_err": 0.5616438356164384,
      "tick_pph_valid": false,
      "tick_count": 50,
      "tick_quality": 0.6944444444444444,
      "tick_used": false,
      "x_frontier": 872,
      "frontier_method": "activity_scan",
      "frontier_activity_thr": 0.41630170941352845,
      "frontier_activity_right_tail": 0.07174648344516754,
      "frontier_activity_run_px": 8,
      "guard_px": 4,
      "left_guard": 645,
      "right_guard": 868,
      "x_time": 886,
      "x_ideal": 886,
      "x_now": 866,
      "x_now_method": "harmonized_pair_cluster",
      "hour_now_tsst": 19.967777777777776,
      "rollover_hour_min": 3.0,
      "rollover_hour_max": 8.5,
      "delta_min_to_guard": -88.76712328767124,
      "delta_min_to_frontier": -69.04109589041097,
      "frontier_day_fill": 0.7842465753424658,
      "rollover_candidate": false,
      "bias_minutes_applied": 0.0,
      "measured_bias_minutes": null,
      "age_hours": null,
      "status": "ok",
      "x_now_before_harmonize": 868,
      "x_pick": 865,
      "x_pick_edge": 866,
      "x_pick_safe_right": 923,
      "x_overlay": 866,
      "f1_path_x_range": [
        852,
        866
      ],
      "f1_path_target_col": 13,
      "f1_path_y_px": 86,
      "f4_path_x_range": [
        852,
        866
      ],
      "f4_path_target_col": 13,
      "f4_path_y_px": 242,
      "f1_path2_x_range": [
        856,
        866
      ],
      "f1_path2_target_col": 9,
      "f1_path2_y_px": 86,
      "f1_path2_y_direct_px": 81,
      "f1_path2_direct_used": false,
      "f1_path2_direct_allowed": false,
      "f1_path2_left_weight": 0.35,
      "f1_path2_right_weight": 1.0,
      "f2_path2_x_range": [
        856,
        866
      ],
      "f2_path2_target_col": 9,
      "f2_path2_y_px": 132,
      "f2_path2_y_direct_px": 138,
      "f2_path2_direct_used": false,
      "f2_path2_direct_allowed": false,
      "f2_path2_left_weight": 0.4,
      "f2_path2_right_weight": 1.0,
      "f4_path2_x_range": [
        856,
        866
      ],
      "f4_path2_target_col": 9,
      "f4_path2_y_px": 249,
      "f4_path2_y_direct_px": 248,
      "f4_path2_direct_used": false,
      "f4_path2_direct_allowed": false,
      "f4_path2_left_weight": 0.4,
      "f4_path2_right_weight": 1.0,
      "f1_local_snap_x": 866,
      "f1_local_snap_y_px": 88,
      "f1_local_snap_search_px": 8,
      "f1_local_snap_search_up_px": 4,
      "f1_local_snap_search_down_px": 12,
      "f1_local_snap_prefer_lower_weight": 0.02,
      "f3_local_snap_x": 866,
      "f3_local_snap_y_px": 196,
      "f3_local_snap_search_px": 6,
      "f3_local_snap_search_up_px": 6,
      "f3_local_snap_search_down_px": 6,
      "f3_local_snap_prefer_lower_weight": 0.0,
      "f4_local_snap_x": 866,
      "f4_local_snap_y_px": 251,
      "f4_local_snap_search_px": 8,
      "f4_local_snap_search_up_px": 6,
      "f4_local_snap_search_down_px": 14,
      "f4_local_snap_prefer_lower_weight": 0.05,
      "f2_local_snap_x": 866,
      "f2_local_snap_y_px": 130,
      "f2_local_snap_search_px": 8,
      "f2_local_snap_search_up_px": 14,
      "f2_local_snap_search_down_px": 2,
      "f2_local_snap_prefer_lower_weight": 0.0,
      "f2_consensus_applied": false,
      "f2_consensus_x_range": [
        860,
        866
      ],
      "f2_consensus_y_px": 164,
      "f2_consensus_anchor_y_px": 130,
      "f2_consensus_seed_y_px": 164,
      "f2_consensus_support_cols": 4,
      "f2_consensus_support_ratio": 0.465637580005213,
      "f2_consensus_jump_px": 34,
      "f2_consensus_tol_px": 5,
      "f2_consensus_reason": "low_support",
      "f3_consensus_x_range": [
        860,
        866
      ],
      "f3_consensus_y_px": 196,
      "f3_consensus_anchor_y_px": 196,
      "f3_consensus_seed_y_px": 196,
      "f3_consensus_support_cols": 6,
      "f3_consensus_support_ratio": 0.91011123359054,
      "f3_consensus_jump_px": 0,
      "f3_consensus_tol_px": 5,
      "f3_consensus_reason": "accepted",
      "f3_consensus_applied": true,
      "f4_consensus_x_range": [
        860,
        866
      ],
      "f4_consensus_y_px": 248,
      "f4_consensus_anchor_y_px": 251,
      "f4_consensus_seed_y_px": 247,
      "f4_consensus_support_cols": 6,
      "f4_consensus_support_ratio": 0.9108550114766641,
      "f4_consensus_jump_px": 3,
      "f4_consensus_tol_px": 6,
      "f4_consensus_reason": "accepted",
      "f4_consensus_applied": true,
      "scale_ranges": {
        "F1": [
          7.2,
          8.4
        ],
        "F2": [
          13.1,
          14.5
        ],
        "F3": [
          18.6,
          20.2
        ],
        "F4": [
          24.1,
          26.5
        ]
      }
    },
    "A": {
      "x_day0": 59,
      "x_day1": 372,
      "x_day2": 684,
      "day_w": 312.5,
      "x_day0_time": 59,
      "x_day1_time": 351,
      "x_day2_time": 644,
      "day_w_time": 292.3333333333333,
      "x_plot_end": 936,
      "x1_static": 936,
      "x1_dyn": 977,