{
  "saved_at_utc": "2026-05-23T21:35:59.557204+00:00",
  "source": "tomsk_sos70_param_charts",
  "freq_max_hz": 40.0,
  "values": {
    "scale_ranges": {
      "F": {
        "F1": [
          7.2,
          8.4
        ],
        "F2": [
          13.1,
          14.5
        ],
        "F3": [
          18.6,
          20.2
        ],
        "F4": [
          24.1,
          26.5
        ]
      },
      "A": {
        "A1": [
          1.0,
          45.0
        ],
        "A2": [
          1.0,
          61.5
        ],
        "A3": [
          2.2,
          12.2
        ],
        "A4": [
          1.1,
          10.2
        ]
      },
      "Q": {
        "Q1": [
          4.0,
          38.0
        ],
        "Q2": [
          5.0,
          17.5
        ],
        "Q3": [
          7.0,
          23.0
        ],
        "Q4": [
          5.0,
          30.0
        ]
      }
    },
    "scale_units": {
      "F_hz": "Hz",
      "A_value": "idx",
      "Q_value": "idx"
    },
    "F_norm": {
      "F1": 0.1986062717770035,
      "F2": 0.37630662020905925,
      "F3": 0.47038327526132406,
      "F4": 0.7560975609756098
    },
    "F_y_px": {
      "F1": 92,
      "F2": 143,
      "F3": 170,
      "F4": 252
    },
    "F_lane_norm": {
      "F1": 0.8947368421052632,
      "F2": 0.75,
      "F3": 0.2608695652173913,
      "F4": 0.9782608695652174
    },
    "F_hz": {
      "F1": 7.326315789473684,
      "F2": 13.45,
      "F3": 19.782608695652172,
      "F4": 24.15217391304348
    },
    "A_norm": {
      "A1": 0.28222996515679444,
      "A2": 0.519163763066202,
      "A3": 0.6759581881533101,
      "A4": 0.9128919860627178
    },
    "A_y_px": {
      "A1": 116,
      "A2": 184,
      "A3": 229,
      "A4": 297
    },
    "A_lane_norm": {
      "A1": 0.8674698795180723,
      "A2": 0.9387755102040817,
      "A3": 0.7525773195876289,
      "A4": 0.7362637362637363
    },
    "A_value": {
      "A1": 6.831325301204821,
      "A2": 4.7040816326530575,
      "A3": 4.674226804123711,
      "A4": 3.499999999999999
    },
    "Q_norm": {
      "Q1": 0.25435540069686413,
      "Q2": 0.47735191637630664,
      "Q3": 0.5052264808362369,
      "Q4": 0.9547038327526133
    },
    "Q_y_px": {
      "Q1": 108,
      "Q2": 172,
      "Q3": 180,
      "Q4": 309
    },
    "Q_lane_norm": {
      "Q1": 0.6629213483146067,
      "Q2": 0.7010309278350515,
      "Q3": 0.23300970873786409,
      "Q4": 0.8588235294117647
    },
    "Q_value": {
      "Q1": 15.460674157303373,
      "Q2": 8.737113402061857,
      "Q3": 19.271844660194176,
      "Q4": 8.529411764705884
    }
  },
  "debug": {
    "F": {
      "x_day0": 59,
      "x_day1": 392,
      "x_day2": 726,
      "day_w": 333.5,
      "x_day0_time": 59,
      "x_day1_time": 351,
      "x_day2_time": 643,
      "day_w_time": 292.0,
      "x_plot_end": 935,
      "x1_static": 936,
      "x1_dyn": 935,
      "x1_dyn_used": true,
      "pph": 12.166666666666666,
      "pph_source": "day_width (tick-mismatch-fallback)",
      "pph_tick": 19.0,
      "tick_pph_rel_err": 0.5616438356164384,
      "tick_pph_valid": false,
      "tick_count": 50,
      "tick_quality": 0.6944444444444444,
      "tick_used": false,
      "x_frontier": 701,
      "frontier_method": "activity_scan",
      "frontier_activity_thr": 0.46619956791400907,
      "frontier_activity_right_tail": 0.17729690670967102,
      "frontier_activity_run_px": 8,
      "guard_px": 4,
      "left_guard": 645,
      "right_guard": 697,
      "x_time": 699,
      "x_ideal": 699,
      "x_now": 699,
      "x_now_method": "harmonized_pair_cluster",
      "hour_now_tsst": 4.599722222222222,
      "rollover_hour_min": 3.0,
      "rollover_hour_max": 8.5,
      "delta_min_to_guard": -9.863013698630137,
      "delta_min_to_frontier": 9.863013698630137,
      "frontier_day_fill": 0.19863013698630136,
      "rollover_candidate": false,
      "bias_minutes_applied": 0.0,
      "measured_bias_minutes": null,
      "age_hours": null,
      "status": "ok",
      "x_now_before_harmonize": 699,
      "x_pick": 698,
      "x_pick_edge": 699,
      "x_pick_safe_right": 923,
      "x_overlay": 699,
      "f1_path_x_range": [
        685,
        699
      ],
      "f1_path_target_col": 13,
      "f1_path_y_px": 92,
      "f4_path_x_range": [
        685,
        699
      ],
      "f4_path_target_col": 13,
      "f4_path_y_px": 250,
      "f1_path2_x_range": [
        689,
        699
      ],
      "f1_path2_target_col": 9,
      "f1_path2_y_px": 93,
      "f1_path2_y_direct_px": 93,
      "f1_path2_direct_used": false,
      "f1_path2_direct_allowed": false,
      "f1_path2_left_weight": 0.35,
      "f1_path2_right_weight": 1.0,
      "f2_path2_x_range": [
        689,
        699
      ],
      "f2_path2_target_col": 9,
      "f2_path2_y_px": 142,
      "f2_path2_y_direct_px": 159,
      "f2_path2_direct_used": false,
      "f2_path2_direct_allowed": false,
      "f2_path2_left_weight": 0.4,
      "f2_path2_right_weight": 1.0,
      "f4_path2_x_range": [
        689,
        699
      ],
      "f4_path2_target_col": 9,
      "f4_path2_y_px": 251,
      "f4_path2_y_direct_px": 250,
      "f4_path2_direct_used": false,
      "f4_path2_direct_allowed": false,
      "f4_path2_left_weight": 0.4,
      "f4_path2_right_weight": 1.0,
      "f1_local_snap_x": 699,
      "f1_local_snap_y_px": 92,
      "f1_local_snap_search_px": 8,
      "f1_local_snap_search_up_px": 4,
      "f1_local_snap_search_down_px": 12,
      "f1_local_snap_prefer_lower_weight": 0.02,
      "f3_local_snap_x": 699,
      "f3_local_snap_y_px": 176,
      "f3_local_snap_search_px": 6,
      "f3_local_snap_search_up_px": 6,
      "f3_local_snap_search_down_px": 6,
      "f3_local_snap_prefer_lower_weight": 0.0,
      "f4_local_snap_x": 699,
      "f4_local_snap_y_px": 251,
      "f4_local_snap_search_px": 8,
      "f4_local_snap_search_up_px": 6,
      "f4_local_snap_search_down_px": 14,
      "f4_local_snap_prefer_lower_weight": 0.05,
      "f2_local_snap_x": 699,
      "f2_local_snap_y_px": 143,
      "f2_local_snap_search_px": 8,
      "f2_local_snap_search_up_px": 14,
      "f2_local_snap_search_down_px": 2,
      "f2_local_snap_prefer_lower_weight": 0.0,
      "f2_consensus_applied": false,
      "f2_consensus_support_cols": 2,
      "f2_consensus_anchor_y_px": 143,
      "f2_consensus_seed_y_px": 159,
      "f2_consensus_reason": "insufficient_inliers",
      "f3_consensus_x_range": [
        693,
        699
      ],
      "f3_consensus_y_px": 170,
      "f3_consensus_anchor_y_px": 176,
      "f3_consensus_seed_y_px": 171,
      "f3_consensus_support_cols": 5,
      "f3_consensus_support_ratio": 0.6423972920953076,
      "f3_consensus_jump_px": 6,
      "f3_consensus_tol_px": 5,
      "f3_consensus_reason": "accepted",
      "f3_consensus_applied": true,
      "f4_consensus_x_range": [
        693,
        699
      ],
      "f4_consensus_y_px": 252,
      "f4_consensus_anchor_y_px": 251,
      "f4_consensus_seed_y_px": 252,
      "f4_consensus_support_cols": 5,
      "f4_consensus_support_ratio": 0.7144923343939832,
      "f4_consensus_jump_px": 1,
      "f4_consensus_tol_px": 6,
      "f4_consensus_reason": "accepted",
      "f4_consensus_applied": true,
      "scale_ranges": {
        "F1": [
          7.2,
          8.4
        ],
        "F2": [
          13.1,
          14.5
        ],
        "F3": [
          18.6,
          20.2
        ],
        "F4": [
          24.1,
          26.5
        ]
      }
    },
    "A": {
      "x_day0": 59,
      "x_day1": 392,
      "x_day2": 726,
      "day_w": 333.5,
      "x_day0_time": 59,
      "x_day1_time": 351,
      "x_day2_time": 643,
      "day_w_time": 292.0,
      "x_plot_end": 935,
      "x1_static": 936,
      "x1_dyn": 935,
      "x1_dyn_used": true,
      "pph": 12.166666666666666,
      "pph_source": "day_width (tick-mismatch-fallback)",
      "pph_tick": 19.0,
      "tick_pph_rel_err": 0.5616438356164384,
      "tick_pph_valid": false,