{
  "saved_at_utc": "2026-06-12T23:12:32.529321+00:00",
  "source": "tomsk_sos70_param_charts",
  "freq_max_hz": 40.0,
  "values": {
    "scale_ranges": {
      "F": {
        "F1": [
          7.2,
          8.4
        ],
        "F2": [
          13.1,
          14.5
        ],
        "F3": [
          18.6,
          20.2
        ],
        "F4": [
          24.1,
          26.5
        ]
      },
      "A": {
        "A1": [
          1.0,
          45.0
        ],
        "A2": [
          1.0,
          61.5
        ],
        "A3": [
          2.2,
          12.2
        ],
        "A4": [
          1.1,
          10.2
        ]
      },
      "Q": {
        "Q1": [
          4.0,
          38.0
        ],
        "Q2": [
          5.0,
          17.5
        ],
        "Q3": [
          7.0,
          23.0
        ],
        "Q4": [
          5.0,
          30.0
        ]
      }
    },
    "scale_units": {
      "F_hz": "Hz",
      "A_value": "idx",
      "Q_value": "idx"
    },
    "F_norm": {
      "F1": 0.04529616724738676,
      "F2": 0.2857142857142857,
      "F3": 0.4634146341463415,
      "F4": 0.6829268292682927
    },
    "F_y_px": {
      "F1": 48,
      "F2": 117,
      "F3": 168,
      "F4": 231
    },
    "F_lane_norm": {
      "F1": 0.12280701754385964,
      "F2": 0.25,
      "F3": 0.21739130434782608,
      "F4": 0.5217391304347826
    },
    "F_hz": {
      "F1": 8.25263157894737,
      "F2": 14.15,
      "F3": 19.85217391304348,
      "F4": 25.247826086956522
    },
    "A_norm": {
      "A1": 0.26480836236933797,
      "A2": 0.42160278745644597,
      "A3": 0.6306620209059234,
      "A4": 0.8327526132404182
    },
    "A_y_px": {
      "A1": 111,
      "A2": 156,
      "A3": 216,
      "A4": 274
    },
    "A_lane_norm": {
      "A1": 0.8072289156626506,
      "A2": 0.6530612244897959,
      "A3": 0.6185567010309279,
      "A4": 0.4835164835164835
    },
    "A_value": {
      "A1": 9.481927710843372,
      "A2": 21.98979591836735,
      "A3": 6.014432989690721,
      "A4": 5.8
    },
    "Q_norm": {
      "Q1": 0.28222996515679444,
      "Q2": 0.5017421602787456,
      "Q3": 0.7142857142857143,
      "Q4": 0.9547038327526133
    },
    "Q_y_px": {
      "Q1": 116,
      "Q2": 179,
      "Q3": 240,
      "Q4": 309
    },
    "Q_lane_norm": {
      "Q1": 0.7528089887640449,
      "Q2": 0.7731958762886598,
      "Q3": 0.8155339805825242,
      "Q4": 0.8588235294117647
    },
    "Q_value": {
      "Q1": 12.404494382022474,
      "Q2": 7.835051546391751,
      "Q3": 9.951456310679612,
      "Q4": 8.529411764705884
    }
  },
  "debug": {
    "F": {
      "x_day0": 59,
      "x_day1": 392,
      "x_day2": 726,
      "day_w": 333.5,
      "x_day0_time": 59,
      "x_day1_time": 351,
      "x_day2_time": 643,
      "day_w_time": 292.0,
      "x_plot_end": 935,
      "x1_static": 936,
      "x1_dyn": 935,
      "x1_dyn_used": true,
      "pph": 12.166666666666666,
      "pph_source": "day_width (tick-mismatch-fallback)",
      "pph_tick": 19.0,
      "tick_pph_rel_err": 0.5616438356164384,
      "tick_pph_valid": false,
      "tick_count": 50,
      "tick_quality": 0.6944444444444444,
      "tick_used": false,
      "x_frontier": 723,
      "frontier_method": "activity_scan",
      "frontier_activity_thr": 0.48316697478294374,
      "frontier_activity_right_tail": 0.20025131106376648,
      "frontier_activity_run_px": 8,
      "guard_px": 4,
      "left_guard": 645,
      "right_guard": 719,
      "x_time": 719,
      "x_ideal": 719,
      "x_now": 719,
      "x_now_method": "harmonized_prefer_non_rollover",
      "hour_now_tsst": 6.208888888888889,
      "rollover_hour_min": 3.0,
      "rollover_hour_max": 8.5,
      "delta_min_to_guard": 0.0,
      "delta_min_to_frontier": 19.726027397260275,
      "frontier_day_fill": 0.273972602739726,
      "rollover_candidate": false,
      "bias_minutes_applied": 0.0,
      "measured_bias_minutes": null,
      "age_hours": null,
      "status": "ok",
      "x_now_before_harmonize": 719,
      "x_pick": 718,
      "x_pick_edge": 719,
      "x_pick_safe_right": 923,
      "x_overlay": 719,
      "f1_path_x_range": [
        705,
        719
      ],
      "f1_path_target_col": 13,
      "f1_path_y_px": 50,
      "f4_path_x_range": [
        705,
        719
      ],
      "f4_path_target_col": 13,
      "f4_path_y_px": 231,
      "f1_path2_x_range": [
        709,
        719
      ],
      "f1_path2_target_col": 9,
      "f1_path2_y_px": 50,
      "f1_path2_y_direct_px": 70,
      "f1_path2_direct_used": false,
      "f1_path2_direct_allowed": false,
      "f1_path2_left_weight": 0.35,
      "f1_path2_right_weight": 1.0,
      "f2_path2_x_range": [
        709,
        719
      ],
      "f2_path2_target_col": 9,
      "f2_path2_y_px": 116,
      "f2_path2_y_direct_px": 118,
      "f2_path2_direct_used": false,
      "f2_path2_direct_allowed": false,
      "f2_path2_left_weight": 0.4,
      "f2_path2_right_weight": 1.0,
      "f4_path2_x_range": [
        709,
        719
      ],
      "f4_path2_target_col": 9,
      "f4_path2_y_px": 231,
      "f4_path2_y_direct_px": 250,
      "f4_path2_direct_used": false,
      "f4_path2_direct_allowed": false,
      "f4_path2_left_weight": 0.4,
      "f4_path2_right_weight": 1.0,
      "f1_local_snap_x": 719,
      "f1_local_snap_y_px": 48,
      "f1_local_snap_search_px": 8,
      "f1_local_snap_search_up_px": 4,
      "f1_local_snap_search_down_px": 12,
      "f1_local_snap_prefer_lower_weight": 0.02,
      "f3_local_snap_x": 719,
      "f3_local_snap_y_px": 167,
      "f3_local_snap_search_px": 6,
      "f3_local_snap_search_up_px": 6,
      "f3_local_snap_search_down_px": 6,
      "f3_local_snap_prefer_lower_weight": 0.0,
      "f4_local_snap_x": 719,
      "f4_local_snap_y_px": 230,
      "f4_local_snap_search_px": 8,
      "f4_local_snap_search_up_px": 6,
      "f4_local_snap_search_down_px": 14,
      "f4_local_snap_prefer_lower_weight": 0.05,
      "f2_local_snap_x": 719,
      "f2_local_snap_y_px": 111,
      "f2_local_snap_search_px": 8,
      "f2_local_snap_search_up_px": 14,
      "f2_local_snap_search_down_px": 2,
      "f2_local_snap_prefer_lower_weight": 0.0,
      "f2_consensus_x_range": [
        713,
        719
      ],
      "f2_consensus_y_px": 117,
      "f2_consensus_anchor_y_px": 111,
      "f2_consensus_seed_y_px": 116,
      "f2_consensus_support_cols": 6,
      "f2_consensus_support_ratio": 0.7995179241620293,
      "f2_consensus_jump_px": 6,
      "f2_consensus_tol_px": 5,
      "f2_consensus_reason": "accepted",
      "f2_consensus_applied": true,
      "f3_consensus_x_range": [
        713,
        719
      ],
      "f3_consensus_y_px": 168,
      "f3_consensus_anchor_y_px": 167,
      "f3_consensus_seed_y_px": 172,
      "f3_consensus_support_cols": 7,
      "f3_consensus_support_ratio": 1.0,
      "f3_consensus_jump_px": 1,
      "f3_consensus_tol_px": 5,
      "f3_consensus_reason": "accepted",
      "f3_consensus_applied": true,
      "f4_consensus_x_range": [
        713,
        719
      ],
      "f4_consensus_y_px": 231,
      "f4_consensus_anchor_y_px": 230,
      "f4_consensus_seed_y_px": 232,
      "f4_consensus_support_cols": 5,
      "f4_consensus_support_ratio": 0.6347861755811846,
      "f4_consensus_jump_px": 1,
      "f4_consensus_tol_px": 6,
      "f4_consensus_reason": "accepted",
      "f4_consensus_applied": true,
      "scale_ranges": {
        "F1": [
          7.2,
          8.4
        ],
        "F2": [
          13.1,
          14.5
        ],
        "F3": [
          18.6,
          20.2
        ],
        "F4": [
          24.1,
          26.5
        ]
      }
    },
    "A": {
      "x_day0": 59,
      "x_day1": 392,
      "x_day2": 726,
      "day_w": 333.5,
      "x_day0_time": 59,
      "x_day1_time": 351,
      "x_day2_time": 643,
      "day_w_time": 292.0,
      "x_plot_end": 935,
      "x1_static": 936,
      "x1_dyn": 935,
      "x1_dyn_used": true,