{
  "saved_at_utc": "2026-03-24T22:32:12.241733+00:00",
  "source": "tomsk_sos70_param_charts",
  "freq_max_hz": 40.0,
  "values": {
    "scale_ranges": {
      "F": {
        "F1": [
          7.2,
          8.4
        ],
        "F2": [
          13.1,
          14.5
        ],
        "F3": [
          18.6,
          20.2
        ],
        "F4": [
          24.1,
          26.5
        ]
      },
      "A": {
        "A1": [
          1.0,
          45.0
        ],
        "A2": [
          1.0,
          61.5
        ],
        "A3": [
          2.2,
          12.2
        ],
        "A4": [
          1.1,
          10.2
        ]
      },
      "Q": {
        "Q1": [
          4.0,
          38.0
        ],
        "Q2": [
          5.0,
          17.5
        ],
        "Q3": [
          7.0,
          23.0
        ],
        "Q4": [
          5.0,
          30.0
        ]
      }
    },
    "scale_units": {
      "F_hz": "Hz",
      "A_value": "idx",
      "Q_value": "idx"
    },
    "F_norm": {
      "F1": 0.024390243902439025,
      "F2": 0.37630662020905925,
      "F3": 0.4564459930313589,
      "F4": 0.7526132404181185
    },
    "F_y_px": {
      "F1": 42,
      "F2": 143,
      "F3": 166,
      "F4": 251
    },
    "F_lane_norm": {
      "F1": 0.017543859649122806,
      "F2": 0.75,
      "F3": 0.17391304347826086,
      "F4": 0.9565217391304348
    },
    "F_hz": {
      "F1": 8.378947368421054,
      "F2": 13.45,
      "F3": 19.921739130434784,
      "F4": 24.20434782608696
    },
    "A_norm": {
      "A1": 0.3170731707317073,
      "A2": 0.49825783972125437,
      "A3": 0.7038327526132404,
      "A4": 0.9337979094076655
    },
    "A_y_px": {
      "A1": 126,
      "A2": 178,
      "A3": 237,
      "A4": 303
    },
    "A_lane_norm": {
      "A1": 0.9879518072289156,
      "A2": 0.8775510204081632,
      "A3": 0.8350515463917526,
      "A4": 0.8021978021978022
    },
    "A_value": {
      "A1": 1.5301204819277103,
      "A2": 8.408163265306122,
      "A3": 3.849484536082473,
      "A4": 2.8999999999999995
    },
    "Q_norm": {
      "Q1": 0.2682926829268293,
      "Q2": 0.43205574912891986,
      "Q3": 0.7177700348432056,
      "Q4": 0.8013937282229965
    },
    "Q_y_px": {
      "Q1": 112,
      "Q2": 159,
      "Q3": 241,
      "Q4": 265
    },
    "Q_lane_norm": {
      "Q1": 0.7078651685393258,
      "Q2": 0.5670103092783505,
      "Q3": 0.8252427184466019,
      "Q4": 0.3411764705882353
    },
    "Q_value": {
      "Q1": 13.932584269662922,
      "Q2": 10.412371134020619,
      "Q3": 9.79611650485437,
      "Q4": 21.470588235294116
    }
  },
  "debug": {
    "F": {
      "x_day0": 59,
      "x_day1": 392,
      "x_day2": 726,
      "day_w": 333.5,
      "x_day0_time": 59,
      "x_day1_time": 351,
      "x_day2_time": 643,
      "day_w_time": 292.0,
      "x_plot_end": 935,
      "x1_static": 936,
      "x1_dyn": 935,
      "x1_dyn_used": true,
      "pph": 12.166666666666666,
      "pph_source": "day_width (tick-mismatch-fallback)",
      "pph_tick": 19.0,
      "tick_pph_rel_err": 0.5616438356164384,
      "tick_pph_valid": false,
      "tick_count": 50,
      "tick_quality": 0.6944444444444444,
      "tick_used": false,
      "x_frontier": 916,
      "frontier_method": "activity_scan",
      "frontier_activity_thr": 0.4435809016227722,
      "frontier_activity_right_tail": 0.1984880268573761,
      "frontier_activity_run_px": 8,
      "guard_px": 4,
      "left_guard": 645,
      "right_guard": 912,
      "x_time": 710,
      "x_ideal": 710,
      "x_now": 710,
      "x_now_method": "harmonized_prefer_non_rollover",
      "hour_now_tsst": 5.536666666666666,
      "rollover_hour_min": 3.0,
      "rollover_hour_max": 8.5,
      "delta_min_to_guard": 996.1643835616438,
      "delta_min_to_frontier": 1015.8904109589042,
      "frontier_day_fill": 0.934931506849315,
      "rollover_candidate": true,
      "bias_minutes_applied": 0.0,
      "measured_bias_minutes": null,
      "age_hours": null,
      "status": "ok",
      "x_now_before_harmonize": 912,
      "x_pick": 709,
      "x_pick_edge": 710,
      "x_pick_safe_right": 923,
      "x_overlay": 710,
      "f1_path_x_range": [
        696,
        710
      ],
      "f1_path_target_col": 13,
      "f1_path_y_px": 44,
      "f4_path_x_range": [
        696,
        710
      ],
      "f4_path_target_col": 13,
      "f4_path_y_px": 250,
      "f1_path2_x_range": [
        700,
        710
      ],
      "f1_path2_target_col": 9,
      "f1_path2_y_px": 44,
      "f1_path2_y_direct_px": 45,
      "f1_path2_direct_used": false,
      "f1_path2_direct_allowed": false,
      "f1_path2_left_weight": 0.35,
      "f1_path2_right_weight": 1.0,
      "f2_path2_x_range": [
        700,
        710
      ],
      "f2_path2_target_col": 9,
      "f2_path2_y_px": 141,
      "f2_path2_y_direct_px": 144,
      "f2_path2_direct_used": false,
      "f2_path2_direct_allowed": false,
      "f2_path2_left_weight": 0.4,
      "f2_path2_right_weight": 1.0,
      "f4_path2_x_range": [
        700,
        710
      ],
      "f4_path2_target_col": 9,
      "f4_path2_y_px": 251,
      "f4_path2_y_direct_px": 230,
      "f4_path2_direct_used": false,
      "f4_path2_direct_allowed": false,
      "f4_path2_left_weight": 0.4,
      "f4_path2_right_weight": 1.0,
      "f1_local_snap_x": 710,
      "f1_local_snap_y_px": 42,
      "f1_local_snap_search_px": 8,
      "f1_local_snap_search_up_px": 4,
      "f1_local_snap_search_down_px": 12,
      "f1_local_snap_prefer_lower_weight": 0.02,
      "f3_local_snap_x": 710,
      "f3_local_snap_y_px": 166,
      "f3_local_snap_search_px": 6,
      "f3_local_snap_search_up_px": 6,
      "f3_local_snap_search_down_px": 6,
      "f3_local_snap_prefer_lower_weight": 0.0,
      "f4_local_snap_x": 710,
      "f4_local_snap_y_px": 251,
      "f4_local_snap_search_px": 8,
      "f4_local_snap_search_up_px": 6,
      "f4_local_snap_search_down_px": 14,
      "f4_local_snap_prefer_lower_weight": 0.05,
      "f2_local_snap_x": 710,
      "f2_local_snap_y_px": 143,
      "f2_local_snap_search_px": 8,
      "f2_local_snap_search_up_px": 14,
      "f2_local_snap_search_down_px": 2,
      "f2_local_snap_prefer_lower_weight": 0.0,
      "f2_consensus_x_range": [
        704,
        710
      ],
      "f2_consensus_y_px": 143,
      "f2_consensus_anchor_y_px": 143,
      "f2_consensus_seed_y_px": 142,
      "f2_consensus_support_cols": 5,
      "f2_consensus_support_ratio": 0.8072139984879527,
      "f2_consensus_jump_px": 0,
      "f2_consensus_tol_px": 5,
      "f2_consensus_reason": "accepted",
      "f2_consensus_applied": true,
      "f3_consensus_x_range": [
        704,
        710
      ],
      "f3_consensus_y_px": 166,
      "f3_consensus_anchor_y_px": 166,
      "f3_consensus_seed_y_px": 170,
      "f3_consensus_support_cols": 7,
      "f3_consensus_support_ratio": 1.0,
      "f3_consensus_jump_px": 0,
      "f3_consensus_tol_px": 5,
      "f3_consensus_reason": "accepted",
      "f3_consensus_applied": true,
      "f4_consensus_applied": false,
      "f4_consensus_x_range": [
        704,
        710
      ],
      "f4_consensus_y_px": 265,
      "f4_consensus_anchor_y_px": 251,
      "f4_consensus_seed_y_px": 265,
      "f4_consensus_support_cols": 4,
      "f4_consensus_support_ratio": 0.5046082949308756,
      "f4_consensus_jump_px": 14,
      "f4_consensus_tol_px": 6,
      "f4_consensus_reason": "low_support",
      "scale_ranges": {
        "F1": [
          7.2,
          8.4
        ],
        "F2": [
          13.1,
          14.5
        ],
        "F3": [
          18.6,
          20.2
        ],
        "F4": [
          24.1,
          26.5
        ]
      }
    },
    "A": {
      "x_day0": 59,
      "x_day1": 392,
      "x_day2": 726,
      "day_w": 333.5,
      "x_day0_time": 59,
      "x_day1_time": 351,
      "x_day2_time": 643,
      "day_w_time": 292.0,
      "x_plot_end": 935,
      "x1_static": 936,
      "x1_dyn": 935,