{
  "saved_at_utc": "2026-04-08T07:39:05.525217+00:00",
  "source": "tomsk_sos70_param_charts",
  "freq_max_hz": 40.0,
  "values": {
    "scale_ranges": {
      "F": {
        "F1": [
          7.2,
          8.4
        ],
        "F2": [
          13.1,
          14.5
        ],
        "F3": [
          18.6,
          20.2
        ],
        "F4": [
          24.1,
          26.5
        ]
      },
      "A": {
        "A1": [
          1.0,
          45.0
        ],
        "A2": [
          1.0,
          61.5
        ],
        "A3": [
          2.2,
          12.2
        ],
        "A4": [
          1.1,
          10.2
        ]
      },
      "Q": {
        "Q1": [
          4.0,
          38.0
        ],
        "Q2": [
          5.0,
          17.5
        ],
        "Q3": [
          7.0,
          23.0
        ],
        "Q4": [
          5.0,
          30.0
        ]
      }
    },
    "scale_units": {
      "F_hz": "Hz",
      "A_value": "idx",
      "Q_value": "idx"
    },
    "F_norm": {
      "F1": 0.18466898954703834,
      "F2": 0.3344947735191638,
      "F3": 0.5818815331010453,
      "F4": 0.7526132404181185
    },
    "F_y_px": {
      "F1": 88,
      "F2": 131,
      "F3": 202,
      "F4": 251
    },
    "F_lane_norm": {
      "F1": 0.8245614035087719,
      "F2": 0.5192307692307693,
      "F3": 0.9565217391304348,
      "F4": 0.9565217391304348
    },
    "F_hz": {
      "F1": 7.410526315789474,
      "F2": 13.773076923076923,
      "F3": 18.669565217391305,
      "F4": 24.20434782608696
    },
    "A_norm": {
      "A1": 0.2787456445993031,
      "A2": 0.4181184668989547,
      "A3": 0.6655052264808362,
      "A4": 0.818815331010453
    },
    "A_y_px": {
      "A1": 115,
      "A2": 155,
      "A3": 226,
      "A4": 270
    },
    "A_lane_norm": {
      "A1": 0.8554216867469879,
      "A2": 0.6428571428571429,
      "A3": 0.7216494845360825,
      "A4": 0.43956043956043955
    },
    "A_value": {
      "A1": 7.361445783132531,
      "A2": 22.607142857142854,
      "A3": 4.983505154639174,
      "A4": 6.199999999999999
    },
    "Q_norm": {
      "Q1": 0.2961672473867596,
      "Q2": 0.47735191637630664,
      "Q3": 0.6515679442508711,
      "Q4": 0.8013937282229965
    },
    "Q_y_px": {
      "Q1": 120,
      "Q2": 172,
      "Q3": 222,
      "Q4": 265
    },
    "Q_lane_norm": {
      "Q1": 0.797752808988764,
      "Q2": 0.7010309278350515,
      "Q3": 0.6407766990291263,
      "Q4": 0.3411764705882353
    },
    "Q_value": {
      "Q1": 10.876404494382022,
      "Q2": 8.737113402061857,
      "Q3": 12.74757281553398,
      "Q4": 21.470588235294116
    }
  },
  "debug": {
    "F": {
      "x_day0": 59,
      "x_day1": 369,
      "x_day2": 679,
      "day_w": 310.0,
      "x_day0_time": 59,
      "x_day1_time": 351,
      "x_day2_time": 643,
      "day_w_time": 292.0,
      "x_plot_end": 935,
      "x1_static": 936,
      "x1_dyn": 935,
      "x1_dyn_used": true,
      "pph": 12.166666666666666,
      "pph_source": "day_width (tick-mismatch-fallback)",
      "pph_tick": 19.0,
      "tick_pph_rel_err": 0.5616438356164384,
      "tick_pph_valid": false,
      "tick_count": 50,
      "tick_quality": 0.6944444444444444,
      "tick_used": false,
      "x_frontier": 823,
      "frontier_method": "activity_scan",
      "frontier_activity_thr": 0.44771279990673063,
      "frontier_activity_right_tail": 0.1212775707244873,
      "frontier_activity_run_px": 8,
      "guard_px": 4,
      "left_guard": 645,
      "right_guard": 819,
      "x_time": 821,
      "x_ideal": 821,
      "x_now": 821,
      "x_now_method": "ideal",
      "hour_now_tsst": 14.651388888888889,
      "rollover_hour_min": 3.0,
      "rollover_hour_max": 8.5,
      "delta_min_to_guard": -9.863013698630137,
      "delta_min_to_frontier": 9.863013698630137,
      "frontier_day_fill": 0.6164383561643836,
      "rollover_candidate": false,
      "bias_minutes_applied": 0.0,
      "measured_bias_minutes": null,
      "age_hours": null,
      "status": "ok",
      "x_pick": 820,
      "x_pick_edge": 821,
      "x_pick_safe_right": 923,
      "x_overlay": 821,
      "f1_path_x_range": [
        807,
        821
      ],
      "f1_path_target_col": 13,
      "f1_path_y_px": 70,
      "f4_path_x_range": [
        807,
        821
      ],
      "f4_path_target_col": 13,
      "f4_path_y_px": 250,
      "f1_path2_x_range": [
        811,
        821
      ],
      "f1_path2_target_col": 9,
      "f1_path2_y_px": 76,
      "f1_path2_y_direct_px": 81,
      "f1_path2_direct_used": false,
      "f1_path2_direct_allowed": false,
      "f1_path2_left_weight": 0.35,
      "f1_path2_right_weight": 1.0,
      "f2_path2_x_range": [
        811,
        821
      ],
      "f2_path2_target_col": 9,
      "f2_path2_y_px": 134,
      "f2_path2_y_direct_px": 161,
      "f2_path2_direct_used": false,
      "f2_path2_direct_allowed": false,
      "f2_path2_left_weight": 0.4,
      "f2_path2_right_weight": 1.0,
      "f4_path2_x_range": [
        811,
        821
      ],
      "f4_path2_target_col": 9,
      "f4_path2_y_px": 251,
      "f4_path2_y_direct_px": 251,
      "f4_path2_direct_used": false,
      "f4_path2_direct_allowed": false,
      "f4_path2_left_weight": 0.4,
      "f4_path2_right_weight": 1.0,
      "f1_local_snap_x": 821,
      "f1_local_snap_y_px": 88,
      "f1_local_snap_search_px": 8,
      "f1_local_snap_search_up_px": 4,
      "f1_local_snap_search_down_px": 12,
      "f1_local_snap_prefer_lower_weight": 0.02,
      "f3_local_snap_x": 821,
      "f3_local_snap_y_px": 202,
      "f3_local_snap_search_px": 6,
      "f3_local_snap_search_up_px": 6,
      "f3_local_snap_search_down_px": 6,
      "f3_local_snap_prefer_lower_weight": 0.0,
      "f4_local_snap_x": 821,
      "f4_local_snap_y_px": 251,
      "f4_local_snap_search_px": 8,
      "f4_local_snap_search_up_px": 6,
      "f4_local_snap_search_down_px": 14,
      "f4_local_snap_prefer_lower_weight": 0.05,
      "f2_local_snap_x": 821,
      "f2_local_snap_y_px": 131,
      "f2_local_snap_search_px": 8,
      "f2_local_snap_search_up_px": 14,
      "f2_local_snap_search_down_px": 2,
      "f2_local_snap_prefer_lower_weight": 0.0,
      "f2_consensus_applied": false,
      "f2_consensus_x_range": [
        815,
        821
      ],
      "f2_consensus_y_px": 157,
      "f2_consensus_anchor_y_px": 131,
      "f2_consensus_seed_y_px": 160,
      "f2_consensus_support_cols": 4,
      "f2_consensus_support_ratio": 0.6562315748097818,
      "f2_consensus_jump_px": 26,
      "f2_consensus_tol_px": 5,
      "f2_consensus_reason": "excessive_jump",
      "f3_consensus_x_range": [
        815,
        821
      ],
      "f3_consensus_y_px": 202,
      "f3_consensus_anchor_y_px": 202,
      "f3_consensus_seed_y_px": 201,
      "f3_consensus_support_cols": 6,
      "f3_consensus_support_ratio": 0.8991114610280059,
      "f3_consensus_jump_px": 0,
      "f3_consensus_tol_px": 5,
      "f3_consensus_reason": "accepted",
      "f3_consensus_applied": true,
      "f4_consensus_applied": false,
      "f4_consensus_support_cols": 2,
      "f4_consensus_anchor_y_px": 251,
      "f4_consensus_seed_y_px": 251,
      "f4_consensus_reason": "insufficient_inliers",
      "scale_ranges": {
        "F1": [
          7.2,
          8.4
        ],
        "F2": [
          13.1,
          14.5
        ],
        "F3": [
          18.6,
          20.2
        ],
        "F4": [
          24.1,
          26.5
        ]
      }
    },
    "A": {
      "x_day0": 59,
      "x_day1": 372,
      "x_day2": 684,
      "day_w": 312.5,
      "x_day0_time": 59,
      "x_day1_time": 351,
      "x_day2_time": 643,
      "day_w_time": 292.0,
      "x_plot_end": 935,
      "x1_static": 936,
      "x1_dyn": 935,
      "x1_dyn_used": true,
      "pph": 12.166666666666666,
      "pph_source": "day_width (tick-mismatch-fallback)",
      "pph_tick": 19.0,
      "tick_pph_rel_err": 0.5616438356164384,
      "tick_pph_valid": false,
      "tick_count": 50,