{
  "saved_at_utc": "2026-06-02T08:36:42.684870+00:00",
  "source": "tomsk_sos70_param_charts",
  "freq_max_hz": 40.0,
  "values": {
    "scale_ranges": {
      "F": {
        "F1": [
          7.2,
          8.4
        ],
        "F2": [
          13.1,
          14.5
        ],
        "F3": [
          18.6,
          20.2
        ],
        "F4": [
          24.1,
          26.5
        ]
      },
      "A": {
        "A1": [
          1.0,
          45.0
        ],
        "A2": [
          1.0,
          61.5
        ],
        "A3": [
          2.2,
          12.2
        ],
        "A4": [
          1.1,
          10.2
        ]
      },
      "Q": {
        "Q1": [
          4.0,
          38.0
        ],
        "Q2": [
          5.0,
          17.5
        ],
        "Q3": [
          7.0,
          23.0
        ],
        "Q4": [
          5.0,
          30.0
        ]
      }
    },
    "scale_units": {
      "F_hz": "Hz",
      "A_value": "idx",
      "Q_value": "idx"
    },
    "F_norm": {
      "F1": 0.04529616724738676,
      "F2": 0.3344947735191638,
      "F3": 0.5574912891986062,
      "F4": 0.7456445993031359
    },
    "F_y_px": {
      "F1": 48,
      "F2": 131,
      "F3": 195,
      "F4": 249
    },
    "F_lane_norm": {
      "F1": 0.12280701754385964,
      "F2": 0.5192307692307693,
      "F3": 0.8043478260869565,
      "F4": 0.9130434782608695
    },
    "F_hz": {
      "F1": 8.25263157894737,
      "F2": 13.773076923076923,
      "F3": 18.91304347826087,
      "F4": 24.308695652173913
    },
    "A_norm": {
      "A1": 0.31010452961672474,
      "A2": 0.5087108013937283,
      "A3": 0.6968641114982579,
      "A4": 0.8989547038327527
    },
    "A_y_px": {
      "A1": 124,
      "A2": 181,
      "A3": 235,
      "A4": 293
    },
    "A_lane_norm": {
      "A1": 0.963855421686747,
      "A2": 0.9081632653061225,
      "A3": 0.8144329896907216,
      "A4": 0.6923076923076923
    },
    "A_value": {
      "A1": 2.590361445783131,
      "A2": 6.556122448979593,
      "A3": 4.055670103092783,
      "A4": 3.8999999999999995
    },
    "Q_norm": {
      "Q1": 0.30662020905923343,
      "Q2": 0.5331010452961672,
      "Q3": 0.6306620209059234,
      "Q4": 0.7491289198606271
    },
    "Q_y_px": {
      "Q1": 123,
      "Q2": 188,
      "Q3": 216,
      "Q4": 250
    },
    "Q_lane_norm": {
      "Q1": 0.8314606741573034,
      "Q2": 0.865979381443299,
      "Q3": 0.5825242718446602,
      "Q4": 0.16470588235294117
    },
    "Q_value": {
      "Q1": 9.730337078651683,
      "Q2": 6.675257731958762,
      "Q3": 13.679611650485437,
      "Q4": 25.88235294117647
    }
  },
  "debug": {
    "F": {
      "x_day0": 59,
      "x_day1": 356,
      "x_day2": 654,
      "day_w": 297.5,
      "x_day0_time": 59,
      "x_day1_time": 351,
      "x_day2_time": 643,
      "day_w_time": 292.0,
      "x_plot_end": 935,
      "x1_static": 936,
      "x1_dyn": 935,
      "x1_dyn_used": true,
      "pph": 12.166666666666666,
      "pph_source": "day_width (tick-mismatch-fallback)",
      "pph_tick": 19.0,
      "tick_pph_rel_err": 0.5616438356164384,
      "tick_pph_valid": false,
      "tick_count": 50,
      "tick_quality": 0.6944444444444444,
      "tick_used": false,
      "x_frontier": 829,
      "frontier_method": "activity_scan",
      "frontier_activity_thr": 0.4080928832292557,
      "frontier_activity_right_tail": 0.09597888588905334,
      "frontier_activity_run_px": 8,
      "guard_px": 4,
      "left_guard": 645,
      "right_guard": 825,
      "x_time": 833,
      "x_ideal": 833,
      "x_now": 833,
      "x_now_method": "ideal",
      "hour_now_tsst": 15.611666666666666,
      "rollover_hour_min": 3.0,
      "rollover_hour_max": 8.5,
      "delta_min_to_guard": -39.45205479452055,
      "delta_min_to_frontier": -19.726027397260275,
      "frontier_day_fill": 0.636986301369863,
      "rollover_candidate": false,
      "bias_minutes_applied": 0.0,
      "measured_bias_minutes": null,
      "age_hours": null,
      "status": "ok",
      "x_pick": 832,
      "x_pick_edge": 833,
      "x_pick_safe_right": 923,
      "x_overlay": 833,
      "f1_path_x_range": [
        819,
        833
      ],
      "f1_path_target_col": 13,
      "f1_path_y_px": 45,
      "f4_path_x_range": [
        819,
        833
      ],
      "f4_path_target_col": 13,
      "f4_path_y_px": 250,
      "f1_path2_x_range": [
        823,
        833
      ],
      "f1_path2_target_col": 9,
      "f1_path2_y_px": 45,
      "f1_path2_y_direct_px": 81,
      "f1_path2_direct_used": false,
      "f1_path2_direct_allowed": false,
      "f1_path2_left_weight": 0.35,
      "f1_path2_right_weight": 1.0,
      "f2_path2_x_range": [
        823,
        833
      ],
      "f2_path2_target_col": 9,
      "f2_path2_y_px": 139,
      "f2_path2_y_direct_px": 124,
      "f2_path2_direct_used": false,
      "f2_path2_direct_allowed": false,
      "f2_path2_left_weight": 0.4,
      "f2_path2_right_weight": 1.0,
      "f4_path2_x_range": [
        823,
        833
      ],
      "f4_path2_target_col": 9,
      "f4_path2_y_px": 250,
      "f4_path2_y_direct_px": 248,
      "f4_path2_direct_used": false,
      "f4_path2_direct_allowed": false,
      "f4_path2_left_weight": 0.4,
      "f4_path2_right_weight": 1.0,
      "f1_local_snap_x": 833,
      "f1_local_snap_y_px": 48,
      "f1_local_snap_search_px": 8,
      "f1_local_snap_search_up_px": 4,
      "f1_local_snap_search_down_px": 12,
      "f1_local_snap_prefer_lower_weight": 0.02,
      "f3_local_snap_x": 833,
      "f3_local_snap_y_px": 200,
      "f3_local_snap_search_px": 6,
      "f3_local_snap_search_up_px": 6,
      "f3_local_snap_search_down_px": 6,
      "f3_local_snap_prefer_lower_weight": 0.0,
      "f4_local_snap_x": 833,
      "f4_local_snap_y_px": 251,
      "f4_local_snap_search_px": 8,
      "f4_local_snap_search_up_px": 6,
      "f4_local_snap_search_down_px": 14,
      "f4_local_snap_prefer_lower_weight": 0.05,
      "f2_local_snap_x": 833,
      "f2_local_snap_y_px": 131,
      "f2_local_snap_search_px": 8,
      "f2_local_snap_search_up_px": 14,
      "f2_local_snap_search_down_px": 2,
      "f2_local_snap_prefer_lower_weight": 0.0,
      "f2_consensus_applied": false,
      "f2_consensus_x_range": [
        827,
        833
      ],
      "f2_consensus_y_px": 139,
      "f2_consensus_anchor_y_px": 131,
      "f2_consensus_seed_y_px": 137,
      "f2_consensus_support_cols": 4,
      "f2_consensus_support_ratio": 0.48387889824721136,
      "f2_consensus_jump_px": 8,
      "f2_consensus_tol_px": 5,
      "f2_consensus_reason": "low_support",
      "f3_consensus_x_range": [
        827,
        833
      ],
      "f3_consensus_y_px": 195,
      "f3_consensus_anchor_y_px": 200,
      "f3_consensus_seed_y_px": 195,
      "f3_consensus_support_cols": 5,
      "f3_consensus_support_ratio": 0.61831678311769,
      "f3_consensus_jump_px": 5,
      "f3_consensus_tol_px": 5,
      "f3_consensus_reason": "accepted",
      "f3_consensus_applied": true,
      "f4_consensus_x_range": [
        827,
        833
      ],
      "f4_consensus_y_px": 249,
      "f4_consensus_anchor_y_px": 251,
      "f4_consensus_seed_y_px": 245,
      "f4_consensus_support_cols": 7,
      "f4_consensus_support_ratio": 1.0,
      "f4_consensus_jump_px": 2,
      "f4_consensus_tol_px": 6,
      "f4_consensus_reason": "accepted",
      "f4_consensus_applied": true,
      "scale_ranges": {
        "F1": [
          7.2,
          8.4
        ],
        "F2": [
          13.1,
          14.5
        ],
        "F3": [
          18.6,
          20.2
        ],
        "F4": [
          24.1,
          26.5
        ]
      }
    },
    "A": {
      "x_day0": 59,
      "x_day1": 372,
      "x_day2": 684,
      "day_w": 312.5,
      "x_day0_time": 59,
      "x_day1_time": 351,
      "x_day2_time": 643,
      "day_w_time": 292.0,
      "x_plot_end": 935,
      "x1_static": 936,
      "x1_dyn": 935,
      "x1_dyn_used": true,
      "pph": 12.166666666666666,