{
  "saved_at_utc": "2026-04-06T23:47:27.038688+00:00",
  "source": "tomsk_sos70_param_charts",
  "freq_max_hz": 40.0,
  "values": {
    "scale_ranges": {
      "F": {
        "F1": [
          7.2,
          8.4
        ],
        "F2": [
          13.1,
          14.5
        ],
        "F3": [
          18.6,
          20.2
        ],
        "F4": [
          24.1,
          26.5
        ]
      },
      "A": {
        "A1": [
          1.0,
          45.0
        ],
        "A2": [
          1.0,
          61.5
        ],
        "A3": [
          2.2,
          12.2
        ],
        "A4": [
          1.1,
          10.2
        ]
      },
      "Q": {
        "Q1": [
          4.0,
          38.0
        ],
        "Q2": [
          5.0,
          17.5
        ],
        "Q3": [
          7.0,
          23.0
        ],
        "Q4": [
          5.0,
          30.0
        ]
      }
    },
    "scale_units": {
      "F_hz": "Hz",
      "A_value": "idx",
      "Q_value": "idx"
    },
    "F_norm": {
      "F1": 0.06620209059233449,
      "F2": 0.31010452961672474,
      "F3": 0.46689895470383275,
      "F4": 0.8013937282229965
    },
    "F_y_px": {
      "F1": 54,
      "F2": 124,
      "F3": 169,
      "F4": 265
    },
    "F_lane_norm": {
      "F1": 0.22807017543859648,
      "F2": 0.38461538461538464,
      "F3": 0.2391304347826087,
      "F4": 1.0
    },
    "F_hz": {
      "F1": 8.126315789473685,
      "F2": 13.961538461538462,
      "F3": 19.817391304347826,
      "F4": 24.1
    },
    "A_norm": {
      "A1": 0.2926829268292683,
      "A2": 0.5017421602787456,
      "A3": 0.6898954703832753,
      "A4": 0.8536585365853658
    },
    "A_y_px": {
      "A1": 119,
      "A2": 179,
      "A3": 233,
      "A4": 280
    },
    "A_lane_norm": {
      "A1": 0.9036144578313253,
      "A2": 0.8877551020408163,
      "A3": 0.7938144329896907,
      "A4": 0.5494505494505495
    },
    "A_value": {
      "A1": 5.240963855421683,
      "A2": 7.79081632653061,
      "A3": 4.261855670103093,
      "A4": 5.199999999999999
    },
    "Q_norm": {
      "Q1": 0.30662020905923343,
      "Q2": 0.5087108013937283,
      "Q3": 0.6968641114982579,
      "Q4": 0.8989547038327527
    },
    "Q_y_px": {
      "Q1": 123,
      "Q2": 181,
      "Q3": 235,
      "Q4": 293
    },
    "Q_lane_norm": {
      "Q1": 0.8314606741573034,
      "Q2": 0.7938144329896907,
      "Q3": 0.7669902912621359,
      "Q4": 0.6705882352941176
    },
    "Q_value": {
      "Q1": 9.730337078651683,
      "Q2": 7.577319587628866,
      "Q3": 10.728155339805825,
      "Q4": 13.235294117647062
    }
  },
  "debug": {
    "F": {
      "x_day0": 59,
      "x_day1": 393,
      "x_day2": 727,
      "day_w": 334.0,
      "x_day0_time": 59,
      "x_day1_time": 351,
      "x_day2_time": 643,
      "day_w_time": 292.0,
      "x_plot_end": 935,
      "x1_static": 936,
      "x1_dyn": 935,
      "x1_dyn_used": true,
      "pph": 12.166666666666666,
      "pph_source": "day_width (tick-mismatch-fallback)",
      "pph_tick": 19.0,
      "tick_pph_rel_err": 0.5616438356164384,
      "tick_pph_valid": false,
      "tick_count": 50,
      "tick_quality": 0.6944444444444444,
      "tick_used": false,
      "x_frontier": 728,
      "frontier_method": "activity_scan",
      "frontier_activity_thr": 0.47542937397956847,
      "frontier_activity_right_tail": 0.19749020040035248,
      "frontier_activity_run_px": 8,
      "guard_px": 4,
      "left_guard": 645,
      "right_guard": 724,
      "x_time": 726,
      "x_ideal": 726,
      "x_now": 726,
      "x_now_method": "harmonized_prefer_non_rollover",
      "hour_now_tsst": 6.790555555555556,
      "rollover_hour_min": 3.0,
      "rollover_hour_max": 8.5,
      "delta_min_to_guard": -9.863013698630137,
      "delta_min_to_frontier": 9.863013698630137,
      "frontier_day_fill": 0.2910958904109589,
      "rollover_candidate": false,
      "bias_minutes_applied": 0.0,
      "measured_bias_minutes": null,
      "age_hours": null,
      "status": "ok",
      "x_now_before_harmonize": 726,
      "x_pick": 725,
      "x_pick_edge": 726,
      "x_pick_safe_right": 923,
      "x_overlay": 726,
      "f1_path_x_range": [
        712,
        726
      ],
      "f1_path_target_col": 13,
      "f1_path_y_px": 55,
      "f4_path_x_range": [
        712,
        726
      ],
      "f4_path_target_col": 13,
      "f4_path_y_px": 259,
      "f1_path2_x_range": [
        716,
        726
      ],
      "f1_path2_target_col": 9,
      "f1_path2_y_px": 55,
      "f1_path2_y_direct_px": 54,
      "f1_path2_direct_used": false,
      "f1_path2_direct_allowed": false,
      "f1_path2_left_weight": 0.35,
      "f1_path2_right_weight": 1.0,
      "f2_path2_x_range": [
        716,
        726
      ],
      "f2_path2_target_col": 9,
      "f2_path2_y_px": 119,
      "f2_path2_y_direct_px": 116,
      "f2_path2_direct_used": false,
      "f2_path2_direct_allowed": false,
      "f2_path2_left_weight": 0.4,
      "f2_path2_right_weight": 1.0,
      "f4_path2_x_range": [
        716,
        726
      ],
      "f4_path2_target_col": 9,
      "f4_path2_y_px": 261,
      "f4_path2_y_direct_px": 262,
      "f4_path2_direct_used": false,
      "f4_path2_direct_allowed": false,
      "f4_path2_left_weight": 0.4,
      "f4_path2_right_weight": 1.0,
      "f1_local_snap_x": 726,
      "f1_local_snap_y_px": 54,
      "f1_local_snap_search_px": 8,
      "f1_local_snap_search_up_px": 4,
      "f1_local_snap_search_down_px": 12,
      "f1_local_snap_prefer_lower_weight": 0.02,
      "f3_local_snap_x": 726,
      "f3_local_snap_y_px": 169,
      "f3_local_snap_search_px": 6,
      "f3_local_snap_search_up_px": 6,
      "f3_local_snap_search_down_px": 6,
      "f3_local_snap_prefer_lower_weight": 0.0,
      "f4_local_snap_x": 726,
      "f4_local_snap_y_px": 264,
      "f4_local_snap_search_px": 8,
      "f4_local_snap_search_up_px": 6,
      "f4_local_snap_search_down_px": 14,
      "f4_local_snap_prefer_lower_weight": 0.05,
      "f2_local_snap_x": 726,
      "f2_local_snap_y_px": 110,
      "f2_local_snap_search_px": 8,
      "f2_local_snap_search_up_px": 14,
      "f2_local_snap_search_down_px": 2,
      "f2_local_snap_prefer_lower_weight": 0.0,
      "f2_consensus_x_range": [
        720,
        726
      ],
      "f2_consensus_y_px": 124,
      "f2_consensus_anchor_y_px": 110,
      "f2_consensus_seed_y_px": 120,
      "f2_consensus_support_cols": 5,
      "f2_consensus_support_ratio": 0.6410848992623353,
      "f2_consensus_jump_px": 14,
      "f2_consensus_tol_px": 5,
      "f2_consensus_reason": "accepted",
      "f2_consensus_applied": true,
      "f3_consensus_applied": false,
      "f3_consensus_x_range": [
        720,
        726
      ],
      "f3_consensus_y_px": 169,
      "f3_consensus_anchor_y_px": 169,
      "f3_consensus_seed_y_px": 167,
      "f3_consensus_support_cols": 3,
      "f3_consensus_support_ratio": 0.5387968030676282,
      "f3_consensus_jump_px": 0,
      "f3_consensus_tol_px": 5,
      "f3_consensus_reason": "low_support",
      "f4_consensus_x_range": [
        720,
        726
      ],
      "f4_consensus_y_px": 265,
      "f4_consensus_anchor_y_px": 264,
      "f4_consensus_seed_y_px": 260,
      "f4_consensus_support_cols": 4,
      "f4_consensus_support_ratio": 0.6089209661567175,
      "f4_consensus_jump_px": 1,
      "f4_consensus_tol_px": 6,
      "f4_consensus_reason": "accepted",
      "f4_consensus_applied": true,
      "scale_ranges": {
        "F1": [
          7.2,
          8.4
        ],
        "F2": [
          13.1,
          14.5
        ],
        "F3": [
          18.6,
          20.2
        ],
        "F4": [
          24.1,
          26.5
        ]
      }
    },
    "A": {
      "x_day0": 59,
      "x_day1": 392,
      "x_day2": 726,
      "day_w": 333.5,
      "x_day0_time": 59,
      "x_day1_time": 351,
      "x_day2_time": 643,
      "day_w_time": 292.0,
      "x_plot_end": 935,
      "x1_static": 936,
      "x1_dyn": 935,