{
  "saved_at_utc": "2026-03-04T01:18:54.424183+00:00",
  "source": "tomsk_sos70_param_charts",
  "freq_max_hz": 40.0,
  "values": {
    "scale_ranges": {
      "F": {
        "F1": [
          7.2,
          8.4
        ],
        "F2": [
          13.1,
          14.5
        ],
        "F3": [
          18.6,
          20.2
        ],
        "F4": [
          24.1,
          26.5
        ]
      },
      "A": {
        "A1": [
          1.0,
          45.0
        ],
        "A2": [
          1.0,
          61.5
        ],
        "A3": [
          2.2,
          12.2
        ],
        "A4": [
          1.1,
          10.2
        ]
      },
      "Q": {
        "Q1": [
          4.0,
          38.0
        ],
        "Q2": [
          5.0,
          17.5
        ],
        "Q3": [
          7.0,
          23.0
        ],
        "Q4": [
          5.0,
          30.0
        ]
      }
    },
    "scale_units": {
      "F_hz": "Hz",
      "A_value": "idx",
      "Q_value": "idx"
    },
    "F_norm": {
      "F1": 0.04878048780487805,
      "F2": 0.3867595818815331,
      "F3": 0.47038327526132406,
      "F4": 0.7526132404181185
    },
    "F_y_px": {
      "F1": 49,
      "F2": 146,
      "F3": 170,
      "F4": 251
    },
    "F_lane_norm": {
      "F1": 0.14035087719298245,
      "F2": 0.8076923076923077,
      "F3": 0.2608695652173913,
      "F4": 0.9565217391304348
    },
    "F_hz": {
      "F1": 8.23157894736842,
      "F2": 13.36923076923077,
      "F3": 19.782608695652172,
      "F4": 24.20434782608696
    },
    "A_norm": {
      "A1": 0.11498257839721254,
      "A2": 0.5331010452961672,
      "A3": 0.735191637630662,
      "A4": 0.9512195121951219
    },
    "A_y_px": {
      "A1": 68,
      "A2": 188,
      "A3": 246,
      "A4": 308
    },
    "A_lane_norm": {
      "A1": 0.2891566265060241,
      "A2": 0.9795918367346939,
      "A3": 0.9278350515463918,
      "A4": 0.9069767441860465
    },
    "A_value": {
      "A1": 32.27710843373494,
      "A2": 2.234693877551024,
      "A3": 2.921649484536081,
      "A4": 1.9465116279069772
    },
    "Q_norm": {
      "Q1": 0.3240418118466899,
      "Q2": 0.5296167247386759,
      "Q3": 0.6480836236933798,
      "Q4": 0.8885017421602788
    },
    "Q_y_px": {
      "Q1": 128,
      "Q2": 187,
      "Q3": 221,
      "Q4": 290
    },
    "Q_lane_norm": {
      "Q1": 0.8876404494382022,
      "Q2": 0.8556701030927835,
      "Q3": 0.6310679611650486,
      "Q4": 0.6506024096385542
    },
    "Q_value": {
      "Q1": 7.820224719101127,
      "Q2": 6.804123711340207,
      "Q3": 12.902912621359222,
      "Q4": 13.734939759036145
    }
  },
  "debug": {
    "F": {
      "x_day0": 59,
      "x_day1": 393,
      "x_day2": 727,
      "day_w": 334.0,
      "x_day0_time": 59,
      "x_day1_time": 351,
      "x_day2_time": 643,
      "day_w_time": 292.0,
      "x_plot_end": 935,
      "x1_static": 936,
      "x1_dyn": 935,
      "x1_dyn_used": true,
      "pph": 12.166666666666666,
      "pph_source": "day_width (tick-mismatch-fallback)",
      "pph_tick": 19.0,
      "tick_pph_rel_err": 0.5616438356164384,
      "tick_pph_valid": false,
      "tick_count": 50,
      "tick_quality": 0.6944444444444444,
      "tick_used": false,
      "x_frontier": 916,
      "frontier_method": "activity_scan",
      "frontier_activity_thr": 0.432857471704483,
      "frontier_activity_right_tail": 0.1939084678888321,
      "frontier_activity_run_px": 8,
      "guard_px": 6,
      "left_guard": 645,
      "right_guard": 910,
      "x_time": 744,
      "x_ideal": 744,
      "x_now": 744,
      "x_now_method": "ideal",
      "delta_min_to_guard": 818.6301369863014,
      "bias_minutes_applied": 0.0,
      "measured_bias_minutes": null,
      "age_hours": null,
      "status": "ok",
      "x_pick": 741,
      "x_pick_edge": 744,
      "x_pick_safe_right": 893,
      "f1_path_x_range": [
        727,
        741
      ],
      "f1_path_target_col": 14,
      "f1_path_y_px": 49,
      "f4_path_x_range": [
        727,
        741
      ],
      "f4_path_target_col": 14,
      "f4_path_y_px": 251,
      "f4_local_snap_x": 741,
      "f4_local_snap_y_px": 251,
      "f4_local_snap_search_px": 7,
      "scale_ranges": {
        "F1": [
          7.2,
          8.4
        ],
        "F2": [
          13.1,
          14.5
        ],
        "F3": [
          18.6,
          20.2
        ],
        "F4": [
          24.1,
          26.5
        ]
      }
    },
    "A": {
      "x_day0": 59,
      "x_day1": 392,
      "x_day2": 726,
      "day_w": 333.5,
      "x_day0_time": 59,
      "x_day1_time": 351,
      "x_day2_time": 643,
      "day_w_time": 292.0,
      "x_plot_end": 935,
      "x1_static": 936,
      "x1_dyn": 935,
      "x1_dyn_used": true,
      "pph": 12.166666666666666,
      "pph_source": "day_width (tick-mismatch-fallback)",
      "pph_tick": 19.0,
      "tick_pph_rel_err": 0.5616438356164384,
      "tick_pph_valid": false,
      "tick_count": 50,
      "tick_quality": 0.6944444444444444,
      "tick_used": false,
      "x_frontier": 934,
      "frontier_method": "activity_scan",
      "frontier_activity_thr": 0.30433147102594377,
      "frontier_activity_right_tail": 0.24951183795928955,
      "frontier_activity_run_px": 8,
      "guard_px": 6,
      "left_guard": 645,
      "right_guard": 928,
      "x_time": 744,
      "x_ideal": 744,
      "x_now": 744,
      "x_now_method": "ideal",
      "delta_min_to_guard": 907.3972602739726,
      "bias_minutes_applied": 0.0,
      "measured_bias_minutes": null,
      "age_hours": null,
      "status": "ok",
      "x_pick": 740,
      "x_pick_safe_right": 911,
      "a1_local_snap_x": 740,
      "a1_local_snap_y_px": 68,
      "a1_local_snap_search_px": 6,
      "scale_ranges": {
        "A1": [
          1.0,
          45.0
        ],
        "A2": [
          1.0,
          61.5
        ],
        "A3": [
          2.2,
          12.2
        ],
        "A4": [
          1.1,
          10.2
        ]
      }
    },
    "Q": {
      "x_day0": 59,
      "x_day1": 369,
      "x_day2": 679,
      "day_w": 310.0,
      "x_day0_time": 59,
      "x_day1_time": 351,
      "x_day2_time": 643,
      "day_w_time": 292.0,
      "x_plot_end": 935,
      "x1_static": 936,
      "x1_dyn": 935,
      "x1_dyn_used": true,
      "pph": 12.166666666666666,
      "pph_source": "day_width (tick-mismatch-fallback)",
      "pph_tick": 19.0,
      "tick_pph_rel_err": 0.5616438356164384,
      "tick_pph_valid": false,
      "tick_count": 50,
      "tick_quality": 0.6944444444444444,
      "tick_used": false,
      "x_frontier": 747,
      "frontier_method": "activity_scan",
      "frontier_activity_thr": 0.49085816740989685,
      "frontier_activity_right_tail": 0.19528178870677948,
      "frontier_activity_run_px": 8,
      "guard_px": 6,
      "left_guard": 645,
      "right_guard": 741,
      "x_time": 744,
      "x_ideal": 744,
      "x_now": 741,
      "x_now_method": "ideal",
      "delta_min_to_guard": -14.794520547945206,
      "bias_minutes_applied": 0.0,
      "measured_bias_minutes": null,
      "age_hours": null,
      "status": "ok",
      "x_pick": 737,
      "x_pick_safe_right": 911,
      "scale_ranges": {
        "Q1": [
          4.0,
          38.0
        ],
        "Q2": [
          5.0,
          17.5
        ],
        "Q3": [
          7.0,
          23.0
        ],
        "Q4": [
          5.0,
          30.0
        ]
      }
    },
    "urls": {
      "F": "https://sos70.ru/provider.php?file=srf.jpg",
      "A": "https://sos70.ru/provider.php?file=sra.jpg",
      "Q": "https://sos70.ru/provider.php?file=srq.jpg"
    },
    "overlays": {
      "F": "runs/tomsk_params_f_overlay.png",
      "A": "runs/tomsk_params_a_overlay.png",
      "Q": "runs/tomsk_params_q_overlay.png"
    }
  }
}