{
  "saved_at_utc": "2026-05-17T17:27:43.148549+00:00",
  "source": "tomsk_sos70_param_charts",
  "freq_max_hz": 40.0,
  "values": {
    "scale_ranges": {
      "F": {
        "F1": [
          7.2,
          8.4
        ],
        "F2": [
          13.1,
          14.5
        ],
        "F3": [
          18.6,
          20.2
        ],
        "F4": [
          24.1,
          26.5
        ]
      },
      "A": {
        "A1": [
          1.0,
          45.0
        ],
        "A2": [
          1.0,
          61.5
        ],
        "A3": [
          2.2,
          12.2
        ],
        "A4": [
          1.1,
          10.2
        ]
      },
      "Q": {
        "Q1": [
          4.0,
          38.0
        ],
        "Q2": [
          5.0,
          17.5
        ],
        "Q3": [
          7.0,
          23.0
        ],
        "Q4": [
          5.0,
          30.0
        ]
      }
    },
    "scale_units": {
      "F_hz": "Hz",
      "A_value": "idx",
      "Q_value": "idx"
    },
    "F_norm": {
      "F1": 0.21602787456445993,
      "F2": 0.4076655052264808,
      "F3": 0.519163763066202,
      "F4": 0.7839721254355401
    },
    "F_y_px": {
      "F1": 97,
      "F2": 152,
      "F3": 184,
      "F4": 260
    },
    "F_lane_norm": {
      "F1": 0.9824561403508771,
      "F2": 0.9230769230769231,
      "F3": 0.5652173913043478,
      "F4": 1.0
    },
    "F_hz": {
      "F1": 7.221052631578948,
      "F2": 13.207692307692307,
      "F3": 19.295652173913044,
      "F4": 24.1
    },
    "A_norm": {
      "A1": 0.2682926829268293,
      "A2": 0.5017421602787456,
      "A3": 0.710801393728223,
      "A4": 0.9337979094076655
    },
    "A_y_px": {
      "A1": 112,
      "A2": 179,
      "A3": 239,
      "A4": 303
    },
    "A_lane_norm": {
      "A1": 0.8192771084337349,
      "A2": 0.8877551020408163,
      "A3": 0.8556701030927835,
      "A4": 0.8021978021978022
    },
    "A_value": {
      "A1": 8.951807228915662,
      "A2": 7.79081632653061,
      "A3": 3.6432989690721644,
      "A4": 2.8999999999999995
    },
    "Q_norm": {
      "Q1": 0.313588850174216,
      "Q2": 0.49825783972125437,
      "Q3": 0.5261324041811847,
      "Q4": 0.8222996515679443
    },
    "Q_y_px": {
      "Q1": 125,
      "Q2": 178,
      "Q3": 186,
      "Q4": 271
    },
    "Q_lane_norm": {
      "Q1": 0.8539325842696629,
      "Q2": 0.7628865979381443,
      "Q3": 0.2912621359223301,
      "Q4": 0.4117647058823529
    },
    "Q_value": {
      "Q1": 8.966292134831463,
      "Q2": 7.963917525773196,
      "Q3": 18.33980582524272,
      "Q4": 19.705882352941178
    }
  },
  "debug": {
    "F": {
      "x_day0": 59,
      "x_day1": 359,
      "x_day2": 659,
      "day_w": 300.0,
      "x_day0_time": 59,
      "x_day1_time": 351,
      "x_day2_time": 644,
      "day_w_time": 292.3333333333333,
      "x_plot_end": 936,
      "x1_static": 936,
      "x1_dyn": 1006,
      "x1_dyn_used": false,
      "pph": 12.180555555555555,
      "pph_source": "day_width (tick-mismatch-fallback)",
      "pph_tick": 19.0,
      "tick_pph_rel_err": 0.5598631698973775,
      "tick_pph_valid": false,
      "tick_count": 50,
      "tick_quality": 0.6944444444444444,
      "tick_used": false,
      "x_frontier": 919,
      "frontier_method": "activity_scan",
      "frontier_activity_thr": 0.41686212867498396,
      "frontier_activity_right_tail": 0.36415547132492065,
      "frontier_activity_run_px": 8,
      "guard_px": 4,
      "left_guard": 646,
      "right_guard": 915,
      "x_time": 650,
      "x_ideal": 650,
      "x_now": 650,
      "x_now_method": "ideal",
      "hour_now_tsst": 0.46166666666666667,
      "rollover_hour_min": 3.0,
      "rollover_hour_max": 8.5,
      "delta_min_to_guard": 1305.3591790193843,
      "delta_min_to_frontier": 1325.0627137970355,
      "frontier_day_fill": 0.9407069555302167,
      "rollover_candidate": false,
      "bias_minutes_applied": 0.0,
      "measured_bias_minutes": null,
      "age_hours": null,
      "status": "ok",
      "x_pick": 649,
      "x_pick_edge": 650,
      "x_pick_safe_right": 924,
      "x_overlay": 650,
      "f1_path_x_range": [
        636,
        650
      ],
      "f1_path_target_col": 13,
      "f1_path_y_px": 70,
      "f4_path_x_range": [
        636,
        650
      ],
      "f4_path_target_col": 13,
      "f4_path_y_px": 263,
      "f1_path2_x_range": [
        640,
        650
      ],
      "f1_path2_target_col": 9,
      "f1_path2_y_px": 94,
      "f1_path2_y_direct_px": 61,
      "f1_path2_direct_used": false,
      "f1_path2_direct_allowed": false,
      "f1_path2_left_weight": 0.35,
      "f1_path2_right_weight": 1.0,
      "f2_path2_x_range": [
        640,
        650
      ],
      "f2_path2_target_col": 9,
      "f2_path2_y_px": 159,
      "f2_path2_y_direct_px": 158,
      "f2_path2_direct_used": false,
      "f2_path2_direct_allowed": false,
      "f2_path2_left_weight": 0.4,
      "f2_path2_right_weight": 1.0,
      "f4_path2_x_range": [
        640,
        650
      ],
      "f4_path2_target_col": 9,
      "f4_path2_y_px": 261,
      "f4_path2_y_direct_px": 261,
      "f4_path2_direct_used": false,
      "f4_path2_direct_allowed": false,
      "f4_path2_left_weight": 0.4,
      "f4_path2_right_weight": 1.0,
      "f1_local_snap_x": 650,
      "f1_local_snap_y_px": 97,
      "f1_local_snap_search_px": 8,
      "f1_local_snap_search_up_px": 4,
      "f1_local_snap_search_down_px": 12,
      "f1_local_snap_prefer_lower_weight": 0.02,
      "f3_local_snap_x": 650,
      "f3_local_snap_y_px": 184,
      "f3_local_snap_search_px": 6,
      "f3_local_snap_search_up_px": 6,
      "f3_local_snap_search_down_px": 6,
      "f3_local_snap_prefer_lower_weight": 0.0,
      "f4_local_snap_x": 650,
      "f4_local_snap_y_px": 260,
      "f4_local_snap_search_px": 8,
      "f4_local_snap_search_up_px": 6,
      "f4_local_snap_search_down_px": 14,
      "f4_local_snap_prefer_lower_weight": 0.05,
      "f2_local_snap_x": 650,
      "f2_local_snap_y_px": 161,
      "f2_local_snap_search_px": 8,
      "f2_local_snap_search_up_px": 14,
      "f2_local_snap_search_down_px": 2,
      "f2_local_snap_prefer_lower_weight": 0.0,
      "f2_consensus_x_range": [
        644,
        650
      ],
      "f2_consensus_y_px": 152,
      "f2_consensus_anchor_y_px": 161,
      "f2_consensus_seed_y_px": 152,
      "f2_consensus_support_cols": 4,
      "f2_consensus_support_ratio": 0.6125846955697701,
      "f2_consensus_jump_px": 9,
      "f2_consensus_tol_px": 5,
      "f2_consensus_reason": "accepted",
      "f2_consensus_applied": true,
      "f3_consensus_x_range": [
        644,
        650
      ],
      "f3_consensus_y_px": 184,
      "f3_consensus_anchor_y_px": 184,
      "f3_consensus_seed_y_px": 183,
      "f3_consensus_support_cols": 7,
      "f3_consensus_support_ratio": 1.0,
      "f3_consensus_jump_px": 0,
      "f3_consensus_tol_px": 5,
      "f3_consensus_reason": "accepted",
      "f3_consensus_applied": true,
      "f4_consensus_applied": false,
      "f4_consensus_x_range": [
        644,
        650
      ],
      "f4_consensus_y_px": 262,
      "f4_consensus_anchor_y_px": 260,
      "f4_consensus_seed_y_px": 265,
      "f4_consensus_support_cols": 3,
      "f4_consensus_support_ratio": 0.4158324063774565,
      "f4_consensus_jump_px": 2,
      "f4_consensus_tol_px": 6,
      "f4_consensus_reason": "low_support",
      "scale_ranges": {
        "F1": [
          7.2,
          8.4
        ],
        "F2": [
          13.1,
          14.5
        ],
        "F3": [
          18.6,
          20.2
        ],
        "F4": [
          24.1,
          26.5
        ]
      }
    },
    "A": {
      "x_day0": 59,
      "x_day1": 368,
      "x_day2": 678,
      "day_w": 309.5,
      "x_day0_time": 59,
      "x_day1_time": 351,
      "x_day2_time": 644,
      "day_w_time": 292.3333333333333,
      "x_plot_end": 936,
      "x1_static": 936,
      "x1_dyn": 977,
      "x1_dyn_used": false,
      "pph": 12.180555555555555,