{
  "saved_at_utc": "2026-04-22T09:05:08.151937+00:00",
  "source": "tomsk_sos70_param_charts",
  "freq_max_hz": 40.0,
  "values": {
    "scale_ranges": {
      "F": {
        "F1": [
          7.2,
          8.4
        ],
        "F2": [
          13.1,
          14.5
        ],
        "F3": [
          18.6,
          20.2
        ],
        "F4": [
          24.1,
          26.5
        ]
      },
      "A": {
        "A1": [
          1.0,
          45.0
        ],
        "A2": [
          1.0,
          61.5
        ],
        "A3": [
          2.2,
          12.2
        ],
        "A4": [
          1.1,
          10.2
        ]
      },
      "Q": {
        "Q1": [
          4.0,
          38.0
        ],
        "Q2": [
          5.0,
          17.5
        ],
        "Q3": [
          7.0,
          23.0
        ],
        "Q4": [
          5.0,
          30.0
        ]
      }
    },
    "scale_units": {
      "F_hz": "Hz",
      "A_value": "idx",
      "Q_value": "idx"
    },
    "F_norm": {
      "F1": 0.059233449477351915,
      "F2": 0.40069686411149824,
      "F3": 0.5505226480836237,
      "F4": 0.7421602787456446
    },
    "F_y_px": {
      "F1": 52,
      "F2": 150,
      "F3": 193,
      "F4": 248
    },
    "F_lane_norm": {
      "F1": 0.19298245614035087,
      "F2": 0.8846153846153846,
      "F3": 0.7608695652173914,
      "F4": 0.8913043478260869
    },
    "F_hz": {
      "F1": 8.16842105263158,
      "F2": 13.26153846153846,
      "F3": 18.982608695652175,
      "F4": 24.360869565217392
    },
    "A_norm": {
      "A1": 0.2857142857142857,
      "A2": 0.4181184668989547,
      "A3": 0.7073170731707317,
      "A4": 0.818815331010453
    },
    "A_y_px": {
      "A1": 117,
      "A2": 155,
      "A3": 238,
      "A4": 270
    },
    "A_lane_norm": {
      "A1": 0.8795180722891566,
      "A2": 0.6428571428571429,
      "A3": 0.845360824742268,
      "A4": 0.43956043956043955
    },
    "A_value": {
      "A1": 6.30120481927711,
      "A2": 22.607142857142854,
      "A3": 3.7463917525773187,
      "A4": 6.199999999999999
    },
    "Q_norm": {
      "Q1": 0.2787456445993031,
      "Q2": 0.3344947735191638,
      "Q3": 0.6655052264808362,
      "Q4": 0.8397212543554007
    },
    "Q_y_px": {
      "Q1": 115,
      "Q2": 131,
      "Q3": 226,
      "Q4": 276
    },
    "Q_lane_norm": {
      "Q1": 0.7415730337078652,
      "Q2": 0.27835051546391754,
      "Q3": 0.6796116504854369,
      "Q4": 0.47058823529411764
    },
    "Q_value": {
      "Q1": 12.786516853932582,
      "Q2": 14.02061855670103,
      "Q3": 12.12621359223301,
      "Q4": 18.235294117647058
    }
  },
  "debug": {
    "F": {
      "x_day0": 59,
      "x_day1": 384,
      "x_day2": 709,
      "day_w": 325.0,
      "x_day0_time": 59,
      "x_day1_time": 351,
      "x_day2_time": 643,
      "day_w_time": 292.0,
      "x_plot_end": 935,
      "x1_static": 936,
      "x1_dyn": 935,
      "x1_dyn_used": true,
      "pph": 12.166666666666666,
      "pph_source": "day_width (tick-mismatch-fallback)",
      "pph_tick": 19.0,
      "tick_pph_rel_err": 0.5616438356164384,
      "tick_pph_valid": false,
      "tick_count": 50,
      "tick_quality": 0.6944444444444444,
      "tick_used": false,
      "x_frontier": 841,
      "frontier_method": "activity_scan",
      "frontier_activity_thr": 0.4596769392490387,
      "frontier_activity_right_tail": 0.06038559600710869,
      "frontier_activity_run_px": 8,
      "guard_px": 4,
      "left_guard": 645,
      "right_guard": 837,
      "x_time": 839,
      "x_ideal": 839,
      "x_now": 839,
      "x_now_method": "ideal",
      "hour_now_tsst": 16.085277777777776,
      "rollover_hour_min": 3.0,
      "rollover_hour_max": 8.5,
      "delta_min_to_guard": -9.863013698630137,
      "delta_min_to_frontier": 9.863013698630137,
      "frontier_day_fill": 0.678082191780822,
      "rollover_candidate": false,
      "bias_minutes_applied": 0.0,
      "measured_bias_minutes": null,
      "age_hours": null,
      "status": "ok",
      "x_pick": 838,
      "x_pick_edge": 839,
      "x_pick_safe_right": 923,
      "x_overlay": 839,
      "f1_path_x_range": [
        825,
        839
      ],
      "f1_path_target_col": 13,
      "f1_path_y_px": 50,
      "f4_path_x_range": [
        825,
        839
      ],
      "f4_path_target_col": 13,
      "f4_path_y_px": 249,
      "f1_path2_x_range": [
        829,
        839
      ],
      "f1_path2_target_col": 9,
      "f1_path2_y_px": 50,
      "f1_path2_y_direct_px": 70,
      "f1_path2_direct_used": false,
      "f1_path2_direct_allowed": false,
      "f1_path2_left_weight": 0.35,
      "f1_path2_right_weight": 1.0,
      "f2_path2_x_range": [
        829,
        839
      ],
      "f2_path2_target_col": 9,
      "f2_path2_y_px": 150,
      "f2_path2_y_direct_px": 160,
      "f2_path2_direct_used": false,
      "f2_path2_direct_allowed": false,
      "f2_path2_left_weight": 0.4,
      "f2_path2_right_weight": 1.0,
      "f4_path2_x_range": [
        829,
        839
      ],
      "f4_path2_target_col": 9,
      "f4_path2_y_px": 250,
      "f4_path2_y_direct_px": 230,
      "f4_path2_direct_used": false,
      "f4_path2_direct_allowed": false,
      "f4_path2_left_weight": 0.4,
      "f4_path2_right_weight": 1.0,
      "f1_local_snap_x": 839,
      "f1_local_snap_y_px": 52,
      "f1_local_snap_search_px": 8,
      "f1_local_snap_search_up_px": 4,
      "f1_local_snap_search_down_px": 12,
      "f1_local_snap_prefer_lower_weight": 0.02,
      "f3_local_snap_x": 839,
      "f3_local_snap_y_px": 193,
      "f3_local_snap_search_px": 6,
      "f3_local_snap_search_up_px": 6,
      "f3_local_snap_search_down_px": 6,
      "f3_local_snap_prefer_lower_weight": 0.0,
      "f4_local_snap_x": 839,
      "f4_local_snap_y_px": 248,
      "f4_local_snap_search_px": 8,
      "f4_local_snap_search_up_px": 6,
      "f4_local_snap_search_down_px": 14,
      "f4_local_snap_prefer_lower_weight": 0.05,
      "f2_local_snap_x": 839,
      "f2_local_snap_y_px": 150,
      "f2_local_snap_search_px": 8,
      "f2_local_snap_search_up_px": 14,
      "f2_local_snap_search_down_px": 2,
      "f2_local_snap_prefer_lower_weight": 0.0,
      "f2_consensus_applied": false,
      "f2_consensus_x_range": [
        833,
        839
      ],
      "f2_consensus_y_px": 164,
      "f2_consensus_anchor_y_px": 150,
      "f2_consensus_seed_y_px": 164,
      "f2_consensus_support_cols": 4,
      "f2_consensus_support_ratio": 0.5259848080006108,
      "f2_consensus_jump_px": 14,
      "f2_consensus_tol_px": 5,
      "f2_consensus_reason": "low_support",
      "f3_consensus_applied": false,
      "f3_consensus_x_range": [
        833,
        839
      ],
      "f3_consensus_y_px": 192,
      "f3_consensus_anchor_y_px": 193,
      "f3_consensus_seed_y_px": 192,
      "f3_consensus_support_cols": 3,
      "f3_consensus_support_ratio": 0.489802049604433,
      "f3_consensus_jump_px": 1,
      "f3_consensus_tol_px": 5,
      "f3_consensus_reason": "low_support",
      "f4_consensus_applied": false,
      "f4_consensus_x_range": [
        833,
        839
      ],
      "f4_consensus_y_px": 230,
      "f4_consensus_anchor_y_px": 248,
      "f4_consensus_seed_y_px": 230,
      "f4_consensus_support_cols": 4,
      "f4_consensus_support_ratio": 0.6758287491030853,
      "f4_consensus_jump_px": 18,
      "f4_consensus_tol_px": 6,
      "f4_consensus_reason": "excessive_jump",
      "scale_ranges": {
        "F1": [
          7.2,
          8.4
        ],
        "F2": [
          13.1,
          14.5
        ],
        "F3": [
          18.6,
          20.2
        ],
        "F4": [
          24.1,
          26.5
        ]
      }
    },
    "A": {
      "x_day0": 59,
      "x_day1": 368,
      "x_day2": 678,
      "day_w": 309.5,
      "x_day0_time": 59,
      "x_day1_time": 351,
      "x_day2_time": 643,
      "day_w_time": 292.0,
      "x_plot_end": 935,
      "x1_static": 936,
      "x1_dyn": 935,
      "x1_dyn_used": true,