{
  "saved_at_utc": "2026-05-28T03:27:38.574227+00:00",
  "source": "tomsk_sos70_param_charts",
  "freq_max_hz": 40.0,
  "values": {
    "scale_ranges": {
      "F": {
        "F1": [
          7.2,
          8.4
        ],
        "F2": [
          13.1,
          14.5
        ],
        "F3": [
          18.6,
          20.2
        ],
        "F4": [
          24.1,
          26.5
        ]
      },
      "A": {
        "A1": [
          1.0,
          45.0
        ],
        "A2": [
          1.0,
          61.5
        ],
        "A3": [
          2.2,
          12.2
        ],
        "A4": [
          1.1,
          10.2
        ]
      },
      "Q": {
        "Q1": [
          4.0,
          38.0
        ],
        "Q2": [
          5.0,
          17.5
        ],
        "Q3": [
          7.0,
          23.0
        ],
        "Q4": [
          5.0,
          30.0
        ]
      }
    },
    "scale_units": {
      "F_hz": "Hz",
      "A_value": "idx",
      "Q_value": "idx"
    },
    "F_norm": {
      "F1": 0.0313588850174216,
      "F2": 0.3310104529616725,
      "F3": 0.5888501742160279,
      "F4": 0.6655052264808362
    },
    "F_y_px": {
      "F1": 44,
      "F2": 130,
      "F3": 204,
      "F4": 226
    },
    "F_lane_norm": {
      "F1": 0.05263157894736842,
      "F2": 0.5,
      "F3": 1.0,
      "F4": 0.41304347826086957
    },
    "F_hz": {
      "F1": 8.336842105263159,
      "F2": 13.8,
      "F3": 18.6,
      "F4": 25.508695652173913
    },
    "A_norm": {
      "A1": 0.30313588850174217,
      "A2": 0.519163763066202,
      "A3": 0.7038327526132404,
      "A4": 0.9233449477351916
    },
    "A_y_px": {
      "A1": 122,
      "A2": 184,
      "A3": 237,
      "A4": 300
    },
    "A_lane_norm": {
      "A1": 0.9397590361445783,
      "A2": 0.9387755102040817,
      "A3": 0.8350515463917526,
      "A4": 0.7692307692307693
    },
    "A_value": {
      "A1": 3.6506024096385516,
      "A2": 4.7040816326530575,
      "A3": 3.849484536082473,
      "A4": 3.1999999999999993
    },
    "Q_norm": {
      "Q1": 0.28222996515679444,
      "Q2": 0.5331010452961672,
      "Q3": 0.7142857142857143,
      "Q4": 0.89198606271777
    },
    "Q_y_px": {
      "Q1": 116,
      "Q2": 188,
      "Q3": 240,
      "Q4": 291
    },
    "Q_lane_norm": {
      "Q1": 0.7528089887640449,
      "Q2": 0.865979381443299,
      "Q3": 0.8155339805825242,
      "Q4": 0.6470588235294118
    },
    "Q_value": {
      "Q1": 12.404494382022474,
      "Q2": 6.675257731958762,
      "Q3": 9.951456310679612,
      "Q4": 13.823529411764707
    }
  },
  "debug": {
    "F": {
      "x_day0": 59,
      "x_day1": 384,
      "x_day2": 708,
      "day_w": 324.5,
      "x_day0_time": 59,
      "x_day1_time": 351,
      "x_day2_time": 643,
      "day_w_time": 292.0,
      "x_plot_end": 935,
      "x1_static": 936,
      "x1_dyn": 935,
      "x1_dyn_used": true,
      "pph": 12.166666666666666,
      "pph_source": "day_width (tick-mismatch-fallback)",
      "pph_tick": 19.0,
      "tick_pph_rel_err": 0.5616438356164384,
      "tick_pph_valid": false,
      "tick_count": 50,
      "tick_quality": 0.6944444444444444,
      "tick_used": false,
      "x_frontier": 771,
      "frontier_method": "activity_scan",
      "frontier_activity_thr": 0.5048769831657409,
      "frontier_activity_right_tail": 0.17596426606178284,
      "frontier_activity_run_px": 8,
      "guard_px": 4,
      "left_guard": 645,
      "right_guard": 767,
      "x_time": 770,
      "x_ideal": 770,
      "x_now": 770,
      "x_now_method": "ideal",
      "hour_now_tsst": 10.460555555555555,
      "rollover_hour_min": 3.0,
      "rollover_hour_max": 8.5,
      "delta_min_to_guard": -14.794520547945206,
      "delta_min_to_frontier": 4.931506849315069,
      "frontier_day_fill": 0.4383561643835616,
      "rollover_candidate": false,
      "bias_minutes_applied": 0.0,
      "measured_bias_minutes": null,
      "age_hours": null,
      "status": "ok",
      "x_pick": 769,
      "x_pick_edge": 770,
      "x_pick_safe_right": 923,
      "x_overlay": 770,
      "f1_path_x_range": [
        756,
        770
      ],
      "f1_path_target_col": 13,
      "f1_path_y_px": 43,
      "f4_path_x_range": [
        756,
        770
      ],
      "f4_path_target_col": 13,
      "f4_path_y_px": 230,
      "f1_path2_x_range": [
        760,
        770
      ],
      "f1_path2_target_col": 9,
      "f1_path2_y_px": 44,
      "f1_path2_y_direct_px": 44,
      "f1_path2_direct_used": false,
      "f1_path2_direct_allowed": false,
      "f1_path2_left_weight": 0.35,
      "f1_path2_right_weight": 1.0,
      "f2_path2_x_range": [
        760,
        770
      ],
      "f2_path2_target_col": 9,
      "f2_path2_y_px": 131,
      "f2_path2_y_direct_px": 138,
      "f2_path2_direct_used": false,
      "f2_path2_direct_allowed": false,
      "f2_path2_left_weight": 0.4,
      "f2_path2_right_weight": 1.0,
      "f4_path2_x_range": [
        760,
        770
      ],
      "f4_path2_target_col": 9,
      "f4_path2_y_px": 230,
      "f4_path2_y_direct_px": 230,
      "f4_path2_direct_used": false,
      "f4_path2_direct_allowed": false,
      "f4_path2_left_weight": 0.4,
      "f4_path2_right_weight": 1.0,
      "f1_local_snap_x": 770,
      "f1_local_snap_y_px": 44,
      "f1_local_snap_search_px": 8,
      "f1_local_snap_search_up_px": 4,
      "f1_local_snap_search_down_px": 12,
      "f1_local_snap_prefer_lower_weight": 0.02,
      "f3_local_snap_x": 770,
      "f3_local_snap_y_px": 204,
      "f3_local_snap_search_px": 6,
      "f3_local_snap_search_up_px": 6,
      "f3_local_snap_search_down_px": 6,
      "f3_local_snap_prefer_lower_weight": 0.0,
      "f4_local_snap_x": 770,
      "f4_local_snap_y_px": 231,
      "f4_local_snap_search_px": 8,
      "f4_local_snap_search_up_px": 6,
      "f4_local_snap_search_down_px": 14,
      "f4_local_snap_prefer_lower_weight": 0.05,
      "f2_local_snap_x": 770,
      "f2_local_snap_y_px": 130,
      "f2_local_snap_search_px": 8,
      "f2_local_snap_search_up_px": 14,
      "f2_local_snap_search_down_px": 2,
      "f2_local_snap_prefer_lower_weight": 0.0,
      "f2_consensus_applied": false,
      "f2_consensus_x_range": [
        764,
        770
      ],
      "f2_consensus_y_px": 110,
      "f2_consensus_anchor_y_px": 130,
      "f2_consensus_seed_y_px": 111,
      "f2_consensus_support_cols": 5,
      "f2_consensus_support_ratio": 0.6854412343238757,
      "f2_consensus_jump_px": 20,
      "f2_consensus_tol_px": 5,
      "f2_consensus_reason": "excessive_jump",
      "f3_consensus_x_range": [
        764,
        770
      ],
      "f3_consensus_y_px": 204,
      "f3_consensus_anchor_y_px": 204,
      "f3_consensus_seed_y_px": 202,
      "f3_consensus_support_cols": 6,
      "f3_consensus_support_ratio": 0.8007130409030332,
      "f3_consensus_jump_px": 0,
      "f3_consensus_tol_px": 5,
      "f3_consensus_reason": "accepted",
      "f3_consensus_applied": true,
      "f4_consensus_x_range": [
        764,
        770
      ],
      "f4_consensus_y_px": 226,
      "f4_consensus_anchor_y_px": 231,
      "f4_consensus_seed_y_px": 229,
      "f4_consensus_support_cols": 5,
      "f4_consensus_support_ratio": 0.6632253697963668,
      "f4_consensus_jump_px": 5,
      "f4_consensus_tol_px": 6,
      "f4_consensus_reason": "accepted",
      "f4_consensus_applied": true,
      "scale_ranges": {
        "F1": [
          7.2,
          8.4
        ],
        "F2": [
          13.1,
          14.5
        ],
        "F3": [
          18.6,
          20.2
        ],
        "F4": [
          24.1,
          26.5
        ]
      }
    },
    "A": {
      "x_day0": 59,
      "x_day1": 368,
      "x_day2": 678,
      "day_w": 309.5,
      "x_day0_time": 59,
      "x_day1_time": 351,
      "x_day2_time": 643,
      "day_w_time": 292.0,
      "x_plot_end": 935,
      "x1_static": 936,
      "x1_dyn": 935,
      "x1_dyn_used": true,
      "pph": 12.166666666666666,