{
  "saved_at_utc": "2026-04-12T05:05:25.285117+00:00",
  "source": "tomsk_sos70_param_charts",
  "freq_max_hz": 40.0,
  "values": {
    "scale_ranges": {
      "F": {
        "F1": [
          7.2,
          8.4
        ],
        "F2": [
          13.1,
          14.5
        ],
        "F3": [
          18.6,
          20.2
        ],
        "F4": [
          24.1,
          26.5
        ]
      },
      "A": {
        "A1": [
          1.0,
          45.0
        ],
        "A2": [
          1.0,
          61.5
        ],
        "A3": [
          2.2,
          12.2
        ],
        "A4": [
          1.1,
          10.2
        ]
      },
      "Q": {
        "Q1": [
          4.0,
          38.0
        ],
        "Q2": [
          5.0,
          17.5
        ],
        "Q3": [
          7.0,
          23.0
        ],
        "Q4": [
          5.0,
          30.0
        ]
      }
    },
    "scale_units": {
      "F_hz": "Hz",
      "A_value": "idx",
      "Q_value": "idx"
    },
    "F_norm": {
      "F1": 0.05226480836236934,
      "F2": 0.445993031358885,
      "F3": 0.5261324041811847,
      "F4": 0.7526132404181185
    },
    "F_y_px": {
      "F1": 50,
      "F2": 163,
      "F3": 186,
      "F4": 251
    },
    "F_lane_norm": {
      "F1": 0.15789473684210525,
      "F2": 1.0,
      "F3": 0.6086956521739131,
      "F4": 0.9565217391304348
    },
    "F_hz": {
      "F1": 8.210526315789474,
      "F2": 13.1,
      "F3": 19.22608695652174,
      "F4": 24.20434782608696
    },
    "A_norm": {
      "A1": 0.26480836236933797,
      "A2": 0.49825783972125437,
      "A3": 0.7073170731707317,
      "A4": 0.926829268292683
    },
    "A_y_px": {
      "A1": 111,
      "A2": 178,
      "A3": 238,
      "A4": 301
    },
    "A_lane_norm": {
      "A1": 0.8072289156626506,
      "A2": 0.8775510204081632,
      "A3": 0.845360824742268,
      "A4": 0.7802197802197802
    },
    "A_value": {
      "A1": 9.481927710843372,
      "A2": 8.408163265306122,
      "A3": 3.7463917525773187,
      "A4": 3.0999999999999996
    },
    "Q_norm": {
      "Q1": 0.2578397212543554,
      "Q2": 0.4878048780487805,
      "Q3": 0.5923344947735192,
      "Q4": 0.8710801393728222
    },
    "Q_y_px": {
      "Q1": 109,
      "Q2": 175,
      "Q3": 205,
      "Q4": 285
    },
    "Q_lane_norm": {
      "Q1": 0.6741573033707865,
      "Q2": 0.7319587628865979,
      "Q3": 0.47572815533980584,
      "Q4": 0.5764705882352941
    },
    "Q_value": {
      "Q1": 15.078651685393258,
      "Q2": 8.350515463917526,
      "Q3": 15.388349514563107,
      "Q4": 15.588235294117649
    }
  },
  "debug": {
    "F": {
      "x_day0": 59,
      "x_day1": 363,
      "x_day2": 667,
      "day_w": 304.0,
      "x_day0_time": 59,
      "x_day1_time": 351,
      "x_day2_time": 643,
      "day_w_time": 292.0,
      "x_plot_end": 935,
      "x1_static": 936,
      "x1_dyn": 935,
      "x1_dyn_used": true,
      "pph": 12.166666666666666,
      "pph_source": "day_width (tick-mismatch-fallback)",
      "pph_tick": 19.0,
      "tick_pph_rel_err": 0.5616438356164384,
      "tick_pph_valid": false,
      "tick_count": 50,
      "tick_quality": 0.6944444444444444,
      "tick_used": false,
      "x_frontier": 777,
      "frontier_method": "activity_scan",
      "frontier_activity_thr": 0.4946935296058655,
      "frontier_activity_right_tail": 0.14825379848480225,
      "frontier_activity_run_px": 8,
      "guard_px": 4,
      "left_guard": 645,
      "right_guard": 773,
      "x_time": 790,
      "x_ideal": 790,
      "x_now": 790,
      "x_now_method": "harmonized_pair_cluster",
      "hour_now_tsst": 12.090277777777779,
      "rollover_hour_min": 3.0,
      "rollover_hour_max": 8.5,
      "delta_min_to_guard": -83.83561643835617,
      "delta_min_to_frontier": -64.10958904109589,
      "frontier_day_fill": 0.4589041095890411,
      "rollover_candidate": false,
      "bias_minutes_applied": 0.0,
      "measured_bias_minutes": null,
      "age_hours": null,
      "status": "ok",
      "x_now_before_harmonize": 773,
      "x_pick": 789,
      "x_pick_edge": 790,
      "x_pick_safe_right": 923,
      "x_overlay": 790,
      "f1_path_x_range": [
        776,
        790
      ],
      "f1_path_target_col": 13,
      "f1_path_y_px": 45,
      "f4_path_x_range": [
        776,
        790
      ],
      "f4_path_target_col": 13,
      "f4_path_y_px": 251,
      "f1_path2_x_range": [
        780,
        790
      ],
      "f1_path2_target_col": 9,
      "f1_path2_y_px": 50,
      "f1_path2_y_direct_px": 50,
      "f1_path2_direct_used": false,
      "f1_path2_direct_allowed": false,
      "f1_path2_left_weight": 0.35,
      "f1_path2_right_weight": 1.0,
      "f2_path2_x_range": [
        780,
        790
      ],
      "f2_path2_target_col": 9,
      "f2_path2_y_px": 161,
      "f2_path2_y_direct_px": 135,
      "f2_path2_direct_used": false,
      "f2_path2_direct_allowed": false,
      "f2_path2_left_weight": 0.4,
      "f2_path2_right_weight": 1.0,
      "f4_path2_x_range": [
        780,
        790
      ],
      "f4_path2_target_col": 9,
      "f4_path2_y_px": 250,
      "f4_path2_y_direct_px": 250,
      "f4_path2_direct_used": false,
      "f4_path2_direct_allowed": false,
      "f4_path2_left_weight": 0.4,
      "f4_path2_right_weight": 1.0,
      "f1_local_snap_x": 790,
      "f1_local_snap_y_px": 50,
      "f1_local_snap_search_px": 8,
      "f1_local_snap_search_up_px": 4,
      "f1_local_snap_search_down_px": 12,
      "f1_local_snap_prefer_lower_weight": 0.02,
      "f3_local_snap_x": 790,
      "f3_local_snap_y_px": 185,
      "f3_local_snap_search_px": 6,
      "f3_local_snap_search_up_px": 6,
      "f3_local_snap_search_down_px": 6,
      "f3_local_snap_prefer_lower_weight": 0.0,
      "f4_local_snap_x": 790,
      "f4_local_snap_y_px": 251,
      "f4_local_snap_search_px": 8,
      "f4_local_snap_search_up_px": 6,
      "f4_local_snap_search_down_px": 14,
      "f4_local_snap_prefer_lower_weight": 0.05,
      "f2_local_snap_x": 790,
      "f2_local_snap_y_px": 163,
      "f2_local_snap_search_px": 8,
      "f2_local_snap_search_up_px": 14,
      "f2_local_snap_search_down_px": 2,
      "f2_local_snap_prefer_lower_weight": 0.0,
      "f2_consensus_x_range": [
        784,
        790
      ],
      "f2_consensus_y_px": 163,
      "f2_consensus_anchor_y_px": 163,
      "f2_consensus_seed_y_px": 164,
      "f2_consensus_support_cols": 7,
      "f2_consensus_support_ratio": 1.0,
      "f2_consensus_jump_px": 0,
      "f2_consensus_tol_px": 5,
      "f2_consensus_reason": "accepted",
      "f2_consensus_applied": true,
      "f3_consensus_x_range": [
        784,
        790
      ],
      "f3_consensus_y_px": 186,
      "f3_consensus_anchor_y_px": 185,
      "f3_consensus_seed_y_px": 188,
      "f3_consensus_support_cols": 5,
      "f3_consensus_support_ratio": 0.8032320649058601,
      "f3_consensus_jump_px": 1,
      "f3_consensus_tol_px": 5,
      "f3_consensus_reason": "accepted",
      "f3_consensus_applied": true,
      "f4_consensus_x_range": [
        784,
        790
      ],
      "f4_consensus_y_px": 251,
      "f4_consensus_anchor_y_px": 251,
      "f4_consensus_seed_y_px": 249,
      "f4_consensus_support_cols": 4,
      "f4_consensus_support_ratio": 0.6303485337911902,
      "f4_consensus_jump_px": 0,
      "f4_consensus_tol_px": 6,
      "f4_consensus_reason": "accepted",
      "f4_consensus_applied": true,
      "scale_ranges": {
        "F1": [
          7.2,
          8.4
        ],
        "F2": [
          13.1,
          14.5
        ],
        "F3": [
          18.6,
          20.2
        ],
        "F4": [
          24.1,
          26.5
        ]
      }
    },
    "A": {
      "x_day0": 59,
      "x_day1": 368,
      "x_day2": 678,
      "day_w": 309.5,
      "x_day0_time": 59,
      "x_day1_time": 351,
      "x_day2_time": 643,
      "day_w_time": 292.0,
      "x_plot_end": 935,
      "x1_static": 936,
      "x1_dyn": 935,
      "x1_dyn_used": true,