{
  "saved_at_utc": "2026-04-14T03:53:34.746616+00:00",
  "source": "tomsk_sos70_param_charts",
  "freq_max_hz": 40.0,
  "values": {
    "scale_ranges": {
      "F": {
        "F1": [
          7.2,
          8.4
        ],
        "F2": [
          13.1,
          14.5
        ],
        "F3": [
          18.6,
          20.2
        ],
        "F4": [
          24.1,
          26.5
        ]
      },
      "A": {
        "A1": [
          1.0,
          45.0
        ],
        "A2": [
          1.0,
          61.5
        ],
        "A3": [
          2.2,
          12.2
        ],
        "A4": [
          1.1,
          10.2
        ]
      },
      "Q": {
        "Q1": [
          4.0,
          38.0
        ],
        "Q2": [
          5.0,
          17.5
        ],
        "Q3": [
          7.0,
          23.0
        ],
        "Q4": [
          5.0,
          30.0
        ]
      }
    },
    "scale_units": {
      "F_hz": "Hz",
      "A_value": "idx",
      "Q_value": "idx"
    },
    "F_norm": {
      "F1": 0.0313588850174216,
      "F2": 0.40418118466898956,
      "F3": 0.49477351916376305,
      "F4": 0.7526132404181185
    },
    "F_y_px": {
      "F1": 44,
      "F2": 151,
      "F3": 177,
      "F4": 251
    },
    "F_lane_norm": {
      "F1": 0.05263157894736842,
      "F2": 0.9038461538461539,
      "F3": 0.41304347826086957,
      "F4": 0.9565217391304348
    },
    "F_hz": {
      "F1": 8.336842105263159,
      "F2": 13.234615384615385,
      "F3": 19.53913043478261,
      "F4": 24.20434782608696
    },
    "A_norm": {
      "A1": 0.29965156794425085,
      "A2": 0.49477351916376305,
      "A3": 0.7003484320557491,
      "A4": 0.7560975609756098
    },
    "A_y_px": {
      "A1": 121,
      "A2": 177,
      "A3": 236,
      "A4": 252
    },
    "A_lane_norm": {
      "A1": 0.927710843373494,
      "A2": 0.8673469387755102,
      "A3": 0.8247422680412371,
      "A4": 0.24175824175824176
    },
    "A_value": {
      "A1": 4.180722891566262,
      "A2": 9.025510204081634,
      "A3": 3.952577319587629,
      "A4": 8.0
    },
    "Q_norm": {
      "Q1": 0.2787456445993031,
      "Q2": 0.47735191637630664,
      "Q3": 0.6236933797909407,
      "Q4": 0.818815331010453
    },
    "Q_y_px": {
      "Q1": 115,
      "Q2": 172,
      "Q3": 214,
      "Q4": 270
    },
    "Q_lane_norm": {
      "Q1": 0.7415730337078652,
      "Q2": 0.7010309278350515,
      "Q3": 0.5631067961165048,
      "Q4": 0.4
    },
    "Q_value": {
      "Q1": 12.786516853932582,
      "Q2": 8.737113402061857,
      "Q3": 13.990291262135923,
      "Q4": 20.0
    }
  },
  "debug": {
    "F": {
      "x_day0": 59,
      "x_day1": 374,
      "x_day2": 690,
      "day_w": 315.5,
      "x_day0_time": 59,
      "x_day1_time": 351,
      "x_day2_time": 643,
      "day_w_time": 292.0,
      "x_plot_end": 935,
      "x1_static": 936,
      "x1_dyn": 935,
      "x1_dyn_used": true,
      "pph": 12.166666666666666,
      "pph_source": "day_width (tick-mismatch-fallback)",
      "pph_tick": 19.0,
      "tick_pph_rel_err": 0.5616438356164384,
      "tick_pph_valid": false,
      "tick_count": 50,
      "tick_quality": 0.6944444444444444,
      "tick_used": false,
      "x_frontier": 775,
      "frontier_method": "activity_scan",
      "frontier_activity_thr": 0.4721734046936035,
      "frontier_activity_right_tail": 0.18795330822467804,
      "frontier_activity_run_px": 8,
      "guard_px": 4,
      "left_guard": 645,
      "right_guard": 771,
      "x_time": 776,
      "x_ideal": 776,
      "x_now": 776,
      "x_now_method": "ideal",
      "hour_now_tsst": 10.892777777777777,
      "rollover_hour_min": 3.0,
      "rollover_hour_max": 8.5,
      "delta_min_to_guard": -24.657534246575345,
      "delta_min_to_frontier": -4.931506849315069,
      "frontier_day_fill": 0.4520547945205479,
      "rollover_candidate": false,
      "bias_minutes_applied": 0.0,
      "measured_bias_minutes": null,
      "age_hours": null,
      "status": "ok",
      "x_pick": 775,
      "x_pick_edge": 776,
      "x_pick_safe_right": 923,
      "x_overlay": 776,
      "f1_path_x_range": [
        762,
        776
      ],
      "f1_path_target_col": 13,
      "f1_path_y_px": 87,
      "f4_path_x_range": [
        762,
        776
      ],
      "f4_path_target_col": 13,
      "f4_path_y_px": 251,
      "f1_path2_x_range": [
        766,
        776
      ],
      "f1_path2_target_col": 9,
      "f1_path2_y_px": 44,
      "f1_path2_y_direct_px": 44,
      "f1_path2_direct_used": false,
      "f1_path2_direct_allowed": false,
      "f1_path2_left_weight": 0.35,
      "f1_path2_right_weight": 1.0,
      "f2_path2_x_range": [
        766,
        776
      ],
      "f2_path2_target_col": 9,
      "f2_path2_y_px": 160,
      "f2_path2_y_direct_px": 160,
      "f2_path2_direct_used": false,
      "f2_path2_direct_allowed": false,
      "f2_path2_left_weight": 0.4,
      "f2_path2_right_weight": 1.0,
      "f4_path2_x_range": [
        766,
        776
      ],
      "f4_path2_target_col": 9,
      "f4_path2_y_px": 251,
      "f4_path2_y_direct_px": 251,
      "f4_path2_direct_used": false,
      "f4_path2_direct_allowed": false,
      "f4_path2_left_weight": 0.4,
      "f4_path2_right_weight": 1.0,
      "f1_local_snap_x": 776,
      "f1_local_snap_y_px": 44,
      "f1_local_snap_search_px": 8,
      "f1_local_snap_search_up_px": 4,
      "f1_local_snap_search_down_px": 12,
      "f1_local_snap_prefer_lower_weight": 0.02,
      "f3_local_snap_x": 776,
      "f3_local_snap_y_px": 177,
      "f3_local_snap_search_px": 6,
      "f3_local_snap_search_up_px": 6,
      "f3_local_snap_search_down_px": 6,
      "f3_local_snap_prefer_lower_weight": 0.0,
      "f4_local_snap_x": 776,
      "f4_local_snap_y_px": 251,
      "f4_local_snap_search_px": 8,
      "f4_local_snap_search_up_px": 6,
      "f4_local_snap_search_down_px": 14,
      "f4_local_snap_prefer_lower_weight": 0.05,
      "f2_local_snap_x": 776,
      "f2_local_snap_y_px": 151,
      "f2_local_snap_search_px": 8,
      "f2_local_snap_search_up_px": 14,
      "f2_local_snap_search_down_px": 2,
      "f2_local_snap_prefer_lower_weight": 0.0,
      "f2_consensus_applied": false,
      "f2_consensus_x_range": [
        770,
        776
      ],
      "f2_consensus_y_px": 161,
      "f2_consensus_anchor_y_px": 151,
      "f2_consensus_seed_y_px": 164,
      "f2_consensus_support_cols": 4,
      "f2_consensus_support_ratio": 0.47872776300869946,
      "f2_consensus_jump_px": 10,
      "f2_consensus_tol_px": 5,
      "f2_consensus_reason": "low_support",
      "f3_consensus_applied": false,
      "f3_consensus_x_range": [
        770,
        776
      ],
      "f3_consensus_y_px": 175,
      "f3_consensus_anchor_y_px": 177,
      "f3_consensus_seed_y_px": 175,
      "f3_consensus_support_cols": 3,
      "f3_consensus_support_ratio": 0.4321177936643274,
      "f3_consensus_jump_px": 2,
      "f3_consensus_tol_px": 5,
      "f3_consensus_reason": "low_support",
      "f4_consensus_x_range": [
        770,
        776
      ],
      "f4_consensus_y_px": 251,
      "f4_consensus_anchor_y_px": 251,
      "f4_consensus_seed_y_px": 257,
      "f4_consensus_support_cols": 7,
      "f4_consensus_support_ratio": 1.0,
      "f4_consensus_jump_px": 0,
      "f4_consensus_tol_px": 6,
      "f4_consensus_reason": "accepted",
      "f4_consensus_applied": true,
      "scale_ranges": {
        "F1": [
          7.2,
          8.4
        ],
        "F2": [
          13.1,
          14.5
        ],
        "F3": [
          18.6,
          20.2
        ],
        "F4": [
          24.1,
          26.5
        ]
      }
    },
    "A": {
      "x_day0": 59,
      "x_day1": 372,
      "x_day2": 684,
      "day_w": 312.5,
      "x_day0_time": 59,
      "x_day1_time": 351,
      "x_day2_time": 643,
      "day_w_time": 292.0,
      "x_plot_end": 935,
      "x1_static": 936,
      "x1_dyn": 935,
      "x1_dyn_used": true,
      "pph": 12.166666666666666,