{
  "saved_at_utc": "2026-06-29T21:36:54.309295+00:00",
  "source": "tomsk_sos70_param_charts",
  "freq_max_hz": 40.0,
  "values": {
    "scale_ranges": {
      "F": {
        "F1": [
          7.2,
          8.4
        ],
        "F2": [
          13.1,
          14.5
        ],
        "F3": [
          18.6,
          20.2
        ],
        "F4": [
          24.1,
          26.5
        ]
      },
      "A": {
        "A1": [
          1.0,
          45.0
        ],
        "A2": [
          1.0,
          61.5
        ],
        "A3": [
          2.2,
          12.2
        ],
        "A4": [
          1.1,
          10.2
        ]
      },
      "Q": {
        "Q1": [
          4.0,
          38.0
        ],
        "Q2": [
          5.0,
          17.5
        ],
        "Q3": [
          7.0,
          23.0
        ],
        "Q4": [
          5.0,
          30.0
        ]
      }
    },
    "scale_units": {
      "F_hz": "Hz",
      "A_value": "idx",
      "Q_value": "idx"
    },
    "F_norm": {
      "F1": 0.0975609756097561,
      "F2": 0.313588850174216,
      "F3": 0.5121951219512195,
      "F4": 0.6829268292682927
    },
    "F_y_px": {
      "F1": 63,
      "F2": 125,
      "F3": 182,
      "F4": 231
    },
    "F_lane_norm": {
      "F1": 0.38596491228070173,
      "F2": 0.40384615384615385,
      "F3": 0.5217391304347826,
      "F4": 0.5217391304347826
    },
    "F_hz": {
      "F1": 7.936842105263159,
      "F2": 13.934615384615384,
      "F3": 19.36521739130435,
      "F4": 25.247826086956522
    },
    "A_norm": {
      "A1": 0.3170731707317073,
      "A2": 0.5121951219512195,
      "A3": 0.7247386759581882,
      "A4": 0.9233449477351916
    },
    "A_y_px": {
      "A1": 126,
      "A2": 182,
      "A3": 243,
      "A4": 300
    },
    "A_lane_norm": {
      "A1": 0.9879518072289156,
      "A2": 0.9183673469387755,
      "A3": 0.8969072164948454,
      "A4": 0.7692307692307693
    },
    "A_value": {
      "A1": 1.5301204819277103,
      "A2": 5.938775510204081,
      "A3": 3.2309278350515456,
      "A4": 3.1999999999999993
    },
    "Q_norm": {
      "Q1": 0.29965156794425085,
      "Q2": 0.3344947735191638,
      "Q3": 0.6202090592334495,
      "Q4": 0.8954703832752613
    },
    "Q_y_px": {
      "Q1": 121,
      "Q2": 131,
      "Q3": 213,
      "Q4": 292
    },
    "Q_lane_norm": {
      "Q1": 0.8089887640449438,
      "Q2": 0.27835051546391754,
      "Q3": 0.5533980582524272,
      "Q4": 0.6588235294117647
    },
    "Q_value": {
      "Q1": 10.49438202247191,
      "Q2": 14.02061855670103,
      "Q3": 14.145631067961165,
      "Q4": 13.529411764705884
    }
  },
  "debug": {
    "F": {
      "x_day0": 59,
      "x_day1": 392,
      "x_day2": 726,
      "day_w": 333.5,
      "x_day0_time": 59,
      "x_day1_time": 351,
      "x_day2_time": 643,
      "day_w_time": 292.0,
      "x_plot_end": 935,
      "x1_static": 936,
      "x1_dyn": 935,
      "x1_dyn_used": true,
      "pph": 12.166666666666666,
      "pph_source": "day_width (tick-mismatch-fallback)",
      "pph_tick": 19.0,
      "tick_pph_rel_err": 0.5616438356164384,
      "tick_pph_valid": false,
      "tick_count": 50,
      "tick_quality": 0.6944444444444444,
      "tick_used": false,
      "x_frontier": 700,
      "frontier_method": "activity_scan",
      "frontier_activity_thr": 0.45161073207855223,
      "frontier_activity_right_tail": 0.189178004860878,
      "frontier_activity_run_px": 8,
      "guard_px": 4,
      "left_guard": 645,
      "right_guard": 696,
      "x_time": 699,
      "x_ideal": 699,
      "x_now": 699,
      "x_now_method": "harmonized_prefer_non_rollover",
      "hour_now_tsst": 4.614999999999999,
      "rollover_hour_min": 3.0,
      "rollover_hour_max": 8.5,
      "delta_min_to_guard": -14.794520547945206,
      "delta_min_to_frontier": 4.931506849315069,
      "frontier_day_fill": 0.1952054794520548,
      "rollover_candidate": false,
      "bias_minutes_applied": 0.0,
      "measured_bias_minutes": null,
      "age_hours": null,
      "status": "ok",
      "x_now_before_harmonize": 699,
      "x_pick": 698,
      "x_pick_edge": 699,
      "x_pick_safe_right": 923,
      "x_overlay": 699,
      "f1_path_x_range": [
        685,
        699
      ],
      "f1_path_target_col": 13,
      "f1_path_y_px": 64,
      "f4_path_x_range": [
        685,
        699
      ],
      "f4_path_target_col": 13,
      "f4_path_y_px": 231,
      "f1_path2_x_range": [
        689,
        699
      ],
      "f1_path2_target_col": 9,
      "f1_path2_y_px": 63,
      "f1_path2_y_direct_px": 62,
      "f1_path2_direct_used": false,
      "f1_path2_direct_allowed": false,
      "f1_path2_left_weight": 0.35,
      "f1_path2_right_weight": 1.0,
      "f2_path2_x_range": [
        689,
        699
      ],
      "f2_path2_target_col": 9,
      "f2_path2_y_px": 124,
      "f2_path2_y_direct_px": 125,
      "f2_path2_direct_used": false,
      "f2_path2_direct_allowed": false,
      "f2_path2_left_weight": 0.4,
      "f2_path2_right_weight": 1.0,
      "f4_path2_x_range": [
        689,
        699
      ],
      "f4_path2_target_col": 9,
      "f4_path2_y_px": 230,
      "f4_path2_y_direct_px": 230,
      "f4_path2_direct_used": false,
      "f4_path2_direct_allowed": false,
      "f4_path2_left_weight": 0.4,
      "f4_path2_right_weight": 1.0,
      "f1_local_snap_x": 699,
      "f1_local_snap_y_px": 63,
      "f1_local_snap_search_px": 8,
      "f1_local_snap_search_up_px": 4,
      "f1_local_snap_search_down_px": 12,
      "f1_local_snap_prefer_lower_weight": 0.02,
      "f3_local_snap_x": 699,
      "f3_local_snap_y_px": 182,
      "f3_local_snap_search_px": 6,
      "f3_local_snap_search_up_px": 6,
      "f3_local_snap_search_down_px": 6,
      "f3_local_snap_prefer_lower_weight": 0.0,
      "f4_local_snap_x": 699,
      "f4_local_snap_y_px": 230,
      "f4_local_snap_search_px": 8,
      "f4_local_snap_search_up_px": 6,
      "f4_local_snap_search_down_px": 14,
      "f4_local_snap_prefer_lower_weight": 0.05,
      "f2_local_snap_x": 699,
      "f2_local_snap_y_px": 110,
      "f2_local_snap_search_px": 8,
      "f2_local_snap_search_up_px": 14,
      "f2_local_snap_search_down_px": 2,
      "f2_local_snap_prefer_lower_weight": 0.0,
      "f2_consensus_x_range": [
        693,
        699
      ],
      "f2_consensus_y_px": 125,
      "f2_consensus_anchor_y_px": 110,
      "f2_consensus_seed_y_px": 125,
      "f2_consensus_support_cols": 7,
      "f2_consensus_support_ratio": 1.0,
      "f2_consensus_jump_px": 15,
      "f2_consensus_tol_px": 5,
      "f2_consensus_reason": "accepted",
      "f2_consensus_applied": true,
      "f3_consensus_x_range": [
        693,
        699
      ],
      "f3_consensus_y_px": 182,
      "f3_consensus_anchor_y_px": 182,
      "f3_consensus_seed_y_px": 183,
      "f3_consensus_support_cols": 7,
      "f3_consensus_support_ratio": 1.0,
      "f3_consensus_jump_px": 0,
      "f3_consensus_tol_px": 5,
      "f3_consensus_reason": "accepted",
      "f3_consensus_applied": true,
      "f4_consensus_x_range": [
        693,
        699
      ],
      "f4_consensus_y_px": 231,
      "f4_consensus_anchor_y_px": 230,
      "f4_consensus_seed_y_px": 232,
      "f4_consensus_support_cols": 5,
      "f4_consensus_support_ratio": 0.6961252504822368,
      "f4_consensus_jump_px": 1,
      "f4_consensus_tol_px": 6,
      "f4_consensus_reason": "accepted",
      "f4_consensus_applied": true,
      "scale_ranges": {
        "F1": [
          7.2,
          8.4
        ],
        "F2": [
          13.1,
          14.5
        ],
        "F3": [
          18.6,
          20.2
        ],
        "F4": [
          24.1,
          26.5
        ]
      }
    },
    "A": {
      "x_day0": 59,
      "x_day1": 392,
      "x_day2": 726,
      "day_w": 333.5,
      "x_day0_time": 59,
      "x_day1_time": 351,
      "x_day2_time": 643,
      "day_w_time": 292.0,
      "x_plot_end": 935,
      "x1_static": 936,
      "x1_dyn": 935,