{
  "saved_at_utc": "2026-04-03T20:34:25.775007+00:00",
  "source": "tomsk_sos70_param_charts",
  "freq_max_hz": 40.0,
  "values": {
    "scale_ranges": {
      "F": {
        "F1": [
          7.2,
          8.4
        ],
        "F2": [
          13.1,
          14.5
        ],
        "F3": [
          18.6,
          20.2
        ],
        "F4": [
          24.1,
          26.5
        ]
      },
      "A": {
        "A1": [
          1.0,
          45.0
        ],
        "A2": [
          1.0,
          61.5
        ],
        "A3": [
          2.2,
          12.2
        ],
        "A4": [
          1.1,
          10.2
        ]
      },
      "Q": {
        "Q1": [
          4.0,
          38.0
        ],
        "Q2": [
          5.0,
          17.5
        ],
        "Q3": [
          7.0,
          23.0
        ],
        "Q4": [
          5.0,
          30.0
        ]
      }
    },
    "scale_units": {
      "F_hz": "Hz",
      "A_value": "idx",
      "Q_value": "idx"
    },
    "F_norm": {
      "F1": 0.03484320557491289,
      "F2": 0.29965156794425085,
      "F3": 0.5888501742160279,
      "F4": 0.794425087108014
    },
    "F_y_px": {
      "F1": 45,
      "F2": 121,
      "F3": 204,
      "F4": 263
    },
    "F_lane_norm": {
      "F1": 0.07017543859649122,
      "F2": 0.3269230769230769,
      "F3": 1.0,
      "F4": 1.0
    },
    "F_hz": {
      "F1": 8.31578947368421,
      "F2": 14.042307692307693,
      "F3": 18.6,
      "F4": 24.1
    },
    "A_norm": {
      "A1": 0.289198606271777,
      "A2": 0.5017421602787456,
      "A3": 0.710801393728223,
      "A4": 0.9303135888501742
    },
    "A_y_px": {
      "A1": 118,
      "A2": 179,
      "A3": 239,
      "A4": 302
    },
    "A_lane_norm": {
      "A1": 0.891566265060241,
      "A2": 0.8877551020408163,
      "A3": 0.8556701030927835,
      "A4": 0.7912087912087912
    },
    "A_value": {
      "A1": 5.7710843373494,
      "A2": 7.79081632653061,
      "A3": 3.6432989690721644,
      "A4": 3.0
    },
    "Q_norm": {
      "Q1": 0.2857142857142857,
      "Q2": 0.5156794425087108,
      "Q3": 0.6236933797909407,
      "Q4": 0.7665505226480837
    },
    "Q_y_px": {
      "Q1": 117,
      "Q2": 183,
      "Q3": 214,
      "Q4": 255
    },
    "Q_lane_norm": {
      "Q1": 0.7640449438202247,
      "Q2": 0.8144329896907216,
      "Q3": 0.5631067961165048,
      "Q4": 0.2235294117647059
    },
    "Q_value": {
      "Q1": 12.022471910112362,
      "Q2": 7.31958762886598,
      "Q3": 13.990291262135923,
      "Q4": 24.41176470588235
    }
  },
  "debug": {
    "F": {
      "x_day0": 59,
      "x_day1": 392,
      "x_day2": 726,
      "day_w": 333.5,
      "x_day0_time": 59,
      "x_day1_time": 351,
      "x_day2_time": 643,
      "day_w_time": 292.0,
      "x_plot_end": 935,
      "x1_static": 936,
      "x1_dyn": 935,
      "x1_dyn_used": true,
      "pph": 12.166666666666666,
      "pph_source": "day_width (tick-mismatch-fallback)",
      "pph_tick": 19.0,
      "tick_pph_rel_err": 0.5616438356164384,
      "tick_pph_valid": false,
      "tick_count": 50,
      "tick_quality": 0.6944444444444444,
      "tick_used": false,
      "x_frontier": 681,
      "frontier_method": "activity_scan",
      "frontier_activity_thr": 0.5075733184814453,
      "frontier_activity_right_tail": 0.19076719880104065,
      "frontier_activity_run_px": 8,
      "guard_px": 4,
      "left_guard": 645,
      "right_guard": 677,
      "x_time": 686,
      "x_ideal": 686,
      "x_now": 686,
      "x_now_method": "harmonized_pair_cluster",
      "hour_now_tsst": 3.573611111111111,
      "rollover_hour_min": 3.0,
      "rollover_hour_max": 8.5,
      "delta_min_to_guard": -44.38356164383562,
      "delta_min_to_frontier": -24.657534246575345,
      "frontier_day_fill": 0.13013698630136986,
      "rollover_candidate": false,
      "bias_minutes_applied": 0.0,
      "measured_bias_minutes": null,
      "age_hours": null,
      "status": "ok",
      "x_now_before_harmonize": 686,
      "x_pick": 685,
      "x_pick_edge": 686,
      "x_pick_safe_right": 923,
      "x_overlay": 686,
      "f1_path_x_range": [
        672,
        686
      ],
      "f1_path_target_col": 13,
      "f1_path_y_px": 45,
      "f4_path_x_range": [
        672,
        686
      ],
      "f4_path_target_col": 13,
      "f4_path_y_px": 251,
      "f1_path2_x_range": [
        676,
        686
      ],
      "f1_path2_target_col": 9,
      "f1_path2_y_px": 44,
      "f1_path2_y_direct_px": 44,
      "f1_path2_direct_used": false,
      "f1_path2_direct_allowed": false,
      "f1_path2_left_weight": 0.35,
      "f1_path2_right_weight": 1.0,
      "f2_path2_x_range": [
        676,
        686
      ],
      "f2_path2_target_col": 9,
      "f2_path2_y_px": 121,
      "f2_path2_y_direct_px": 123,
      "f2_path2_direct_used": false,
      "f2_path2_direct_allowed": false,
      "f2_path2_left_weight": 0.4,
      "f2_path2_right_weight": 1.0,
      "f4_path2_x_range": [
        676,
        686
      ],
      "f4_path2_target_col": 9,
      "f4_path2_y_px": 251,
      "f4_path2_y_direct_px": 250,
      "f4_path2_direct_used": false,
      "f4_path2_direct_allowed": false,
      "f4_path2_left_weight": 0.4,
      "f4_path2_right_weight": 1.0,
      "f1_local_snap_x": 686,
      "f1_local_snap_y_px": 45,
      "f1_local_snap_search_px": 8,
      "f1_local_snap_search_up_px": 4,
      "f1_local_snap_search_down_px": 12,
      "f1_local_snap_prefer_lower_weight": 0.02,
      "f3_local_snap_x": 686,
      "f3_local_snap_y_px": 200,
      "f3_local_snap_search_px": 6,
      "f3_local_snap_search_up_px": 6,
      "f3_local_snap_search_down_px": 6,
      "f3_local_snap_prefer_lower_weight": 0.0,
      "f4_local_snap_x": 686,
      "f4_local_snap_y_px": 250,
      "f4_local_snap_search_px": 8,
      "f4_local_snap_search_up_px": 6,
      "f4_local_snap_search_down_px": 14,
      "f4_local_snap_prefer_lower_weight": 0.05,
      "f2_local_snap_x": 686,
      "f2_local_snap_y_px": 119,
      "f2_local_snap_search_px": 8,
      "f2_local_snap_search_up_px": 14,
      "f2_local_snap_search_down_px": 2,
      "f2_local_snap_prefer_lower_weight": 0.0,
      "f2_consensus_x_range": [
        680,
        686
      ],
      "f2_consensus_y_px": 121,
      "f2_consensus_anchor_y_px": 119,
      "f2_consensus_seed_y_px": 122,
      "f2_consensus_support_cols": 7,
      "f2_consensus_support_ratio": 1.0,
      "f2_consensus_jump_px": 2,
      "f2_consensus_tol_px": 5,
      "f2_consensus_reason": "accepted",
      "f2_consensus_applied": true,
      "f3_consensus_x_range": [
        680,
        686
      ],
      "f3_consensus_y_px": 204,
      "f3_consensus_anchor_y_px": 200,
      "f3_consensus_seed_y_px": 204,
      "f3_consensus_support_cols": 7,
      "f3_consensus_support_ratio": 1.0,
      "f3_consensus_jump_px": 4,
      "f3_consensus_tol_px": 5,
      "f3_consensus_reason": "accepted",
      "f3_consensus_applied": true,
      "f4_consensus_x_range": [
        680,
        686
      ],
      "f4_consensus_y_px": 263,
      "f4_consensus_anchor_y_px": 250,
      "f4_consensus_seed_y_px": 261,
      "f4_consensus_support_cols": 6,
      "f4_consensus_support_ratio": 0.7981707006369426,
      "f4_consensus_jump_px": 13,
      "f4_consensus_tol_px": 6,
      "f4_consensus_reason": "accepted",
      "f4_consensus_applied": true,
      "scale_ranges": {
        "F1": [
          7.2,
          8.4
        ],
        "F2": [
          13.1,
          14.5
        ],
        "F3": [
          18.6,
          20.2
        ],
        "F4": [
          24.1,
          26.5
        ]
      }
    },
    "A": {
      "x_day0": 59,
      "x_day1": 392,
      "x_day2": 726,
      "day_w": 333.5,
      "x_day0_time": 59,
      "x_day1_time": 351,
      "x_day2_time": 643,
      "day_w_time": 292.0,
      "x_plot_end": 935,
      "x1_static": 936,
      "x1_dyn": 935,
      "x1_dyn_used": true,
      "pph": 12.166666666666666,