{
  "saved_at_utc": "2026-06-19T21:32:44.968342+00:00",
  "source": "tomsk_sos70_param_charts",
  "freq_max_hz": 40.0,
  "values": {
    "scale_ranges": {
      "F": {
        "F1": [
          7.2,
          8.4
        ],
        "F2": [
          13.1,
          14.5
        ],
        "F3": [
          18.6,
          20.2
        ],
        "F4": [
          24.1,
          26.5
        ]
      },
      "A": {
        "A1": [
          1.0,
          45.0
        ],
        "A2": [
          1.0,
          61.5
        ],
        "A3": [
          2.2,
          12.2
        ],
        "A4": [
          1.1,
          10.2
        ]
      },
      "Q": {
        "Q1": [
          4.0,
          38.0
        ],
        "Q2": [
          5.0,
          17.5
        ],
        "Q3": [
          7.0,
          23.0
        ],
        "Q4": [
          5.0,
          30.0
        ]
      }
    },
    "scale_units": {
      "F_hz": "Hz",
      "A_value": "idx",
      "Q_value": "idx"
    },
    "F_norm": {
      "F1": 0.1602787456445993,
      "F2": 0.39372822299651566,
      "F3": 0.45993031358885017,
      "F4": 0.6759581881533101
    },
    "F_y_px": {
      "F1": 81,
      "F2": 148,
      "F3": 167,
      "F4": 229
    },
    "F_lane_norm": {
      "F1": 0.7017543859649122,
      "F2": 0.8461538461538461,
      "F3": 0.1956521739130435,
      "F4": 0.4782608695652174
    },
    "F_hz": {
      "F1": 7.557894736842106,
      "F2": 13.315384615384616,
      "F3": 19.88695652173913,
      "F4": 25.35217391304348
    },
    "A_norm": {
      "A1": 0.2682926829268293,
      "A2": 0.47038327526132406,
      "A3": 0.6655052264808362,
      "A4": 0.9616724738675958
    },
    "A_y_px": {
      "A1": 112,
      "A2": 170,
      "A3": 226,
      "A4": 311
    },
    "A_lane_norm": {
      "A1": 0.8192771084337349,
      "A2": 0.7959183673469388,
      "A3": 0.7216494845360825,
      "A4": 0.8901098901098901
    },
    "A_value": {
      "A1": 8.951807228915662,
      "A2": 13.346938775510203,
      "A3": 4.983505154639174,
      "A4": 2.0999999999999996
    },
    "Q_norm": {
      "Q1": 0.2857142857142857,
      "Q2": 0.47038327526132406,
      "Q3": 0.5609756097560976,
      "Q4": 0.9094076655052264
    },
    "Q_y_px": {
      "Q1": 117,
      "Q2": 170,
      "Q3": 196,
      "Q4": 296
    },
    "Q_lane_norm": {
      "Q1": 0.7640449438202247,
      "Q2": 0.6804123711340206,
      "Q3": 0.3883495145631068,
      "Q4": 0.7058823529411765
    },
    "Q_value": {
      "Q1": 12.022471910112362,
      "Q2": 8.994845360824742,
      "Q3": 16.78640776699029,
      "Q4": 12.352941176470587
    }
  },
  "debug": {
    "F": {
      "x_day0": 59,
      "x_day1": 392,
      "x_day2": 726,
      "day_w": 333.5,
      "x_day0_time": 59,
      "x_day1_time": 351,
      "x_day2_time": 643,
      "day_w_time": 292.0,
      "x_plot_end": 935,
      "x1_static": 936,
      "x1_dyn": 935,
      "x1_dyn_used": true,
      "pph": 12.166666666666666,
      "pph_source": "day_width (tick-mismatch-fallback)",
      "pph_tick": 19.0,
      "tick_pph_rel_err": 0.5616438356164384,
      "tick_pph_valid": false,
      "tick_count": 50,
      "tick_quality": 0.6944444444444444,
      "tick_used": false,
      "x_frontier": 700,
      "frontier_method": "activity_scan",
      "frontier_activity_thr": 0.49797736406326293,
      "frontier_activity_right_tail": 0.1859498918056488,
      "frontier_activity_run_px": 8,
      "guard_px": 4,
      "left_guard": 645,
      "right_guard": 696,
      "x_time": 698,
      "x_ideal": 698,
      "x_now": 698,
      "x_now_method": "harmonized_prefer_non_rollover",
      "hour_now_tsst": 4.545555555555556,
      "rollover_hour_min": 3.0,
      "rollover_hour_max": 8.5,
      "delta_min_to_guard": -9.863013698630137,
      "delta_min_to_frontier": 9.863013698630137,
      "frontier_day_fill": 0.1952054794520548,
      "rollover_candidate": false,
      "bias_minutes_applied": 0.0,
      "measured_bias_minutes": null,
      "age_hours": null,
      "status": "ok",
      "x_now_before_harmonize": 698,
      "x_pick": 697,
      "x_pick_edge": 698,
      "x_pick_safe_right": 923,
      "x_overlay": 698,
      "f1_path_x_range": [
        684,
        698
      ],
      "f1_path_target_col": 13,
      "f1_path_y_px": 80,
      "f4_path_x_range": [
        684,
        698
      ],
      "f4_path_target_col": 13,
      "f4_path_y_px": 230,
      "f1_path2_x_range": [
        688,
        698
      ],
      "f1_path2_target_col": 9,
      "f1_path2_y_px": 80,
      "f1_path2_y_direct_px": 80,
      "f1_path2_direct_used": false,
      "f1_path2_direct_allowed": false,
      "f1_path2_left_weight": 0.35,
      "f1_path2_right_weight": 1.0,
      "f2_path2_x_range": [
        688,
        698
      ],
      "f2_path2_target_col": 9,
      "f2_path2_y_px": 147,
      "f2_path2_y_direct_px": 149,
      "f2_path2_direct_used": false,
      "f2_path2_direct_allowed": false,
      "f2_path2_left_weight": 0.4,
      "f2_path2_right_weight": 1.0,
      "f4_path2_x_range": [
        688,
        698
      ],
      "f4_path2_target_col": 9,
      "f4_path2_y_px": 230,
      "f4_path2_y_direct_px": 229,
      "f4_path2_direct_used": false,
      "f4_path2_direct_allowed": false,
      "f4_path2_left_weight": 0.4,
      "f4_path2_right_weight": 1.0,
      "f1_local_snap_x": 698,
      "f1_local_snap_y_px": 81,
      "f1_local_snap_search_px": 8,
      "f1_local_snap_search_up_px": 4,
      "f1_local_snap_search_down_px": 12,
      "f1_local_snap_prefer_lower_weight": 0.02,
      "f3_local_snap_x": 698,
      "f3_local_snap_y_px": 168,
      "f3_local_snap_search_px": 6,
      "f3_local_snap_search_up_px": 6,
      "f3_local_snap_search_down_px": 6,
      "f3_local_snap_prefer_lower_weight": 0.0,
      "f4_local_snap_x": 698,
      "f4_local_snap_y_px": 230,
      "f4_local_snap_search_px": 8,
      "f4_local_snap_search_up_px": 6,
      "f4_local_snap_search_down_px": 14,
      "f4_local_snap_prefer_lower_weight": 0.05,
      "f2_local_snap_x": 698,
      "f2_local_snap_y_px": 149,
      "f2_local_snap_search_px": 8,
      "f2_local_snap_search_up_px": 14,
      "f2_local_snap_search_down_px": 2,
      "f2_local_snap_prefer_lower_weight": 0.0,
      "f2_consensus_x_range": [
        692,
        698
      ],
      "f2_consensus_y_px": 148,
      "f2_consensus_anchor_y_px": 149,
      "f2_consensus_seed_y_px": 148,
      "f2_consensus_support_cols": 7,
      "f2_consensus_support_ratio": 1.0,
      "f2_consensus_jump_px": 1,
      "f2_consensus_tol_px": 5,
      "f2_consensus_reason": "accepted",
      "f2_consensus_applied": true,
      "f3_consensus_x_range": [
        692,
        698
      ],
      "f3_consensus_y_px": 167,
      "f3_consensus_anchor_y_px": 168,
      "f3_consensus_seed_y_px": 167,
      "f3_consensus_support_cols": 7,
      "f3_consensus_support_ratio": 1.0,
      "f3_consensus_jump_px": 1,
      "f3_consensus_tol_px": 5,
      "f3_consensus_reason": "accepted",
      "f3_consensus_applied": true,
      "f4_consensus_x_range": [
        692,
        698
      ],
      "f4_consensus_y_px": 229,
      "f4_consensus_anchor_y_px": 230,
      "f4_consensus_seed_y_px": 232,
      "f4_consensus_support_cols": 6,
      "f4_consensus_support_ratio": 0.8081226097379987,
      "f4_consensus_jump_px": 1,
      "f4_consensus_tol_px": 6,
      "f4_consensus_reason": "accepted",
      "f4_consensus_applied": true,
      "scale_ranges": {
        "F1": [
          7.2,
          8.4
        ],
        "F2": [
          13.1,
          14.5
        ],
        "F3": [
          18.6,
          20.2
        ],
        "F4": [
          24.1,
          26.5
        ]
      }
    },
    "A": {
      "x_day0": 59,
      "x_day1": 392,
      "x_day2": 726,
      "day_w": 333.5,
      "x_day0_time": 59,
      "x_day1_time": 351,
      "x_day2_time": 643,
      "day_w_time": 292.0,
      "x_plot_end": 935,
      "x1_static": 936,
      "x1_dyn": 935,