{
  "saved_at_utc": "2026-05-06T07:07:24.787824+00:00",
  "source": "tomsk_sos70_param_charts",
  "freq_max_hz": 40.0,
  "values": {
    "scale_ranges": {
      "F": {
        "F1": [
          7.2,
          8.4
        ],
        "F2": [
          13.1,
          14.5
        ],
        "F3": [
          18.6,
          20.2
        ],
        "F4": [
          24.1,
          26.5
        ]
      },
      "A": {
        "A1": [
          1.0,
          45.0
        ],
        "A2": [
          1.0,
          61.5
        ],
        "A3": [
          2.2,
          12.2
        ],
        "A4": [
          1.1,
          10.2
        ]
      },
      "Q": {
        "Q1": [
          4.0,
          38.0
        ],
        "Q2": [
          5.0,
          17.5
        ],
        "Q3": [
          7.0,
          23.0
        ],
        "Q4": [
          5.0,
          30.0
        ]
      }
    },
    "scale_units": {
      "F_hz": "Hz",
      "A_value": "idx",
      "Q_value": "idx"
    },
    "F_norm": {
      "F1": 0.10801393728222997,
      "F2": 0.2613240418118467,
      "F3": 0.5121951219512195,
      "F4": 0.7526132404181185
    },
    "F_y_px": {
      "F1": 66,
      "F2": 110,
      "F3": 182,
      "F4": 251
    },
    "F_lane_norm": {
      "F1": 0.43859649122807015,
      "F2": 0.11538461538461539,
      "F3": 0.5217391304347826,
      "F4": 0.9565217391304348
    },
    "F_hz": {
      "F1": 7.873684210526316,
      "F2": 14.338461538461539,
      "F3": 19.36521739130435,
      "F4": 24.20434782608696
    },
    "A_norm": {
      "A1": 0.31010452961672474,
      "A2": 0.5087108013937283,
      "A3": 0.7073170731707317,
      "A4": 0.9128919860627178
    },
    "A_y_px": {
      "A1": 124,
      "A2": 181,
      "A3": 238,
      "A4": 297
    },
    "A_lane_norm": {
      "A1": 0.963855421686747,
      "A2": 0.9081632653061225,
      "A3": 0.845360824742268,
      "A4": 0.7362637362637363
    },
    "A_value": {
      "A1": 2.590361445783131,
      "A2": 6.556122448979593,
      "A3": 3.7463917525773187,
      "A4": 3.499999999999999
    },
    "Q_norm": {
      "Q1": 0.28222996515679444,
      "Q2": 0.2613240418118467,
      "Q3": 0.5714285714285714,
      "Q4": 0.9616724738675958
    },
    "Q_y_px": {
      "Q1": 116,
      "Q2": 110,
      "Q3": 199,
      "Q4": 311
    },
    "Q_lane_norm": {
      "Q1": 0.7528089887640449,
      "Q2": 0.061855670103092786,
      "Q3": 0.4174757281553398,
      "Q4": 0.8823529411764706
    },
    "Q_value": {
      "Q1": 12.404494382022474,
      "Q2": 16.72680412371134,
      "Q3": 16.320388349514563,
      "Q4": 7.9411764705882355
    }
  },
  "debug": {
    "F": {
      "x_day0": 59,
      "x_day1": 357,
      "x_day2": 655,
      "day_w": 298.0,
      "x_day0_time": 59,
      "x_day1_time": 351,
      "x_day2_time": 643,
      "day_w_time": 292.0,
      "x_plot_end": 935,
      "x1_static": 936,
      "x1_dyn": 935,
      "x1_dyn_used": true,
      "pph": 12.166666666666666,
      "pph_source": "day_width (tick-mismatch-fallback)",
      "pph_tick": 19.0,
      "tick_pph_rel_err": 0.5616438356164384,
      "tick_pph_valid": false,
      "tick_count": 50,
      "tick_quality": 0.6944444444444444,
      "tick_used": false,
      "x_frontier": 798,
      "frontier_method": "activity_scan",
      "frontier_activity_thr": 0.46847787499427795,
      "frontier_activity_right_tail": 0.11721964180469513,
      "frontier_activity_run_px": 8,
      "guard_px": 4,
      "left_guard": 645,
      "right_guard": 794,
      "x_time": 815,
      "x_ideal": 815,
      "x_now": 816,
      "x_now_method": "harmonized_pair_cluster",
      "hour_now_tsst": 14.123333333333333,
      "rollover_hour_min": 3.0,
      "rollover_hour_max": 8.5,
      "delta_min_to_guard": -103.56164383561644,
      "delta_min_to_frontier": -83.83561643835617,
      "frontier_day_fill": 0.5308219178082192,
      "rollover_candidate": false,
      "bias_minutes_applied": 0.0,
      "measured_bias_minutes": null,
      "age_hours": null,
      "status": "ok",
      "x_now_before_harmonize": 794,
      "x_pick": 815,
      "x_pick_edge": 816,
      "x_pick_safe_right": 923,
      "x_overlay": 816,
      "f1_path_x_range": [
        802,
        816
      ],
      "f1_path_target_col": 13,
      "f1_path_y_px": 56,
      "f4_path_x_range": [
        802,
        816
      ],
      "f4_path_target_col": 13,
      "f4_path_y_px": 251,
      "f1_path2_x_range": [
        806,
        816
      ],
      "f1_path2_target_col": 9,
      "f1_path2_y_px": 55,
      "f1_path2_y_direct_px": 85,
      "f1_path2_direct_used": false,
      "f1_path2_direct_allowed": false,
      "f1_path2_left_weight": 0.35,
      "f1_path2_right_weight": 1.0,
      "f2_path2_x_range": [
        806,
        816
      ],
      "f2_path2_target_col": 9,
      "f2_path2_y_px": 122,
      "f2_path2_y_direct_px": 139,
      "f2_path2_direct_used": false,
      "f2_path2_direct_allowed": false,
      "f2_path2_left_weight": 0.4,
      "f2_path2_right_weight": 1.0,
      "f4_path2_x_range": [
        806,
        816
      ],
      "f4_path2_target_col": 9,
      "f4_path2_y_px": 251,
      "f4_path2_y_direct_px": 246,
      "f4_path2_direct_used": false,
      "f4_path2_direct_allowed": false,
      "f4_path2_left_weight": 0.4,
      "f4_path2_right_weight": 1.0,
      "f1_local_snap_x": 816,
      "f1_local_snap_y_px": 66,
      "f1_local_snap_search_px": 8,
      "f1_local_snap_search_up_px": 4,
      "f1_local_snap_search_down_px": 12,
      "f1_local_snap_prefer_lower_weight": 0.02,
      "f3_local_snap_x": 816,
      "f3_local_snap_y_px": 187,
      "f3_local_snap_search_px": 6,
      "f3_local_snap_search_up_px": 6,
      "f3_local_snap_search_down_px": 6,
      "f3_local_snap_prefer_lower_weight": 0.0,
      "f4_local_snap_x": 816,
      "f4_local_snap_y_px": 251,
      "f4_local_snap_search_px": 8,
      "f4_local_snap_search_up_px": 6,
      "f4_local_snap_search_down_px": 14,
      "f4_local_snap_prefer_lower_weight": 0.05,
      "f2_local_snap_x": 816,
      "f2_local_snap_y_px": 110,
      "f2_local_snap_search_px": 8,
      "f2_local_snap_search_up_px": 14,
      "f2_local_snap_search_down_px": 2,
      "f2_local_snap_prefer_lower_weight": 0.0,
      "f2_consensus_applied": false,
      "f2_consensus_x_range": [
        810,
        816
      ],
      "f2_consensus_y_px": 138,
      "f2_consensus_anchor_y_px": 110,
      "f2_consensus_seed_y_px": 139,
      "f2_consensus_support_cols": 3,
      "f2_consensus_support_ratio": 0.5413891618444518,
      "f2_consensus_jump_px": 28,
      "f2_consensus_tol_px": 5,
      "f2_consensus_reason": "low_support",
      "f3_consensus_x_range": [
        810,
        816
      ],
      "f3_consensus_y_px": 182,
      "f3_consensus_anchor_y_px": 187,
      "f3_consensus_seed_y_px": 178,
      "f3_consensus_support_cols": 5,
      "f3_consensus_support_ratio": 0.6486846486846487,
      "f3_consensus_jump_px": 5,
      "f3_consensus_tol_px": 5,
      "f3_consensus_reason": "accepted",
      "f3_consensus_applied": true,
      "f4_consensus_applied": false,
      "f4_consensus_x_range": [
        810,
        816
      ],
      "f4_consensus_y_px": 232,
      "f4_consensus_anchor_y_px": 251,
      "f4_consensus_seed_y_px": 235,
      "f4_consensus_support_cols": 5,
      "f4_consensus_support_ratio": 0.6688918558077437,
      "f4_consensus_jump_px": 19,
      "f4_consensus_tol_px": 6,
      "f4_consensus_reason": "excessive_jump",
      "scale_ranges": {
        "F1": [
          7.2,
          8.4
        ],
        "F2": [
          13.1,
          14.5
        ],
        "F3": [
          18.6,
          20.2
        ],
        "F4": [
          24.1,
          26.5
        ]
      }
    },
    "A": {
      "x_day0": 59,
      "x_day1": 369,
      "x_day2": 679,
      "day_w": 310.0,
      "x_day0_time": 59,
      "x_day1_time": 351,
      "x_day2_time": 644,
      "day_w_time": 292.3333333333333,
      "x_plot_end": 936,