{
  "saved_at_utc": "2026-04-25T06:49:20.213852+00:00",
  "source": "tomsk_sos70_param_charts",
  "freq_max_hz": 40.0,
  "values": {
    "scale_ranges": {
      "F": {
        "F1": [
          7.2,
          8.4
        ],
        "F2": [
          13.1,
          14.5
        ],
        "F3": [
          18.6,
          20.2
        ],
        "F4": [
          24.1,
          26.5
        ]
      },
      "A": {
        "A1": [
          1.0,
          45.0
        ],
        "A2": [
          1.0,
          61.5
        ],
        "A3": [
          2.2,
          12.2
        ],
        "A4": [
          1.1,
          10.2
        ]
      },
      "Q": {
        "Q1": [
          4.0,
          38.0
        ],
        "Q2": [
          5.0,
          17.5
        ],
        "Q3": [
          7.0,
          23.0
        ],
        "Q4": [
          5.0,
          30.0
        ]
      }
    },
    "scale_units": {
      "F_hz": "Hz",
      "A_value": "idx",
      "Q_value": "idx"
    },
    "F_norm": {
      "F1": 0.11498257839721254,
      "F2": 0.40069686411149824,
      "F3": 0.519163763066202,
      "F4": 0.7526132404181185
    },
    "F_y_px": {
      "F1": 68,
      "F2": 150,
      "F3": 184,
      "F4": 251
    },
    "F_lane_norm": {
      "F1": 0.47368421052631576,
      "F2": 0.8846153846153846,
      "F3": 0.5652173913043478,
      "F4": 0.9565217391304348
    },
    "F_hz": {
      "F1": 7.831578947368421,
      "F2": 13.26153846153846,
      "F3": 19.295652173913044,
      "F4": 24.20434782608696
    },
    "A_norm": {
      "A1": 0.11498257839721254,
      "A2": 0.40418118466898956,
      "A3": 0.519163763066202,
      "A4": 0.9616724738675958
    },
    "A_y_px": {
      "A1": 68,
      "A2": 151,
      "A3": 184,
      "A4": 311
    },
    "A_lane_norm": {
      "A1": 0.2891566265060241,
      "A2": 0.6020408163265306,
      "A3": 0.28865979381443296,
      "A4": 0.8901098901098901
    },
    "A_value": {
      "A1": 32.27710843373494,
      "A2": 25.076530612244895,
      "A3": 9.313402061855669,
      "A4": 2.0999999999999996
    },
    "Q_norm": {
      "Q1": 0.1986062717770035,
      "Q2": 0.5365853658536586,
      "Q3": 0.710801393728223,
      "Q4": 0.7526132404181185
    },
    "Q_y_px": {
      "Q1": 92,
      "Q2": 189,
      "Q3": 239,
      "Q4": 251
    },
    "Q_lane_norm": {
      "Q1": 0.48314606741573035,
      "Q2": 0.8762886597938144,
      "Q3": 0.8058252427184466,
      "Q4": 0.17647058823529413
    },
    "Q_value": {
      "Q1": 21.573033707865168,
      "Q2": 6.546391752577319,
      "Q3": 10.106796116504855,
      "Q4": 25.588235294117645
    }
  },
  "debug": {
    "F": {
      "x_day0": 59,
      "x_day1": 374,
      "x_day2": 690,
      "day_w": 315.5,
      "x_day0_time": 59,
      "x_day1_time": 351,
      "x_day2_time": 643,
      "day_w_time": 292.0,
      "x_plot_end": 935,
      "x1_static": 936,
      "x1_dyn": 935,
      "x1_dyn_used": true,
      "pph": 12.166666666666666,
      "pph_source": "day_width (tick-mismatch-fallback)",
      "pph_tick": 19.0,
      "tick_pph_rel_err": 0.5616438356164384,
      "tick_pph_valid": false,
      "tick_count": 50,
      "tick_quality": 0.6944444444444444,
      "tick_used": false,
      "x_frontier": 800,
      "frontier_method": "activity_scan",
      "frontier_activity_thr": 0.45659221410751344,
      "frontier_activity_right_tail": 0.15261733531951904,
      "frontier_activity_run_px": 8,
      "guard_px": 4,
      "left_guard": 645,
      "right_guard": 796,
      "x_time": 811,
      "x_ideal": 811,
      "x_now": 812,
      "x_now_method": "harmonized_pair_cluster",
      "hour_now_tsst": 13.822222222222223,
      "rollover_hour_min": 3.0,
      "rollover_hour_max": 8.5,
      "delta_min_to_guard": -73.97260273972603,
      "delta_min_to_frontier": -54.24657534246576,
      "frontier_day_fill": 0.5376712328767124,
      "rollover_candidate": false,
      "bias_minutes_applied": 0.0,
      "measured_bias_minutes": null,
      "age_hours": null,
      "status": "ok",
      "x_now_before_harmonize": 796,
      "x_pick": 811,
      "x_pick_edge": 812,
      "x_pick_safe_right": 923,
      "x_overlay": 812,
      "f1_path_x_range": [
        798,
        812
      ],
      "f1_path_target_col": 13,
      "f1_path_y_px": 69,
      "f4_path_x_range": [
        798,
        812
      ],
      "f4_path_target_col": 13,
      "f4_path_y_px": 251,
      "f1_path2_x_range": [
        802,
        812
      ],
      "f1_path2_target_col": 9,
      "f1_path2_y_px": 68,
      "f1_path2_y_direct_px": 84,
      "f1_path2_direct_used": false,
      "f1_path2_direct_allowed": false,
      "f1_path2_left_weight": 0.35,
      "f1_path2_right_weight": 1.0,
      "f2_path2_x_range": [
        802,
        812
      ],
      "f2_path2_target_col": 9,
      "f2_path2_y_px": 151,
      "f2_path2_y_direct_px": 132,
      "f2_path2_direct_used": false,
      "f2_path2_direct_allowed": false,
      "f2_path2_left_weight": 0.4,
      "f2_path2_right_weight": 1.0,
      "f4_path2_x_range": [
        802,
        812
      ],
      "f4_path2_target_col": 9,
      "f4_path2_y_px": 251,
      "f4_path2_y_direct_px": 231,
      "f4_path2_direct_used": false,
      "f4_path2_direct_allowed": false,
      "f4_path2_left_weight": 0.4,
      "f4_path2_right_weight": 1.0,
      "f1_local_snap_x": 812,
      "f1_local_snap_y_px": 68,
      "f1_local_snap_search_px": 8,
      "f1_local_snap_search_up_px": 4,
      "f1_local_snap_search_down_px": 12,
      "f1_local_snap_prefer_lower_weight": 0.02,
      "f3_local_snap_x": 812,
      "f3_local_snap_y_px": 184,
      "f3_local_snap_search_px": 6,
      "f3_local_snap_search_up_px": 6,
      "f3_local_snap_search_down_px": 6,
      "f3_local_snap_prefer_lower_weight": 0.0,
      "f4_local_snap_x": 812,
      "f4_local_snap_y_px": 251,
      "f4_local_snap_search_px": 8,
      "f4_local_snap_search_up_px": 6,
      "f4_local_snap_search_down_px": 14,
      "f4_local_snap_prefer_lower_weight": 0.05,
      "f2_local_snap_x": 812,
      "f2_local_snap_y_px": 150,
      "f2_local_snap_search_px": 8,
      "f2_local_snap_search_up_px": 14,
      "f2_local_snap_search_down_px": 2,
      "f2_local_snap_prefer_lower_weight": 0.0,
      "f2_consensus_applied": false,
      "f2_consensus_x_range": [
        806,
        812
      ],
      "f2_consensus_y_px": 133,
      "f2_consensus_anchor_y_px": 150,
      "f2_consensus_seed_y_px": 130,
      "f2_consensus_support_cols": 4,
      "f2_consensus_support_ratio": 0.6780494889530346,
      "f2_consensus_jump_px": 17,
      "f2_consensus_tol_px": 5,
      "f2_consensus_reason": "excessive_jump",
      "f3_consensus_applied": false,
      "f3_consensus_x_range": [
        806,
        812
      ],
      "f3_consensus_y_px": 183,
      "f3_consensus_anchor_y_px": 184,
      "f3_consensus_seed_y_px": 183,
      "f3_consensus_support_cols": 3,
      "f3_consensus_support_ratio": 0.3947127738338923,
      "f3_consensus_jump_px": 1,
      "f3_consensus_tol_px": 5,
      "f3_consensus_reason": "low_support",
      "f4_consensus_applied": false,
      "f4_consensus_x_range": [
        806,
        812
      ],
      "f4_consensus_y_px": 231,
      "f4_consensus_anchor_y_px": 251,
      "f4_consensus_seed_y_px": 232,
      "f4_consensus_support_cols": 4,
      "f4_consensus_support_ratio": 0.6570567782399029,
      "f4_consensus_jump_px": 20,
      "f4_consensus_tol_px": 6,
      "f4_consensus_reason": "excessive_jump",
      "scale_ranges": {
        "F1": [
          7.2,
          8.4
        ],
        "F2": [
          13.1,
          14.5
        ],
        "F3": [
          18.6,
          20.2
        ],
        "F4": [
          24.1,
          26.5
        ]
      }
    },
    "A": {
      "x_day0": 59,
      "x_day1": 372,
      "x_day2": 684,
      "day_w": 312.5,
      "x_day0_time": 59,
      "x_day1_time": 351,
      "x_day2_time": 644,
      "day_w_time": 292.3333333333333,
      "x_plot_end": 936,