{
  "saved_at_utc": "2026-03-17T20:52:15.923361+00:00",
  "source": "tomsk_sos70_param_charts",
  "freq_max_hz": 40.0,
  "values": {
    "scale_ranges": {
      "F": {
        "F1": [
          7.2,
          8.4
        ],
        "F2": [
          13.1,
          14.5
        ],
        "F3": [
          18.6,
          20.2
        ],
        "F4": [
          24.1,
          26.5
        ]
      },
      "A": {
        "A1": [
          1.0,
          45.0
        ],
        "A2": [
          1.0,
          61.5
        ],
        "A3": [
          2.2,
          12.2
        ],
        "A4": [
          1.1,
          10.2
        ]
      },
      "Q": {
        "Q1": [
          4.0,
          38.0
        ],
        "Q2": [
          5.0,
          17.5
        ],
        "Q3": [
          7.0,
          23.0
        ],
        "Q4": [
          5.0,
          30.0
        ]
      }
    },
    "scale_units": {
      "F_hz": "Hz",
      "A_value": "idx",
      "Q_value": "idx"
    },
    "F_norm": {
      "F1": 0.059233449477351915,
      "F2": 0.2961672473867596,
      "F3": 0.42857142857142855,
      "F4": 0.710801393728223
    },
    "F_y_px": {
      "F1": 52,
      "F2": 120,
      "F3": 158,
      "F4": 239
    },
    "F_lane_norm": {
      "F1": 0.19298245614035087,
      "F2": 0.3076923076923077,
      "F3": 0.0,
      "F4": 0.6956521739130435
    },
    "F_hz": {
      "F1": 8.16842105263158,
      "F2": 14.069230769230769,
      "F3": 20.2,
      "F4": 24.830434782608698
    },
    "A_norm": {
      "A1": 0.31010452961672474,
      "A2": 0.5121951219512195,
      "A3": 0.7317073170731707,
      "A4": 0.926829268292683
    },
    "A_y_px": {
      "A1": 124,
      "A2": 182,
      "A3": 245,
      "A4": 301
    },
    "A_lane_norm": {
      "A1": 0.963855421686747,
      "A2": 0.9183673469387755,
      "A3": 0.9175257731958762,
      "A4": 0.7802197802197802
    },
    "A_value": {
      "A1": 2.590361445783131,
      "A2": 5.938775510204081,
      "A3": 3.024742268041237,
      "A4": 3.0999999999999996
    },
    "Q_norm": {
      "Q1": 0.3170731707317073,
      "Q2": 0.49477351916376305,
      "Q3": 0.6445993031358885,
      "Q4": 0.9233449477351916
    },
    "Q_y_px": {
      "Q1": 126,
      "Q2": 177,
      "Q3": 220,
      "Q4": 300
    },
    "Q_lane_norm": {
      "Q1": 0.8651685393258427,
      "Q2": 0.7525773195876289,
      "Q3": 0.6213592233009708,
      "Q4": 0.7529411764705882
    },
    "Q_value": {
      "Q1": 8.584269662921347,
      "Q2": 8.092783505154639,
      "Q3": 13.058252427184467,
      "Q4": 11.176470588235293
    }
  },
  "debug": {
    "F": {
      "x_day0": 59,
      "x_day1": 392,
      "x_day2": 726,
      "day_w": 333.5,
      "x_day0_time": 59,
      "x_day1_time": 351,
      "x_day2_time": 643,
      "day_w_time": 292.0,
      "x_plot_end": 935,
      "x1_static": 936,
      "x1_dyn": 935,
      "x1_dyn_used": true,
      "pph": 12.166666666666666,
      "pph_source": "day_width (tick-mismatch-fallback)",
      "pph_tick": 19.0,
      "tick_pph_rel_err": 0.5616438356164384,
      "tick_pph_valid": false,
      "tick_count": 50,
      "tick_quality": 0.6944444444444444,
      "tick_used": false,
      "x_frontier": 680,
      "frontier_method": "activity_scan",
      "frontier_activity_thr": 0.4802660584449768,
      "frontier_activity_right_tail": 0.1998339295387268,
      "frontier_activity_run_px": 8,
      "guard_px": 4,
      "left_guard": 645,
      "right_guard": 676,
      "x_time": 690,
      "x_ideal": 690,
      "x_now": 676,
      "x_now_method": "harmonized_prefer_non_rollover",
      "hour_now_tsst": 3.8708333333333336,
      "rollover_hour_min": 3.0,
      "rollover_hour_max": 8.5,
      "delta_min_to_guard": -69.04109589041097,
      "delta_min_to_frontier": -49.31506849315069,
      "frontier_day_fill": 0.1267123287671233,
      "rollover_candidate": false,
      "bias_minutes_applied": 0.0,
      "measured_bias_minutes": null,
      "age_hours": null,
      "status": "ok",
      "x_now_before_harmonize": 676,
      "x_pick": 675,
      "x_pick_edge": 676,
      "x_pick_safe_right": 923,
      "x_overlay": 676,
      "f1_path_x_range": [
        662,
        676
      ],
      "f1_path_target_col": 13,
      "f1_path_y_px": 54,
      "f4_path_x_range": [
        662,
        676
      ],
      "f4_path_target_col": 13,
      "f4_path_y_px": 237,
      "f1_path2_x_range": [
        666,
        676
      ],
      "f1_path2_target_col": 9,
      "f1_path2_y_px": 54,
      "f1_path2_y_direct_px": 53,
      "f1_path2_direct_used": false,
      "f1_path2_direct_allowed": false,
      "f1_path2_left_weight": 0.35,
      "f1_path2_right_weight": 1.0,
      "f2_path2_x_range": [
        666,
        676
      ],
      "f2_path2_target_col": 9,
      "f2_path2_y_px": 134,
      "f2_path2_y_direct_px": 121,
      "f2_path2_direct_used": false,
      "f2_path2_direct_allowed": false,
      "f2_path2_left_weight": 0.4,
      "f2_path2_right_weight": 1.0,
      "f4_path2_x_range": [
        666,
        676
      ],
      "f4_path2_target_col": 9,
      "f4_path2_y_px": 239,
      "f4_path2_y_direct_px": 236,
      "f4_path2_direct_used": false,
      "f4_path2_direct_allowed": false,
      "f4_path2_left_weight": 0.4,
      "f4_path2_right_weight": 1.0,
      "f1_local_snap_x": 676,
      "f1_local_snap_y_px": 52,
      "f1_local_snap_search_px": 8,
      "f1_local_snap_search_up_px": 4,
      "f1_local_snap_search_down_px": 12,
      "f1_local_snap_prefer_lower_weight": 0.02,
      "f3_local_snap_x": 676,
      "f3_local_snap_y_px": 158,
      "f3_local_snap_search_px": 6,
      "f3_local_snap_search_up_px": 6,
      "f3_local_snap_search_down_px": 6,
      "f3_local_snap_prefer_lower_weight": 0.0,
      "f4_local_snap_x": 676,
      "f4_local_snap_y_px": 233,
      "f4_local_snap_search_px": 8,
      "f4_local_snap_search_up_px": 6,
      "f4_local_snap_search_down_px": 14,
      "f4_local_snap_prefer_lower_weight": 0.05,
      "f2_local_snap_x": 676,
      "f2_local_snap_y_px": 120,
      "f2_local_snap_search_px": 8,
      "f2_local_snap_search_up_px": 14,
      "f2_local_snap_search_down_px": 2,
      "f2_local_snap_prefer_lower_weight": 0.0,
      "f2_consensus_applied": false,
      "f2_consensus_x_range": [
        670,
        676
      ],
      "f2_consensus_y_px": 121,
      "f2_consensus_anchor_y_px": 120,
      "f2_consensus_seed_y_px": 122,
      "f2_consensus_support_cols": 3,
      "f2_consensus_support_ratio": 0.5268548228668718,
      "f2_consensus_jump_px": 1,
      "f2_consensus_tol_px": 5,
      "f2_consensus_reason": "low_support",
      "f3_consensus_x_range": [
        670,
        676
      ],
      "f3_consensus_y_px": 158,
      "f3_consensus_anchor_y_px": 158,
      "f3_consensus_seed_y_px": 160,
      "f3_consensus_support_cols": 7,
      "f3_consensus_support_ratio": 1.0,
      "f3_consensus_jump_px": 0,
      "f3_consensus_tol_px": 5,
      "f3_consensus_reason": "accepted",
      "f3_consensus_applied": true,
      "f4_consensus_x_range": [
        670,
        676
      ],
      "f4_consensus_y_px": 239,
      "f4_consensus_anchor_y_px": 233,
      "f4_consensus_seed_y_px": 238,
      "f4_consensus_support_cols": 6,
      "f4_consensus_support_ratio": 0.8107002754361071,
      "f4_consensus_jump_px": 6,
      "f4_consensus_tol_px": 6,
      "f4_consensus_reason": "accepted",
      "f4_consensus_applied": true,
      "scale_ranges": {
        "F1": [
          7.2,
          8.4
        ],
        "F2": [
          13.1,
          14.5
        ],
        "F3": [
          18.6,
          20.2
        ],
        "F4": [
          24.1,
          26.5
        ]
      }
    },
    "A": {
      "x_day0": 59,
      "x_day1": 392,
      "x_day2": 726,
      "day_w": 333.5,
      "x_day0_time": 59,
      "x_day1_time": 351,
      "x_day2_time": 643,
      "day_w_time": 292.0,
      "x_plot_end": 935,
      "x1_static": 936,
      "x1_dyn": 935,