{
  "saved_at_utc": "2026-04-11T17:45:57.049964+00:00",
  "source": "tomsk_sos70_param_charts",
  "freq_max_hz": 40.0,
  "values": {
    "scale_ranges": {
      "F": {
        "F1": [
          7.2,
          8.4
        ],
        "F2": [
          13.1,
          14.5
        ],
        "F3": [
          18.6,
          20.2
        ],
        "F4": [
          24.1,
          26.5
        ]
      },
      "A": {
        "A1": [
          1.0,
          45.0
        ],
        "A2": [
          1.0,
          61.5
        ],
        "A3": [
          2.2,
          12.2
        ],
        "A4": [
          1.1,
          10.2
        ]
      },
      "Q": {
        "Q1": [
          4.0,
          38.0
        ],
        "Q2": [
          5.0,
          17.5
        ],
        "Q3": [
          7.0,
          23.0
        ],
        "Q4": [
          5.0,
          30.0
        ]
      }
    },
    "scale_units": {
      "F_hz": "Hz",
      "A_value": "idx",
      "Q_value": "idx"
    },
    "F_norm": {
      "F1": 0.0975609756097561,
      "F2": 0.289198606271777,
      "F3": 0.5156794425087108,
      "F4": 0.7665505226480837
    },
    "F_y_px": {
      "F1": 63,
      "F2": 118,
      "F3": 183,
      "F4": 255
    },
    "F_lane_norm": {
      "F1": 0.38596491228070173,
      "F2": 0.2692307692307692,
      "F3": 0.5434782608695652,
      "F4": 1.0
    },
    "F_hz": {
      "F1": 7.936842105263159,
      "F2": 14.123076923076923,
      "F3": 19.330434782608695,
      "F4": 24.1
    },
    "A_norm": {
      "A1": 0.313588850174216,
      "A2": 0.5261324041811847,
      "A3": 0.7421602787456446,
      "A4": 0.9512195121951219
    },
    "A_y_px": {
      "A1": 125,
      "A2": 186,
      "A3": 248,
      "A4": 308
    },
    "A_lane_norm": {
      "A1": 0.9759036144578314,
      "A2": 0.9591836734693877,
      "A3": 0.9484536082474226,
      "A4": 0.8571428571428571
    },
    "A_value": {
      "A1": 2.0602409638554207,
      "A2": 3.4693877551020407,
      "A3": 2.7154639175257724,
      "A4": 2.4000000000000004
    },
    "Q_norm": {
      "Q1": 0.31010452961672474,
      "Q2": 0.5261324041811847,
      "Q3": 0.5574912891986062,
      "Q4": 0.8257839721254355
    },
    "Q_y_px": {
      "Q1": 124,
      "Q2": 186,
      "Q3": 195,
      "Q4": 272
    },
    "Q_lane_norm": {
      "Q1": 0.8426966292134831,
      "Q2": 0.845360824742268,
      "Q3": 0.3786407766990291,
      "Q4": 0.4235294117647059
    },
    "Q_value": {
      "Q1": 9.348314606741575,
      "Q2": 6.93298969072165,
      "Q3": 16.941747572815533,
      "Q4": 19.411764705882355
    }
  },
  "debug": {
    "F": {
      "x_day0": 59,
      "x_day1": 372,
      "x_day2": 684,
      "day_w": 312.5,
      "x_day0_time": 59,
      "x_day1_time": 351,
      "x_day2_time": 643,
      "day_w_time": 292.0,
      "x_plot_end": 935,
      "x1_static": 936,
      "x1_dyn": 935,
      "x1_dyn_used": true,
      "pph": 12.166666666666666,
      "pph_source": "day_width (tick-mismatch-fallback)",
      "pph_tick": 19.0,
      "tick_pph_rel_err": 0.5616438356164384,
      "tick_pph_valid": false,
      "tick_count": 50,
      "tick_quality": 0.6944444444444444,
      "tick_used": false,
      "x_frontier": 654,
      "frontier_method": "activity_scan",
      "frontier_activity_thr": 0.503431287407875,
      "frontier_activity_right_tail": 0.18863438069820404,
      "frontier_activity_run_px": 8,
      "guard_px": 4,
      "left_guard": 645,
      "right_guard": 650,
      "x_time": 652,
      "x_ideal": 652,
      "x_now": 650,
      "x_now_method": "guard_invalid",
      "hour_now_tsst": 0.7655555555555555,
      "rollover_hour_min": 3.0,
      "rollover_hour_max": 8.5,
      "delta_min_to_guard": -9.863013698630137,
      "delta_min_to_frontier": 9.863013698630137,
      "frontier_day_fill": 0.03767123287671233,
      "rollover_candidate": false,
      "bias_minutes_applied": 0.0,
      "measured_bias_minutes": null,
      "age_hours": null,
      "status": "no_recent_data",
      "x_pick": 649,
      "x_pick_edge": 650,
      "x_pick_safe_right": 923,
      "x_overlay": 650,
      "f1_path_x_range": [
        636,
        650
      ],
      "f1_path_target_col": 13,
      "f1_path_y_px": 62,
      "f4_path_x_range": [
        636,
        650
      ],
      "f4_path_target_col": 13,
      "f4_path_y_px": 252,
      "f1_path2_x_range": [
        640,
        650
      ],
      "f1_path2_target_col": 9,
      "f1_path2_y_px": 62,
      "f1_path2_y_direct_px": 61,
      "f1_path2_direct_used": false,
      "f1_path2_direct_allowed": false,
      "f1_path2_left_weight": 0.35,
      "f1_path2_right_weight": 1.0,
      "f2_path2_x_range": [
        640,
        650
      ],
      "f2_path2_target_col": 9,
      "f2_path2_y_px": 118,
      "f2_path2_y_direct_px": 122,
      "f2_path2_direct_used": false,
      "f2_path2_direct_allowed": false,
      "f2_path2_left_weight": 0.4,
      "f2_path2_right_weight": 1.0,
      "f4_path2_x_range": [
        640,
        650
      ],
      "f4_path2_target_col": 9,
      "f4_path2_y_px": 252,
      "f4_path2_y_direct_px": 255,
      "f4_path2_direct_used": false,
      "f4_path2_direct_allowed": false,
      "f4_path2_left_weight": 0.4,
      "f4_path2_right_weight": 1.0,
      "f1_local_snap_x": 650,
      "f1_local_snap_y_px": 63,
      "f1_local_snap_search_px": 8,
      "f1_local_snap_search_up_px": 4,
      "f1_local_snap_search_down_px": 12,
      "f1_local_snap_prefer_lower_weight": 0.02,
      "f3_local_snap_x": 650,
      "f3_local_snap_y_px": 194,
      "f3_local_snap_search_px": 6,
      "f3_local_snap_search_up_px": 6,
      "f3_local_snap_search_down_px": 6,
      "f3_local_snap_prefer_lower_weight": 0.0,
      "f4_local_snap_x": 650,
      "f4_local_snap_y_px": 255,
      "f4_local_snap_search_px": 8,
      "f4_local_snap_search_up_px": 6,
      "f4_local_snap_search_down_px": 14,
      "f4_local_snap_prefer_lower_weight": 0.05,
      "f2_local_snap_x": 650,
      "f2_local_snap_y_px": 120,
      "f2_local_snap_search_px": 8,
      "f2_local_snap_search_up_px": 14,
      "f2_local_snap_search_down_px": 2,
      "f2_local_snap_prefer_lower_weight": 0.0,
      "f2_consensus_x_range": [
        644,
        650
      ],
      "f2_consensus_y_px": 118,
      "f2_consensus_anchor_y_px": 120,
      "f2_consensus_seed_y_px": 118,
      "f2_consensus_support_cols": 7,
      "f2_consensus_support_ratio": 1.0,
      "f2_consensus_jump_px": 2,
      "f2_consensus_tol_px": 5,
      "f2_consensus_reason": "accepted",
      "f2_consensus_applied": true,
      "f3_consensus_x_range": [
        644,
        650
      ],
      "f3_consensus_y_px": 183,
      "f3_consensus_anchor_y_px": 194,
      "f3_consensus_seed_y_px": 183,
      "f3_consensus_support_cols": 5,
      "f3_consensus_support_ratio": 0.6426764307140493,
      "f3_consensus_jump_px": 11,
      "f3_consensus_tol_px": 5,
      "f3_consensus_reason": "accepted",
      "f3_consensus_applied": true,
      "f4_consensus_x_range": [
        644,
        650
      ],
      "f4_consensus_y_px": 255,
      "f4_consensus_anchor_y_px": 255,
      "f4_consensus_seed_y_px": 255,
      "f4_consensus_support_cols": 7,
      "f4_consensus_support_ratio": 1.0,
      "f4_consensus_jump_px": 0,
      "f4_consensus_tol_px": 6,
      "f4_consensus_reason": "accepted",
      "f4_consensus_applied": true,
      "scale_ranges": {
        "F1": [
          7.2,
          8.4
        ],
        "F2": [
          13.1,
          14.5
        ],
        "F3": [
          18.6,
          20.2
        ],
        "F4": [
          24.1,
          26.5
        ]
      }
    },
    "A": {
      "x_day0": 59,
      "x_day1": 372,
      "x_day2": 684,
      "day_w": 312.5,
      "x_day0_time": 59,
      "x_day1_time": 351,
      "x_day2_time": 643,
      "day_w_time": 292.0,
      "x_plot_end": 935,
      "x1_static": 936,
      "x1_dyn": 935,
      "x1_dyn_used": true,
      "pph": 12.166666666666666,