{
  "saved_at_utc": "2026-05-10T12:37:33.248767+00:00",
  "source": "tomsk_sos70_param_charts",
  "freq_max_hz": 40.0,
  "values": {
    "scale_ranges": {
      "F": {
        "F1": [
          7.2,
          8.4
        ],
        "F2": [
          13.1,
          14.5
        ],
        "F3": [
          18.6,
          20.2
        ],
        "F4": [
          24.1,
          26.5
        ]
      },
      "A": {
        "A1": [
          1.0,
          45.0
        ],
        "A2": [
          1.0,
          61.5
        ],
        "A3": [
          2.2,
          12.2
        ],
        "A4": [
          1.1,
          10.2
        ]
      },
      "Q": {
        "Q1": [
          4.0,
          38.0
        ],
        "Q2": [
          5.0,
          17.5
        ],
        "Q3": [
          7.0,
          23.0
        ],
        "Q4": [
          5.0,
          30.0
        ]
      }
    },
    "scale_units": {
      "F_hz": "Hz",
      "A_value": "idx",
      "Q_value": "idx"
    },
    "F_norm": {
      "F1": 0.21602787456445993,
      "F2": 0.33797909407665505,
      "F3": 0.49825783972125437,
      "F4": 0.7142857142857143
    },
    "F_y_px": {
      "F1": 97,
      "F2": 132,
      "F3": 178,
      "F4": 240
    },
    "F_lane_norm": {
      "F1": 0.9824561403508771,
      "F2": 0.5384615384615384,
      "F3": 0.43478260869565216,
      "F4": 0.717391304347826
    },
    "F_hz": {
      "F1": 7.221052631578948,
      "F2": 13.746153846153845,
      "F3": 19.504347826086956,
      "F4": 24.77826086956522
    },
    "A_norm": {
      "A1": 0.30313588850174217,
      "A2": 0.5121951219512195,
      "A3": 0.7317073170731707,
      "A4": 0.9616724738675958
    },
    "A_y_px": {
      "A1": 122,
      "A2": 182,
      "A3": 245,
      "A4": 311
    },
    "A_lane_norm": {
      "A1": 0.9397590361445783,
      "A2": 0.9183673469387755,
      "A3": 0.9175257731958762,
      "A4": 0.8901098901098901
    },
    "A_value": {
      "A1": 3.6506024096385516,
      "A2": 5.938775510204081,
      "A3": 3.024742268041237,
      "A4": 2.0999999999999996
    },
    "Q_norm": {
      "Q1": 0.28222996515679444,
      "Q2": 0.5121951219512195,
      "Q3": 0.7003484320557491,
      "Q4": 0.9512195121951219
    },
    "Q_y_px": {
      "Q1": 116,
      "Q2": 182,
      "Q3": 236,
      "Q4": 308
    },
    "Q_lane_norm": {
      "Q1": 0.7528089887640449,
      "Q2": 0.8041237113402062,
      "Q3": 0.7766990291262136,
      "Q4": 0.8470588235294118
    },
    "Q_value": {
      "Q1": 12.404494382022474,
      "Q2": 7.448453608247423,
      "Q3": 10.572815533980583,
      "Q4": 8.823529411764707
    }
  },
  "debug": {
    "F": {
      "x_day0": 59,
      "x_day1": 372,
      "x_day2": 685,
      "day_w": 313.0,
      "x_day0_time": 59,
      "x_day1_time": 351,
      "x_day2_time": 643,
      "day_w_time": 292.0,
      "x_plot_end": 935,
      "x1_static": 936,
      "x1_dyn": 935,
      "x1_dyn_used": true,
      "pph": 12.166666666666666,
      "pph_source": "day_width (tick-mismatch-fallback)",
      "pph_tick": 19.0,
      "tick_pph_rel_err": 0.5616438356164384,
      "tick_pph_valid": false,
      "tick_count": 50,
      "tick_quality": 0.6944444444444444,
      "tick_used": false,
      "x_frontier": 871,
      "frontier_method": "activity_scan",
      "frontier_activity_thr": 0.459812718629837,
      "frontier_activity_right_tail": 0.08178969472646713,
      "frontier_activity_run_px": 8,
      "guard_px": 4,
      "left_guard": 645,
      "right_guard": 867,
      "x_time": 882,
      "x_ideal": 882,
      "x_now": 865,
      "x_now_method": "harmonized_pair_cluster",
      "hour_now_tsst": 19.625833333333333,
      "rollover_hour_min": 3.0,
      "rollover_hour_max": 8.5,
      "delta_min_to_guard": -73.97260273972603,
      "delta_min_to_frontier": -54.24657534246576,
      "frontier_day_fill": 0.7808219178082192,
      "rollover_candidate": false,
      "bias_minutes_applied": 0.0,
      "measured_bias_minutes": null,
      "age_hours": null,
      "status": "ok",
      "x_now_before_harmonize": 867,
      "x_pick": 864,
      "x_pick_edge": 865,
      "x_pick_safe_right": 923,
      "x_overlay": 865,
      "f1_path_x_range": [
        851,
        865
      ],
      "f1_path_target_col": 13,
      "f1_path_y_px": 96,
      "f4_path_x_range": [
        851,
        865
      ],
      "f4_path_target_col": 13,
      "f4_path_y_px": 242,
      "f1_path2_x_range": [
        855,
        865
      ],
      "f1_path2_target_col": 9,
      "f1_path2_y_px": 91,
      "f1_path2_y_direct_px": 95,
      "f1_path2_direct_used": false,
      "f1_path2_direct_allowed": false,
      "f1_path2_left_weight": 0.35,
      "f1_path2_right_weight": 1.0,
      "f2_path2_x_range": [
        855,
        865
      ],
      "f2_path2_target_col": 9,
      "f2_path2_y_px": 131,
      "f2_path2_y_direct_px": 131,
      "f2_path2_direct_used": false,
      "f2_path2_direct_allowed": false,
      "f2_path2_left_weight": 0.4,
      "f2_path2_right_weight": 1.0,
      "f4_path2_x_range": [
        855,
        865
      ],
      "f4_path2_target_col": 9,
      "f4_path2_y_px": 242,
      "f4_path2_y_direct_px": 240,
      "f4_path2_direct_used": false,
      "f4_path2_direct_allowed": false,
      "f4_path2_left_weight": 0.4,
      "f4_path2_right_weight": 1.0,
      "f1_local_snap_x": 865,
      "f1_local_snap_y_px": 97,
      "f1_local_snap_search_px": 8,
      "f1_local_snap_search_up_px": 4,
      "f1_local_snap_search_down_px": 12,
      "f1_local_snap_prefer_lower_weight": 0.02,
      "f3_local_snap_x": 865,
      "f3_local_snap_y_px": 183,
      "f3_local_snap_search_px": 6,
      "f3_local_snap_search_up_px": 6,
      "f3_local_snap_search_down_px": 6,
      "f3_local_snap_prefer_lower_weight": 0.0,
      "f4_local_snap_x": 865,
      "f4_local_snap_y_px": 251,
      "f4_local_snap_search_px": 8,
      "f4_local_snap_search_up_px": 6,
      "f4_local_snap_search_down_px": 14,
      "f4_local_snap_prefer_lower_weight": 0.05,
      "f2_local_snap_x": 865,
      "f2_local_snap_y_px": 133,
      "f2_local_snap_search_px": 8,
      "f2_local_snap_search_up_px": 14,
      "f2_local_snap_search_down_px": 2,
      "f2_local_snap_prefer_lower_weight": 0.0,
      "f2_consensus_x_range": [
        859,
        865
      ],
      "f2_consensus_y_px": 132,
      "f2_consensus_anchor_y_px": 133,
      "f2_consensus_seed_y_px": 130,
      "f2_consensus_support_cols": 7,
      "f2_consensus_support_ratio": 1.0,
      "f2_consensus_jump_px": 1,
      "f2_consensus_tol_px": 5,
      "f2_consensus_reason": "accepted",
      "f2_consensus_applied": true,
      "f3_consensus_x_range": [
        859,
        865
      ],
      "f3_consensus_y_px": 178,
      "f3_consensus_anchor_y_px": 183,
      "f3_consensus_seed_y_px": 178,
      "f3_consensus_support_cols": 5,
      "f3_consensus_support_ratio": 0.7982178696396861,
      "f3_consensus_jump_px": 5,
      "f3_consensus_tol_px": 5,
      "f3_consensus_reason": "accepted",
      "f3_consensus_applied": true,
      "f4_consensus_x_range": [
        859,
        865
      ],
      "f4_consensus_y_px": 240,
      "f4_consensus_anchor_y_px": 251,
      "f4_consensus_seed_y_px": 240,
      "f4_consensus_support_cols": 5,
      "f4_consensus_support_ratio": 0.6699211835510257,
      "f4_consensus_jump_px": 11,
      "f4_consensus_tol_px": 6,
      "f4_consensus_reason": "accepted",
      "f4_consensus_applied": true,
      "scale_ranges": {
        "F1": [
          7.2,
          8.4
        ],
        "F2": [
          13.1,
          14.5
        ],
        "F3": [
          18.6,
          20.2
        ],
        "F4": [
          24.1,
          26.5
        ]
      }
    },
    "A": {
      "x_day0": 59,
      "x_day1": 392,
      "x_day2": 726,
      "day_w": 333.5,
      "x_day0_time": 59,
      "x_day1_time": 351,
      "x_day2_time": 644,
      "day_w_time": 292.3333333333333,
      "x_plot_end": 936,
      "x1_static": 936,