{
  "saved_at_utc": "2026-06-30T17:43:38.856684+00:00",
  "source": "tomsk_sos70_param_charts",
  "freq_max_hz": 40.0,
  "values": {
    "scale_ranges": {
      "F": {
        "F1": [
          7.2,
          8.4
        ],
        "F2": [
          13.1,
          14.5
        ],
        "F3": [
          18.6,
          20.2
        ],
        "F4": [
          24.1,
          26.5
        ]
      },
      "A": {
        "A1": [
          1.0,
          45.0
        ],
        "A2": [
          1.0,
          61.5
        ],
        "A3": [
          2.2,
          12.2
        ],
        "A4": [
          1.1,
          10.2
        ]
      },
      "Q": {
        "Q1": [
          4.0,
          38.0
        ],
        "Q2": [
          5.0,
          17.5
        ],
        "Q3": [
          7.0,
          23.0
        ],
        "Q4": [
          5.0,
          30.0
        ]
      }
    },
    "scale_units": {
      "F_hz": "Hz",
      "A_value": "idx",
      "Q_value": "idx"
    },
    "F_norm": {
      "F1": 0.08710801393728224,
      "F2": 0.289198606271777,
      "F3": 0.5226480836236934,
      "F4": 0.6794425087108014
    },
    "F_y_px": {
      "F1": 60,
      "F2": 118,
      "F3": 185,
      "F4": 230
    },
    "F_lane_norm": {
      "F1": 0.3333333333333333,
      "F2": 0.2692307692307692,
      "F3": 0.5869565217391305,
      "F4": 0.5
    },
    "F_hz": {
      "F1": 8.0,
      "F2": 14.123076923076923,
      "F3": 19.26086956521739,
      "F4": 25.3
    },
    "A_norm": {
      "A1": 0.1916376306620209,
      "A2": 0.5331010452961672,
      "A3": 0.7421602787456446,
      "A4": 0.9512195121951219
    },
    "A_y_px": {
      "A1": 90,
      "A2": 188,
      "A3": 248,
      "A4": 308
    },
    "A_lane_norm": {
      "A1": 0.5542168674698795,
      "A2": 0.9795918367346939,
      "A3": 0.9484536082474226,
      "A4": 0.8571428571428571
    },
    "A_value": {
      "A1": 20.6144578313253,
      "A2": 2.234693877551024,
      "A3": 2.7154639175257724,
      "A4": 2.4000000000000004
    },
    "Q_norm": {
      "Q1": 0.18466898954703834,
      "Q2": 0.5156794425087108,
      "Q3": 0.6585365853658537,
      "Q4": 0.8885017421602788
    },
    "Q_y_px": {
      "Q1": 88,
      "Q2": 183,
      "Q3": 224,
      "Q4": 290
    },
    "Q_lane_norm": {
      "Q1": 0.43820224719101125,
      "Q2": 0.8144329896907216,
      "Q3": 0.6601941747572816,
      "Q4": 0.6352941176470588
    },
    "Q_value": {
      "Q1": 23.10112359550562,
      "Q2": 7.31958762886598,
      "Q3": 12.436893203883495,
      "Q4": 14.11764705882353
    }
  },
  "debug": {
    "F": {
      "x_day0": 59,
      "x_day1": 372,
      "x_day2": 684,
      "day_w": 312.5,
      "x_day0_time": 59,
      "x_day1_time": 351,
      "x_day2_time": 643,
      "day_w_time": 292.0,
      "x_plot_end": 935,
      "x1_static": 936,
      "x1_dyn": 935,
      "x1_dyn_used": true,
      "pph": 12.166666666666666,
      "pph_source": "day_width (tick-mismatch-fallback)",
      "pph_tick": 19.0,
      "tick_pph_rel_err": 0.5616438356164384,
      "tick_pph_valid": false,
      "tick_count": 50,
      "tick_quality": 0.6944444444444444,
      "tick_used": false,
      "x_frontier": 653,
      "frontier_method": "activity_scan",
      "frontier_activity_thr": 0.4883527338504791,
      "frontier_activity_right_tail": 0.20774492621421814,
      "frontier_activity_run_px": 8,
      "guard_px": 4,
      "left_guard": 645,
      "right_guard": 649,
      "x_time": 652,
      "x_ideal": 652,
      "x_now": 649,
      "x_now_method": "guard_invalid",
      "hour_now_tsst": 0.7272222222222222,
      "rollover_hour_min": 3.0,
      "rollover_hour_max": 8.5,
      "delta_min_to_guard": -14.794520547945206,
      "delta_min_to_frontier": 4.931506849315069,
      "frontier_day_fill": 0.03424657534246575,
      "rollover_candidate": false,
      "bias_minutes_applied": 0.0,
      "measured_bias_minutes": null,
      "age_hours": null,
      "status": "no_recent_data",
      "x_pick": 648,
      "x_pick_edge": 649,
      "x_pick_safe_right": 923,
      "x_overlay": 649,
      "f1_path_x_range": [
        635,
        649
      ],
      "f1_path_target_col": 13,
      "f1_path_y_px": 60,
      "f4_path_x_range": [
        635,
        649
      ],
      "f4_path_target_col": 13,
      "f4_path_y_px": 230,
      "f1_path2_x_range": [
        639,
        649
      ],
      "f1_path2_target_col": 9,
      "f1_path2_y_px": 60,
      "f1_path2_y_direct_px": 60,
      "f1_path2_direct_used": false,
      "f1_path2_direct_allowed": false,
      "f1_path2_left_weight": 0.35,
      "f1_path2_right_weight": 1.0,
      "f2_path2_x_range": [
        639,
        649
      ],
      "f2_path2_target_col": 9,
      "f2_path2_y_px": 119,
      "f2_path2_y_direct_px": 118,
      "f2_path2_direct_used": false,
      "f2_path2_direct_allowed": false,
      "f2_path2_left_weight": 0.4,
      "f2_path2_right_weight": 1.0,
      "f4_path2_x_range": [
        639,
        649
      ],
      "f4_path2_target_col": 9,
      "f4_path2_y_px": 219,
      "f4_path2_y_direct_px": 231,
      "f4_path2_direct_used": false,
      "f4_path2_direct_allowed": false,
      "f4_path2_left_weight": 0.4,
      "f4_path2_right_weight": 1.0,
      "f1_local_snap_x": 649,
      "f1_local_snap_y_px": 60,
      "f1_local_snap_search_px": 8,
      "f1_local_snap_search_up_px": 4,
      "f1_local_snap_search_down_px": 12,
      "f1_local_snap_prefer_lower_weight": 0.02,
      "f3_local_snap_x": 649,
      "f3_local_snap_y_px": 185,
      "f3_local_snap_search_px": 6,
      "f3_local_snap_search_up_px": 6,
      "f3_local_snap_search_down_px": 6,
      "f3_local_snap_prefer_lower_weight": 0.0,
      "f4_local_snap_x": 649,
      "f4_local_snap_y_px": 231,
      "f4_local_snap_search_px": 8,
      "f4_local_snap_search_up_px": 6,
      "f4_local_snap_search_down_px": 14,
      "f4_local_snap_prefer_lower_weight": 0.05,
      "f2_local_snap_x": 649,
      "f2_local_snap_y_px": 115,
      "f2_local_snap_search_px": 8,
      "f2_local_snap_search_up_px": 14,
      "f2_local_snap_search_down_px": 2,
      "f2_local_snap_prefer_lower_weight": 0.0,
      "f2_consensus_x_range": [
        643,
        649
      ],
      "f2_consensus_y_px": 118,
      "f2_consensus_anchor_y_px": 115,
      "f2_consensus_seed_y_px": 116,
      "f2_consensus_support_cols": 7,
      "f2_consensus_support_ratio": 1.0,
      "f2_consensus_jump_px": 3,
      "f2_consensus_tol_px": 5,
      "f2_consensus_reason": "accepted",
      "f2_consensus_applied": true,
      "f3_consensus_x_range": [
        643,
        649
      ],
      "f3_consensus_y_px": 185,
      "f3_consensus_anchor_y_px": 185,
      "f3_consensus_seed_y_px": 183,
      "f3_consensus_support_cols": 7,
      "f3_consensus_support_ratio": 1.0,
      "f3_consensus_jump_px": 0,
      "f3_consensus_tol_px": 5,
      "f3_consensus_reason": "accepted",
      "f3_consensus_applied": true,
      "f4_consensus_x_range": [
        643,
        649
      ],
      "f4_consensus_y_px": 230,
      "f4_consensus_anchor_y_px": 231,
      "f4_consensus_seed_y_px": 228,
      "f4_consensus_support_cols": 6,
      "f4_consensus_support_ratio": 0.9104234372468479,
      "f4_consensus_jump_px": 1,
      "f4_consensus_tol_px": 6,
      "f4_consensus_reason": "accepted",
      "f4_consensus_applied": true,
      "scale_ranges": {
        "F1": [
          7.2,
          8.4
        ],
        "F2": [
          13.1,
          14.5
        ],
        "F3": [
          18.6,
          20.2
        ],
        "F4": [
          24.1,
          26.5
        ]
      }
    },
    "A": {
      "x_day0": 59,
      "x_day1": 372,
      "x_day2": 684,
      "day_w": 312.5,
      "x_day0_time": 59,
      "x_day1_time": 351,
      "x_day2_time": 644,
      "day_w_time": 292.3333333333333,
      "x_plot_end": 936,
      "x1_static": 936,
      "x1_dyn": 977,
      "x1_dyn_used": false,
      "pph": 12.180555555555555,