{
  "saved_at_utc": "2026-06-21T22:12:05.866024+00:00",
  "source": "tomsk_sos70_param_charts",
  "freq_max_hz": 40.0,
  "values": {
    "scale_ranges": {
      "F": {
        "F1": [
          7.2,
          8.4
        ],
        "F2": [
          13.1,
          14.5
        ],
        "F3": [
          18.6,
          20.2
        ],
        "F4": [
          24.1,
          26.5
        ]
      },
      "A": {
        "A1": [
          1.0,
          45.0
        ],
        "A2": [
          1.0,
          61.5
        ],
        "A3": [
          2.2,
          12.2
        ],
        "A4": [
          1.1,
          10.2
        ]
      },
      "Q": {
        "Q1": [
          4.0,
          38.0
        ],
        "Q2": [
          5.0,
          17.5
        ],
        "Q3": [
          7.0,
          23.0
        ],
        "Q4": [
          5.0,
          30.0
        ]
      }
    },
    "scale_units": {
      "F_hz": "Hz",
      "A_value": "idx",
      "Q_value": "idx"
    },
    "F_norm": {
      "F1": 0.11498257839721254,
      "F2": 0.27526132404181186,
      "F3": 0.49477351916376305,
      "F4": 0.7491289198606271
    },
    "F_y_px": {
      "F1": 68,
      "F2": 114,
      "F3": 177,
      "F4": 250
    },
    "F_lane_norm": {
      "F1": 0.47368421052631576,
      "F2": 0.19230769230769232,
      "F3": 0.41304347826086957,
      "F4": 0.9347826086956522
    },
    "F_hz": {
      "F1": 7.831578947368421,
      "F2": 14.23076923076923,
      "F3": 19.53913043478261,
      "F4": 24.256521739130434
    },
    "A_norm": {
      "A1": 0.27526132404181186,
      "A2": 0.47735191637630664,
      "A3": 0.6655052264808362,
      "A4": 0.8954703832752613
    },
    "A_y_px": {
      "A1": 114,
      "A2": 172,
      "A3": 226,
      "A4": 292
    },
    "A_lane_norm": {
      "A1": 0.8433734939759037,
      "A2": 0.8163265306122449,
      "A3": 0.7216494845360825,
      "A4": 0.6813186813186813
    },
    "A_value": {
      "A1": 7.891566265060241,
      "A2": 12.11224489795918,
      "A3": 4.983505154639174,
      "A4": 3.999999999999999
    },
    "Q_norm": {
      "Q1": 0.27526132404181186,
      "Q2": 0.5365853658536586,
      "Q3": 0.5679442508710801,
      "Q4": 0.8606271777003485
    },
    "Q_y_px": {
      "Q1": 114,
      "Q2": 189,
      "Q3": 198,
      "Q4": 282
    },
    "Q_lane_norm": {
      "Q1": 0.7303370786516854,
      "Q2": 0.8762886597938144,
      "Q3": 0.4077669902912621,
      "Q4": 0.5411764705882353
    },
    "Q_value": {
      "Q1": 13.168539325842698,
      "Q2": 6.546391752577319,
      "Q3": 16.475728155339805,
      "Q4": 16.470588235294116
    }
  },
  "debug": {
    "F": {
      "x_day0": 59,
      "x_day1": 392,
      "x_day2": 726,
      "day_w": 333.5,
      "x_day0_time": 59,
      "x_day1_time": 351,
      "x_day2_time": 643,
      "day_w_time": 292.0,
      "x_plot_end": 935,
      "x1_static": 936,
      "x1_dyn": 935,
      "x1_dyn_used": true,
      "pph": 12.166666666666666,
      "pph_source": "day_width (tick-mismatch-fallback)",
      "pph_tick": 19.0,
      "tick_pph_rel_err": 0.5616438356164384,
      "tick_pph_valid": false,
      "tick_count": 50,
      "tick_quality": 0.6944444444444444,
      "tick_used": false,
      "x_frontier": 704,
      "frontier_method": "activity_scan",
      "frontier_activity_thr": 0.5069823741912841,
      "frontier_activity_right_tail": 0.1795620322227478,
      "frontier_activity_run_px": 8,
      "guard_px": 4,
      "left_guard": 645,
      "right_guard": 700,
      "x_time": 706,
      "x_ideal": 706,
      "x_now": 706,
      "x_now_method": "harmonized_pair_cluster",
      "hour_now_tsst": 5.201388888888889,
      "rollover_hour_min": 3.0,
      "rollover_hour_max": 8.5,
      "delta_min_to_guard": -29.589041095890412,
      "delta_min_to_frontier": -9.863013698630137,
      "frontier_day_fill": 0.2089041095890411,
      "rollover_candidate": false,
      "bias_minutes_applied": 0.0,
      "measured_bias_minutes": null,
      "age_hours": null,
      "status": "ok",
      "x_now_before_harmonize": 706,
      "x_pick": 705,
      "x_pick_edge": 706,
      "x_pick_safe_right": 923,
      "x_overlay": 706,
      "f1_path_x_range": [
        692,
        706
      ],
      "f1_path_target_col": 13,
      "f1_path_y_px": 70,
      "f4_path_x_range": [
        692,
        706
      ],
      "f4_path_target_col": 13,
      "f4_path_y_px": 250,
      "f1_path2_x_range": [
        696,
        706
      ],
      "f1_path2_target_col": 9,
      "f1_path2_y_px": 70,
      "f1_path2_y_direct_px": 44,
      "f1_path2_direct_used": false,
      "f1_path2_direct_allowed": false,
      "f1_path2_left_weight": 0.35,
      "f1_path2_right_weight": 1.0,
      "f2_path2_x_range": [
        696,
        706
      ],
      "f2_path2_target_col": 9,
      "f2_path2_y_px": 115,
      "f2_path2_y_direct_px": 114,
      "f2_path2_direct_used": false,
      "f2_path2_direct_allowed": false,
      "f2_path2_left_weight": 0.4,
      "f2_path2_right_weight": 1.0,
      "f4_path2_x_range": [
        696,
        706
      ],
      "f4_path2_target_col": 9,
      "f4_path2_y_px": 250,
      "f4_path2_y_direct_px": 250,
      "f4_path2_direct_used": false,
      "f4_path2_direct_allowed": false,
      "f4_path2_left_weight": 0.4,
      "f4_path2_right_weight": 1.0,
      "f1_local_snap_x": 706,
      "f1_local_snap_y_px": 68,
      "f1_local_snap_search_px": 8,
      "f1_local_snap_search_up_px": 4,
      "f1_local_snap_search_down_px": 12,
      "f1_local_snap_prefer_lower_weight": 0.02,
      "f3_local_snap_x": 706,
      "f3_local_snap_y_px": 177,
      "f3_local_snap_search_px": 6,
      "f3_local_snap_search_up_px": 6,
      "f3_local_snap_search_down_px": 6,
      "f3_local_snap_prefer_lower_weight": 0.0,
      "f4_local_snap_x": 706,
      "f4_local_snap_y_px": 249,
      "f4_local_snap_search_px": 8,
      "f4_local_snap_search_up_px": 6,
      "f4_local_snap_search_down_px": 14,
      "f4_local_snap_prefer_lower_weight": 0.05,
      "f2_local_snap_x": 706,
      "f2_local_snap_y_px": 114,
      "f2_local_snap_search_px": 8,
      "f2_local_snap_search_up_px": 14,
      "f2_local_snap_search_down_px": 2,
      "f2_local_snap_prefer_lower_weight": 0.0,
      "f2_consensus_x_range": [
        700,
        706
      ],
      "f2_consensus_y_px": 114,
      "f2_consensus_anchor_y_px": 114,
      "f2_consensus_seed_y_px": 118,
      "f2_consensus_support_cols": 7,
      "f2_consensus_support_ratio": 1.0,
      "f2_consensus_jump_px": 0,
      "f2_consensus_tol_px": 5,
      "f2_consensus_reason": "accepted",
      "f2_consensus_applied": true,
      "f3_consensus_applied": false,
      "f3_consensus_x_range": [
        700,
        706
      ],
      "f3_consensus_y_px": 165,
      "f3_consensus_anchor_y_px": 177,
      "f3_consensus_seed_y_px": 160,
      "f3_consensus_support_cols": 3,
      "f3_consensus_support_ratio": 0.4948664608777346,
      "f3_consensus_jump_px": 12,
      "f3_consensus_tol_px": 5,
      "f3_consensus_reason": "low_support",
      "f4_consensus_x_range": [
        700,
        706
      ],
      "f4_consensus_y_px": 250,
      "f4_consensus_anchor_y_px": 249,
      "f4_consensus_seed_y_px": 252,
      "f4_consensus_support_cols": 7,
      "f4_consensus_support_ratio": 1.0,
      "f4_consensus_jump_px": 1,
      "f4_consensus_tol_px": 6,
      "f4_consensus_reason": "accepted",
      "f4_consensus_applied": true,
      "scale_ranges": {
        "F1": [
          7.2,
          8.4
        ],
        "F2": [
          13.1,
          14.5
        ],
        "F3": [
          18.6,
          20.2
        ],
        "F4": [
          24.1,
          26.5
        ]
      }
    },
    "A": {
      "x_day0": 59,
      "x_day1": 392,
      "x_day2": 726,
      "day_w": 333.5,
      "x_day0_time": 59,
      "x_day1_time": 351,
      "x_day2_time": 643,
      "day_w_time": 292.0,
      "x_plot_end": 935,
      "x1_static": 936,
      "x1_dyn": 935,