{
  "saved_at_utc": "2026-05-12T18:46:20.404556+00:00",
  "source": "tomsk_sos70_param_charts",
  "freq_max_hz": 40.0,
  "values": {
    "scale_ranges": {
      "F": {
        "F1": [
          7.2,
          8.4
        ],
        "F2": [
          13.1,
          14.5
        ],
        "F3": [
          18.6,
          20.2
        ],
        "F4": [
          24.1,
          26.5
        ]
      },
      "A": {
        "A1": [
          1.0,
          45.0
        ],
        "A2": [
          1.0,
          61.5
        ],
        "A3": [
          2.2,
          12.2
        ],
        "A4": [
          1.1,
          10.2
        ]
      },
      "Q": {
        "Q1": [
          4.0,
          38.0
        ],
        "Q2": [
          5.0,
          17.5
        ],
        "Q3": [
          7.0,
          23.0
        ],
        "Q4": [
          5.0,
          30.0
        ]
      }
    },
    "scale_units": {
      "F_hz": "Hz",
      "A_value": "idx",
      "Q_value": "idx"
    },
    "F_norm": {
      "F1": 0.14285714285714285,
      "F2": 0.31010452961672474,
      "F3": 0.45993031358885017,
      "F4": 0.7874564459930313
    },
    "F_y_px": {
      "F1": 76,
      "F2": 124,
      "F3": 167,
      "F4": 261
    },
    "F_lane_norm": {
      "F1": 0.6140350877192983,
      "F2": 0.38461538461538464,
      "F3": 0.1956521739130435,
      "F4": 1.0
    },
    "F_hz": {
      "F1": 7.663157894736842,
      "F2": 13.961538461538462,
      "F3": 19.88695652173913,
      "F4": 24.1
    },
    "A_norm": {
      "A1": 0.31010452961672474,
      "A2": 0.5261324041811847,
      "A3": 0.7386759581881533,
      "A4": 0.9512195121951219
    },
    "A_y_px": {
      "A1": 124,
      "A2": 186,
      "A3": 247,
      "A4": 308
    },
    "A_lane_norm": {
      "A1": 0.963855421686747,
      "A2": 0.9591836734693877,
      "A3": 0.9381443298969072,
      "A4": 0.8571428571428571
    },
    "A_value": {
      "A1": 2.590361445783131,
      "A2": 3.4693877551020407,
      "A3": 2.8185567010309267,
      "A4": 2.4000000000000004
    },
    "Q_norm": {
      "Q1": 0.2787456445993031,
      "Q2": 0.4076655052264808,
      "Q3": 0.4878048780487805,
      "Q4": 0.926829268292683
    },
    "Q_y_px": {
      "Q1": 115,
      "Q2": 152,
      "Q3": 175,
      "Q4": 301
    },
    "Q_lane_norm": {
      "Q1": 0.7415730337078652,
      "Q2": 0.4948453608247423,
      "Q3": 0.18446601941747573,
      "Q4": 0.7647058823529411
    },
    "Q_value": {
      "Q1": 12.786516853932582,
      "Q2": 11.314432989690722,
      "Q3": 20.04854368932039,
      "Q4": 10.882352941176471
    }
  },
  "debug": {
    "F": {
      "x_day0": 59,
      "x_day1": 372,
      "x_day2": 684,
      "day_w": 312.5,
      "x_day0_time": 59,
      "x_day1_time": 351,
      "x_day2_time": 643,
      "day_w_time": 292.0,
      "x_plot_end": 935,
      "x1_static": 936,
      "x1_dyn": 935,
      "x1_dyn_used": true,
      "pph": 12.166666666666666,
      "pph_source": "day_width (tick-mismatch-fallback)",
      "pph_tick": 19.0,
      "tick_pph_rel_err": 0.5616438356164384,
      "tick_pph_valid": false,
      "tick_count": 50,
      "tick_quality": 0.6944444444444444,
      "tick_used": false,
      "x_frontier": 668,
      "frontier_method": "activity_scan",
      "frontier_activity_thr": 0.49584821164608,
      "frontier_activity_right_tail": 0.19369255006313324,
      "frontier_activity_run_px": 8,
      "guard_px": 4,
      "left_guard": 645,
      "right_guard": 664,
      "x_time": 665,
      "x_ideal": 665,
      "x_now": 665,
      "x_now_method": "ideal",
      "hour_now_tsst": 1.7722222222222221,
      "rollover_hour_min": 3.0,
      "rollover_hour_max": 8.5,
      "delta_min_to_guard": -4.931506849315069,
      "delta_min_to_frontier": 14.794520547945206,
      "frontier_day_fill": 0.08561643835616438,
      "rollover_candidate": false,
      "bias_minutes_applied": 0.0,
      "measured_bias_minutes": null,
      "age_hours": null,
      "status": "ok",
      "x_pick": 664,
      "x_pick_edge": 665,
      "x_pick_safe_right": 923,
      "x_overlay": 665,
      "f1_path_x_range": [
        651,
        665
      ],
      "f1_path_target_col": 13,
      "f1_path_y_px": 74,
      "f4_path_x_range": [
        651,
        665
      ],
      "f4_path_target_col": 13,
      "f4_path_y_px": 230,
      "f1_path2_x_range": [
        655,
        665
      ],
      "f1_path2_target_col": 9,
      "f1_path2_y_px": 74,
      "f1_path2_y_direct_px": 73,
      "f1_path2_direct_used": false,
      "f1_path2_direct_allowed": false,
      "f1_path2_left_weight": 0.35,
      "f1_path2_right_weight": 1.0,
      "f2_path2_x_range": [
        655,
        665
      ],
      "f2_path2_target_col": 9,
      "f2_path2_y_px": 135,
      "f2_path2_y_direct_px": 118,
      "f2_path2_direct_used": false,
      "f2_path2_direct_allowed": false,
      "f2_path2_left_weight": 0.4,
      "f2_path2_right_weight": 1.0,
      "f4_path2_x_range": [
        655,
        665
      ],
      "f4_path2_target_col": 9,
      "f4_path2_y_px": 230,
      "f4_path2_y_direct_px": 260,
      "f4_path2_direct_used": false,
      "f4_path2_direct_allowed": false,
      "f4_path2_left_weight": 0.4,
      "f4_path2_right_weight": 1.0,
      "f1_local_snap_x": 665,
      "f1_local_snap_y_px": 76,
      "f1_local_snap_search_px": 8,
      "f1_local_snap_search_up_px": 4,
      "f1_local_snap_search_down_px": 12,
      "f1_local_snap_prefer_lower_weight": 0.02,
      "f3_local_snap_x": 665,
      "f3_local_snap_y_px": 167,
      "f3_local_snap_search_px": 6,
      "f3_local_snap_search_up_px": 6,
      "f3_local_snap_search_down_px": 6,
      "f3_local_snap_prefer_lower_weight": 0.0,
      "f4_local_snap_x": 665,
      "f4_local_snap_y_px": 229,
      "f4_local_snap_search_px": 8,
      "f4_local_snap_search_up_px": 6,
      "f4_local_snap_search_down_px": 14,
      "f4_local_snap_prefer_lower_weight": 0.05,
      "f2_local_snap_x": 665,
      "f2_local_snap_y_px": 124,
      "f2_local_snap_search_px": 8,
      "f2_local_snap_search_up_px": 14,
      "f2_local_snap_search_down_px": 2,
      "f2_local_snap_prefer_lower_weight": 0.0,
      "f2_consensus_applied": false,
      "f2_consensus_support_cols": 2,
      "f2_consensus_anchor_y_px": 124,
      "f2_consensus_seed_y_px": 118,
      "f2_consensus_reason": "insufficient_inliers",
      "f3_consensus_x_range": [
        659,
        665
      ],
      "f3_consensus_y_px": 167,
      "f3_consensus_anchor_y_px": 167,
      "f3_consensus_seed_y_px": 169,
      "f3_consensus_support_cols": 7,
      "f3_consensus_support_ratio": 1.0,
      "f3_consensus_jump_px": 0,
      "f3_consensus_tol_px": 5,
      "f3_consensus_reason": "accepted",
      "f3_consensus_applied": true,
      "f4_consensus_x_range": [
        659,
        665
      ],
      "f4_consensus_y_px": 261,
      "f4_consensus_anchor_y_px": 229,
      "f4_consensus_seed_y_px": 261,
      "f4_consensus_support_cols": 6,
      "f4_consensus_support_ratio": 0.7984593335721963,
      "f4_consensus_jump_px": 32,
      "f4_consensus_tol_px": 6,
      "f4_consensus_reason": "accepted",
      "f4_consensus_applied": true,
      "scale_ranges": {
        "F1": [
          7.2,
          8.4
        ],
        "F2": [
          13.1,
          14.5
        ],
        "F3": [
          18.6,
          20.2
        ],
        "F4": [
          24.1,
          26.5
        ]
      }
    },
    "A": {
      "x_day0": 59,
      "x_day1": 372,
      "x_day2": 684,
      "day_w": 312.5,
      "x_day0_time": 59,
      "x_day1_time": 351,
      "x_day2_time": 643,
      "day_w_time": 292.0,
      "x_plot_end": 935,
      "x1_static": 936,
      "x1_dyn": 935,
      "x1_dyn_used": true,
      "pph": 12.166666666666666,
      "pph_source": "day_width (tick-mismatch-fallback)",
      "pph_tick": 19.0,
      "tick_pph_rel_err": 0.5616438356164384,
      "tick_pph_valid": false,
      "tick_count": 50,
      "tick_quality": 0.6944444444444444,