{
  "saved_at_utc": "2026-04-07T17:37:22.475313+00:00",
  "source": "tomsk_sos70_param_charts",
  "freq_max_hz": 40.0,
  "values": {
    "scale_ranges": {
      "F": {
        "F1": [
          7.2,
          8.4
        ],
        "F2": [
          13.1,
          14.5
        ],
        "F3": [
          18.6,
          20.2
        ],
        "F4": [
          24.1,
          26.5
        ]
      },
      "A": {
        "A1": [
          1.0,
          45.0
        ],
        "A2": [
          1.0,
          61.5
        ],
        "A3": [
          2.2,
          12.2
        ],
        "A4": [
          1.1,
          10.2
        ]
      },
      "Q": {
        "Q1": [
          4.0,
          38.0
        ],
        "Q2": [
          5.0,
          17.5
        ],
        "Q3": [
          7.0,
          23.0
        ],
        "Q4": [
          5.0,
          30.0
        ]
      }
    },
    "scale_units": {
      "F_hz": "Hz",
      "A_value": "idx",
      "Q_value": "idx"
    },
    "F_norm": {
      "F1": 0.0313588850174216,
      "F2": 0.2682926829268293,
      "F3": 0.43902439024390244,
      "F4": 0.6794425087108014
    },
    "F_y_px": {
      "F1": 44,
      "F2": 112,
      "F3": 161,
      "F4": 230
    },
    "F_lane_norm": {
      "F1": 0.05263157894736842,
      "F2": 0.15384615384615385,
      "F3": 0.06521739130434782,
      "F4": 0.5
    },
    "F_hz": {
      "F1": 8.336842105263159,
      "F2": 14.284615384615385,
      "F3": 20.09565217391304,
      "F4": 25.3
    },
    "A_norm": {
      "A1": 0.1951219512195122,
      "A2": 0.5365853658536586,
      "A3": 0.7317073170731707,
      "A4": 0.9512195121951219
    },
    "A_y_px": {
      "A1": 91,
      "A2": 189,
      "A3": 245,
      "A4": 308
    },
    "A_lane_norm": {
      "A1": 0.5662650602409639,
      "A2": 0.9897959183673469,
      "A3": 0.9175257731958762,
      "A4": 0.8571428571428571
    },
    "A_value": {
      "A1": 20.08433734939759,
      "A2": 1.617346938775512,
      "A3": 3.024742268041237,
      "A4": 2.4000000000000004
    },
    "Q_norm": {
      "Q1": 0.30662020905923343,
      "Q2": 0.49477351916376305,
      "Q3": 0.6515679442508711,
      "Q4": 0.8153310104529616
    },
    "Q_y_px": {
      "Q1": 123,
      "Q2": 177,
      "Q3": 222,
      "Q4": 269
    },
    "Q_lane_norm": {
      "Q1": 0.8314606741573034,
      "Q2": 0.7525773195876289,
      "Q3": 0.6407766990291263,
      "Q4": 0.38823529411764707
    },
    "Q_value": {
      "Q1": 9.730337078651683,
      "Q2": 8.092783505154639,
      "Q3": 12.74757281553398,
      "Q4": 20.294117647058822
    }
  },
  "debug": {
    "F": {
      "x_day0": 59,
      "x_day1": 372,
      "x_day2": 684,
      "day_w": 312.5,
      "x_day0_time": 59,
      "x_day1_time": 351,
      "x_day2_time": 643,
      "day_w_time": 292.0,
      "x_plot_end": 935,
      "x1_static": 936,
      "x1_dyn": 935,
      "x1_dyn_used": true,
      "pph": 12.166666666666666,
      "pph_source": "day_width (tick-mismatch-fallback)",
      "pph_tick": 19.0,
      "tick_pph_rel_err": 0.5616438356164384,
      "tick_pph_valid": false,
      "tick_count": 50,
      "tick_quality": 0.6944444444444444,
      "tick_used": false,
      "x_frontier": 654,
      "frontier_method": "activity_scan",
      "frontier_activity_thr": 0.4667644202709198,
      "frontier_activity_right_tail": 0.21045680344104767,
      "frontier_activity_run_px": 8,
      "guard_px": 4,
      "left_guard": 645,
      "right_guard": 650,
      "x_time": 651,
      "x_ideal": 651,
      "x_now": 650,
      "x_now_method": "guard_invalid",
      "hour_now_tsst": 0.6227777777777778,
      "rollover_hour_min": 3.0,
      "rollover_hour_max": 8.5,
      "delta_min_to_guard": -4.931506849315069,
      "delta_min_to_frontier": 14.794520547945206,
      "frontier_day_fill": 0.03767123287671233,
      "rollover_candidate": false,
      "bias_minutes_applied": 0.0,
      "measured_bias_minutes": null,
      "age_hours": null,
      "status": "no_recent_data",
      "x_pick": 649,
      "x_pick_edge": 650,
      "x_pick_safe_right": 923,
      "x_overlay": 650,
      "f1_path_x_range": [
        636,
        650
      ],
      "f1_path_target_col": 13,
      "f1_path_y_px": 47,
      "f4_path_x_range": [
        636,
        650
      ],
      "f4_path_target_col": 13,
      "f4_path_y_px": 230,
      "f1_path2_x_range": [
        640,
        650
      ],
      "f1_path2_target_col": 9,
      "f1_path2_y_px": 47,
      "f1_path2_y_direct_px": 47,
      "f1_path2_direct_used": false,
      "f1_path2_direct_allowed": false,
      "f1_path2_left_weight": 0.35,
      "f1_path2_right_weight": 1.0,
      "f2_path2_x_range": [
        640,
        650
      ],
      "f2_path2_target_col": 9,
      "f2_path2_y_px": 161,
      "f2_path2_y_direct_px": 114,
      "f2_path2_direct_used": false,
      "f2_path2_direct_allowed": false,
      "f2_path2_left_weight": 0.4,
      "f2_path2_right_weight": 1.0,
      "f4_path2_x_range": [
        640,
        650
      ],
      "f4_path2_target_col": 9,
      "f4_path2_y_px": 230,
      "f4_path2_y_direct_px": 262,
      "f4_path2_direct_used": false,
      "f4_path2_direct_allowed": false,
      "f4_path2_left_weight": 0.4,
      "f4_path2_right_weight": 1.0,
      "f1_local_snap_x": 650,
      "f1_local_snap_y_px": 44,
      "f1_local_snap_search_px": 8,
      "f1_local_snap_search_up_px": 4,
      "f1_local_snap_search_down_px": 12,
      "f1_local_snap_prefer_lower_weight": 0.02,
      "f3_local_snap_x": 650,
      "f3_local_snap_y_px": 161,
      "f3_local_snap_search_px": 6,
      "f3_local_snap_search_up_px": 6,
      "f3_local_snap_search_down_px": 6,
      "f3_local_snap_prefer_lower_weight": 0.0,
      "f4_local_snap_x": 650,
      "f4_local_snap_y_px": 230,
      "f4_local_snap_search_px": 8,
      "f4_local_snap_search_up_px": 6,
      "f4_local_snap_search_down_px": 14,
      "f4_local_snap_prefer_lower_weight": 0.05,
      "f2_local_snap_x": 650,
      "f2_local_snap_y_px": 149,
      "f2_local_snap_search_px": 8,
      "f2_local_snap_search_up_px": 14,
      "f2_local_snap_search_down_px": 2,
      "f2_local_snap_prefer_lower_weight": 0.0,
      "f2_consensus_x_range": [
        644,
        650
      ],
      "f2_consensus_y_px": 112,
      "f2_consensus_anchor_y_px": 149,
      "f2_consensus_seed_y_px": 113,
      "f2_consensus_support_cols": 7,
      "f2_consensus_support_ratio": 1.0,
      "f2_consensus_jump_px": 37,
      "f2_consensus_tol_px": 5,
      "f2_consensus_reason": "accepted",
      "f2_consensus_applied": true,
      "f3_consensus_x_range": [
        644,
        650
      ],
      "f3_consensus_y_px": 161,
      "f3_consensus_anchor_y_px": 161,
      "f3_consensus_seed_y_px": 163,
      "f3_consensus_support_cols": 7,
      "f3_consensus_support_ratio": 1.0,
      "f3_consensus_jump_px": 0,
      "f3_consensus_tol_px": 5,
      "f3_consensus_reason": "accepted",
      "f3_consensus_applied": true,
      "f4_consensus_applied": false,
      "f4_consensus_x_range": [
        644,
        650
      ],
      "f4_consensus_y_px": 265,
      "f4_consensus_anchor_y_px": 230,
      "f4_consensus_seed_y_px": 265,
      "f4_consensus_support_cols": 4,
      "f4_consensus_support_ratio": 0.6571547346853936,
      "f4_consensus_jump_px": 35,
      "f4_consensus_tol_px": 6,
      "f4_consensus_reason": "excessive_jump",
      "scale_ranges": {
        "F1": [
          7.2,
          8.4
        ],
        "F2": [
          13.1,
          14.5
        ],
        "F3": [
          18.6,
          20.2
        ],
        "F4": [
          24.1,
          26.5
        ]
      }
    },
    "A": {
      "x_day0": 59,
      "x_day1": 372,
      "x_day2": 684,
      "day_w": 312.5,
      "x_day0_time": 59,
      "x_day1_time": 351,
      "x_day2_time": 643,
      "day_w_time": 292.0,
      "x_plot_end": 935,
      "x1_static": 936,
      "x1_dyn": 935,
      "x1_dyn_used": true,
      "pph": 12.166666666666666,