{
  "saved_at_utc": "2026-04-14T05:58:12.555586+00:00",
  "source": "tomsk_sos70_param_charts",
  "freq_max_hz": 40.0,
  "values": {
    "scale_ranges": {
      "F": {
        "F1": [
          7.2,
          8.4
        ],
        "F2": [
          13.1,
          14.5
        ],
        "F3": [
          18.6,
          20.2
        ],
        "F4": [
          24.1,
          26.5
        ]
      },
      "A": {
        "A1": [
          1.0,
          45.0
        ],
        "A2": [
          1.0,
          61.5
        ],
        "A3": [
          2.2,
          12.2
        ],
        "A4": [
          1.1,
          10.2
        ]
      },
      "Q": {
        "Q1": [
          4.0,
          38.0
        ],
        "Q2": [
          5.0,
          17.5
        ],
        "Q3": [
          7.0,
          23.0
        ],
        "Q4": [
          5.0,
          30.0
        ]
      }
    },
    "scale_units": {
      "F_hz": "Hz",
      "A_value": "idx",
      "Q_value": "idx"
    },
    "F_norm": {
      "F1": 0.1289198606271777,
      "F2": 0.40418118466898956,
      "F3": 0.4529616724738676,
      "F4": 0.7456445993031359
    },
    "F_y_px": {
      "F1": 72,
      "F2": 151,
      "F3": 165,
      "F4": 249
    },
    "F_lane_norm": {
      "F1": 0.543859649122807,
      "F2": 0.9038461538461539,
      "F3": 0.15217391304347827,
      "F4": 0.9130434782608695
    },
    "F_hz": {
      "F1": 7.747368421052632,
      "F2": 13.234615384615385,
      "F3": 19.956521739130434,
      "F4": 24.308695652173913
    },
    "A_norm": {
      "A1": 0.20905923344947736,
      "A2": 0.5052264808362369,
      "A3": 0.7212543554006968,
      "A4": 0.9581881533101045
    },
    "A_y_px": {
      "A1": 95,
      "A2": 180,
      "A3": 242,
      "A4": 310
    },
    "A_lane_norm": {
      "A1": 0.6144578313253012,
      "A2": 0.8979591836734694,
      "A3": 0.8865979381443299,
      "A4": 0.8791208791208791
    },
    "A_value": {
      "A1": 17.96385542168675,
      "A2": 7.173469387755105,
      "A3": 3.3340206185567,
      "A4": 2.2
    },
    "Q_norm": {
      "Q1": 0.2682926829268293,
      "Q2": 0.4529616724738676,
      "Q3": 0.4564459930313589,
      "Q4": 0.818815331010453
    },
    "Q_y_px": {
      "Q1": 112,
      "Q2": 165,
      "Q3": 166,
      "Q4": 270
    },
    "Q_lane_norm": {
      "Q1": 0.7078651685393258,
      "Q2": 0.6288659793814433,
      "Q3": 0.0970873786407767,
      "Q4": 0.4
    },
    "Q_value": {
      "Q1": 13.932584269662922,
      "Q2": 9.63917525773196,
      "Q3": 21.446601941747574,
      "Q4": 20.0
    }
  },
  "debug": {
    "F": {
      "x_day0": 59,
      "x_day1": 374,
      "x_day2": 690,
      "day_w": 315.5,
      "x_day0_time": 59,
      "x_day1_time": 351,
      "x_day2_time": 643,
      "day_w_time": 292.0,
      "x_plot_end": 935,
      "x1_static": 936,
      "x1_dyn": 935,
      "x1_dyn_used": true,
      "pph": 12.166666666666666,
      "pph_source": "day_width (tick-mismatch-fallback)",
      "pph_tick": 19.0,
      "tick_pph_rel_err": 0.5616438356164384,
      "tick_pph_valid": false,
      "tick_count": 50,
      "tick_quality": 0.6944444444444444,
      "tick_used": false,
      "x_frontier": 800,
      "frontier_method": "activity_scan",
      "frontier_activity_thr": 0.4527559906244278,
      "frontier_activity_right_tail": 0.15842702984809875,
      "frontier_activity_run_px": 8,
      "guard_px": 4,
      "left_guard": 645,
      "right_guard": 796,
      "x_time": 801,
      "x_ideal": 801,
      "x_now": 801,
      "x_now_method": "ideal",
      "hour_now_tsst": 12.97,
      "rollover_hour_min": 3.0,
      "rollover_hour_max": 8.5,
      "delta_min_to_guard": -24.657534246575345,
      "delta_min_to_frontier": -4.931506849315069,
      "frontier_day_fill": 0.5376712328767124,
      "rollover_candidate": false,
      "bias_minutes_applied": 0.0,
      "measured_bias_minutes": null,
      "age_hours": null,
      "status": "ok",
      "x_pick": 800,
      "x_pick_edge": 801,
      "x_pick_safe_right": 923,
      "x_overlay": 801,
      "f1_path_x_range": [
        787,
        801
      ],
      "f1_path_target_col": 13,
      "f1_path_y_px": 90,
      "f4_path_x_range": [
        787,
        801
      ],
      "f4_path_target_col": 13,
      "f4_path_y_px": 250,
      "f1_path2_x_range": [
        791,
        801
      ],
      "f1_path2_target_col": 9,
      "f1_path2_y_px": 70,
      "f1_path2_y_direct_px": 90,
      "f1_path2_direct_used": false,
      "f1_path2_direct_allowed": false,
      "f1_path2_left_weight": 0.35,
      "f1_path2_right_weight": 1.0,
      "f2_path2_x_range": [
        791,
        801
      ],
      "f2_path2_target_col": 9,
      "f2_path2_y_px": 161,
      "f2_path2_y_direct_px": 124,
      "f2_path2_direct_used": false,
      "f2_path2_direct_allowed": false,
      "f2_path2_left_weight": 0.4,
      "f2_path2_right_weight": 1.0,
      "f4_path2_x_range": [
        791,
        801
      ],
      "f4_path2_target_col": 9,
      "f4_path2_y_px": 250,
      "f4_path2_y_direct_px": 250,
      "f4_path2_direct_used": false,
      "f4_path2_direct_allowed": false,
      "f4_path2_left_weight": 0.4,
      "f4_path2_right_weight": 1.0,
      "f1_local_snap_x": 801,
      "f1_local_snap_y_px": 72,
      "f1_local_snap_search_px": 8,
      "f1_local_snap_search_up_px": 4,
      "f1_local_snap_search_down_px": 12,
      "f1_local_snap_prefer_lower_weight": 0.02,
      "f3_local_snap_x": 801,
      "f3_local_snap_y_px": 165,
      "f3_local_snap_search_px": 6,
      "f3_local_snap_search_up_px": 6,
      "f3_local_snap_search_down_px": 6,
      "f3_local_snap_prefer_lower_weight": 0.0,
      "f4_local_snap_x": 801,
      "f4_local_snap_y_px": 250,
      "f4_local_snap_search_px": 8,
      "f4_local_snap_search_up_px": 6,
      "f4_local_snap_search_down_px": 14,
      "f4_local_snap_prefer_lower_weight": 0.05,
      "f2_local_snap_x": 801,
      "f2_local_snap_y_px": 151,
      "f2_local_snap_search_px": 8,
      "f2_local_snap_search_up_px": 14,
      "f2_local_snap_search_down_px": 2,
      "f2_local_snap_prefer_lower_weight": 0.0,
      "f2_consensus_applied": false,
      "f2_consensus_x_range": [
        795,
        801
      ],
      "f2_consensus_y_px": 131,
      "f2_consensus_anchor_y_px": 151,
      "f2_consensus_seed_y_px": 131,
      "f2_consensus_support_cols": 3,
      "f2_consensus_support_ratio": 0.48070377720373836,
      "f2_consensus_jump_px": 20,
      "f2_consensus_tol_px": 5,
      "f2_consensus_reason": "low_support",
      "f3_consensus_applied": false,
      "f3_consensus_x_range": [
        795,
        801
      ],
      "f3_consensus_y_px": 196,
      "f3_consensus_anchor_y_px": 165,
      "f3_consensus_seed_y_px": 194,
      "f3_consensus_support_cols": 3,
      "f3_consensus_support_ratio": 0.421428650792769,
      "f3_consensus_jump_px": 31,
      "f3_consensus_tol_px": 5,
      "f3_consensus_reason": "low_support",
      "f4_consensus_x_range": [
        795,
        801
      ],
      "f4_consensus_y_px": 249,
      "f4_consensus_anchor_y_px": 250,
      "f4_consensus_seed_y_px": 251,
      "f4_consensus_support_cols": 4,
      "f4_consensus_support_ratio": 0.589233665580413,
      "f4_consensus_jump_px": 1,
      "f4_consensus_tol_px": 6,
      "f4_consensus_reason": "accepted",
      "f4_consensus_applied": true,
      "scale_ranges": {
        "F1": [
          7.2,
          8.4
        ],
        "F2": [
          13.1,
          14.5
        ],
        "F3": [
          18.6,
          20.2
        ],
        "F4": [
          24.1,
          26.5
        ]
      }
    },
    "A": {
      "x_day0": 59,
      "x_day1": 372,
      "x_day2": 684,
      "day_w": 312.5,
      "x_day0_time": 59,
      "x_day1_time": 351,
      "x_day2_time": 643,
      "day_w_time": 292.0,
      "x_plot_end": 935,
      "x1_static": 936,
      "x1_dyn": 935,
      "x1_dyn_used": true,
      "pph": 12.166666666666666,