{
  "saved_at_utc": "2026-04-12T17:47:04.528998+00:00",
  "source": "tomsk_sos70_param_charts",
  "freq_max_hz": 40.0,
  "values": {
    "scale_ranges": {
      "F": {
        "F1": [
          7.2,
          8.4
        ],
        "F2": [
          13.1,
          14.5
        ],
        "F3": [
          18.6,
          20.2
        ],
        "F4": [
          24.1,
          26.5
        ]
      },
      "A": {
        "A1": [
          1.0,
          45.0
        ],
        "A2": [
          1.0,
          61.5
        ],
        "A3": [
          2.2,
          12.2
        ],
        "A4": [
          1.1,
          10.2
        ]
      },
      "Q": {
        "Q1": [
          4.0,
          38.0
        ],
        "Q2": [
          5.0,
          17.5
        ],
        "Q3": [
          7.0,
          23.0
        ],
        "Q4": [
          5.0,
          30.0
        ]
      }
    },
    "scale_units": {
      "F_hz": "Hz",
      "A_value": "idx",
      "Q_value": "idx"
    },
    "F_norm": {
      "F1": 0.11498257839721254,
      "F2": 0.42160278745644597,
      "F3": 0.5853658536585366,
      "F4": 0.7526132404181185
    },
    "F_y_px": {
      "F1": 68,
      "F2": 156,
      "F3": 203,
      "F4": 251
    },
    "F_lane_norm": {
      "F1": 0.47368421052631576,
      "F2": 1.0,
      "F3": 0.9782608695652174,
      "F4": 0.9565217391304348
    },
    "F_hz": {
      "F1": 7.831578947368421,
      "F2": 13.1,
      "F3": 18.634782608695655,
      "F4": 24.20434782608696
    },
    "A_norm": {
      "A1": 0.0975609756097561,
      "A2": 0.33797909407665505,
      "A3": 0.5226480836236934,
      "A4": 0.7317073170731707
    },
    "A_y_px": {
      "A1": 63,
      "A2": 132,
      "A3": 185,
      "A4": 245
    },
    "A_lane_norm": {
      "A1": 0.2289156626506024,
      "A2": 0.40816326530612246,
      "A3": 0.29896907216494845,
      "A4": 0.16483516483516483
    },
    "A_value": {
      "A1": 34.9277108433735,
      "A2": 36.80612244897959,
      "A3": 9.210309278350515,
      "A4": 8.7
    },
    "Q_norm": {
      "Q1": 0.3240418118466899,
      "Q2": 0.49477351916376305,
      "Q3": 0.6933797909407665,
      "Q4": 0.7804878048780488
    },
    "Q_y_px": {
      "Q1": 128,
      "Q2": 177,
      "Q3": 234,
      "Q4": 259
    },
    "Q_lane_norm": {
      "Q1": 0.8876404494382022,
      "Q2": 0.7525773195876289,
      "Q3": 0.7572815533980582,
      "Q4": 0.27058823529411763
    },
    "Q_value": {
      "Q1": 7.820224719101127,
      "Q2": 8.092783505154639,
      "Q3": 10.883495145631068,
      "Q4": 23.235294117647058
    }
  },
  "debug": {
    "F": {
      "x_day0": 59,
      "x_day1": 372,
      "x_day2": 684,
      "day_w": 312.5,
      "x_day0_time": 59,
      "x_day1_time": 351,
      "x_day2_time": 643,
      "day_w_time": 292.0,
      "x_plot_end": 935,
      "x1_static": 936,
      "x1_dyn": 935,
      "x1_dyn_used": true,
      "pph": 12.166666666666666,
      "pph_source": "day_width (tick-mismatch-fallback)",
      "pph_tick": 19.0,
      "tick_pph_rel_err": 0.5616438356164384,
      "tick_pph_valid": false,
      "tick_count": 50,
      "tick_quality": 0.6944444444444444,
      "tick_used": false,
      "x_frontier": 656,
      "frontier_method": "activity_scan",
      "frontier_activity_thr": 0.49627890586853024,
      "frontier_activity_right_tail": 0.20394162833690643,
      "frontier_activity_run_px": 8,
      "guard_px": 4,
      "left_guard": 645,
      "right_guard": 652,
      "x_time": 653,
      "x_ideal": 653,
      "x_now": 652,
      "x_now_method": "guard_invalid",
      "hour_now_tsst": 0.7844444444444444,
      "rollover_hour_min": 3.0,
      "rollover_hour_max": 8.5,
      "delta_min_to_guard": -4.931506849315069,
      "delta_min_to_frontier": 14.794520547945206,
      "frontier_day_fill": 0.04452054794520548,
      "rollover_candidate": false,
      "bias_minutes_applied": 0.0,
      "measured_bias_minutes": null,
      "age_hours": null,
      "status": "no_recent_data",
      "x_pick": 651,
      "x_pick_edge": 652,
      "x_pick_safe_right": 923,
      "x_overlay": 652,
      "f1_path_x_range": [
        638,
        652
      ],
      "f1_path_target_col": 13,
      "f1_path_y_px": 77,
      "f4_path_x_range": [
        638,
        652
      ],
      "f4_path_target_col": 13,
      "f4_path_y_px": 251,
      "f1_path2_x_range": [
        642,
        652
      ],
      "f1_path2_target_col": 9,
      "f1_path2_y_px": 71,
      "f1_path2_y_direct_px": 76,
      "f1_path2_direct_used": false,
      "f1_path2_direct_allowed": false,
      "f1_path2_left_weight": 0.35,
      "f1_path2_right_weight": 1.0,
      "f2_path2_x_range": [
        642,
        652
      ],
      "f2_path2_target_col": 9,
      "f2_path2_y_px": 156,
      "f2_path2_y_direct_px": 156,
      "f2_path2_direct_used": false,
      "f2_path2_direct_allowed": false,
      "f2_path2_left_weight": 0.4,
      "f2_path2_right_weight": 1.0,
      "f4_path2_x_range": [
        642,
        652
      ],
      "f4_path2_target_col": 9,
      "f4_path2_y_px": 251,
      "f4_path2_y_direct_px": 230,
      "f4_path2_direct_used": false,
      "f4_path2_direct_allowed": false,
      "f4_path2_left_weight": 0.4,
      "f4_path2_right_weight": 1.0,
      "f1_local_snap_x": 652,
      "f1_local_snap_y_px": 68,
      "f1_local_snap_search_px": 8,
      "f1_local_snap_search_up_px": 4,
      "f1_local_snap_search_down_px": 12,
      "f1_local_snap_prefer_lower_weight": 0.02,
      "f3_local_snap_x": 652,
      "f3_local_snap_y_px": 203,
      "f3_local_snap_search_px": 6,
      "f3_local_snap_search_up_px": 6,
      "f3_local_snap_search_down_px": 6,
      "f3_local_snap_prefer_lower_weight": 0.0,
      "f4_local_snap_x": 652,
      "f4_local_snap_y_px": 251,
      "f4_local_snap_search_px": 8,
      "f4_local_snap_search_up_px": 6,
      "f4_local_snap_search_down_px": 14,
      "f4_local_snap_prefer_lower_weight": 0.05,
      "f2_local_snap_x": 652,
      "f2_local_snap_y_px": 156,
      "f2_local_snap_search_px": 8,
      "f2_local_snap_search_up_px": 14,
      "f2_local_snap_search_down_px": 2,
      "f2_local_snap_prefer_lower_weight": 0.0,
      "f2_consensus_x_range": [
        646,
        652
      ],
      "f2_consensus_y_px": 156,
      "f2_consensus_anchor_y_px": 156,
      "f2_consensus_seed_y_px": 158,
      "f2_consensus_support_cols": 5,
      "f2_consensus_support_ratio": 0.8018686030561445,
      "f2_consensus_jump_px": 0,
      "f2_consensus_tol_px": 5,
      "f2_consensus_reason": "accepted",
      "f2_consensus_applied": true,
      "f3_consensus_applied": false,
      "f3_consensus_x_range": [
        646,
        652
      ],
      "f3_consensus_y_px": 203,
      "f3_consensus_anchor_y_px": 203,
      "f3_consensus_seed_y_px": 203,
      "f3_consensus_support_cols": 3,
      "f3_consensus_support_ratio": 0.5280685813613558,
      "f3_consensus_jump_px": 0,
      "f3_consensus_tol_px": 5,
      "f3_consensus_reason": "low_support",
      "f4_consensus_x_range": [
        646,
        652
      ],
      "f4_consensus_y_px": 251,
      "f4_consensus_anchor_y_px": 251,
      "f4_consensus_seed_y_px": 251,
      "f4_consensus_support_cols": 4,
      "f4_consensus_support_ratio": 0.5841526563230119,
      "f4_consensus_jump_px": 0,
      "f4_consensus_tol_px": 6,
      "f4_consensus_reason": "accepted",
      "f4_consensus_applied": true,
      "scale_ranges": {
        "F1": [
          7.2,
          8.4
        ],
        "F2": [
          13.1,
          14.5
        ],
        "F3": [
          18.6,
          20.2
        ],
        "F4": [
          24.1,
          26.5
        ]
      }
    },
    "A": {
      "x_day0": 59,
      "x_day1": 372,
      "x_day2": 684,
      "day_w": 312.5,
      "x_day0_time": 59,
      "x_day1_time": 351,
      "x_day2_time": 643,
      "day_w_time": 292.0,
      "x_plot_end": 935,
      "x1_static": 936,
      "x1_dyn": 935,
      "x1_dyn_used": true,
      "pph": 12.166666666666666,