{
  "saved_at_utc": "2026-03-23T17:35:21.656973+00:00",
  "source": "tomsk_sos70_param_charts",
  "freq_max_hz": 40.0,
  "values": {
    "scale_ranges": {
      "F": {
        "F1": [
          7.2,
          8.4
        ],
        "F2": [
          13.1,
          14.5
        ],
        "F3": [
          18.6,
          20.2
        ],
        "F4": [
          24.1,
          26.5
        ]
      },
      "A": {
        "A1": [
          1.0,
          45.0
        ],
        "A2": [
          1.0,
          61.5
        ],
        "A3": [
          2.2,
          12.2
        ],
        "A4": [
          1.1,
          10.2
        ]
      },
      "Q": {
        "Q1": [
          4.0,
          38.0
        ],
        "Q2": [
          5.0,
          17.5
        ],
        "Q3": [
          7.0,
          23.0
        ],
        "Q4": [
          5.0,
          30.0
        ]
      }
    },
    "scale_units": {
      "F_hz": "Hz",
      "A_value": "idx",
      "Q_value": "idx"
    },
    "F_norm": {
      "F1": 0.21254355400696864,
      "F2": 0.39372822299651566,
      "F3": 0.5818815331010453,
      "F4": 0.6794425087108014
    },
    "F_y_px": {
      "F1": 96,
      "F2": 148,
      "F3": 202,
      "F4": 230
    },
    "F_lane_norm": {
      "F1": 0.9649122807017544,
      "F2": 0.8461538461538461,
      "F3": 0.9565217391304348,
      "F4": 0.5
    },
    "F_hz": {
      "F1": 7.242105263157895,
      "F2": 13.315384615384616,
      "F3": 18.669565217391305,
      "F4": 25.3
    },
    "A_norm": {
      "A1": 0.10104529616724739,
      "A2": 0.27526132404181186,
      "A3": 0.4843205574912892,
      "A4": 0.7456445993031359
    },
    "A_y_px": {
      "A1": 64,
      "A2": 114,
      "A3": 174,
      "A4": 249
    },
    "A_lane_norm": {
      "A1": 0.24096385542168675,
      "A2": 0.22448979591836735,
      "A3": 0.18556701030927836,
      "A4": 0.2087912087912088
    },
    "A_value": {
      "A1": 34.39759036144578,
      "A2": 47.91836734693878,
      "A3": 10.344329896907215,
      "A4": 8.299999999999999
    },
    "Q_norm": {
      "Q1": 0.30662020905923343,
      "Q2": 0.4355400696864111,
      "Q3": 0.5958188153310104,
      "Q4": 0.8815331010452961
    },
    "Q_y_px": {
      "Q1": 123,
      "Q2": 160,
      "Q3": 206,
      "Q4": 288
    },
    "Q_lane_norm": {
      "Q1": 0.8314606741573034,
      "Q2": 0.5773195876288659,
      "Q3": 0.4854368932038835,
      "Q4": 0.611764705882353
    },
    "Q_value": {
      "Q1": 9.730337078651683,
      "Q2": 10.283505154639176,
      "Q3": 15.233009708737864,
      "Q4": 14.705882352941176
    }
  },
  "debug": {
    "F": {
      "x_day0": 59,
      "x_day1": 372,
      "x_day2": 684,
      "day_w": 312.5,
      "x_day0_time": 59,
      "x_day1_time": 351,
      "x_day2_time": 643,
      "day_w_time": 292.0,
      "x_plot_end": 935,
      "x1_static": 936,
      "x1_dyn": 935,
      "x1_dyn_used": true,
      "pph": 12.166666666666666,
      "pph_source": "day_width (tick-mismatch-fallback)",
      "pph_tick": 19.0,
      "tick_pph_rel_err": 0.5616438356164384,
      "tick_pph_valid": false,
      "tick_count": 50,
      "tick_quality": 0.6944444444444444,
      "tick_used": false,
      "x_frontier": 654,
      "frontier_method": "activity_scan",
      "frontier_activity_thr": 0.4564532935619354,
      "frontier_activity_right_tail": 0.19632942974567413,
      "frontier_activity_run_px": 8,
      "guard_px": 4,
      "left_guard": 645,
      "right_guard": 650,
      "x_time": 650,
      "x_ideal": 650,
      "x_now": 650,
      "x_now_method": "guard_invalid",
      "hour_now_tsst": 0.5891666666666667,
      "rollover_hour_min": 3.0,
      "rollover_hour_max": 8.5,
      "delta_min_to_guard": 0.0,
      "delta_min_to_frontier": 19.726027397260275,
      "frontier_day_fill": 0.03767123287671233,
      "rollover_candidate": false,
      "bias_minutes_applied": 0.0,
      "measured_bias_minutes": null,
      "age_hours": null,
      "status": "no_recent_data",
      "x_pick": 649,
      "x_pick_edge": 650,
      "x_pick_safe_right": 923,
      "x_overlay": 650,
      "f1_path_x_range": [
        636,
        650
      ],
      "f1_path_target_col": 13,
      "f1_path_y_px": 91,
      "f4_path_x_range": [
        636,
        650
      ],
      "f4_path_target_col": 13,
      "f4_path_y_px": 251,
      "f1_path2_x_range": [
        640,
        650
      ],
      "f1_path2_target_col": 9,
      "f1_path2_y_px": 91,
      "f1_path2_y_direct_px": 61,
      "f1_path2_direct_used": false,
      "f1_path2_direct_allowed": false,
      "f1_path2_left_weight": 0.35,
      "f1_path2_right_weight": 1.0,
      "f2_path2_x_range": [
        640,
        650
      ],
      "f2_path2_target_col": 9,
      "f2_path2_y_px": 149,
      "f2_path2_y_direct_px": 149,
      "f2_path2_direct_used": false,
      "f2_path2_direct_allowed": false,
      "f2_path2_left_weight": 0.4,
      "f2_path2_right_weight": 1.0,
      "f4_path2_x_range": [
        640,
        650
      ],
      "f4_path2_target_col": 9,
      "f4_path2_y_px": 230,
      "f4_path2_y_direct_px": 221,
      "f4_path2_direct_used": false,
      "f4_path2_direct_allowed": false,
      "f4_path2_left_weight": 0.4,
      "f4_path2_right_weight": 1.0,
      "f1_local_snap_x": 650,
      "f1_local_snap_y_px": 96,
      "f1_local_snap_search_px": 8,
      "f1_local_snap_search_up_px": 4,
      "f1_local_snap_search_down_px": 12,
      "f1_local_snap_prefer_lower_weight": 0.02,
      "f3_local_snap_x": 650,
      "f3_local_snap_y_px": 202,
      "f3_local_snap_search_px": 6,
      "f3_local_snap_search_up_px": 6,
      "f3_local_snap_search_down_px": 6,
      "f3_local_snap_prefer_lower_weight": 0.0,
      "f4_local_snap_x": 650,
      "f4_local_snap_y_px": 230,
      "f4_local_snap_search_px": 8,
      "f4_local_snap_search_up_px": 6,
      "f4_local_snap_search_down_px": 14,
      "f4_local_snap_prefer_lower_weight": 0.05,
      "f2_local_snap_x": 650,
      "f2_local_snap_y_px": 137,
      "f2_local_snap_search_px": 8,
      "f2_local_snap_search_up_px": 14,
      "f2_local_snap_search_down_px": 2,
      "f2_local_snap_prefer_lower_weight": 0.0,
      "f2_consensus_x_range": [
        644,
        650
      ],
      "f2_consensus_y_px": 148,
      "f2_consensus_anchor_y_px": 137,
      "f2_consensus_seed_y_px": 144,
      "f2_consensus_support_cols": 7,
      "f2_consensus_support_ratio": 1.0,
      "f2_consensus_jump_px": 11,
      "f2_consensus_tol_px": 5,
      "f2_consensus_reason": "accepted",
      "f2_consensus_applied": true,
      "f3_consensus_applied": false,
      "f3_consensus_x_range": [
        644,
        650
      ],
      "f3_consensus_y_px": 202,
      "f3_consensus_anchor_y_px": 202,
      "f3_consensus_seed_y_px": 202,
      "f3_consensus_support_cols": 3,
      "f3_consensus_support_ratio": 0.46388542276306055,
      "f3_consensus_jump_px": 0,
      "f3_consensus_tol_px": 5,
      "f3_consensus_reason": "low_support",
      "f4_consensus_applied": false,
      "f4_consensus_x_range": [
        644,
        650
      ],
      "f4_consensus_y_px": 230,
      "f4_consensus_anchor_y_px": 230,
      "f4_consensus_seed_y_px": 230,
      "f4_consensus_support_cols": 4,
      "f4_consensus_support_ratio": 0.5272654024344623,
      "f4_consensus_jump_px": 0,
      "f4_consensus_tol_px": 6,
      "f4_consensus_reason": "low_support",
      "scale_ranges": {
        "F1": [
          7.2,
          8.4
        ],
        "F2": [
          13.1,
          14.5
        ],
        "F3": [
          18.6,
          20.2
        ],
        "F4": [
          24.1,
          26.5
        ]
      }
    },
    "A": {
      "x_day0": 59,
      "x_day1": 372,
      "x_day2": 684,
      "day_w": 312.5,
      "x_day0_time": 59,
      "x_day1_time": 351,
      "x_day2_time": 643,
      "day_w_time": 292.0,
      "x_plot_end": 935,
      "x1_static": 936,
      "x1_dyn": 935,
      "x1_dyn_used": true,
      "pph": 12.166666666666666,