{
  "saved_at_utc": "2026-05-09T14:54:45.172492+00:00",
  "source": "tomsk_sos70_param_charts",
  "freq_max_hz": 40.0,
  "values": {
    "scale_ranges": {
      "F": {
        "F1": [
          7.2,
          8.4
        ],
        "F2": [
          13.1,
          14.5
        ],
        "F3": [
          18.6,
          20.2
        ],
        "F4": [
          24.1,
          26.5
        ]
      },
      "A": {
        "A1": [
          1.0,
          45.0
        ],
        "A2": [
          1.0,
          61.5
        ],
        "A3": [
          2.2,
          12.2
        ],
        "A4": [
          1.1,
          10.2
        ]
      },
      "Q": {
        "Q1": [
          4.0,
          38.0
        ],
        "Q2": [
          5.0,
          17.5
        ],
        "Q3": [
          7.0,
          23.0
        ],
        "Q4": [
          5.0,
          30.0
        ]
      }
    },
    "scale_units": {
      "F_hz": "Hz",
      "A_value": "idx",
      "Q_value": "idx"
    },
    "F_norm": {
      "F1": 0.1986062717770035,
      "F2": 0.29965156794425085,
      "F3": 0.5714285714285714,
      "F4": 0.7526132404181185
    },
    "F_y_px": {
      "F1": 92,
      "F2": 121,
      "F3": 199,
      "F4": 251
    },
    "F_lane_norm": {
      "F1": 0.8947368421052632,
      "F2": 0.3269230769230769,
      "F3": 0.8913043478260869,
      "F4": 0.9565217391304348
    },
    "F_hz": {
      "F1": 7.326315789473684,
      "F2": 14.042307692307693,
      "F3": 18.773913043478263,
      "F4": 24.20434782608696
    },
    "A_norm": {
      "A1": 0.11498257839721254,
      "A2": 0.4564459930313589,
      "A3": 0.6759581881533101,
      "A4": 0.8885017421602788
    },
    "A_y_px": {
      "A1": 68,
      "A2": 166,
      "A3": 229,
      "A4": 290
    },
    "A_lane_norm": {
      "A1": 0.2891566265060241,
      "A2": 0.7551020408163265,
      "A3": 0.7525773195876289,
      "A4": 0.6593406593406593
    },
    "A_value": {
      "A1": 32.27710843373494,
      "A2": 15.816326530612251,
      "A3": 4.674226804123711,
      "A4": 4.199999999999999
    },
    "Q_norm": {
      "Q1": 0.11498257839721254,
      "Q2": 0.5087108013937283,
      "Q3": 0.6411149825783972,
      "Q4": 0.89198606271777
    },
    "Q_y_px": {
      "Q1": 68,
      "Q2": 181,
      "Q3": 219,
      "Q4": 291
    },
    "Q_lane_norm": {
      "Q1": 0.21348314606741572,
      "Q2": 0.7938144329896907,
      "Q3": 0.6116504854368932,
      "Q4": 0.6470588235294118
    },
    "Q_value": {
      "Q1": 30.741573033707866,
      "Q2": 7.577319587628866,
      "Q3": 13.21359223300971,
      "Q4": 13.823529411764707
    }
  },
  "debug": {
    "F": {
      "x_day0": 59,
      "x_day1": 363,
      "x_day2": 667,
      "day_w": 304.0,
      "x_day0_time": 59,
      "x_day1_time": 351,
      "x_day2_time": 643,
      "day_w_time": 292.0,
      "x_plot_end": 935,
      "x1_static": 936,
      "x1_dyn": 935,
      "x1_dyn_used": true,
      "pph": 12.166666666666666,
      "pph_source": "day_width (tick-mismatch-fallback)",
      "pph_tick": 19.0,
      "tick_pph_rel_err": 0.5616438356164384,
      "tick_pph_valid": false,
      "tick_count": 50,
      "tick_quality": 0.6944444444444444,
      "tick_used": false,
      "x_frontier": 896,
      "frontier_method": "activity_scan",
      "frontier_activity_thr": 0.41090637892484666,
      "frontier_activity_right_tail": 0.09295325726270676,
      "frontier_activity_run_px": 8,
      "guard_px": 4,
      "left_guard": 645,
      "right_guard": 892,
      "x_time": 910,
      "x_ideal": 910,
      "x_now": 910,
      "x_now_method": "harmonized_pair_cluster",
      "hour_now_tsst": 21.912499999999998,
      "rollover_hour_min": 3.0,
      "rollover_hour_max": 8.5,
      "delta_min_to_guard": -88.76712328767124,
      "delta_min_to_frontier": -69.04109589041097,
      "frontier_day_fill": 0.8664383561643836,
      "rollover_candidate": false,
      "bias_minutes_applied": 0.0,
      "measured_bias_minutes": null,
      "age_hours": null,
      "status": "ok",
      "x_now_before_harmonize": 892,
      "x_pick": 909,
      "x_pick_edge": 910,
      "x_pick_safe_right": 923,
      "x_overlay": 910,
      "f1_path_x_range": [
        896,
        910
      ],
      "f1_path_target_col": 13,
      "f1_path_y_px": 94,
      "f4_path_x_range": [
        896,
        910
      ],
      "f4_path_target_col": 13,
      "f4_path_y_px": 251,
      "f1_path2_x_range": [
        900,
        910
      ],
      "f1_path2_target_col": 9,
      "f1_path2_y_px": 94,
      "f1_path2_y_direct_px": 70,
      "f1_path2_direct_used": false,
      "f1_path2_direct_allowed": false,
      "f1_path2_left_weight": 0.35,
      "f1_path2_right_weight": 1.0,
      "f2_path2_x_range": [
        900,
        910
      ],
      "f2_path2_target_col": 9,
      "f2_path2_y_px": 131,
      "f2_path2_y_direct_px": 140,
      "f2_path2_direct_used": false,
      "f2_path2_direct_allowed": false,
      "f2_path2_left_weight": 0.4,
      "f2_path2_right_weight": 1.0,
      "f4_path2_x_range": [
        900,
        910
      ],
      "f4_path2_target_col": 9,
      "f4_path2_y_px": 251,
      "f4_path2_y_direct_px": 230,
      "f4_path2_direct_used": false,
      "f4_path2_direct_allowed": false,
      "f4_path2_left_weight": 0.4,
      "f4_path2_right_weight": 1.0,
      "f1_local_snap_x": 910,
      "f1_local_snap_y_px": 92,
      "f1_local_snap_search_px": 8,
      "f1_local_snap_search_up_px": 4,
      "f1_local_snap_search_down_px": 12,
      "f1_local_snap_prefer_lower_weight": 0.02,
      "f3_local_snap_x": 910,
      "f3_local_snap_y_px": 199,
      "f3_local_snap_search_px": 6,
      "f3_local_snap_search_up_px": 6,
      "f3_local_snap_search_down_px": 6,
      "f3_local_snap_prefer_lower_weight": 0.0,
      "f4_local_snap_x": 910,
      "f4_local_snap_y_px": 251,
      "f4_local_snap_search_px": 8,
      "f4_local_snap_search_up_px": 6,
      "f4_local_snap_search_down_px": 14,
      "f4_local_snap_prefer_lower_weight": 0.05,
      "f2_local_snap_x": 910,
      "f2_local_snap_y_px": 121,
      "f2_local_snap_search_px": 8,
      "f2_local_snap_search_up_px": 14,
      "f2_local_snap_search_down_px": 2,
      "f2_local_snap_prefer_lower_weight": 0.0,
      "f2_consensus_applied": false,
      "f2_consensus_x_range": [
        904,
        910
      ],
      "f2_consensus_y_px": 153,
      "f2_consensus_anchor_y_px": 121,
      "f2_consensus_seed_y_px": 154,
      "f2_consensus_support_cols": 4,
      "f2_consensus_support_ratio": 0.5302145360266675,
      "f2_consensus_jump_px": 32,
      "f2_consensus_tol_px": 5,
      "f2_consensus_reason": "low_support",
      "f3_consensus_applied": false,
      "f3_consensus_x_range": [
        904,
        910
      ],
      "f3_consensus_y_px": 199,
      "f3_consensus_anchor_y_px": 199,
      "f3_consensus_seed_y_px": 200,
      "f3_consensus_support_cols": 3,
      "f3_consensus_support_ratio": 0.47410642659773605,
      "f3_consensus_jump_px": 0,
      "f3_consensus_tol_px": 5,
      "f3_consensus_reason": "low_support",
      "f4_consensus_x_range": [
        904,
        910
      ],
      "f4_consensus_y_px": 251,
      "f4_consensus_anchor_y_px": 251,
      "f4_consensus_seed_y_px": 251,
      "f4_consensus_support_cols": 5,
      "f4_consensus_support_ratio": 0.7280377138376506,
      "f4_consensus_jump_px": 0,
      "f4_consensus_tol_px": 6,
      "f4_consensus_reason": "accepted",
      "f4_consensus_applied": true,
      "scale_ranges": {
        "F1": [
          7.2,
          8.4
        ],
        "F2": [
          13.1,
          14.5
        ],
        "F3": [
          18.6,
          20.2
        ],
        "F4": [
          24.1,
          26.5
        ]
      }
    },
    "A": {
      "x_day0": 59,
      "x_day1": 372,
      "x_day2": 684,
      "day_w": 312.5,
      "x_day0_time": 59,
      "x_day1_time": 351,
      "x_day2_time": 644,
      "day_w_time": 292.3333333333333,
      "x_plot_end": 936,