{
  "saved_at_utc": "2026-03-04T10:14:07.751554+00:00",
  "source": "tomsk_sos70_param_charts",
  "freq_max_hz": 40.0,
  "values": {
    "scale_ranges": {
      "F": {
        "F1": [
          7.2,
          8.4
        ],
        "F2": [
          13.1,
          14.5
        ],
        "F3": [
          18.6,
          20.2
        ],
        "F4": [
          24.1,
          26.5
        ]
      },
      "A": {
        "A1": [
          1.0,
          45.0
        ],
        "A2": [
          1.0,
          61.5
        ],
        "A3": [
          2.2,
          12.2
        ],
        "A4": [
          1.1,
          10.2
        ]
      },
      "Q": {
        "Q1": [
          4.0,
          38.0
        ],
        "Q2": [
          5.0,
          17.5
        ],
        "Q3": [
          7.0,
          23.0
        ],
        "Q4": [
          5.0,
          30.0
        ]
      }
    },
    "scale_units": {
      "F_hz": "Hz",
      "A_value": "idx",
      "Q_value": "idx"
    },
    "F_norm": {
      "F1": 0.059233449477351915,
      "F2": 0.3693379790940767,
      "F3": 0.49825783972125437,
      "F4": 0.7421602787456446
    },
    "F_y_px": {
      "F1": 52,
      "F2": 141,
      "F3": 178,
      "F4": 248
    },
    "F_lane_norm": {
      "F1": 0.19298245614035087,
      "F2": 0.7115384615384616,
      "F3": 0.43478260869565216,
      "F4": 0.8913043478260869
    },
    "F_hz": {
      "F1": 8.16842105263158,
      "F2": 13.503846153846153,
      "F3": 19.504347826086956,
      "F4": 24.360869565217392
    },
    "A_norm": {
      "A1": 0.1951219512195122,
      "A2": 0.5365853658536586,
      "A3": 0.735191637630662,
      "A4": 0.9581881533101045
    },
    "A_y_px": {
      "A1": 91,
      "A2": 189,
      "A3": 246,
      "A4": 310
    },
    "A_lane_norm": {
      "A1": 0.5662650602409639,
      "A2": 0.9897959183673469,
      "A3": 0.9278350515463918,
      "A4": 0.8791208791208791
    },
    "A_value": {
      "A1": 20.08433734939759,
      "A2": 1.617346938775512,
      "A3": 2.921649484536081,
      "A4": 2.2
    },
    "Q_norm": {
      "Q1": 0.1951219512195122,
      "Q2": 0.5261324041811847,
      "Q3": 0.6306620209059234,
      "Q4": 0.9303135888501742
    },
    "Q_y_px": {
      "Q1": 91,
      "Q2": 186,
      "Q3": 216,
      "Q4": 302
    },
    "Q_lane_norm": {
      "Q1": 0.47191011235955055,
      "Q2": 0.845360824742268,
      "Q3": 0.5825242718446602,
      "Q4": 0.7764705882352941
    },
    "Q_value": {
      "Q1": 21.95505617977528,
      "Q2": 6.93298969072165,
      "Q3": 13.679611650485437,
      "Q4": 10.588235294117645
    }
  },
  "debug": {
    "F": {
      "x_day0": 59,
      "x_day1": 393,
      "x_day2": 727,
      "day_w": 334.0,
      "x_day0_time": 59,
      "x_day1_time": 351,
      "x_day2_time": 643,
      "day_w_time": 292.0,
      "x_plot_end": 935,
      "x1_static": 936,
      "x1_dyn": 935,
      "x1_dyn_used": true,
      "pph": 12.166666666666666,
      "pph_source": "day_width (tick-mismatch-fallback)",
      "pph_tick": 19.0,
      "tick_pph_rel_err": 0.5616438356164384,
      "tick_pph_valid": false,
      "tick_count": 50,
      "tick_quality": 0.6944444444444444,
      "tick_used": false,
      "x_frontier": 847,
      "frontier_method": "activity_scan",
      "frontier_activity_thr": 0.39081926345825196,
      "frontier_activity_right_tail": 0.10201823711395264,
      "frontier_activity_run_px": 8,
      "guard_px": 4,
      "left_guard": 645,
      "right_guard": 843,
      "x_time": 853,
      "x_ideal": 853,
      "x_now": 843,
      "x_now_method": "snap_to_guard",
      "delta_min_to_guard": -49.31506849315069,
      "bias_minutes_applied": 0.0,
      "measured_bias_minutes": null,
      "age_hours": null,
      "status": "ok",
      "x_pick": 841,
      "x_pick_edge": 843,
      "x_pick_safe_right": 893,
      "x_overlay": 843,
      "f1_path_x_range": [
        829,
        843
      ],
      "f1_path_target_col": 14,
      "f1_path_y_px": 52,
      "f4_path_x_range": [
        829,
        843
      ],
      "f4_path_target_col": 14,
      "f4_path_y_px": 251,
      "f3_local_snap_x": 843,
      "f3_local_snap_y_px": 178,
      "f3_local_snap_search_px": 6,
      "f3_local_snap_search_up_px": 6,
      "f3_local_snap_search_down_px": 6,
      "f3_local_snap_prefer_lower_weight": 0.0,
      "f4_local_snap_x": 843,
      "f4_local_snap_y_px": 248,
      "f4_local_snap_search_px": 4,
      "f4_local_snap_search_up_px": 4,
      "f4_local_snap_search_down_px": 4,
      "f4_local_snap_prefer_lower_weight": 0.0,
      "f2_local_snap_x": 843,
      "f2_local_snap_y_px": 141,
      "f2_local_snap_search_px": 8,
      "f2_local_snap_search_up_px": 8,
      "f2_local_snap_search_down_px": 8,
      "f2_local_snap_prefer_lower_weight": 0.0,
      "scale_ranges": {
        "F1": [
          7.2,
          8.4
        ],
        "F2": [
          13.1,
          14.5
        ],
        "F3": [
          18.6,
          20.2
        ],
        "F4": [
          24.1,
          26.5
        ]
      }
    },
    "A": {
      "x_day0": 59,
      "x_day1": 392,
      "x_day2": 726,
      "day_w": 333.5,
      "x_day0_time": 59,
      "x_day1_time": 351,
      "x_day2_time": 643,
      "day_w_time": 292.0,
      "x_plot_end": 935,
      "x1_static": 936,
      "x1_dyn": 935,
      "x1_dyn_used": true,
      "pph": 12.166666666666666,
      "pph_source": "day_width (tick-mismatch-fallback)",
      "pph_tick": 19.0,
      "tick_pph_rel_err": 0.5616438356164384,
      "tick_pph_valid": false,
      "tick_count": 50,
      "tick_quality": 0.6944444444444444,
      "tick_used": false,
      "x_frontier": 934,
      "frontier_method": "activity_scan",
      "frontier_activity_thr": 0.2858331769704819,
      "frontier_activity_right_tail": 0.2032584249973297,
      "frontier_activity_run_px": 8,
      "guard_px": 6,
      "left_guard": 645,
      "right_guard": 928,
      "x_time": 853,
      "x_ideal": 853,
      "x_now": 853,
      "x_now_method": "ideal",
      "delta_min_to_guard": 369.8630136986302,
      "bias_minutes_applied": 0.0,
      "measured_bias_minutes": null,
      "age_hours": null,
      "status": "ok",
      "x_pick": 849,
      "x_pick_safe_right": 911,
      "x_overlay": 849,
      "a1_local_snap_x": 849,
      "a1_local_snap_y_px": 91,
      "a1_local_snap_search_px": 6,
      "a1_local_snap_search_up_px": 6,
      "a1_local_snap_search_down_px": 6,
      "a1_local_snap_prefer_lower_weight": 0.0,
      "a2_local_snap_x": 849,
      "a2_local_snap_y_px": 189,
      "a2_local_snap_search_px": 9,
      "a2_local_snap_search_up_px": 9,
      "a2_local_snap_search_down_px": 9,
      "a2_local_snap_prefer_lower_weight": 0.0,
      "a4_local_snap_x": 849,
      "a4_local_snap_y_px": 310,
      "a4_local_snap_search_px": 8,
      "a4_local_snap_search_up_px": 4,
      "a4_local_snap_search_down_px": 72,
      "a4_local_snap_prefer_lower_weight": 0.12,
      "scale_ranges": {
        "A1": [
          1.0,
          45.0
        ],
        "A2": [
          1.0,
          61.5
        ],
        "A3": [
          2.2,
          12.2
        ],
        "A4": [
          1.1,
          10.2
        ]
      }
    },
    "Q": {
      "x_day0": 59,
      "x_day1": 369,
      "x_day2": 679,
      "day_w": 310.0,
      "x_day0_time": 59,
      "x_day1_time": 351,
      "x_day2_time": 643,
      "day_w_time": 292.0,
      "x_plot_end": 935,
      "x1_static": 936,
      "x1_dyn": 935,
      "x1_dyn_used": true,
      "pph": 12.166666666666666,
      "pph_source": "day_width (tick-mismatch-fallback)",
      "pph_tick": 19.0,
      "tick_pph_rel_err": 0.5616438356164384,
      "tick_pph_valid": false,
      "tick_count": 50,
      "tick_quality": 0.6944444444444444,
      "tick_used": false,
      "x_frontier": 845,
      "frontier_method": "activity_scan",
      "frontier_activity_thr": 0.4403857797384262,
      "frontier_activity_right_tail": 0.098963662981987,