{
  "saved_at_utc": "2026-06-11T05:44:04.874133+00:00",
  "source": "tomsk_sos70_param_charts",
  "freq_max_hz": 40.0,
  "values": {
    "scale_ranges": {
      "F": {
        "F1": [
          7.2,
          8.4
        ],
        "F2": [
          13.1,
          14.5
        ],
        "F3": [
          18.6,
          20.2
        ],
        "F4": [
          24.1,
          26.5
        ]
      },
      "A": {
        "A1": [
          1.0,
          45.0
        ],
        "A2": [
          1.0,
          61.5
        ],
        "A3": [
          2.2,
          12.2
        ],
        "A4": [
          1.1,
          10.2
        ]
      },
      "Q": {
        "Q1": [
          4.0,
          38.0
        ],
        "Q2": [
          5.0,
          17.5
        ],
        "Q3": [
          7.0,
          23.0
        ],
        "Q4": [
          5.0,
          30.0
        ]
      }
    },
    "scale_units": {
      "F_hz": "Hz",
      "A_value": "idx",
      "Q_value": "idx"
    },
    "F_norm": {
      "F1": 0.1672473867595819,
      "F2": 0.3344947735191638,
      "F3": 0.578397212543554,
      "F4": 0.6724738675958188
    },
    "F_y_px": {
      "F1": 83,
      "F2": 131,
      "F3": 201,
      "F4": 228
    },
    "F_lane_norm": {
      "F1": 0.7368421052631579,
      "F2": 0.5192307692307693,
      "F3": 0.9347826086956522,
      "F4": 0.45652173913043476
    },
    "F_hz": {
      "F1": 7.515789473684211,
      "F2": 13.773076923076923,
      "F3": 18.70434782608696,
      "F4": 25.40434782608696
    },
    "A_norm": {
      "A1": 0.25435540069686413,
      "A2": 0.4425087108013937,
      "A3": 0.5923344947735192,
      "A4": 0.8397212543554007
    },
    "A_y_px": {
      "A1": 108,
      "A2": 162,
      "A3": 205,
      "A4": 276
    },
    "A_lane_norm": {
      "A1": 0.7710843373493976,
      "A2": 0.7142857142857143,
      "A3": 0.5051546391752577,
      "A4": 0.5054945054945055
    },
    "A_value": {
      "A1": 11.072289156626503,
      "A2": 18.285714285714285,
      "A3": 7.148453608247422,
      "A4": 5.6
    },
    "Q_norm": {
      "Q1": 0.1986062717770035,
      "Q2": 0.5017421602787456,
      "Q3": 0.6445993031358885,
      "Q4": 0.9547038327526133
    },
    "Q_y_px": {
      "Q1": 92,
      "Q2": 179,
      "Q3": 220,
      "Q4": 309
    },
    "Q_lane_norm": {
      "Q1": 0.48314606741573035,
      "Q2": 0.7731958762886598,
      "Q3": 0.6213592233009708,
      "Q4": 0.8588235294117647
    },
    "Q_value": {
      "Q1": 21.573033707865168,
      "Q2": 7.835051546391751,
      "Q3": 13.058252427184467,
      "Q4": 8.529411764705884
    }
  },
  "debug": {
    "F": {
      "x_day0": 59,
      "x_day1": 387,
      "x_day2": 715,
      "day_w": 328.0,
      "x_day0_time": 59,
      "x_day1_time": 351,
      "x_day2_time": 643,
      "day_w_time": 292.0,
      "x_plot_end": 935,
      "x1_static": 936,
      "x1_dyn": 935,
      "x1_dyn_used": true,
      "pph": 12.166666666666666,
      "pph_source": "day_width (tick-mismatch-fallback)",
      "pph_tick": 19.0,
      "tick_pph_rel_err": 0.5616438356164384,
      "tick_pph_valid": false,
      "tick_count": 50,
      "tick_quality": 0.6944444444444444,
      "tick_used": false,
      "x_frontier": 797,
      "frontier_method": "activity_scan",
      "frontier_activity_thr": 0.46956218481063844,
      "frontier_activity_right_tail": 0.14833994209766388,
      "frontier_activity_run_px": 8,
      "guard_px": 4,
      "left_guard": 645,
      "right_guard": 793,
      "x_time": 798,
      "x_ideal": 798,
      "x_now": 798,
      "x_now_method": "ideal",
      "hour_now_tsst": 12.734444444444444,
      "rollover_hour_min": 3.0,
      "rollover_hour_max": 8.5,
      "delta_min_to_guard": -24.657534246575345,
      "delta_min_to_frontier": -4.931506849315069,
      "frontier_day_fill": 0.5273972602739726,
      "rollover_candidate": false,
      "bias_minutes_applied": 0.0,
      "measured_bias_minutes": null,
      "age_hours": null,
      "status": "ok",
      "x_pick": 797,
      "x_pick_edge": 798,
      "x_pick_safe_right": 923,
      "x_overlay": 798,
      "f1_path_x_range": [
        784,
        798
      ],
      "f1_path_target_col": 13,
      "f1_path_y_px": 70,
      "f4_path_x_range": [
        784,
        798
      ],
      "f4_path_target_col": 13,
      "f4_path_y_px": 230,
      "f1_path2_x_range": [
        788,
        798
      ],
      "f1_path2_target_col": 9,
      "f1_path2_y_px": 76,
      "f1_path2_y_direct_px": 81,
      "f1_path2_direct_used": false,
      "f1_path2_direct_allowed": false,
      "f1_path2_left_weight": 0.35,
      "f1_path2_right_weight": 1.0,
      "f2_path2_x_range": [
        788,
        798
      ],
      "f2_path2_target_col": 9,
      "f2_path2_y_px": 132,
      "f2_path2_y_direct_px": 159,
      "f2_path2_direct_used": false,
      "f2_path2_direct_allowed": false,
      "f2_path2_left_weight": 0.4,
      "f2_path2_right_weight": 1.0,
      "f4_path2_x_range": [
        788,
        798
      ],
      "f4_path2_target_col": 9,
      "f4_path2_y_px": 229,
      "f4_path2_y_direct_px": 250,
      "f4_path2_direct_used": false,
      "f4_path2_direct_allowed": false,
      "f4_path2_left_weight": 0.4,
      "f4_path2_right_weight": 1.0,
      "f1_local_snap_x": 798,
      "f1_local_snap_y_px": 83,
      "f1_local_snap_search_px": 8,
      "f1_local_snap_search_up_px": 4,
      "f1_local_snap_search_down_px": 12,
      "f1_local_snap_prefer_lower_weight": 0.02,
      "f3_local_snap_x": 798,
      "f3_local_snap_y_px": 201,
      "f3_local_snap_search_px": 6,
      "f3_local_snap_search_up_px": 6,
      "f3_local_snap_search_down_px": 6,
      "f3_local_snap_prefer_lower_weight": 0.0,
      "f4_local_snap_x": 798,
      "f4_local_snap_y_px": 233,
      "f4_local_snap_search_px": 8,
      "f4_local_snap_search_up_px": 6,
      "f4_local_snap_search_down_px": 14,
      "f4_local_snap_prefer_lower_weight": 0.05,
      "f2_local_snap_x": 798,
      "f2_local_snap_y_px": 131,
      "f2_local_snap_search_px": 8,
      "f2_local_snap_search_up_px": 14,
      "f2_local_snap_search_down_px": 2,
      "f2_local_snap_prefer_lower_weight": 0.0,
      "f2_consensus_x_range": [
        792,
        798
      ],
      "f2_consensus_y_px": 131,
      "f2_consensus_anchor_y_px": 131,
      "f2_consensus_seed_y_px": 129,
      "f2_consensus_support_cols": 4,
      "f2_consensus_support_ratio": 0.6894884995740582,
      "f2_consensus_jump_px": 0,
      "f2_consensus_tol_px": 5,
      "f2_consensus_reason": "accepted",
      "f2_consensus_applied": true,
      "f3_consensus_applied": false,
      "f3_consensus_x_range": [
        792,
        798
      ],
      "f3_consensus_y_px": 187,
      "f3_consensus_anchor_y_px": 201,
      "f3_consensus_seed_y_px": 187,
      "f3_consensus_support_cols": 3,
      "f3_consensus_support_ratio": 0.4386709315229453,
      "f3_consensus_jump_px": 14,
      "f3_consensus_tol_px": 5,
      "f3_consensus_reason": "low_support",
      "f4_consensus_x_range": [
        792,
        798
      ],
      "f4_consensus_y_px": 228,
      "f4_consensus_anchor_y_px": 233,
      "f4_consensus_seed_y_px": 226,
      "f4_consensus_support_cols": 5,
      "f4_consensus_support_ratio": 0.6303121833718862,
      "f4_consensus_jump_px": 5,
      "f4_consensus_tol_px": 6,
      "f4_consensus_reason": "accepted",
      "f4_consensus_applied": true,
      "scale_ranges": {
        "F1": [
          7.2,
          8.4
        ],
        "F2": [
          13.1,
          14.5
        ],
        "F3": [
          18.6,
          20.2
        ],
        "F4": [
          24.1,
          26.5
        ]
      }
    },
    "A": {
      "x_day0": 59,
      "x_day1": 368,
      "x_day2": 678,
      "day_w": 309.5,
      "x_day0_time": 59,
      "x_day1_time": 351,
      "x_day2_time": 643,
      "day_w_time": 292.0,
      "x_plot_end": 935,
      "x1_static": 936,
      "x1_dyn": 935,
      "x1_dyn_used": true,