{
  "saved_at_utc": "2026-03-03T22:46:37.971888+00:00",
  "source": "tomsk_sos70_param_charts",
  "freq_max_hz": 40.0,
  "values": {
    "F_norm": {
      "F1": 0.0313588850174216,
      "F2": 0.29965156794425085,
      "F3": 0.47038327526132406,
      "F4": 0.7491289198606271
    },
    "F_y_px": {
      "F1": 44,
      "F2": 121,
      "F3": 170,
      "F4": 250
    },
    "A_norm": {
      "A1": 0.2961672473867596,
      "A2": 0.5331010452961672,
      "A3": 0.735191637630662,
      "A4": 0.89198606271777
    },
    "A_y_px": {
      "A1": 120,
      "A2": 188,
      "A3": 246,
      "A4": 291
    },
    "Q_norm": {
      "Q1": 0.31010452961672474,
      "Q2": 0.5226480836236934,
      "Q3": 0.6445993031358885,
      "Q4": 0.818815331010453
    },
    "Q_y_px": {
      "Q1": 124,
      "Q2": 185,
      "Q3": 220,
      "Q4": 270
    }
  },
  "debug": {
    "F": {
      "x_day0": 59,
      "x_day1": 392,
      "x_day2": 726,
      "day_w": 333.5,
      "x_day0_time": 59,
      "x_day1_time": 351,
      "x_day2_time": 643,
      "day_w_time": 292.0,
      "x_plot_end": 935,
      "x1_static": 936,
      "x1_dyn": 935,
      "x1_dyn_used": true,
      "pph": 19.0,
      "pph_source": "ticks",
      "pph_tick": 19.0,
      "tick_count": 50,
      "tick_quality": 0.6944444444444444,
      "tick_used": true,
      "x_frontier": 712,
      "frontier_method": "activity_scan",
      "frontier_activity_thr": 0.44272635281085965,
      "frontier_activity_right_tail": 0.19600802659988403,
      "frontier_activity_run_px": 8,
      "guard_px": 6,
      "left_guard": 645,
      "right_guard": 706,
      "x_time": 753,
      "x_ideal": 753,
      "x_now": 708,
      "x_now_method": "harmonized_median",
      "delta_min_to_guard": -148.42105263157896,
      "bias_minutes_applied": 0.0,
      "measured_bias_minutes": null,
      "age_hours": null,
      "status": "ok",
      "x_now_before_harmonize": 706,
      "x_pick": 705,
      "x_pick_edge": 708,
      "x_pick_safe_right": 893,
      "f1_path_x_range": [
        691,
        705
      ],
      "f1_path_target_col": 14,
      "f1_path_y_px": 44,
      "f4_path_x_range": [
        691,
        705
      ],
      "f4_path_target_col": 14,
      "f4_path_y_px": 250
    },
    "A": {
      "x_day0": 59,
      "x_day1": 392,
      "x_day2": 726,
      "day_w": 333.5,
      "x_day0_time": 59,
      "x_day1_time": 351,
      "x_day2_time": 643,
      "day_w_time": 292.0,
      "x_plot_end": 935,
      "x1_static": 936,
      "x1_dyn": 935,
      "x1_dyn_used": true,
      "pph": 19.0,
      "pph_source": "ticks",
      "pph_tick": 19.0,
      "tick_count": 50,
      "tick_quality": 0.6944444444444444,
      "tick_used": true,
      "x_frontier": 934,
      "frontier_method": "activity_scan",
      "frontier_activity_thr": 0.3070141524076462,
      "frontier_activity_right_tail": 0.25413864850997925,
      "frontier_activity_run_px": 8,
      "guard_px": 6,
      "left_guard": 645,
      "right_guard": 928,
      "x_time": 753,
      "x_ideal": 753,
      "x_now": 708,
      "x_now_method": "harmonized_median",
      "delta_min_to_guard": 552.6315789473684,
      "bias_minutes_applied": 0.0,
      "measured_bias_minutes": null,
      "age_hours": null,
      "status": "ok",
      "x_now_before_harmonize": 928,
      "x_pick": 704,
      "x_pick_safe_right": 911
    },
    "Q": {
      "x_day0": 59,
      "x_day1": 392,
      "x_day2": 726,
      "day_w": 333.5,
      "x_day0_time": 59,
      "x_day1_time": 351,
      "x_day2_time": 643,
      "day_w_time": 292.0,
      "x_plot_end": 935,
      "x1_static": 936,
      "x1_dyn": 935,
      "x1_dyn_used": true,
      "pph": 19.0,
      "pph_source": "ticks",
      "pph_tick": 19.0,
      "tick_count": 50,
      "tick_quality": 0.6944444444444444,
      "tick_used": true,
      "x_frontier": 714,
      "frontier_method": "activity_scan",
      "frontier_activity_thr": 0.4962850362062454,
      "frontier_activity_right_tail": 0.2018510401248932,
      "frontier_activity_run_px": 8,
      "guard_px": 6,
      "left_guard": 645,
      "right_guard": 708,
      "x_time": 753,
      "x_ideal": 753,
      "x_now": 708,
      "x_now_method": "harmonized_median",
      "delta_min_to_guard": -142.10526315789474,
      "bias_minutes_applied": 0.0,
      "measured_bias_minutes": null,
      "age_hours": null,
      "status": "ok",
      "x_now_before_harmonize": 708,
      "x_pick": 704,
      "x_pick_safe_right": 911
    },
    "urls": {
      "F": "https://sos70.ru/provider.php?file=srf.jpg",
      "A": "https://sos70.ru/provider.php?file=sra.jpg",
      "Q": "https://sos70.ru/provider.php?file=srq.jpg"
    },
    "overlays": {
      "F": "runs/tomsk_params_f_overlay.png",
      "A": "runs/tomsk_params_a_overlay.png",
      "Q": "runs/tomsk_params_q_overlay.png"
    }
  }
}