{
  "saved_at_utc": "2026-06-03T08:05:54.580051+00:00",
  "source": "tomsk_sos70_param_charts",
  "freq_max_hz": 40.0,
  "values": {
    "scale_ranges": {
      "F": {
        "F1": [
          7.2,
          8.4
        ],
        "F2": [
          13.1,
          14.5
        ],
        "F3": [
          18.6,
          20.2
        ],
        "F4": [
          24.1,
          26.5
        ]
      },
      "A": {
        "A1": [
          1.0,
          45.0
        ],
        "A2": [
          1.0,
          61.5
        ],
        "A3": [
          2.2,
          12.2
        ],
        "A4": [
          1.1,
          10.2
        ]
      },
      "Q": {
        "Q1": [
          4.0,
          38.0
        ],
        "Q2": [
          5.0,
          17.5
        ],
        "Q3": [
          7.0,
          23.0
        ],
        "Q4": [
          5.0,
          30.0
        ]
      }
    },
    "scale_units": {
      "F_hz": "Hz",
      "A_value": "idx",
      "Q_value": "idx"
    },
    "F_norm": {
      "F1": 0.03484320557491289,
      "F2": 0.3344947735191638,
      "F3": 0.4843205574912892,
      "F4": 0.7073170731707317
    },
    "F_y_px": {
      "F1": 45,
      "F2": 131,
      "F3": 174,
      "F4": 238
    },
    "F_lane_norm": {
      "F1": 0.07017543859649122,
      "F2": 0.5192307692307693,
      "F3": 0.34782608695652173,
      "F4": 0.6739130434782609
    },
    "F_hz": {
      "F1": 8.31578947368421,
      "F2": 13.773076923076923,
      "F3": 19.643478260869564,
      "F4": 24.882608695652173
    },
    "A_norm": {
      "A1": 0.31010452961672474,
      "A2": 0.5156794425087108,
      "A3": 0.6968641114982579,
      "A4": 0.8954703832752613
    },
    "A_y_px": {
      "A1": 124,
      "A2": 183,
      "A3": 235,
      "A4": 292
    },
    "A_lane_norm": {
      "A1": 0.963855421686747,
      "A2": 0.9285714285714286,
      "A3": 0.8144329896907216,
      "A4": 0.6813186813186813
    },
    "A_value": {
      "A1": 2.590361445783131,
      "A2": 5.321428571428569,
      "A3": 4.055670103092783,
      "A4": 3.999999999999999
    },
    "Q_norm": {
      "Q1": 0.30662020905923343,
      "Q2": 0.2613240418118467,
      "Q3": 0.7212543554006968,
      "Q4": 0.8954703832752613
    },
    "Q_y_px": {
      "Q1": 123,
      "Q2": 110,
      "Q3": 242,
      "Q4": 292
    },
    "Q_lane_norm": {
      "Q1": 0.8314606741573034,
      "Q2": 0.061855670103092786,
      "Q3": 0.8349514563106796,
      "Q4": 0.6588235294117647
    },
    "Q_value": {
      "Q1": 9.730337078651683,
      "Q2": 16.72680412371134,
      "Q3": 9.640776699029127,
      "Q4": 13.529411764705884
    }
  },
  "debug": {
    "F": {
      "x_day0": 59,
      "x_day1": 368,
      "x_day2": 677,
      "day_w": 309.0,
      "x_day0_time": 59,
      "x_day1_time": 351,
      "x_day2_time": 643,
      "day_w_time": 292.0,
      "x_plot_end": 935,
      "x1_static": 936,
      "x1_dyn": 935,
      "x1_dyn_used": true,
      "pph": 12.166666666666666,
      "pph_source": "day_width (tick-mismatch-fallback)",
      "pph_tick": 19.0,
      "tick_pph_rel_err": 0.5616438356164384,
      "tick_pph_valid": false,
      "tick_count": 50,
      "tick_quality": 0.6944444444444444,
      "tick_used": false,
      "x_frontier": 823,
      "frontier_method": "activity_scan",
      "frontier_activity_thr": 0.42289096117019653,
      "frontier_activity_right_tail": 0.1041983813047409,
      "frontier_activity_run_px": 8,
      "guard_px": 4,
      "left_guard": 645,
      "right_guard": 819,
      "x_time": 827,
      "x_ideal": 827,
      "x_now": 827,
      "x_now_method": "ideal",
      "hour_now_tsst": 15.098333333333334,
      "rollover_hour_min": 3.0,
      "rollover_hour_max": 8.5,
      "delta_min_to_guard": -39.45205479452055,
      "delta_min_to_frontier": -19.726027397260275,
      "frontier_day_fill": 0.6164383561643836,
      "rollover_candidate": false,
      "bias_minutes_applied": 0.0,
      "measured_bias_minutes": null,
      "age_hours": null,
      "status": "ok",
      "x_pick": 826,
      "x_pick_edge": 827,
      "x_pick_safe_right": 923,
      "x_overlay": 827,
      "f1_path_x_range": [
        813,
        827
      ],
      "f1_path_target_col": 13,
      "f1_path_y_px": 45,
      "f4_path_x_range": [
        813,
        827
      ],
      "f4_path_target_col": 13,
      "f4_path_y_px": 251,
      "f1_path2_x_range": [
        817,
        827
      ],
      "f1_path2_target_col": 9,
      "f1_path2_y_px": 45,
      "f1_path2_y_direct_px": 44,
      "f1_path2_direct_used": false,
      "f1_path2_direct_allowed": false,
      "f1_path2_left_weight": 0.35,
      "f1_path2_right_weight": 1.0,
      "f2_path2_x_range": [
        817,
        827
      ],
      "f2_path2_target_col": 9,
      "f2_path2_y_px": 131,
      "f2_path2_y_direct_px": 150,
      "f2_path2_direct_used": false,
      "f2_path2_direct_allowed": false,
      "f2_path2_left_weight": 0.4,
      "f2_path2_right_weight": 1.0,
      "f4_path2_x_range": [
        817,
        827
      ],
      "f4_path2_target_col": 9,
      "f4_path2_y_px": 231,
      "f4_path2_y_direct_px": 231,
      "f4_path2_direct_used": false,
      "f4_path2_direct_allowed": false,
      "f4_path2_left_weight": 0.4,
      "f4_path2_right_weight": 1.0,
      "f1_local_snap_x": 827,
      "f1_local_snap_y_px": 45,
      "f1_local_snap_search_px": 8,
      "f1_local_snap_search_up_px": 4,
      "f1_local_snap_search_down_px": 12,
      "f1_local_snap_prefer_lower_weight": 0.02,
      "f3_local_snap_x": 827,
      "f3_local_snap_y_px": 168,
      "f3_local_snap_search_px": 6,
      "f3_local_snap_search_up_px": 6,
      "f3_local_snap_search_down_px": 6,
      "f3_local_snap_prefer_lower_weight": 0.0,
      "f4_local_snap_x": 827,
      "f4_local_snap_y_px": 238,
      "f4_local_snap_search_px": 8,
      "f4_local_snap_search_up_px": 6,
      "f4_local_snap_search_down_px": 14,
      "f4_local_snap_prefer_lower_weight": 0.05,
      "f2_local_snap_x": 827,
      "f2_local_snap_y_px": 131,
      "f2_local_snap_search_px": 8,
      "f2_local_snap_search_up_px": 14,
      "f2_local_snap_search_down_px": 2,
      "f2_local_snap_prefer_lower_weight": 0.0,
      "f2_consensus_applied": false,
      "f2_consensus_x_range": [
        821,
        827
      ],
      "f2_consensus_y_px": 110,
      "f2_consensus_anchor_y_px": 131,
      "f2_consensus_seed_y_px": 110,
      "f2_consensus_support_cols": 4,
      "f2_consensus_support_ratio": 0.6570448514659245,
      "f2_consensus_jump_px": 21,
      "f2_consensus_tol_px": 5,
      "f2_consensus_reason": "excessive_jump",
      "f3_consensus_x_range": [
        821,
        827
      ],
      "f3_consensus_y_px": 174,
      "f3_consensus_anchor_y_px": 168,
      "f3_consensus_seed_y_px": 174,
      "f3_consensus_support_cols": 5,
      "f3_consensus_support_ratio": 0.6322336747552425,
      "f3_consensus_jump_px": 6,
      "f3_consensus_tol_px": 5,
      "f3_consensus_reason": "accepted",
      "f3_consensus_applied": true,
      "f4_consensus_x_range": [
        821,
        827
      ],
      "f4_consensus_y_px": 238,
      "f4_consensus_anchor_y_px": 238,
      "f4_consensus_seed_y_px": 238,
      "f4_consensus_support_cols": 7,
      "f4_consensus_support_ratio": 1.0,
      "f4_consensus_jump_px": 0,
      "f4_consensus_tol_px": 6,
      "f4_consensus_reason": "accepted",
      "f4_consensus_applied": true,
      "scale_ranges": {
        "F1": [
          7.2,
          8.4
        ],
        "F2": [
          13.1,
          14.5
        ],
        "F3": [
          18.6,
          20.2
        ],
        "F4": [
          24.1,
          26.5
        ]
      }
    },
    "A": {
      "x_day0": 59,
      "x_day1": 372,
      "x_day2": 684,
      "day_w": 312.5,
      "x_day0_time": 59,
      "x_day1_time": 351,
      "x_day2_time": 643,
      "day_w_time": 292.0,
      "x_plot_end": 935,
      "x1_static": 936,
      "x1_dyn": 935,
      "x1_dyn_used": true,