{
  "saved_at_utc": "2026-06-09T22:40:09.999387+00:00",
  "source": "tomsk_sos70_param_charts",
  "freq_max_hz": 40.0,
  "values": {
    "scale_ranges": {
      "F": {
        "F1": [
          7.2,
          8.4
        ],
        "F2": [
          13.1,
          14.5
        ],
        "F3": [
          18.6,
          20.2
        ],
        "F4": [
          24.1,
          26.5
        ]
      },
      "A": {
        "A1": [
          1.0,
          45.0
        ],
        "A2": [
          1.0,
          61.5
        ],
        "A3": [
          2.2,
          12.2
        ],
        "A4": [
          1.1,
          10.2
        ]
      },
      "Q": {
        "Q1": [
          4.0,
          38.0
        ],
        "Q2": [
          5.0,
          17.5
        ],
        "Q3": [
          7.0,
          23.0
        ],
        "Q4": [
          5.0,
          30.0
        ]
      }
    },
    "scale_units": {
      "F_hz": "Hz",
      "A_value": "idx",
      "Q_value": "idx"
    },
    "F_norm": {
      "F1": 0.04878048780487805,
      "F2": 0.3344947735191638,
      "F3": 0.5679442508710801,
      "F4": 0.7526132404181185
    },
    "F_y_px": {
      "F1": 49,
      "F2": 131,
      "F3": 198,
      "F4": 251
    },
    "F_lane_norm": {
      "F1": 0.14035087719298245,
      "F2": 0.5192307692307693,
      "F3": 0.8695652173913043,
      "F4": 0.9565217391304348
    },
    "F_hz": {
      "F1": 8.23157894736842,
      "F2": 13.773076923076923,
      "F3": 18.808695652173913,
      "F4": 24.20434782608696
    },
    "A_norm": {
      "A1": 0.29965156794425085,
      "A2": 0.5156794425087108,
      "A3": 0.7038327526132404,
      "A4": 0.9059233449477352
    },
    "A_y_px": {
      "A1": 121,
      "A2": 183,
      "A3": 237,
      "A4": 295
    },
    "A_lane_norm": {
      "A1": 0.927710843373494,
      "A2": 0.9285714285714286,
      "A3": 0.8350515463917526,
      "A4": 0.7142857142857143
    },
    "A_value": {
      "A1": 4.180722891566262,
      "A2": 5.321428571428569,
      "A3": 3.849484536082473,
      "A4": 3.6999999999999993
    },
    "Q_norm": {
      "Q1": 0.31010452961672474,
      "Q2": 0.5156794425087108,
      "Q3": 0.519163763066202,
      "Q4": 0.8954703832752613
    },
    "Q_y_px": {
      "Q1": 124,
      "Q2": 183,
      "Q3": 184,
      "Q4": 292
    },
    "Q_lane_norm": {
      "Q1": 0.8426966292134831,
      "Q2": 0.8144329896907216,
      "Q3": 0.27184466019417475,
      "Q4": 0.6588235294117647
    },
    "Q_value": {
      "Q1": 9.348314606741575,
      "Q2": 7.31958762886598,
      "Q3": 18.650485436893206,
      "Q4": 13.529411764705884
    }
  },
  "debug": {
    "F": {
      "x_day0": 59,
      "x_day1": 392,
      "x_day2": 726,
      "day_w": 333.5,
      "x_day0_time": 59,
      "x_day1_time": 351,
      "x_day2_time": 643,
      "day_w_time": 292.0,
      "x_plot_end": 935,
      "x1_static": 936,
      "x1_dyn": 935,
      "x1_dyn_used": true,
      "pph": 12.166666666666666,
      "pph_source": "day_width (tick-mismatch-fallback)",
      "pph_tick": 19.0,
      "tick_pph_rel_err": 0.5616438356164384,
      "tick_pph_valid": false,
      "tick_count": 50,
      "tick_quality": 0.6944444444444444,
      "tick_used": false,
      "x_frontier": 703,
      "frontier_method": "activity_scan",
      "frontier_activity_thr": 0.5097298800945281,
      "frontier_activity_right_tail": 0.1942082792520523,
      "frontier_activity_run_px": 8,
      "guard_px": 4,
      "left_guard": 645,
      "right_guard": 699,
      "x_time": 712,
      "x_ideal": 712,
      "x_now": 712,
      "x_now_method": "harmonized_prefer_non_rollover",
      "hour_now_tsst": 5.669166666666667,
      "rollover_hour_min": 3.0,
      "rollover_hour_max": 8.5,
      "delta_min_to_guard": -64.10958904109589,
      "delta_min_to_frontier": -44.38356164383562,
      "frontier_day_fill": 0.2054794520547945,
      "rollover_candidate": false,
      "bias_minutes_applied": 0.0,
      "measured_bias_minutes": null,
      "age_hours": null,
      "status": "ok",
      "x_now_before_harmonize": 712,
      "x_pick": 711,
      "x_pick_edge": 712,
      "x_pick_safe_right": 923,
      "x_overlay": 712,
      "f1_path_x_range": [
        698,
        712
      ],
      "f1_path_target_col": 13,
      "f1_path_y_px": 44,
      "f4_path_x_range": [
        698,
        712
      ],
      "f4_path_target_col": 13,
      "f4_path_y_px": 251,
      "f1_path2_x_range": [
        702,
        712
      ],
      "f1_path2_target_col": 9,
      "f1_path2_y_px": 44,
      "f1_path2_y_direct_px": 70,
      "f1_path2_direct_used": false,
      "f1_path2_direct_allowed": false,
      "f1_path2_left_weight": 0.35,
      "f1_path2_right_weight": 1.0,
      "f2_path2_x_range": [
        702,
        712
      ],
      "f2_path2_target_col": 9,
      "f2_path2_y_px": 131,
      "f2_path2_y_direct_px": 145,
      "f2_path2_direct_used": false,
      "f2_path2_direct_allowed": false,
      "f2_path2_left_weight": 0.4,
      "f2_path2_right_weight": 1.0,
      "f4_path2_x_range": [
        702,
        712
      ],
      "f4_path2_target_col": 9,
      "f4_path2_y_px": 251,
      "f4_path2_y_direct_px": 261,
      "f4_path2_direct_used": false,
      "f4_path2_direct_allowed": false,
      "f4_path2_left_weight": 0.4,
      "f4_path2_right_weight": 1.0,
      "f1_local_snap_x": 712,
      "f1_local_snap_y_px": 49,
      "f1_local_snap_search_px": 8,
      "f1_local_snap_search_up_px": 4,
      "f1_local_snap_search_down_px": 12,
      "f1_local_snap_prefer_lower_weight": 0.02,
      "f3_local_snap_x": 712,
      "f3_local_snap_y_px": 197,
      "f3_local_snap_search_px": 6,
      "f3_local_snap_search_up_px": 6,
      "f3_local_snap_search_down_px": 6,
      "f3_local_snap_prefer_lower_weight": 0.0,
      "f4_local_snap_x": 712,
      "f4_local_snap_y_px": 251,
      "f4_local_snap_search_px": 8,
      "f4_local_snap_search_up_px": 6,
      "f4_local_snap_search_down_px": 14,
      "f4_local_snap_prefer_lower_weight": 0.05,
      "f2_local_snap_x": 712,
      "f2_local_snap_y_px": 131,
      "f2_local_snap_search_px": 8,
      "f2_local_snap_search_up_px": 14,
      "f2_local_snap_search_down_px": 2,
      "f2_local_snap_prefer_lower_weight": 0.0,
      "f2_consensus_x_range": [
        706,
        712
      ],
      "f2_consensus_y_px": 131,
      "f2_consensus_anchor_y_px": 131,
      "f2_consensus_seed_y_px": 131,
      "f2_consensus_support_cols": 4,
      "f2_consensus_support_ratio": 0.5513621409825158,
      "f2_consensus_jump_px": 0,
      "f2_consensus_tol_px": 5,
      "f2_consensus_reason": "accepted",
      "f2_consensus_applied": true,
      "f3_consensus_x_range": [
        706,
        712
      ],
      "f3_consensus_y_px": 198,
      "f3_consensus_anchor_y_px": 197,
      "f3_consensus_seed_y_px": 201,
      "f3_consensus_support_cols": 7,
      "f3_consensus_support_ratio": 1.0,
      "f3_consensus_jump_px": 1,
      "f3_consensus_tol_px": 5,
      "f3_consensus_reason": "accepted",
      "f3_consensus_applied": true,
      "f4_consensus_applied": false,
      "f4_consensus_x_range": [
        706,
        712
      ],
      "f4_consensus_y_px": 253,
      "f4_consensus_anchor_y_px": 251,
      "f4_consensus_seed_y_px": 252,
      "f4_consensus_support_cols": 4,
      "f4_consensus_support_ratio": 0.47532543513236797,
      "f4_consensus_jump_px": 2,
      "f4_consensus_tol_px": 6,
      "f4_consensus_reason": "low_support",
      "scale_ranges": {
        "F1": [
          7.2,
          8.4
        ],
        "F2": [
          13.1,
          14.5
        ],
        "F3": [
          18.6,
          20.2
        ],
        "F4": [
          24.1,
          26.5
        ]
      }
    },
    "A": {
      "x_day0": 59,
      "x_day1": 392,
      "x_day2": 726,
      "day_w": 333.5,
      "x_day0_time": 59,
      "x_day1_time": 351,
      "x_day2_time": 643,
      "day_w_time": 292.0,
      "x_plot_end": 935,
      "x1_static": 936,