{
  "saved_at_utc": "2026-03-20T21:55:10.339805+00:00",
  "source": "tomsk_sos70_param_charts",
  "freq_max_hz": 40.0,
  "values": {
    "scale_ranges": {
      "F": {
        "F1": [
          7.2,
          8.4
        ],
        "F2": [
          13.1,
          14.5
        ],
        "F3": [
          18.6,
          20.2
        ],
        "F4": [
          24.1,
          26.5
        ]
      },
      "A": {
        "A1": [
          1.0,
          45.0
        ],
        "A2": [
          1.0,
          61.5
        ],
        "A3": [
          2.2,
          12.2
        ],
        "A4": [
          1.1,
          10.2
        ]
      },
      "Q": {
        "Q1": [
          4.0,
          38.0
        ],
        "Q2": [
          5.0,
          17.5
        ],
        "Q3": [
          7.0,
          23.0
        ],
        "Q4": [
          5.0,
          30.0
        ]
      }
    },
    "scale_units": {
      "F_hz": "Hz",
      "A_value": "idx",
      "Q_value": "idx"
    },
    "F_norm": {
      "F1": 0.04529616724738676,
      "F2": 0.37630662020905925,
      "F3": 0.5749128919860628,
      "F4": 0.7456445993031359
    },
    "F_y_px": {
      "F1": 48,
      "F2": 143,
      "F3": 200,
      "F4": 249
    },
    "F_lane_norm": {
      "F1": 0.12280701754385964,
      "F2": 0.75,
      "F3": 0.9130434782608695,
      "F4": 0.9130434782608695
    },
    "F_hz": {
      "F1": 8.25263157894737,
      "F2": 13.45,
      "F3": 18.73913043478261,
      "F4": 24.308695652173913
    },
    "A_norm": {
      "A1": 0.2682926829268293,
      "A2": 0.42857142857142855,
      "A3": 0.6376306620209059,
      "A4": 0.8885017421602788
    },
    "A_y_px": {
      "A1": 112,
      "A2": 158,
      "A3": 218,
      "A4": 290
    },
    "A_lane_norm": {
      "A1": 0.8192771084337349,
      "A2": 0.673469387755102,
      "A3": 0.6391752577319587,
      "A4": 0.6593406593406593
    },
    "A_value": {
      "A1": 8.951807228915662,
      "A2": 20.755102040816325,
      "A3": 5.808247422680412,
      "A4": 4.199999999999999
    },
    "Q_norm": {
      "Q1": 0.3240418118466899,
      "Q2": 0.39372822299651566,
      "Q3": 0.6794425087108014,
      "Q4": 0.818815331010453
    },
    "Q_y_px": {
      "Q1": 128,
      "Q2": 148,
      "Q3": 230,
      "Q4": 270
    },
    "Q_lane_norm": {
      "Q1": 0.8876404494382022,
      "Q2": 0.4536082474226804,
      "Q3": 0.7184466019417476,
      "Q4": 0.4
    },
    "Q_value": {
      "Q1": 7.820224719101127,
      "Q2": 11.829896907216494,
      "Q3": 11.504854368932039,
      "Q4": 20.0
    }
  },
  "debug": {
    "F": {
      "x_day0": 59,
      "x_day1": 392,
      "x_day2": 726,
      "day_w": 333.5,
      "x_day0_time": 59,
      "x_day1_time": 351,
      "x_day2_time": 643,
      "day_w_time": 292.0,
      "x_plot_end": 935,
      "x1_static": 936,
      "x1_dyn": 935,
      "x1_dyn_used": true,
      "pph": 12.166666666666666,
      "pph_source": "day_width (tick-mismatch-fallback)",
      "pph_tick": 19.0,
      "tick_pph_rel_err": 0.5616438356164384,
      "tick_pph_valid": false,
      "tick_count": 50,
      "tick_quality": 0.6944444444444444,
      "tick_used": false,
      "x_frontier": 702,
      "frontier_method": "activity_scan",
      "frontier_activity_thr": 0.4960833936929703,
      "frontier_activity_right_tail": 0.19543004035949707,
      "frontier_activity_run_px": 8,
      "guard_px": 4,
      "left_guard": 645,
      "right_guard": 698,
      "x_time": 703,
      "x_ideal": 703,
      "x_now": 703,
      "x_now_method": "harmonized_pair_cluster",
      "hour_now_tsst": 4.919444444444445,
      "rollover_hour_min": 3.0,
      "rollover_hour_max": 8.5,
      "delta_min_to_guard": -24.657534246575345,
      "delta_min_to_frontier": -4.931506849315069,
      "frontier_day_fill": 0.20205479452054795,
      "rollover_candidate": false,
      "bias_minutes_applied": 0.0,
      "measured_bias_minutes": null,
      "age_hours": null,
      "status": "ok",
      "x_now_before_harmonize": 703,
      "x_pick": 702,
      "x_pick_edge": 703,
      "x_pick_safe_right": 923,
      "x_overlay": 703,
      "f1_path_x_range": [
        689,
        703
      ],
      "f1_path_target_col": 13,
      "f1_path_y_px": 49,
      "f4_path_x_range": [
        689,
        703
      ],
      "f4_path_target_col": 13,
      "f4_path_y_px": 250,
      "f1_path2_x_range": [
        693,
        703
      ],
      "f1_path2_target_col": 9,
      "f1_path2_y_px": 49,
      "f1_path2_y_direct_px": 49,
      "f1_path2_direct_used": false,
      "f1_path2_direct_allowed": false,
      "f1_path2_left_weight": 0.35,
      "f1_path2_right_weight": 1.0,
      "f2_path2_x_range": [
        693,
        703
      ],
      "f2_path2_target_col": 9,
      "f2_path2_y_px": 144,
      "f2_path2_y_direct_px": 155,
      "f2_path2_direct_used": false,
      "f2_path2_direct_allowed": false,
      "f2_path2_left_weight": 0.4,
      "f2_path2_right_weight": 1.0,
      "f4_path2_x_range": [
        693,
        703
      ],
      "f4_path2_target_col": 9,
      "f4_path2_y_px": 250,
      "f4_path2_y_direct_px": 250,
      "f4_path2_direct_used": false,
      "f4_path2_direct_allowed": false,
      "f4_path2_left_weight": 0.4,
      "f4_path2_right_weight": 1.0,
      "f1_local_snap_x": 703,
      "f1_local_snap_y_px": 48,
      "f1_local_snap_search_px": 8,
      "f1_local_snap_search_up_px": 4,
      "f1_local_snap_search_down_px": 12,
      "f1_local_snap_prefer_lower_weight": 0.02,
      "f3_local_snap_x": 703,
      "f3_local_snap_y_px": 197,
      "f3_local_snap_search_px": 6,
      "f3_local_snap_search_up_px": 6,
      "f3_local_snap_search_down_px": 6,
      "f3_local_snap_prefer_lower_weight": 0.0,
      "f4_local_snap_x": 703,
      "f4_local_snap_y_px": 249,
      "f4_local_snap_search_px": 8,
      "f4_local_snap_search_up_px": 6,
      "f4_local_snap_search_down_px": 14,
      "f4_local_snap_prefer_lower_weight": 0.05,
      "f2_local_snap_x": 703,
      "f2_local_snap_y_px": 143,
      "f2_local_snap_search_px": 8,
      "f2_local_snap_search_up_px": 14,
      "f2_local_snap_search_down_px": 2,
      "f2_local_snap_prefer_lower_weight": 0.0,
      "f2_consensus_x_range": [
        697,
        703
      ],
      "f2_consensus_y_px": 143,
      "f2_consensus_anchor_y_px": 143,
      "f2_consensus_seed_y_px": 142,
      "f2_consensus_support_cols": 7,
      "f2_consensus_support_ratio": 1.0,
      "f2_consensus_jump_px": 0,
      "f2_consensus_tol_px": 5,
      "f2_consensus_reason": "accepted",
      "f2_consensus_applied": true,
      "f3_consensus_x_range": [
        697,
        703
      ],
      "f3_consensus_y_px": 200,
      "f3_consensus_anchor_y_px": 197,
      "f3_consensus_seed_y_px": 202,
      "f3_consensus_support_cols": 7,
      "f3_consensus_support_ratio": 1.0,
      "f3_consensus_jump_px": 3,
      "f3_consensus_tol_px": 5,
      "f3_consensus_reason": "accepted",
      "f3_consensus_applied": true,
      "f4_consensus_x_range": [
        697,
        703
      ],
      "f4_consensus_y_px": 249,
      "f4_consensus_anchor_y_px": 249,
      "f4_consensus_seed_y_px": 249,
      "f4_consensus_support_cols": 5,
      "f4_consensus_support_ratio": 0.7160052049446974,
      "f4_consensus_jump_px": 0,
      "f4_consensus_tol_px": 6,
      "f4_consensus_reason": "accepted",
      "f4_consensus_applied": true,
      "scale_ranges": {
        "F1": [
          7.2,
          8.4
        ],
        "F2": [
          13.1,
          14.5
        ],
        "F3": [
          18.6,
          20.2
        ],
        "F4": [
          24.1,
          26.5
        ]
      }
    },
    "A": {
      "x_day0": 59,
      "x_day1": 392,
      "x_day2": 726,
      "day_w": 333.5,
      "x_day0_time": 59,
      "x_day1_time": 351,
      "x_day2_time": 643,
      "day_w_time": 292.0,
      "x_plot_end": 935,
      "x1_static": 936,
      "x1_dyn": 935,
      "x1_dyn_used": true,
      "pph": 12.166666666666666,