{
  "saved_at_utc": "2026-03-09T17:07:28.855548+00:00",
  "source": "tomsk_sos70_param_charts",
  "freq_max_hz": 40.0,
  "values": {
    "scale_ranges": {
      "F": {
        "F1": [
          7.2,
          8.4
        ],
        "F2": [
          13.1,
          14.5
        ],
        "F3": [
          18.6,
          20.2
        ],
        "F4": [
          24.1,
          26.5
        ]
      },
      "A": {
        "A1": [
          1.0,
          45.0
        ],
        "A2": [
          1.0,
          61.5
        ],
        "A3": [
          2.2,
          12.2
        ],
        "A4": [
          1.1,
          10.2
        ]
      },
      "Q": {
        "Q1": [
          4.0,
          38.0
        ],
        "Q2": [
          5.0,
          17.5
        ],
        "Q3": [
          7.0,
          23.0
        ],
        "Q4": [
          5.0,
          30.0
        ]
      }
    },
    "scale_units": {
      "F_hz": "Hz",
      "A_value": "idx",
      "Q_value": "idx"
    },
    "F_norm": {
      "F1": 0.1951219512195122,
      "F2": 0.37630662020905925,
      "F3": 0.5435540069686411,
      "F4": 0.7526132404181185
    },
    "F_y_px": {
      "F1": 91,
      "F2": 143,
      "F3": 191,
      "F4": 251
    },
    "F_lane_norm": {
      "F1": 0.8771929824561403,
      "F2": 0.75,
      "F3": 0.717391304347826,
      "F4": 0.9565217391304348
    },
    "F_hz": {
      "F1": 7.347368421052632,
      "F2": 13.45,
      "F3": 19.05217391304348,
      "F4": 24.20434782608696
    },
    "A_norm": {
      "A1": 0.2857142857142857,
      "A2": 0.47735191637630664,
      "A3": 0.6829268292682927,
      "A4": 0.8954703832752613
    },
    "A_y_px": {
      "A1": 117,
      "A2": 172,
      "A3": 231,
      "A4": 292
    },
    "A_lane_norm": {
      "A1": 0.8795180722891566,
      "A2": 0.8163265306122449,
      "A3": 0.7731958762886598,
      "A4": 0.6813186813186813
    },
    "A_value": {
      "A1": 6.30120481927711,
      "A2": 12.11224489795918,
      "A3": 4.468041237113401,
      "A4": 3.999999999999999
    },
    "Q_norm": {
      "Q1": 0.30662020905923343,
      "Q2": 0.4146341463414634,
      "Q3": 0.7038327526132404,
      "Q4": 0.9198606271777003
    },
    "Q_y_px": {
      "Q1": 123,
      "Q2": 154,
      "Q3": 237,
      "Q4": 299
    },
    "Q_lane_norm": {
      "Q1": 0.8314606741573034,
      "Q2": 0.5154639175257731,
      "Q3": 0.7864077669902912,
      "Q4": 0.7411764705882353
    },
    "Q_value": {
      "Q1": 9.730337078651683,
      "Q2": 11.056701030927837,
      "Q3": 10.41747572815534,
      "Q4": 11.470588235294116
    }
  },
  "debug": {
    "F": {
      "x_day0": 59,
      "x_day1": 393,
      "x_day2": 727,
      "day_w": 334.0,
      "x_day0_time": 59,
      "x_day1_time": 351,
      "x_day2_time": 644,
      "day_w_time": 292.3333333333333,
      "x_plot_end": 936,
      "x1_static": 936,
      "x1_dyn": 1006,
      "x1_dyn_used": false,
      "pph": 12.180555555555555,
      "pph_source": "day_width (tick-mismatch-fallback)",
      "pph_tick": 19.0,
      "tick_pph_rel_err": 0.5598631698973775,
      "tick_pph_valid": false,
      "tick_count": 50,
      "tick_quality": 0.6944444444444444,
      "tick_used": false,
      "x_frontier": 935,
      "frontier_method": "activity_scan",
      "frontier_activity_thr": 0.39152592420578003,
      "frontier_activity_right_tail": 0.4584994912147522,
      "frontier_activity_run_px": 8,
      "guard_px": 4,
      "left_guard": 646,
      "right_guard": 931,
      "x_time": 646,
      "x_ideal": 646,
      "x_now": 646,
      "x_now_method": "ideal",
      "hour_now_tsst": 0.12444444444444444,
      "rollover_hour_min": 3.0,
      "rollover_hour_max": 8.5,
      "delta_min_to_guard": 1403.8768529076397,
      "frontier_day_fill": 0.9954389965792475,
      "rollover_candidate": false,
      "bias_minutes_applied": 0.0,
      "measured_bias_minutes": null,
      "age_hours": null,
      "status": "ok",
      "x_pick": 645,
      "x_pick_edge": 646,
      "x_pick_safe_right": 924,
      "x_overlay": 646,
      "f1_path_x_range": [
        632,
        646
      ],
      "f1_path_target_col": 13,
      "f1_path_y_px": 46,
      "f4_path_x_range": [
        632,
        646
      ],
      "f4_path_target_col": 13,
      "f4_path_y_px": 251,
      "f1_path2_x_range": [
        636,
        646
      ],
      "f1_path2_target_col": 9,
      "f1_path2_y_px": 90,
      "f1_path2_y_direct_px": 77,
      "f1_path2_direct_used": false,
      "f1_path2_direct_allowed": false,
      "f1_path2_left_weight": 0.35,
      "f1_path2_right_weight": 1.0,
      "f2_path2_x_range": [
        636,
        646
      ],
      "f2_path2_target_col": 9,
      "f2_path2_y_px": 150,
      "f2_path2_y_direct_px": 145,
      "f2_path2_direct_used": false,
      "f2_path2_direct_allowed": false,
      "f2_path2_left_weight": 0.4,
      "f2_path2_right_weight": 1.0,
      "f4_path2_x_range": [
        636,
        646
      ],
      "f4_path2_target_col": 9,
      "f4_path2_y_px": 251,
      "f4_path2_y_direct_px": 230,
      "f4_path2_direct_used": false,
      "f4_path2_direct_allowed": false,
      "f4_path2_left_weight": 0.4,
      "f4_path2_right_weight": 1.0,
      "f1_local_snap_x": 646,
      "f1_local_snap_y_px": 91,
      "f1_local_snap_search_px": 8,
      "f1_local_snap_search_up_px": 4,
      "f1_local_snap_search_down_px": 12,
      "f1_local_snap_prefer_lower_weight": 0.02,
      "f3_local_snap_x": 646,
      "f3_local_snap_y_px": 191,
      "f3_local_snap_search_px": 6,
      "f3_local_snap_search_up_px": 6,
      "f3_local_snap_search_down_px": 6,
      "f3_local_snap_prefer_lower_weight": 0.0,
      "f4_local_snap_x": 646,
      "f4_local_snap_y_px": 251,
      "f4_local_snap_search_px": 8,
      "f4_local_snap_search_up_px": 6,
      "f4_local_snap_search_down_px": 14,
      "f4_local_snap_prefer_lower_weight": 0.05,
      "f2_local_snap_x": 646,
      "f2_local_snap_y_px": 143,
      "f2_local_snap_search_px": 8,
      "f2_local_snap_search_up_px": 14,
      "f2_local_snap_search_down_px": 2,
      "f2_local_snap_prefer_lower_weight": 0.0,
      "scale_ranges": {
        "F1": [
          7.2,
          8.4
        ],
        "F2": [
          13.1,
          14.5
        ],
        "F3": [
          18.6,
          20.2
        ],
        "F4": [
          24.1,
          26.5
        ]
      }
    },
    "A": {
      "x_day0": 59,
      "x_day1": 356,
      "x_day2": 654,
      "day_w": 297.5,
      "x_day0_time": 59,
      "x_day1_time": 351,
      "x_day2_time": 644,
      "day_w_time": 292.3333333333333,
      "x_plot_end": 936,
      "x1_static": 936,
      "x1_dyn": 1006,
      "x1_dyn_used": false,
      "pph": 12.180555555555555,
      "pph_source": "day_width (tick-mismatch-fallback)",
      "pph_tick": 19.0,
      "tick_pph_rel_err": 0.5598631698973775,
      "tick_pph_valid": false,
      "tick_count": 50,
      "tick_quality": 0.6944444444444444,
      "tick_used": false,
      "x_frontier": 935,
      "frontier_method": "activity_scan",
      "frontier_activity_thr": 0.3200199171900749,
      "frontier_activity_right_tail": 0.384510338306427,
      "frontier_activity_run_px": 8,
      "guard_px": 6,
      "left_guard": 646,
      "right_guard": 929,
      "x_time": 646,
      "x_ideal": 646,
      "x_now": 646,
      "x_now_method": "ideal",
      "hour_now_tsst": 0.12444444444444444,
      "rollover_hour_min": 3.0,
      "rollover_hour_max": 8.5,
      "delta_min_to_guard": 1394.0250855188142,
      "frontier_day_fill": 0.9954389965792475,
      "rollover_candidate": false,
      "bias_minutes_applied": 0.0,
      "measured_bias_minutes": null,
      "age_hours": null,
      "status": "ok",
      "x_pick": 642,
      "x_pick_safe_right": 912,
      "x_overlay": 642,
      "a2_path2_x_range": [
        632,
        642
      ],
      "a2_path2_target_col": 9,
      "a2_path2_y_px": 170,
      "a2_path2_y_direct_px": 173,
      "a2_path2_direct_used": false,