{
  "saved_at_utc": "2026-05-29T01:11:21.083348+00:00",
  "source": "tomsk_sos70_param_charts",
  "freq_max_hz": 40.0,
  "values": {
    "scale_ranges": {
      "F": {
        "F1": [
          7.2,
          8.4
        ],
        "F2": [
          13.1,
          14.5
        ],
        "F3": [
          18.6,
          20.2
        ],
        "F4": [
          24.1,
          26.5
        ]
      },
      "A": {
        "A1": [
          1.0,
          45.0
        ],
        "A2": [
          1.0,
          61.5
        ],
        "A3": [
          2.2,
          12.2
        ],
        "A4": [
          1.1,
          10.2
        ]
      },
      "Q": {
        "Q1": [
          4.0,
          38.0
        ],
        "Q2": [
          5.0,
          17.5
        ],
        "Q3": [
          7.0,
          23.0
        ],
        "Q4": [
          5.0,
          30.0
        ]
      }
    },
    "scale_units": {
      "F_hz": "Hz",
      "A_value": "idx",
      "Q_value": "idx"
    },
    "F_norm": {
      "F1": 0.1986062717770035,
      "F2": 0.397212543554007,
      "F3": 0.42857142857142855,
      "F4": 0.7526132404181185
    },
    "F_y_px": {
      "F1": 92,
      "F2": 149,
      "F3": 158,
      "F4": 251
    },
    "F_lane_norm": {
      "F1": 0.8947368421052632,
      "F2": 0.8653846153846154,
      "F3": 0.0,
      "F4": 0.9565217391304348
    },
    "F_hz": {
      "F1": 7.326315789473684,
      "F2": 13.288461538461538,
      "F3": 20.2,
      "F4": 24.20434782608696
    },
    "A_norm": {
      "A1": 0.23344947735191637,
      "A2": 0.4912891986062718,
      "A3": 0.6585365853658537,
      "A4": 0.867595818815331
    },
    "A_y_px": {
      "A1": 102,
      "A2": 176,
      "A3": 224,
      "A4": 284
    },
    "A_lane_norm": {
      "A1": 0.6987951807228916,
      "A2": 0.8571428571428571,
      "A3": 0.7010309278350515,
      "A4": 0.5934065934065934
    },
    "A_value": {
      "A1": 14.253012048192769,
      "A2": 9.642857142857146,
      "A3": 5.189690721649484,
      "A4": 4.8
    },
    "Q_norm": {
      "Q1": 0.11498257839721254,
      "Q2": 0.5261324041811847,
      "Q3": 0.7317073170731707,
      "Q4": 0.9337979094076655
    },
    "Q_y_px": {
      "Q1": 68,
      "Q2": 186,
      "Q3": 245,
      "Q4": 303
    },
    "Q_lane_norm": {
      "Q1": 0.21348314606741572,
      "Q2": 0.845360824742268,
      "Q3": 0.8640776699029126,
      "Q4": 0.788235294117647
    },
    "Q_value": {
      "Q1": 30.741573033707866,
      "Q2": 6.93298969072165,
      "Q3": 9.174757281553399,
      "Q4": 10.294117647058822
    }
  },
  "debug": {
    "F": {
      "x_day0": 59,
      "x_day1": 380,
      "x_day2": 701,
      "day_w": 321.0,
      "x_day0_time": 59,
      "x_day1_time": 351,
      "x_day2_time": 643,
      "day_w_time": 292.0,
      "x_plot_end": 935,
      "x1_static": 936,
      "x1_dyn": 935,
      "x1_dyn_used": true,
      "pph": 12.166666666666666,
      "pph_source": "day_width (tick-mismatch-fallback)",
      "pph_tick": 19.0,
      "tick_pph_rel_err": 0.5616438356164384,
      "tick_pph_valid": false,
      "tick_count": 50,
      "tick_quality": 0.6944444444444444,
      "tick_used": false,
      "x_frontier": 740,
      "frontier_method": "activity_scan",
      "frontier_activity_thr": 0.5173289656639098,
      "frontier_activity_right_tail": 0.18058542907238007,
      "frontier_activity_run_px": 8,
      "guard_px": 4,
      "left_guard": 645,
      "right_guard": 736,
      "x_time": 743,
      "x_ideal": 743,
      "x_now": 743,
      "x_now_method": "harmonized_prefer_non_rollover",
      "hour_now_tsst": 8.18888888888889,
      "rollover_hour_min": 3.0,
      "rollover_hour_max": 8.5,
      "delta_min_to_guard": -34.520547945205486,
      "delta_min_to_frontier": -14.794520547945206,
      "frontier_day_fill": 0.3321917808219178,
      "rollover_candidate": false,
      "bias_minutes_applied": 0.0,
      "measured_bias_minutes": null,
      "age_hours": null,
      "status": "ok",
      "x_now_before_harmonize": 743,
      "x_pick": 742,
      "x_pick_edge": 743,
      "x_pick_safe_right": 923,
      "x_overlay": 743,
      "f1_path_x_range": [
        729,
        743
      ],
      "f1_path_target_col": 13,
      "f1_path_y_px": 90,
      "f4_path_x_range": [
        729,
        743
      ],
      "f4_path_target_col": 13,
      "f4_path_y_px": 250,
      "f1_path2_x_range": [
        733,
        743
      ],
      "f1_path2_target_col": 9,
      "f1_path2_y_px": 90,
      "f1_path2_y_direct_px": 50,
      "f1_path2_direct_used": false,
      "f1_path2_direct_allowed": false,
      "f1_path2_left_weight": 0.35,
      "f1_path2_right_weight": 1.0,
      "f2_path2_x_range": [
        733,
        743
      ],
      "f2_path2_target_col": 9,
      "f2_path2_y_px": 158,
      "f2_path2_y_direct_px": 161,
      "f2_path2_direct_used": false,
      "f2_path2_direct_allowed": false,
      "f2_path2_left_weight": 0.4,
      "f2_path2_right_weight": 1.0,
      "f4_path2_x_range": [
        733,
        743
      ],
      "f4_path2_target_col": 9,
      "f4_path2_y_px": 250,
      "f4_path2_y_direct_px": 250,
      "f4_path2_direct_used": false,
      "f4_path2_direct_allowed": false,
      "f4_path2_left_weight": 0.4,
      "f4_path2_right_weight": 1.0,
      "f1_local_snap_x": 743,
      "f1_local_snap_y_px": 92,
      "f1_local_snap_search_px": 8,
      "f1_local_snap_search_up_px": 4,
      "f1_local_snap_search_down_px": 12,
      "f1_local_snap_prefer_lower_weight": 0.02,
      "f3_local_snap_x": 743,
      "f3_local_snap_y_px": 159,
      "f3_local_snap_search_px": 6,
      "f3_local_snap_search_up_px": 6,
      "f3_local_snap_search_down_px": 6,
      "f3_local_snap_prefer_lower_weight": 0.0,
      "f4_local_snap_x": 743,
      "f4_local_snap_y_px": 249,
      "f4_local_snap_search_px": 8,
      "f4_local_snap_search_up_px": 6,
      "f4_local_snap_search_down_px": 14,
      "f4_local_snap_prefer_lower_weight": 0.05,
      "f2_local_snap_x": 743,
      "f2_local_snap_y_px": 149,
      "f2_local_snap_search_px": 8,
      "f2_local_snap_search_up_px": 14,
      "f2_local_snap_search_down_px": 2,
      "f2_local_snap_prefer_lower_weight": 0.0,
      "f2_consensus_x_range": [
        737,
        743
      ],
      "f2_consensus_y_px": 149,
      "f2_consensus_anchor_y_px": 149,
      "f2_consensus_seed_y_px": 149,
      "f2_consensus_support_cols": 5,
      "f2_consensus_support_ratio": 0.6169706844705851,
      "f2_consensus_jump_px": 0,
      "f2_consensus_tol_px": 5,
      "f2_consensus_reason": "accepted",
      "f2_consensus_applied": true,
      "f3_consensus_x_range": [
        737,
        743
      ],
      "f3_consensus_y_px": 158,
      "f3_consensus_anchor_y_px": 159,
      "f3_consensus_seed_y_px": 159,
      "f3_consensus_support_cols": 6,
      "f3_consensus_support_ratio": 0.8355518516827253,
      "f3_consensus_jump_px": 1,
      "f3_consensus_tol_px": 5,
      "f3_consensus_reason": "accepted",
      "f3_consensus_applied": true,
      "f4_consensus_x_range": [
        737,
        743
      ],
      "f4_consensus_y_px": 251,
      "f4_consensus_anchor_y_px": 249,
      "f4_consensus_seed_y_px": 249,
      "f4_consensus_support_cols": 5,
      "f4_consensus_support_ratio": 0.6512581188356987,
      "f4_consensus_jump_px": 2,
      "f4_consensus_tol_px": 6,
      "f4_consensus_reason": "accepted",
      "f4_consensus_applied": true,
      "scale_ranges": {
        "F1": [
          7.2,
          8.4
        ],
        "F2": [
          13.1,
          14.5
        ],
        "F3": [
          18.6,
          20.2
        ],
        "F4": [
          24.1,
          26.5
        ]
      }
    },
    "A": {
      "x_day0": 59,
      "x_day1": 372,
      "x_day2": 684,
      "day_w": 312.5,
      "x_day0_time": 59,
      "x_day1_time": 351,
      "x_day2_time": 643,
      "day_w_time": 292.0,
      "x_plot_end": 935,
      "x1_static": 936,
      "x1_dyn": 935,
      "x1_dyn_used": true,