{
  "saved_at_utc": "2026-06-23T06:54:35.588318+00:00",
  "source": "tomsk_sos70_param_charts",
  "freq_max_hz": 40.0,
  "values": {
    "scale_ranges": {
      "F": {
        "F1": [
          7.2,
          8.4
        ],
        "F2": [
          13.1,
          14.5
        ],
        "F3": [
          18.6,
          20.2
        ],
        "F4": [
          24.1,
          26.5
        ]
      },
      "A": {
        "A1": [
          1.0,
          45.0
        ],
        "A2": [
          1.0,
          61.5
        ],
        "A3": [
          2.2,
          12.2
        ],
        "A4": [
          1.1,
          10.2
        ]
      },
      "Q": {
        "Q1": [
          4.0,
          38.0
        ],
        "Q2": [
          5.0,
          17.5
        ],
        "Q3": [
          7.0,
          23.0
        ],
        "Q4": [
          5.0,
          30.0
        ]
      }
    },
    "scale_units": {
      "F_hz": "Hz",
      "A_value": "idx",
      "Q_value": "idx"
    },
    "F_norm": {
      "F1": 0.11498257839721254,
      "F2": 0.3344947735191638,
      "F3": 0.5609756097560976,
      "F4": 0.7491289198606271
    },
    "F_y_px": {
      "F1": 68,
      "F2": 131,
      "F3": 196,
      "F4": 250
    },
    "F_lane_norm": {
      "F1": 0.47368421052631576,
      "F2": 0.5192307692307693,
      "F3": 0.8260869565217391,
      "F4": 0.9347826086956522
    },
    "F_hz": {
      "F1": 7.831578947368421,
      "F2": 13.773076923076923,
      "F3": 18.878260869565217,
      "F4": 24.256521739130434
    },
    "A_norm": {
      "A1": 0.1986062717770035,
      "A2": 0.41114982578397213,
      "A3": 0.6411149825783972,
      "A4": 0.89198606271777
    },
    "A_y_px": {
      "A1": 92,
      "A2": 153,
      "A3": 219,
      "A4": 291
    },
    "A_lane_norm": {
      "A1": 0.5783132530120482,
      "A2": 0.6224489795918368,
      "A3": 0.6494845360824743,
      "A4": 0.6703296703296703
    },
    "A_value": {
      "A1": 19.55421686746988,
      "A2": 23.841836734693878,
      "A3": 5.705154639175257,
      "A4": 4.1
    },
    "Q_norm": {
      "Q1": 0.11498257839721254,
      "Q2": 0.45993031358885017,
      "Q3": 0.6829268292682927,
      "Q4": 0.8257839721254355
    },
    "Q_y_px": {
      "Q1": 68,
      "Q2": 167,
      "Q3": 231,
      "Q4": 272
    },
    "Q_lane_norm": {
      "Q1": 0.21348314606741572,
      "Q2": 0.6494845360824743,
      "Q3": 0.7281553398058253,
      "Q4": 0.4235294117647059
    },
    "Q_value": {
      "Q1": 30.741573033707866,
      "Q2": 9.381443298969073,
      "Q3": 11.349514563106796,
      "Q4": 19.411764705882355
    }
  },
  "debug": {
    "F": {
      "x_day0": 59,
      "x_day1": 357,
      "x_day2": 655,
      "day_w": 298.0,
      "x_day0_time": 59,
      "x_day1_time": 351,
      "x_day2_time": 643,
      "day_w_time": 292.0,
      "x_plot_end": 935,
      "x1_static": 936,
      "x1_dyn": 935,
      "x1_dyn_used": true,
      "pph": 12.166666666666666,
      "pph_source": "day_width (tick-mismatch-fallback)",
      "pph_tick": 19.0,
      "tick_pph_rel_err": 0.5616438356164384,
      "tick_pph_valid": false,
      "tick_count": 50,
      "tick_quality": 0.6944444444444444,
      "tick_used": false,
      "x_frontier": 810,
      "frontier_method": "activity_scan",
      "frontier_activity_thr": 0.5007718861103058,
      "frontier_activity_right_tail": 0.12194647639989853,
      "frontier_activity_run_px": 8,
      "guard_px": 4,
      "left_guard": 645,
      "right_guard": 806,
      "x_time": 812,
      "x_ideal": 812,
      "x_now": 812,
      "x_now_method": "ideal",
      "hour_now_tsst": 13.909722222222223,
      "rollover_hour_min": 3.0,
      "rollover_hour_max": 8.5,
      "delta_min_to_guard": -29.589041095890412,
      "delta_min_to_frontier": -9.863013698630137,
      "frontier_day_fill": 0.571917808219178,
      "rollover_candidate": false,
      "bias_minutes_applied": 0.0,
      "measured_bias_minutes": null,
      "age_hours": null,
      "status": "ok",
      "x_pick": 811,
      "x_pick_edge": 812,
      "x_pick_safe_right": 923,
      "x_overlay": 812,
      "f1_path_x_range": [
        798,
        812
      ],
      "f1_path_target_col": 13,
      "f1_path_y_px": 56,
      "f4_path_x_range": [
        798,
        812
      ],
      "f4_path_target_col": 13,
      "f4_path_y_px": 250,
      "f1_path2_x_range": [
        802,
        812
      ],
      "f1_path2_target_col": 9,
      "f1_path2_y_px": 56,
      "f1_path2_y_direct_px": 74,
      "f1_path2_direct_used": false,
      "f1_path2_direct_allowed": false,
      "f1_path2_left_weight": 0.35,
      "f1_path2_right_weight": 1.0,
      "f2_path2_x_range": [
        802,
        812
      ],
      "f2_path2_target_col": 9,
      "f2_path2_y_px": 131,
      "f2_path2_y_direct_px": 151,
      "f2_path2_direct_used": false,
      "f2_path2_direct_allowed": false,
      "f2_path2_left_weight": 0.4,
      "f2_path2_right_weight": 1.0,
      "f4_path2_x_range": [
        802,
        812
      ],
      "f4_path2_target_col": 9,
      "f4_path2_y_px": 250,
      "f4_path2_y_direct_px": 250,
      "f4_path2_direct_used": false,
      "f4_path2_direct_allowed": false,
      "f4_path2_left_weight": 0.4,
      "f4_path2_right_weight": 1.0,
      "f1_local_snap_x": 812,
      "f1_local_snap_y_px": 68,
      "f1_local_snap_search_px": 8,
      "f1_local_snap_search_up_px": 4,
      "f1_local_snap_search_down_px": 12,
      "f1_local_snap_prefer_lower_weight": 0.02,
      "f3_local_snap_x": 812,
      "f3_local_snap_y_px": 200,
      "f3_local_snap_search_px": 6,
      "f3_local_snap_search_up_px": 6,
      "f3_local_snap_search_down_px": 6,
      "f3_local_snap_prefer_lower_weight": 0.0,
      "f4_local_snap_x": 812,
      "f4_local_snap_y_px": 250,
      "f4_local_snap_search_px": 8,
      "f4_local_snap_search_up_px": 6,
      "f4_local_snap_search_down_px": 14,
      "f4_local_snap_prefer_lower_weight": 0.05,
      "f2_local_snap_x": 812,
      "f2_local_snap_y_px": 131,
      "f2_local_snap_search_px": 8,
      "f2_local_snap_search_up_px": 14,
      "f2_local_snap_search_down_px": 2,
      "f2_local_snap_prefer_lower_weight": 0.0,
      "f2_consensus_applied": false,
      "f2_consensus_support_cols": 2,
      "f2_consensus_anchor_y_px": 131,
      "f2_consensus_seed_y_px": 131,
      "f2_consensus_reason": "insufficient_inliers",
      "f3_consensus_x_range": [
        806,
        812
      ],
      "f3_consensus_y_px": 196,
      "f3_consensus_anchor_y_px": 200,
      "f3_consensus_seed_y_px": 198,
      "f3_consensus_support_cols": 6,
      "f3_consensus_support_ratio": 0.8054162264360785,
      "f3_consensus_jump_px": 4,
      "f3_consensus_tol_px": 5,
      "f3_consensus_reason": "accepted",
      "f3_consensus_applied": true,
      "f4_consensus_x_range": [
        806,
        812
      ],
      "f4_consensus_y_px": 250,
      "f4_consensus_anchor_y_px": 250,
      "f4_consensus_seed_y_px": 252,
      "f4_consensus_support_cols": 4,
      "f4_consensus_support_ratio": 0.6525627565142693,
      "f4_consensus_jump_px": 0,
      "f4_consensus_tol_px": 6,
      "f4_consensus_reason": "accepted",
      "f4_consensus_applied": true,
      "scale_ranges": {
        "F1": [
          7.2,
          8.4
        ],
        "F2": [
          13.1,
          14.5
        ],
        "F3": [
          18.6,
          20.2
        ],
        "F4": [
          24.1,
          26.5
        ]
      }
    },
    "A": {
      "x_day0": 59,
      "x_day1": 392,
      "x_day2": 725,
      "day_w": 333.0,
      "x_day0_time": 59,
      "x_day1_time": 351,
      "x_day2_time": 643,
      "day_w_time": 292.0,
      "x_plot_end": 935,
      "x1_static": 936,
      "x1_dyn": 935,
      "x1_dyn_used": true,
      "pph": 12.166666666666666,
      "pph_source": "day_width (tick-mismatch-fallback)",
      "pph_tick": 19.0,
      "tick_pph_rel_err": 0.5616438356164384,
      "tick_pph_valid": false,
      "tick_count": 50,