{
  "saved_at_utc": "2026-03-04T07:19:00.473761+00:00",
  "source": "tomsk_sos70_param_charts",
  "freq_max_hz": 40.0,
  "values": {
    "scale_ranges": {
      "F": {
        "F1": [
          7.2,
          8.4
        ],
        "F2": [
          13.1,
          14.5
        ],
        "F3": [
          18.6,
          20.2
        ],
        "F4": [
          24.1,
          26.5
        ]
      },
      "A": {
        "A1": [
          1.0,
          45.0
        ],
        "A2": [
          1.0,
          61.5
        ],
        "A3": [
          2.2,
          12.2
        ],
        "A4": [
          1.1,
          10.2
        ]
      },
      "Q": {
        "Q1": [
          4.0,
          38.0
        ],
        "Q2": [
          5.0,
          17.5
        ],
        "Q3": [
          7.0,
          23.0
        ],
        "Q4": [
          5.0,
          30.0
        ]
      }
    },
    "scale_units": {
      "F_hz": "Hz",
      "A_value": "idx",
      "Q_value": "idx"
    },
    "F_norm": {
      "F1": 0.11498257839721254,
      "F2": 0.3344947735191638,
      "F3": 0.4738675958188153,
      "F4": 0.7526132404181185
    },
    "F_y_px": {
      "F1": 68,
      "F2": 131,
      "F3": 171,
      "F4": 251
    },
    "F_lane_norm": {
      "F1": 0.47368421052631576,
      "F2": 0.5192307692307693,
      "F3": 0.2826086956521739,
      "F4": 0.9565217391304348
    },
    "F_hz": {
      "F1": 7.831578947368421,
      "F2": 13.773076923076923,
      "F3": 19.747826086956522,
      "F4": 24.20434782608696
    },
    "A_norm": {
      "A1": 0.3170731707317073,
      "A2": 0.5296167247386759,
      "A3": 0.7386759581881533,
      "A4": 0.9581881533101045
    },
    "A_y_px": {
      "A1": 126,
      "A2": 187,
      "A3": 247,
      "A4": 310
    },
    "A_lane_norm": {
      "A1": 0.9879518072289156,
      "A2": 0.9693877551020408,
      "A3": 0.9381443298969072,
      "A4": 0.8791208791208791
    },
    "A_value": {
      "A1": 1.5301204819277103,
      "A2": 2.852040816326536,
      "A3": 2.8185567010309267,
      "A4": 2.2
    },
    "Q_norm": {
      "Q1": 0.11498257839721254,
      "Q2": 0.49825783972125437,
      "Q3": 0.6236933797909407,
      "Q4": 0.9407665505226481
    },
    "Q_y_px": {
      "Q1": 68,
      "Q2": 178,
      "Q3": 214,
      "Q4": 305
    },
    "Q_lane_norm": {
      "Q1": 0.21348314606741572,
      "Q2": 0.7628865979381443,
      "Q3": 0.5631067961165048,
      "Q4": 0.8117647058823529
    },
    "Q_value": {
      "Q1": 30.741573033707866,
      "Q2": 7.963917525773196,
      "Q3": 13.990291262135923,
      "Q4": 9.705882352941178
    }
  },
  "debug": {
    "F": {
      "x_day0": 59,
      "x_day1": 393,
      "x_day2": 727,
      "day_w": 334.0,
      "x_day0_time": 59,
      "x_day1_time": 351,
      "x_day2_time": 643,
      "day_w_time": 292.0,
      "x_plot_end": 935,
      "x1_static": 936,
      "x1_dyn": 935,
      "x1_dyn_used": true,
      "pph": 12.166666666666666,
      "pph_source": "day_width (tick-mismatch-fallback)",
      "pph_tick": 19.0,
      "tick_pph_rel_err": 0.5616438356164384,
      "tick_pph_valid": false,
      "tick_count": 50,
      "tick_quality": 0.6944444444444444,
      "tick_used": false,
      "x_frontier": 820,
      "frontier_method": "activity_scan",
      "frontier_activity_thr": 0.40937594771385194,
      "frontier_activity_right_tail": 0.1367957890033722,
      "frontier_activity_run_px": 8,
      "guard_px": 4,
      "left_guard": 645,
      "right_guard": 816,
      "x_time": 817,
      "x_ideal": 817,
      "x_now": 816,
      "x_now_method": "ideal",
      "delta_min_to_guard": -4.931506849315069,
      "bias_minutes_applied": 0.0,
      "measured_bias_minutes": null,
      "age_hours": null,
      "status": "ok",
      "x_pick": 814,
      "x_pick_edge": 816,
      "x_pick_safe_right": 893,
      "x_overlay": 816,
      "f1_path_x_range": [
        802,
        816
      ],
      "f1_path_target_col": 14,
      "f1_path_y_px": 68,
      "f4_path_x_range": [
        802,
        816
      ],
      "f4_path_target_col": 14,
      "f4_path_y_px": 250,
      "f3_local_snap_x": 816,
      "f3_local_snap_y_px": 171,
      "f3_local_snap_search_px": 6,
      "f3_local_snap_search_up_px": 6,
      "f3_local_snap_search_down_px": 6,
      "f3_local_snap_prefer_lower_weight": 0.0,
      "f4_local_snap_x": 816,
      "f4_local_snap_y_px": 251,
      "f4_local_snap_search_px": 4,
      "f4_local_snap_search_up_px": 4,
      "f4_local_snap_search_down_px": 4,
      "f4_local_snap_prefer_lower_weight": 0.0,
      "f2_local_snap_x": 816,
      "f2_local_snap_y_px": 131,
      "f2_local_snap_search_px": 8,
      "f2_local_snap_search_up_px": 8,
      "f2_local_snap_search_down_px": 8,
      "f2_local_snap_prefer_lower_weight": 0.0,
      "scale_ranges": {
        "F1": [
          7.2,
          8.4
        ],
        "F2": [
          13.1,
          14.5
        ],
        "F3": [
          18.6,
          20.2
        ],
        "F4": [
          24.1,
          26.5
        ]
      }
    },
    "A": {
      "x_day0": 59,
      "x_day1": 392,
      "x_day2": 726,
      "day_w": 333.5,
      "x_day0_time": 59,
      "x_day1_time": 351,
      "x_day2_time": 643,
      "day_w_time": 292.0,
      "x_plot_end": 935,
      "x1_static": 936,
      "x1_dyn": 935,
      "x1_dyn_used": true,
      "pph": 12.166666666666666,
      "pph_source": "day_width (tick-mismatch-fallback)",
      "pph_tick": 19.0,
      "tick_pph_rel_err": 0.5616438356164384,
      "tick_pph_valid": false,
      "tick_count": 50,
      "tick_quality": 0.6944444444444444,
      "tick_used": false,
      "x_frontier": 934,
      "frontier_method": "activity_scan",
      "frontier_activity_thr": 0.29052025079727173,
      "frontier_activity_right_tail": 0.21112778782844543,
      "frontier_activity_run_px": 8,
      "guard_px": 6,
      "left_guard": 645,
      "right_guard": 928,
      "x_time": 817,
      "x_ideal": 817,
      "x_now": 817,
      "x_now_method": "ideal",
      "delta_min_to_guard": 547.3972602739726,
      "bias_minutes_applied": 0.0,
      "measured_bias_minutes": null,
      "age_hours": null,
      "status": "ok",
      "x_pick": 813,
      "x_pick_safe_right": 911,
      "x_overlay": 813,
      "a1_local_snap_x": 813,
      "a1_local_snap_y_px": 126,
      "a1_local_snap_search_px": 6,
      "a1_local_snap_search_up_px": 6,
      "a1_local_snap_search_down_px": 6,
      "a1_local_snap_prefer_lower_weight": 0.0,
      "a2_local_snap_x": 813,
      "a2_local_snap_y_px": 187,
      "a2_local_snap_search_px": 9,
      "a2_local_snap_search_up_px": 9,
      "a2_local_snap_search_down_px": 9,
      "a2_local_snap_prefer_lower_weight": 0.0,
      "a4_local_snap_x": 813,
      "a4_local_snap_y_px": 310,
      "a4_local_snap_search_px": 8,
      "a4_local_snap_search_up_px": 4,
      "a4_local_snap_search_down_px": 72,
      "a4_local_snap_prefer_lower_weight": 0.12,
      "scale_ranges": {
        "A1": [
          1.0,
          45.0
        ],
        "A2": [
          1.0,
          61.5
        ],
        "A3": [
          2.2,
          12.2
        ],
        "A4": [
          1.1,
          10.2
        ]
      }
    },
    "Q": {
      "x_day0": 59,
      "x_day1": 369,
      "x_day2": 679,
      "day_w": 310.0,
      "x_day0_time": 59,
      "x_day1_time": 351,
      "x_day2_time": 643,
      "day_w_time": 292.0,
      "x_plot_end": 935,
      "x1_static": 936,
      "x1_dyn": 935,
      "x1_dyn_used": true,
      "pph": 12.166666666666666,
      "pph_source": "day_width (tick-mismatch-fallback)",
      "pph_tick": 19.0,
      "tick_pph_rel_err": 0.5616438356164384,
      "tick_pph_valid": false,
      "tick_count": 50,
      "tick_quality": 0.6944444444444444,
      "tick_used": false,
      "x_frontier": 820,
      "frontier_method": "activity_scan",
      "frontier_activity_thr": 0.46201305389404296,
      "frontier_activity_right_tail": 0.13221730291843414,