{
  "saved_at_utc": "2026-03-04T05:09:42.633985+00:00",
  "source": "tomsk_sos70_param_charts",
  "freq_max_hz": 40.0,
  "values": {
    "scale_ranges": {
      "F": {
        "F1": [
          7.2,
          8.4
        ],
        "F2": [
          13.1,
          14.5
        ],
        "F3": [
          18.6,
          20.2
        ],
        "F4": [
          24.1,
          26.5
        ]
      },
      "A": {
        "A1": [
          1.0,
          45.0
        ],
        "A2": [
          1.0,
          61.5
        ],
        "A3": [
          2.2,
          12.2
        ],
        "A4": [
          1.1,
          10.2
        ]
      },
      "Q": {
        "Q1": [
          4.0,
          38.0
        ],
        "Q2": [
          5.0,
          17.5
        ],
        "Q3": [
          7.0,
          23.0
        ],
        "Q4": [
          5.0,
          30.0
        ]
      }
    },
    "scale_units": {
      "F_hz": "Hz",
      "A_value": "idx",
      "Q_value": "idx"
    },
    "F_norm": {
      "F1": 0.06968641114982578,
      "F2": 0.3310104529616725,
      "F3": 0.4425087108013937,
      "F4": 0.7665505226480837
    },
    "F_y_px": {
      "F1": 55,
      "F2": 130,
      "F3": 162,
      "F4": 255
    },
    "F_lane_norm": {
      "F1": 0.24561403508771928,
      "F2": 0.5,
      "F3": 0.08695652173913043,
      "F4": 1.0
    },
    "F_hz": {
      "F1": 8.105263157894736,
      "F2": 13.8,
      "F3": 20.06086956521739,
      "F4": 24.1
    },
    "A_norm": {
      "A1": 0.3170731707317073,
      "A2": 0.5296167247386759,
      "A3": 0.735191637630662,
      "A4": 0.9198606271777003
    },
    "A_y_px": {
      "A1": 126,
      "A2": 187,
      "A3": 246,
      "A4": 299
    },
    "A_lane_norm": {
      "A1": 0.9879518072289156,
      "A2": 0.9693877551020408,
      "A3": 0.9278350515463918,
      "A4": 0.7582417582417582
    },
    "A_value": {
      "A1": 1.5301204819277103,
      "A2": 2.852040816326536,
      "A3": 2.921649484536081,
      "A4": 3.3
    },
    "Q_norm": {
      "Q1": 0.3170731707317073,
      "Q2": 0.4912891986062718,
      "Q3": 0.627177700348432,
      "Q4": 0.9233449477351916
    },
    "Q_y_px": {
      "Q1": 126,
      "Q2": 176,
      "Q3": 215,
      "Q4": 300
    },
    "Q_lane_norm": {
      "Q1": 0.8651685393258427,
      "Q2": 0.7422680412371134,
      "Q3": 0.5728155339805825,
      "Q4": 0.7529411764705882
    },
    "Q_value": {
      "Q1": 8.584269662921347,
      "Q2": 8.221649484536082,
      "Q3": 13.83495145631068,
      "Q4": 11.176470588235293
    }
  },
  "debug": {
    "F": {
      "x_day0": 59,
      "x_day1": 393,
      "x_day2": 727,
      "day_w": 334.0,
      "x_day0_time": 59,
      "x_day1_time": 351,
      "x_day2_time": 643,
      "day_w_time": 292.0,
      "x_plot_end": 935,
      "x1_static": 936,
      "x1_dyn": 935,
      "x1_dyn_used": true,
      "pph": 12.166666666666666,
      "pph_source": "day_width (tick-mismatch-fallback)",
      "pph_tick": 19.0,
      "tick_pph_rel_err": 0.5616438356164384,
      "tick_pph_valid": false,
      "tick_count": 50,
      "tick_quality": 0.6944444444444444,
      "tick_used": false,
      "x_frontier": 776,
      "frontier_method": "activity_scan",
      "frontier_activity_thr": 0.41829928755760193,
      "frontier_activity_right_tail": 0.16000643372535706,
      "frontier_activity_run_px": 8,
      "guard_px": 6,
      "left_guard": 645,
      "right_guard": 770,
      "x_time": 791,
      "x_ideal": 791,
      "x_now": 770,
      "x_now_method": "snap_to_guard",
      "delta_min_to_guard": -103.56164383561644,
      "bias_minutes_applied": 0.0,
      "measured_bias_minutes": null,
      "age_hours": null,
      "status": "ok",
      "x_pick": 767,
      "x_pick_edge": 770,
      "x_pick_safe_right": 893,
      "x_overlay": 770,
      "f1_path_x_range": [
        756,
        770
      ],
      "f1_path_target_col": 14,
      "f1_path_y_px": 55,
      "f4_path_x_range": [
        756,
        770
      ],
      "f4_path_target_col": 14,
      "f4_path_y_px": 251,
      "f3_local_snap_x": 770,
      "f3_local_snap_y_px": 162,
      "f3_local_snap_search_px": 6,
      "f3_local_snap_search_up_px": 6,
      "f3_local_snap_search_down_px": 6,
      "f3_local_snap_prefer_lower_weight": 0.0,
      "f4_local_snap_x": 770,
      "f4_local_snap_y_px": 255,
      "f4_local_snap_search_px": 4,
      "f4_local_snap_search_up_px": 4,
      "f4_local_snap_search_down_px": 4,
      "f4_local_snap_prefer_lower_weight": 0.0,
      "f2_local_snap_x": 770,
      "f2_local_snap_y_px": 130,
      "f2_local_snap_search_px": 8,
      "f2_local_snap_search_up_px": 8,
      "f2_local_snap_search_down_px": 8,
      "f2_local_snap_prefer_lower_weight": 0.0,
      "scale_ranges": {
        "F1": [
          7.2,
          8.4
        ],
        "F2": [
          13.1,
          14.5
        ],
        "F3": [
          18.6,
          20.2
        ],
        "F4": [
          24.1,
          26.5
        ]
      }
    },
    "A": {
      "x_day0": 59,
      "x_day1": 392,
      "x_day2": 726,
      "day_w": 333.5,
      "x_day0_time": 59,
      "x_day1_time": 351,
      "x_day2_time": 643,
      "day_w_time": 292.0,
      "x_plot_end": 935,
      "x1_static": 936,
      "x1_dyn": 935,
      "x1_dyn_used": true,
      "pph": 12.166666666666666,
      "pph_source": "day_width (tick-mismatch-fallback)",
      "pph_tick": 19.0,
      "tick_pph_rel_err": 0.5616438356164384,
      "tick_pph_valid": false,
      "tick_count": 50,
      "tick_quality": 0.6944444444444444,
      "tick_used": false,
      "x_frontier": 934,
      "frontier_method": "activity_scan",
      "frontier_activity_thr": 0.29856535643339155,
      "frontier_activity_right_tail": 0.2199321687221527,
      "frontier_activity_run_px": 8,
      "guard_px": 6,
      "left_guard": 645,
      "right_guard": 928,
      "x_time": 791,
      "x_ideal": 791,
      "x_now": 791,
      "x_now_method": "ideal",
      "delta_min_to_guard": 675.6164383561644,
      "bias_minutes_applied": 0.0,
      "measured_bias_minutes": null,
      "age_hours": null,
      "status": "ok",
      "x_pick": 787,
      "x_pick_safe_right": 911,
      "x_overlay": 787,
      "a1_local_snap_x": 787,
      "a1_local_snap_y_px": 126,
      "a1_local_snap_search_px": 6,
      "a1_local_snap_search_up_px": 6,
      "a1_local_snap_search_down_px": 6,
      "a1_local_snap_prefer_lower_weight": 0.0,
      "a2_local_snap_x": 787,
      "a2_local_snap_y_px": 187,
      "a2_local_snap_search_px": 9,
      "a2_local_snap_search_up_px": 9,
      "a2_local_snap_search_down_px": 9,
      "a2_local_snap_prefer_lower_weight": 0.0,
      "a4_local_snap_x": 787,
      "a4_local_snap_y_px": 299,
      "a4_local_snap_search_px": 8,
      "a4_local_snap_search_up_px": 4,
      "a4_local_snap_search_down_px": 72,
      "a4_local_snap_prefer_lower_weight": 0.12,
      "scale_ranges": {
        "A1": [
          1.0,
          45.0
        ],
        "A2": [
          1.0,
          61.5
        ],
        "A3": [
          2.2,
          12.2
        ],
        "A4": [
          1.1,
          10.2
        ]
      }
    },
    "Q": {
      "x_day0": 59,
      "x_day1": 369,
      "x_day2": 679,
      "day_w": 310.0,
      "x_day0_time": 59,
      "x_day1_time": 351,
      "x_day2_time": 643,
      "day_w_time": 292.0,
      "x_plot_end": 935,
      "x1_static": 936,
      "x1_dyn": 935,
      "x1_dyn_used": true,
      "pph": 12.166666666666666,
      "pph_source": "day_width (tick-mismatch-fallback)",
      "pph_tick": 19.0,
      "tick_pph_rel_err": 0.5616438356164384,
      "tick_pph_valid": false,
      "tick_count": 50,
      "tick_quality": 0.6944444444444444,
      "tick_used": false,
      "x_frontier": 793,
      "frontier_method": "activity_scan",
      "frontier_activity_thr": 0.4791356444358826,
      "frontier_activity_right_tail": 0.16050150990486145,
      "frontier_activity_run_px": 8,
      "guard_px": 6,
      "left_guard": 645,