{
  "saved_at_utc": "2026-05-09T22:21:03.837125+00:00",
  "source": "tomsk_sos70_param_charts",
  "freq_max_hz": 40.0,
  "values": {
    "scale_ranges": {
      "F": {
        "F1": [
          7.2,
          8.4
        ],
        "F2": [
          13.1,
          14.5
        ],
        "F3": [
          18.6,
          20.2
        ],
        "F4": [
          24.1,
          26.5
        ]
      },
      "A": {
        "A1": [
          1.0,
          45.0
        ],
        "A2": [
          1.0,
          61.5
        ],
        "A3": [
          2.2,
          12.2
        ],
        "A4": [
          1.1,
          10.2
        ]
      },
      "Q": {
        "Q1": [
          4.0,
          38.0
        ],
        "Q2": [
          5.0,
          17.5
        ],
        "Q3": [
          7.0,
          23.0
        ],
        "Q4": [
          5.0,
          30.0
        ]
      }
    },
    "scale_units": {
      "F_hz": "Hz",
      "A_value": "idx",
      "Q_value": "idx"
    },
    "F_norm": {
      "F1": 0.21602787456445993,
      "F2": 0.3344947735191638,
      "F3": 0.4355400696864111,
      "F4": 0.7526132404181185
    },
    "F_y_px": {
      "F1": 97,
      "F2": 131,
      "F3": 160,
      "F4": 251
    },
    "F_lane_norm": {
      "F1": 0.9824561403508771,
      "F2": 0.5192307692307693,
      "F3": 0.043478260869565216,
      "F4": 0.9565217391304348
    },
    "F_hz": {
      "F1": 7.221052631578948,
      "F2": 13.773076923076923,
      "F3": 20.130434782608695,
      "F4": 24.20434782608696
    },
    "A_norm": {
      "A1": 0.18466898954703834,
      "A2": 0.3344947735191638,
      "A3": 0.7142857142857143,
      "A4": 0.9233449477351916
    },
    "A_y_px": {
      "A1": 88,
      "A2": 131,
      "A3": 240,
      "A4": 300
    },
    "A_lane_norm": {
      "A1": 0.5301204819277109,
      "A2": 0.3979591836734694,
      "A3": 0.865979381443299,
      "A4": 0.7692307692307693
    },
    "A_value": {
      "A1": 21.67469879518072,
      "A2": 37.423469387755105,
      "A3": 3.5402061855670084,
      "A4": 3.1999999999999993
    },
    "Q_norm": {
      "Q1": 0.30313588850174217,
      "Q2": 0.4634146341463415,
      "Q3": 0.627177700348432,
      "Q4": 0.9198606271777003
    },
    "Q_y_px": {
      "Q1": 122,
      "Q2": 168,
      "Q3": 215,
      "Q4": 299
    },
    "Q_lane_norm": {
      "Q1": 0.8202247191011236,
      "Q2": 0.6597938144329897,
      "Q3": 0.5728155339805825,
      "Q4": 0.7411764705882353
    },
    "Q_value": {
      "Q1": 10.112359550561798,
      "Q2": 9.25257731958763,
      "Q3": 13.83495145631068,
      "Q4": 11.470588235294116
    }
  },
  "debug": {
    "F": {
      "x_day0": 59,
      "x_day1": 392,
      "x_day2": 726,
      "day_w": 333.5,
      "x_day0_time": 59,
      "x_day1_time": 351,
      "x_day2_time": 643,
      "day_w_time": 292.0,
      "x_plot_end": 935,
      "x1_static": 936,
      "x1_dyn": 935,
      "x1_dyn_used": true,
      "pph": 12.166666666666666,
      "pph_source": "day_width (tick-mismatch-fallback)",
      "pph_tick": 19.0,
      "tick_pph_rel_err": 0.5616438356164384,
      "tick_pph_valid": false,
      "tick_count": 50,
      "tick_quality": 0.6944444444444444,
      "tick_used": false,
      "x_frontier": 709,
      "frontier_method": "activity_scan",
      "frontier_activity_thr": 0.5201120883226394,
      "frontier_activity_right_tail": 0.19927909970283508,
      "frontier_activity_run_px": 8,
      "guard_px": 4,
      "left_guard": 645,
      "right_guard": 705,
      "x_time": 708,
      "x_ideal": 708,
      "x_now": 708,
      "x_now_method": "harmonized_prefer_non_rollover",
      "hour_now_tsst": 5.350833333333333,
      "rollover_hour_min": 3.0,
      "rollover_hour_max": 8.5,
      "delta_min_to_guard": -14.794520547945206,
      "delta_min_to_frontier": 4.931506849315069,
      "frontier_day_fill": 0.22602739726027396,
      "rollover_candidate": false,
      "bias_minutes_applied": 0.0,
      "measured_bias_minutes": null,
      "age_hours": null,
      "status": "ok",
      "x_now_before_harmonize": 708,
      "x_pick": 707,
      "x_pick_edge": 708,
      "x_pick_safe_right": 923,
      "x_overlay": 708,
      "f1_path_x_range": [
        694,
        708
      ],
      "f1_path_target_col": 13,
      "f1_path_y_px": 90,
      "f4_path_x_range": [
        694,
        708
      ],
      "f4_path_target_col": 13,
      "f4_path_y_px": 250,
      "f1_path2_x_range": [
        698,
        708
      ],
      "f1_path2_target_col": 9,
      "f1_path2_y_px": 90,
      "f1_path2_y_direct_px": 79,
      "f1_path2_direct_used": false,
      "f1_path2_direct_allowed": false,
      "f1_path2_left_weight": 0.35,
      "f1_path2_right_weight": 1.0,
      "f2_path2_x_range": [
        698,
        708
      ],
      "f2_path2_target_col": 9,
      "f2_path2_y_px": 131,
      "f2_path2_y_direct_px": 161,
      "f2_path2_direct_used": false,
      "f2_path2_direct_allowed": false,
      "f2_path2_left_weight": 0.4,
      "f2_path2_right_weight": 1.0,
      "f4_path2_x_range": [
        698,
        708
      ],
      "f4_path2_target_col": 9,
      "f4_path2_y_px": 250,
      "f4_path2_y_direct_px": 221,
      "f4_path2_direct_used": false,
      "f4_path2_direct_allowed": false,
      "f4_path2_left_weight": 0.4,
      "f4_path2_right_weight": 1.0,
      "f1_local_snap_x": 708,
      "f1_local_snap_y_px": 97,
      "f1_local_snap_search_px": 8,
      "f1_local_snap_search_up_px": 4,
      "f1_local_snap_search_down_px": 12,
      "f1_local_snap_prefer_lower_weight": 0.02,
      "f3_local_snap_x": 708,
      "f3_local_snap_y_px": 160,
      "f3_local_snap_search_px": 6,
      "f3_local_snap_search_up_px": 6,
      "f3_local_snap_search_down_px": 6,
      "f3_local_snap_prefer_lower_weight": 0.0,
      "f4_local_snap_x": 708,
      "f4_local_snap_y_px": 251,
      "f4_local_snap_search_px": 8,
      "f4_local_snap_search_up_px": 6,
      "f4_local_snap_search_down_px": 14,
      "f4_local_snap_prefer_lower_weight": 0.05,
      "f2_local_snap_x": 708,
      "f2_local_snap_y_px": 131,
      "f2_local_snap_search_px": 8,
      "f2_local_snap_search_up_px": 14,
      "f2_local_snap_search_down_px": 2,
      "f2_local_snap_prefer_lower_weight": 0.0,
      "f2_consensus_applied": false,
      "f2_consensus_support_cols": 2,
      "f2_consensus_anchor_y_px": 131,
      "f2_consensus_seed_y_px": 110,
      "f2_consensus_reason": "insufficient_inliers",
      "f3_consensus_applied": false,
      "f3_consensus_x_range": [
        702,
        708
      ],
      "f3_consensus_y_px": 161,
      "f3_consensus_anchor_y_px": 160,
      "f3_consensus_seed_y_px": 161,
      "f3_consensus_support_cols": 3,
      "f3_consensus_support_ratio": 0.47113581569783014,
      "f3_consensus_jump_px": 1,
      "f3_consensus_tol_px": 5,
      "f3_consensus_reason": "low_support",
      "f4_consensus_applied": false,
      "f4_consensus_x_range": [
        702,
        708
      ],
      "f4_consensus_y_px": 231,
      "f4_consensus_anchor_y_px": 251,
      "f4_consensus_seed_y_px": 231,
      "f4_consensus_support_cols": 3,
      "f4_consensus_support_ratio": 0.48959944324157123,
      "f4_consensus_jump_px": 20,
      "f4_consensus_tol_px": 6,
      "f4_consensus_reason": "low_support",
      "scale_ranges": {
        "F1": [
          7.2,
          8.4
        ],
        "F2": [
          13.1,
          14.5
        ],
        "F3": [
          18.6,
          20.2
        ],
        "F4": [
          24.1,
          26.5
        ]
      }
    },
    "A": {
      "x_day0": 59,
      "x_day1": 392,
      "x_day2": 726,
      "day_w": 333.5,
      "x_day0_time": 59,
      "x_day1_time": 351,
      "x_day2_time": 644,
      "day_w_time": 292.3333333333333,
      "x_plot_end": 936,
      "x1_static": 936,
      "x1_dyn": 977,
      "x1_dyn_used": false,
      "pph": 12.180555555555555,
      "pph_source": "day_width (tick-mismatch-fallback)",
      "pph_tick": 19.0,