{
  "saved_at_utc": "2026-06-08T14:11:34.368295+00:00",
  "source": "tomsk_sos70_param_charts",
  "freq_max_hz": 40.0,
  "values": {
    "scale_ranges": {
      "F": {
        "F1": [
          7.2,
          8.4
        ],
        "F2": [
          13.1,
          14.5
        ],
        "F3": [
          18.6,
          20.2
        ],
        "F4": [
          24.1,
          26.5
        ]
      },
      "A": {
        "A1": [
          1.0,
          45.0
        ],
        "A2": [
          1.0,
          61.5
        ],
        "A3": [
          2.2,
          12.2
        ],
        "A4": [
          1.1,
          10.2
        ]
      },
      "Q": {
        "Q1": [
          4.0,
          38.0
        ],
        "Q2": [
          5.0,
          17.5
        ],
        "Q3": [
          7.0,
          23.0
        ],
        "Q4": [
          5.0,
          30.0
        ]
      }
    },
    "scale_units": {
      "F_hz": "Hz",
      "A_value": "idx",
      "Q_value": "idx"
    },
    "F_norm": {
      "F1": 0.11498257839721254,
      "F2": 0.40069686411149824,
      "F3": 0.4529616724738676,
      "F4": 0.7979094076655052
    },
    "F_y_px": {
      "F1": 68,
      "F2": 150,
      "F3": 165,
      "F4": 264
    },
    "F_lane_norm": {
      "F1": 0.47368421052631576,
      "F2": 0.8846153846153846,
      "F3": 0.15217391304347827,
      "F4": 1.0
    },
    "F_hz": {
      "F1": 7.831578947368421,
      "F2": 13.26153846153846,
      "F3": 19.956521739130434,
      "F4": 24.1
    },
    "A_norm": {
      "A1": 0.1986062717770035,
      "A2": 0.4355400696864111,
      "A3": 0.6062717770034843,
      "A4": 0.8257839721254355
    },
    "A_y_px": {
      "A1": 92,
      "A2": 160,
      "A3": 209,
      "A4": 272
    },
    "A_lane_norm": {
      "A1": 0.5783132530120482,
      "A2": 0.6938775510204082,
      "A3": 0.5463917525773195,
      "A4": 0.46153846153846156
    },
    "A_value": {
      "A1": 19.55421686746988,
      "A2": 19.52040816326531,
      "A3": 6.736082474226804,
      "A4": 5.999999999999999
    },
    "Q_norm": {
      "Q1": 0.11498257839721254,
      "Q2": 0.4181184668989547,
      "Q3": 0.662020905923345,
      "Q4": 0.9547038327526133
    },
    "Q_y_px": {
      "Q1": 68,
      "Q2": 155,
      "Q3": 225,
      "Q4": 309
    },
    "Q_lane_norm": {
      "Q1": 0.21348314606741572,
      "Q2": 0.5257731958762887,
      "Q3": 0.6699029126213593,
      "Q4": 0.8588235294117647
    },
    "Q_value": {
      "Q1": 30.741573033707866,
      "Q2": 10.927835051546392,
      "Q3": 12.281553398058252,
      "Q4": 8.529411764705884
    }
  },
  "debug": {
    "F": {
      "x_day0": 59,
      "x_day1": 357,
      "x_day2": 655,
      "day_w": 298.0,
      "x_day0_time": 59,
      "x_day1_time": 351,
      "x_day2_time": 643,
      "day_w_time": 292.0,
      "x_plot_end": 935,
      "x1_static": 936,
      "x1_dyn": 935,
      "x1_dyn_used": true,
      "pph": 12.166666666666666,
      "pph_source": "day_width (tick-mismatch-fallback)",
      "pph_tick": 19.0,
      "tick_pph_rel_err": 0.5616438356164384,
      "tick_pph_valid": false,
      "tick_count": 50,
      "tick_quality": 0.6944444444444444,
      "tick_used": false,
      "x_frontier": 898,
      "frontier_method": "activity_scan",
      "frontier_activity_thr": 0.41001578271389005,
      "frontier_activity_right_tail": 0.07196414470672607,
      "frontier_activity_run_px": 8,
      "guard_px": 4,
      "left_guard": 645,
      "right_guard": 894,
      "x_time": 901,
      "x_ideal": 901,
      "x_now": 901,
      "x_now_method": "ideal",
      "hour_now_tsst": 21.192777777777778,
      "rollover_hour_min": 3.0,
      "rollover_hour_max": 8.5,
      "delta_min_to_guard": -34.520547945205486,
      "delta_min_to_frontier": -14.794520547945206,
      "frontier_day_fill": 0.8732876712328768,
      "rollover_candidate": false,
      "bias_minutes_applied": 0.0,
      "measured_bias_minutes": null,
      "age_hours": null,
      "status": "ok",
      "x_pick": 900,
      "x_pick_edge": 901,
      "x_pick_safe_right": 923,
      "x_overlay": 901,
      "f1_path_x_range": [
        887,
        901
      ],
      "f1_path_target_col": 13,
      "f1_path_y_px": 70,
      "f4_path_x_range": [
        887,
        901
      ],
      "f4_path_target_col": 13,
      "f4_path_y_px": 250,
      "f1_path2_x_range": [
        891,
        901
      ],
      "f1_path2_target_col": 9,
      "f1_path2_y_px": 70,
      "f1_path2_y_direct_px": 93,
      "f1_path2_direct_used": false,
      "f1_path2_direct_allowed": false,
      "f1_path2_left_weight": 0.35,
      "f1_path2_right_weight": 1.0,
      "f2_path2_x_range": [
        891,
        901
      ],
      "f2_path2_target_col": 9,
      "f2_path2_y_px": 158,
      "f2_path2_y_direct_px": 131,
      "f2_path2_direct_used": false,
      "f2_path2_direct_allowed": false,
      "f2_path2_left_weight": 0.4,
      "f2_path2_right_weight": 1.0,
      "f4_path2_x_range": [
        891,
        901
      ],
      "f4_path2_target_col": 9,
      "f4_path2_y_px": 250,
      "f4_path2_y_direct_px": 251,
      "f4_path2_direct_used": false,
      "f4_path2_direct_allowed": false,
      "f4_path2_left_weight": 0.4,
      "f4_path2_right_weight": 1.0,
      "f1_local_snap_x": 901,
      "f1_local_snap_y_px": 68,
      "f1_local_snap_search_px": 8,
      "f1_local_snap_search_up_px": 4,
      "f1_local_snap_search_down_px": 12,
      "f1_local_snap_prefer_lower_weight": 0.02,
      "f3_local_snap_x": 901,
      "f3_local_snap_y_px": 165,
      "f3_local_snap_search_px": 6,
      "f3_local_snap_search_up_px": 6,
      "f3_local_snap_search_down_px": 6,
      "f3_local_snap_prefer_lower_weight": 0.0,
      "f4_local_snap_x": 901,
      "f4_local_snap_y_px": 251,
      "f4_local_snap_search_px": 8,
      "f4_local_snap_search_up_px": 6,
      "f4_local_snap_search_down_px": 14,
      "f4_local_snap_prefer_lower_weight": 0.05,
      "f2_local_snap_x": 901,
      "f2_local_snap_y_px": 150,
      "f2_local_snap_search_px": 8,
      "f2_local_snap_search_up_px": 14,
      "f2_local_snap_search_down_px": 2,
      "f2_local_snap_prefer_lower_weight": 0.0,
      "f2_consensus_applied": false,
      "f2_consensus_x_range": [
        895,
        901
      ],
      "f2_consensus_y_px": 155,
      "f2_consensus_anchor_y_px": 150,
      "f2_consensus_seed_y_px": 155,
      "f2_consensus_support_cols": 4,
      "f2_consensus_support_ratio": 0.4637565494985947,
      "f2_consensus_jump_px": 5,
      "f2_consensus_tol_px": 5,
      "f2_consensus_reason": "low_support",
      "f3_consensus_applied": false,
      "f3_consensus_x_range": [
        895,
        901
      ],
      "f3_consensus_y_px": 165,
      "f3_consensus_anchor_y_px": 165,
      "f3_consensus_seed_y_px": 165,
      "f3_consensus_support_cols": 3,
      "f3_consensus_support_ratio": 0.47901446624357275,
      "f3_consensus_jump_px": 0,
      "f3_consensus_tol_px": 5,
      "f3_consensus_reason": "low_support",
      "f4_consensus_x_range": [
        895,
        901
      ],
      "f4_consensus_y_px": 264,
      "f4_consensus_anchor_y_px": 251,
      "f4_consensus_seed_y_px": 265,
      "f4_consensus_support_cols": 5,
      "f4_consensus_support_ratio": 0.6172804084136375,
      "f4_consensus_jump_px": 13,
      "f4_consensus_tol_px": 6,
      "f4_consensus_reason": "accepted",
      "f4_consensus_applied": true,
      "scale_ranges": {
        "F1": [
          7.2,
          8.4
        ],
        "F2": [
          13.1,
          14.5
        ],
        "F3": [
          18.6,
          20.2
        ],
        "F4": [
          24.1,
          26.5
        ]
      }
    },
    "A": {
      "x_day0": 59,
      "x_day1": 372,
      "x_day2": 684,
      "day_w": 312.5,
      "x_day0_time": 59,
      "x_day1_time": 351,
      "x_day2_time": 643,
      "day_w_time": 292.0,
      "x_plot_end": 935,
      "x1_static": 936,
      "x1_dyn": 935,
      "x1_dyn_used": true,
      "pph": 12.166666666666666,