{
  "saved_at_utc": "2026-04-22T05:04:45.429145+00:00",
  "source": "tomsk_sos70_param_charts",
  "freq_max_hz": 40.0,
  "values": {
    "scale_ranges": {
      "F": {
        "F1": [
          7.2,
          8.4
        ],
        "F2": [
          13.1,
          14.5
        ],
        "F3": [
          18.6,
          20.2
        ],
        "F4": [
          24.1,
          26.5
        ]
      },
      "A": {
        "A1": [
          1.0,
          45.0
        ],
        "A2": [
          1.0,
          61.5
        ],
        "A3": [
          2.2,
          12.2
        ],
        "A4": [
          1.1,
          10.2
        ]
      },
      "Q": {
        "Q1": [
          4.0,
          38.0
        ],
        "Q2": [
          5.0,
          17.5
        ],
        "Q3": [
          7.0,
          23.0
        ],
        "Q4": [
          5.0,
          30.0
        ]
      }
    },
    "scale_units": {
      "F_hz": "Hz",
      "A_value": "idx",
      "Q_value": "idx"
    },
    "F_norm": {
      "F1": 0.14634146341463414,
      "F2": 0.39372822299651566,
      "F3": 0.44947735191637633,
      "F4": 0.7770034843205574
    },
    "F_y_px": {
      "F1": 77,
      "F2": 148,
      "F3": 164,
      "F4": 258
    },
    "F_lane_norm": {
      "F1": 0.631578947368421,
      "F2": 0.8461538461538461,
      "F3": 0.13043478260869565,
      "F4": 1.0
    },
    "F_hz": {
      "F1": 7.642105263157895,
      "F2": 13.315384615384616,
      "F3": 19.991304347826087,
      "F4": 24.1
    },
    "A_norm": {
      "A1": 0.2857142857142857,
      "A2": 0.45993031358885017,
      "A3": 0.7142857142857143,
      "A4": 0.8885017421602788
    },
    "A_y_px": {
      "A1": 117,
      "A2": 167,
      "A3": 240,
      "A4": 290
    },
    "A_lane_norm": {
      "A1": 0.8795180722891566,
      "A2": 0.7653061224489796,
      "A3": 0.865979381443299,
      "A4": 0.6593406593406593
    },
    "A_value": {
      "A1": 6.30120481927711,
      "A2": 15.19897959183674,
      "A3": 3.5402061855670084,
      "A4": 4.199999999999999
    },
    "Q_norm": {
      "Q1": 0.1916376306620209,
      "Q2": 0.49477351916376305,
      "Q3": 0.5993031358885017,
      "Q4": 0.818815331010453
    },
    "Q_y_px": {
      "Q1": 90,
      "Q2": 177,
      "Q3": 207,
      "Q4": 270
    },
    "Q_lane_norm": {
      "Q1": 0.4606741573033708,
      "Q2": 0.7525773195876289,
      "Q3": 0.49514563106796117,
      "Q4": 0.4
    },
    "Q_value": {
      "Q1": 22.337078651685392,
      "Q2": 8.092783505154639,
      "Q3": 15.077669902912621,
      "Q4": 20.0
    }
  },
  "debug": {
    "F": {
      "x_day0": 59,
      "x_day1": 384,
      "x_day2": 709,
      "day_w": 325.0,
      "x_day0_time": 59,
      "x_day1_time": 351,
      "x_day2_time": 643,
      "day_w_time": 292.0,
      "x_plot_end": 935,
      "x1_static": 936,
      "x1_dyn": 935,
      "x1_dyn_used": true,
      "pph": 12.166666666666666,
      "pph_source": "day_width (tick-mismatch-fallback)",
      "pph_tick": 19.0,
      "tick_pph_rel_err": 0.5616438356164384,
      "tick_pph_valid": false,
      "tick_count": 50,
      "tick_quality": 0.6944444444444444,
      "tick_used": false,
      "x_frontier": 776,
      "frontier_method": "activity_scan",
      "frontier_activity_thr": 0.5194027423858643,
      "frontier_activity_right_tail": 0.13667158782482147,
      "frontier_activity_run_px": 8,
      "guard_px": 4,
      "left_guard": 645,
      "right_guard": 772,
      "x_time": 790,
      "x_ideal": 790,
      "x_now": 790,
      "x_now_method": "harmonized_pair_cluster",
      "hour_now_tsst": 12.079166666666666,
      "rollover_hour_min": 3.0,
      "rollover_hour_max": 8.5,
      "delta_min_to_guard": -88.76712328767124,
      "delta_min_to_frontier": -69.04109589041097,
      "frontier_day_fill": 0.4554794520547945,
      "rollover_candidate": false,
      "bias_minutes_applied": 0.0,
      "measured_bias_minutes": null,
      "age_hours": null,
      "status": "ok",
      "x_now_before_harmonize": 772,
      "x_pick": 789,
      "x_pick_edge": 790,
      "x_pick_safe_right": 923,
      "x_overlay": 790,
      "f1_path_x_range": [
        776,
        790
      ],
      "f1_path_target_col": 13,
      "f1_path_y_px": 90,
      "f4_path_x_range": [
        776,
        790
      ],
      "f4_path_target_col": 13,
      "f4_path_y_px": 252,
      "f1_path2_x_range": [
        780,
        790
      ],
      "f1_path2_target_col": 9,
      "f1_path2_y_px": 77,
      "f1_path2_y_direct_px": 50,
      "f1_path2_direct_used": false,
      "f1_path2_direct_allowed": false,
      "f1_path2_left_weight": 0.35,
      "f1_path2_right_weight": 1.0,
      "f2_path2_x_range": [
        780,
        790
      ],
      "f2_path2_target_col": 9,
      "f2_path2_y_px": 161,
      "f2_path2_y_direct_px": 150,
      "f2_path2_direct_used": false,
      "f2_path2_direct_allowed": false,
      "f2_path2_left_weight": 0.4,
      "f2_path2_right_weight": 1.0,
      "f4_path2_x_range": [
        780,
        790
      ],
      "f4_path2_target_col": 9,
      "f4_path2_y_px": 258,
      "f4_path2_y_direct_px": 230,
      "f4_path2_direct_used": false,
      "f4_path2_direct_allowed": false,
      "f4_path2_left_weight": 0.4,
      "f4_path2_right_weight": 1.0,
      "f1_local_snap_x": 790,
      "f1_local_snap_y_px": 77,
      "f1_local_snap_search_px": 8,
      "f1_local_snap_search_up_px": 4,
      "f1_local_snap_search_down_px": 12,
      "f1_local_snap_prefer_lower_weight": 0.02,
      "f3_local_snap_x": 790,
      "f3_local_snap_y_px": 158,
      "f3_local_snap_search_px": 6,
      "f3_local_snap_search_up_px": 6,
      "f3_local_snap_search_down_px": 6,
      "f3_local_snap_prefer_lower_weight": 0.0,
      "f4_local_snap_x": 790,
      "f4_local_snap_y_px": 252,
      "f4_local_snap_search_px": 8,
      "f4_local_snap_search_up_px": 6,
      "f4_local_snap_search_down_px": 14,
      "f4_local_snap_prefer_lower_weight": 0.05,
      "f2_local_snap_x": 790,
      "f2_local_snap_y_px": 148,
      "f2_local_snap_search_px": 8,
      "f2_local_snap_search_up_px": 14,
      "f2_local_snap_search_down_px": 2,
      "f2_local_snap_prefer_lower_weight": 0.0,
      "f2_consensus_applied": false,
      "f2_consensus_x_range": [
        784,
        790
      ],
      "f2_consensus_y_px": 110,
      "f2_consensus_anchor_y_px": 148,
      "f2_consensus_seed_y_px": 110,
      "f2_consensus_support_cols": 4,
      "f2_consensus_support_ratio": 0.5025227449612195,
      "f2_consensus_jump_px": 38,
      "f2_consensus_tol_px": 5,
      "f2_consensus_reason": "low_support",
      "f3_consensus_x_range": [
        784,
        790
      ],
      "f3_consensus_y_px": 164,
      "f3_consensus_anchor_y_px": 158,
      "f3_consensus_seed_y_px": 166,
      "f3_consensus_support_cols": 7,
      "f3_consensus_support_ratio": 1.0,
      "f3_consensus_jump_px": 6,
      "f3_consensus_tol_px": 5,
      "f3_consensus_reason": "accepted",
      "f3_consensus_applied": true,
      "f4_consensus_x_range": [
        784,
        790
      ],
      "f4_consensus_y_px": 258,
      "f4_consensus_anchor_y_px": 252,
      "f4_consensus_seed_y_px": 252,
      "f4_consensus_support_cols": 5,
      "f4_consensus_support_ratio": 0.6226332738418562,
      "f4_consensus_jump_px": 6,
      "f4_consensus_tol_px": 6,
      "f4_consensus_reason": "accepted",
      "f4_consensus_applied": true,
      "scale_ranges": {
        "F1": [
          7.2,
          8.4
        ],
        "F2": [
          13.1,
          14.5
        ],
        "F3": [
          18.6,
          20.2
        ],
        "F4": [
          24.1,
          26.5
        ]
      }
    },
    "A": {
      "x_day0": 59,
      "x_day1": 368,
      "x_day2": 678,
      "day_w": 309.5,
      "x_day0_time": 59,
      "x_day1_time": 351,
      "x_day2_time": 643,
      "day_w_time": 292.0,
      "x_plot_end": 935,
      "x1_static": 936,
      "x1_dyn": 935,
      "x1_dyn_used": true,