{
  "saved_at_utc": "2026-03-30T22:16:45.408657+00:00",
  "source": "tomsk_sos70_param_charts",
  "freq_max_hz": 40.0,
  "values": {
    "scale_ranges": {
      "F": {
        "F1": [
          7.2,
          8.4
        ],
        "F2": [
          13.1,
          14.5
        ],
        "F3": [
          18.6,
          20.2
        ],
        "F4": [
          24.1,
          26.5
        ]
      },
      "A": {
        "A1": [
          1.0,
          45.0
        ],
        "A2": [
          1.0,
          61.5
        ],
        "A3": [
          2.2,
          12.2
        ],
        "A4": [
          1.1,
          10.2
        ]
      },
      "Q": {
        "Q1": [
          4.0,
          38.0
        ],
        "Q2": [
          5.0,
          17.5
        ],
        "Q3": [
          7.0,
          23.0
        ],
        "Q4": [
          5.0,
          30.0
        ]
      }
    },
    "scale_units": {
      "F_hz": "Hz",
      "A_value": "idx",
      "Q_value": "idx"
    },
    "F_norm": {
      "F1": 0.059233449477351915,
      "F2": 0.27177700348432055,
      "F3": 0.4529616724738676,
      "F4": 0.7979094076655052
    },
    "F_y_px": {
      "F1": 52,
      "F2": 113,
      "F3": 165,
      "F4": 264
    },
    "F_lane_norm": {
      "F1": 0.19298245614035087,
      "F2": 0.17307692307692307,
      "F3": 0.15217391304347827,
      "F4": 1.0
    },
    "F_hz": {
      "F1": 8.16842105263158,
      "F2": 14.257692307692308,
      "F3": 19.956521739130434,
      "F4": 24.1
    },
    "A_norm": {
      "A1": 0.3170731707317073,
      "A2": 0.5261324041811847,
      "A3": 0.7386759581881533,
      "A4": 0.9581881533101045
    },
    "A_y_px": {
      "A1": 126,
      "A2": 186,
      "A3": 247,
      "A4": 310
    },
    "A_lane_norm": {
      "A1": 0.9879518072289156,
      "A2": 0.9591836734693877,
      "A3": 0.9381443298969072,
      "A4": 0.8791208791208791
    },
    "A_value": {
      "A1": 1.5301204819277103,
      "A2": 3.4693877551020407,
      "A3": 2.8185567010309267,
      "A4": 2.2
    },
    "Q_norm": {
      "Q1": 0.313588850174216,
      "Q2": 0.5261324041811847,
      "Q3": 0.6968641114982579,
      "Q4": 0.8222996515679443
    },
    "Q_y_px": {
      "Q1": 125,
      "Q2": 186,
      "Q3": 235,
      "Q4": 271
    },
    "Q_lane_norm": {
      "Q1": 0.8539325842696629,
      "Q2": 0.845360824742268,
      "Q3": 0.7669902912621359,
      "Q4": 0.4117647058823529
    },
    "Q_value": {
      "Q1": 8.966292134831463,
      "Q2": 6.93298969072165,
      "Q3": 10.728155339805825,
      "Q4": 19.705882352941178
    }
  },
  "debug": {
    "F": {
      "x_day0": 59,
      "x_day1": 392,
      "x_day2": 726,
      "day_w": 333.5,
      "x_day0_time": 59,
      "x_day1_time": 351,
      "x_day2_time": 643,
      "day_w_time": 292.0,
      "x_plot_end": 935,
      "x1_static": 936,
      "x1_dyn": 935,
      "x1_dyn_used": true,
      "pph": 12.166666666666666,
      "pph_source": "day_width (tick-mismatch-fallback)",
      "pph_tick": 19.0,
      "tick_pph_rel_err": 0.5616438356164384,
      "tick_pph_valid": false,
      "tick_count": 50,
      "tick_quality": 0.6944444444444444,
      "tick_used": false,
      "x_frontier": 704,
      "frontier_method": "activity_scan",
      "frontier_activity_thr": 0.487368232011795,
      "frontier_activity_right_tail": 0.18605756759643555,
      "frontier_activity_run_px": 8,
      "guard_px": 4,
      "left_guard": 645,
      "right_guard": 700,
      "x_time": 707,
      "x_ideal": 707,
      "x_now": 707,
      "x_now_method": "harmonized_prefer_non_rollover",
      "hour_now_tsst": 5.279166666666667,
      "rollover_hour_min": 3.0,
      "rollover_hour_max": 8.5,
      "delta_min_to_guard": -34.520547945205486,
      "delta_min_to_frontier": -14.794520547945206,
      "frontier_day_fill": 0.2089041095890411,
      "rollover_candidate": false,
      "bias_minutes_applied": 0.0,
      "measured_bias_minutes": null,
      "age_hours": null,
      "status": "ok",
      "x_now_before_harmonize": 707,
      "x_pick": 706,
      "x_pick_edge": 707,
      "x_pick_safe_right": 923,
      "x_overlay": 707,
      "f1_path_x_range": [
        693,
        707
      ],
      "f1_path_target_col": 13,
      "f1_path_y_px": 64,
      "f4_path_x_range": [
        693,
        707
      ],
      "f4_path_target_col": 13,
      "f4_path_y_px": 250,
      "f1_path2_x_range": [
        697,
        707
      ],
      "f1_path2_target_col": 9,
      "f1_path2_y_px": 52,
      "f1_path2_y_direct_px": 64,
      "f1_path2_direct_used": false,
      "f1_path2_direct_allowed": false,
      "f1_path2_left_weight": 0.35,
      "f1_path2_right_weight": 1.0,
      "f2_path2_x_range": [
        697,
        707
      ],
      "f2_path2_target_col": 9,
      "f2_path2_y_px": 113,
      "f2_path2_y_direct_px": 114,
      "f2_path2_direct_used": false,
      "f2_path2_direct_allowed": false,
      "f2_path2_left_weight": 0.4,
      "f2_path2_right_weight": 1.0,
      "f4_path2_x_range": [
        697,
        707
      ],
      "f4_path2_target_col": 9,
      "f4_path2_y_px": 250,
      "f4_path2_y_direct_px": 262,
      "f4_path2_direct_used": false,
      "f4_path2_direct_allowed": false,
      "f4_path2_left_weight": 0.4,
      "f4_path2_right_weight": 1.0,
      "f1_local_snap_x": 707,
      "f1_local_snap_y_px": 52,
      "f1_local_snap_search_px": 8,
      "f1_local_snap_search_up_px": 4,
      "f1_local_snap_search_down_px": 12,
      "f1_local_snap_prefer_lower_weight": 0.02,
      "f3_local_snap_x": 707,
      "f3_local_snap_y_px": 165,
      "f3_local_snap_search_px": 6,
      "f3_local_snap_search_up_px": 6,
      "f3_local_snap_search_down_px": 6,
      "f3_local_snap_prefer_lower_weight": 0.0,
      "f4_local_snap_x": 707,
      "f4_local_snap_y_px": 264,
      "f4_local_snap_search_px": 8,
      "f4_local_snap_search_up_px": 6,
      "f4_local_snap_search_down_px": 14,
      "f4_local_snap_prefer_lower_weight": 0.05,
      "f2_local_snap_x": 707,
      "f2_local_snap_y_px": 110,
      "f2_local_snap_search_px": 8,
      "f2_local_snap_search_up_px": 14,
      "f2_local_snap_search_down_px": 2,
      "f2_local_snap_prefer_lower_weight": 0.0,
      "f2_consensus_x_range": [
        701,
        707
      ],
      "f2_consensus_y_px": 113,
      "f2_consensus_anchor_y_px": 110,
      "f2_consensus_seed_y_px": 110,
      "f2_consensus_support_cols": 7,
      "f2_consensus_support_ratio": 1.0,
      "f2_consensus_jump_px": 3,
      "f2_consensus_tol_px": 5,
      "f2_consensus_reason": "accepted",
      "f2_consensus_applied": true,
      "f3_consensus_x_range": [
        701,
        707
      ],
      "f3_consensus_y_px": 165,
      "f3_consensus_anchor_y_px": 165,
      "f3_consensus_seed_y_px": 160,
      "f3_consensus_support_cols": 4,
      "f3_consensus_support_ratio": 0.6125107452225088,
      "f3_consensus_jump_px": 0,
      "f3_consensus_tol_px": 5,
      "f3_consensus_reason": "accepted",
      "f3_consensus_applied": true,
      "f4_consensus_applied": false,
      "f4_consensus_x_range": [
        701,
        707
      ],
      "f4_consensus_y_px": 265,
      "f4_consensus_anchor_y_px": 264,
      "f4_consensus_seed_y_px": 265,
      "f4_consensus_support_cols": 3,
      "f4_consensus_support_ratio": 0.5120652945351313,
      "f4_consensus_jump_px": 1,
      "f4_consensus_tol_px": 6,
      "f4_consensus_reason": "low_support",
      "scale_ranges": {
        "F1": [
          7.2,
          8.4
        ],
        "F2": [
          13.1,
          14.5
        ],
        "F3": [
          18.6,
          20.2
        ],
        "F4": [
          24.1,
          26.5
        ]
      }
    },
    "A": {
      "x_day0": 59,
      "x_day1": 392,
      "x_day2": 726,
      "day_w": 333.5,
      "x_day0_time": 59,
      "x_day1_time": 351,
      "x_day2_time": 643,
      "day_w_time": 292.0,
      "x_plot_end": 935,
      "x1_static": 936,
      "x1_dyn": 935,
      "x1_dyn_used": true,