{
  "saved_at_utc": "2026-06-29T19:23:18.453220+00:00",
  "source": "tomsk_sos70_param_charts",
  "freq_max_hz": 40.0,
  "values": {
    "scale_ranges": {
      "F": {
        "F1": [
          7.2,
          8.4
        ],
        "F2": [
          13.1,
          14.5
        ],
        "F3": [
          18.6,
          20.2
        ],
        "F4": [
          24.1,
          26.5
        ]
      },
      "A": {
        "A1": [
          1.0,
          45.0
        ],
        "A2": [
          1.0,
          61.5
        ],
        "A3": [
          2.2,
          12.2
        ],
        "A4": [
          1.1,
          10.2
        ]
      },
      "Q": {
        "Q1": [
          4.0,
          38.0
        ],
        "Q2": [
          5.0,
          17.5
        ],
        "Q3": [
          7.0,
          23.0
        ],
        "Q4": [
          5.0,
          30.0
        ]
      }
    },
    "scale_units": {
      "F_hz": "Hz",
      "A_value": "idx",
      "Q_value": "idx"
    },
    "F_norm": {
      "F1": 0.11498257839721254,
      "F2": 0.26480836236933797,
      "F3": 0.5087108013937283,
      "F4": 0.7177700348432056
    },
    "F_y_px": {
      "F1": 68,
      "F2": 111,
      "F3": 181,
      "F4": 241
    },
    "F_lane_norm": {
      "F1": 0.47368421052631576,
      "F2": 0.1346153846153846,
      "F3": 0.5,
      "F4": 0.7391304347826086
    },
    "F_hz": {
      "F1": 7.831578947368421,
      "F2": 14.311538461538461,
      "F3": 19.4,
      "F4": 24.72608695652174
    },
    "A_norm": {
      "A1": 0.11498257839721254,
      "A2": 0.5261324041811847,
      "A3": 0.735191637630662,
      "A4": 0.9303135888501742
    },
    "A_y_px": {
      "A1": 68,
      "A2": 186,
      "A3": 246,
      "A4": 302
    },
    "A_lane_norm": {
      "A1": 0.2891566265060241,
      "A2": 0.9591836734693877,
      "A3": 0.9278350515463918,
      "A4": 0.7912087912087912
    },
    "A_value": {
      "A1": 32.27710843373494,
      "A2": 3.4693877551020407,
      "A3": 2.921649484536081,
      "A4": 3.0
    },
    "Q_norm": {
      "Q1": 0.2961672473867596,
      "Q2": 0.519163763066202,
      "Q3": 0.6445993031358885,
      "Q4": 0.9337979094076655
    },
    "Q_y_px": {
      "Q1": 120,
      "Q2": 184,
      "Q3": 220,
      "Q4": 303
    },
    "Q_lane_norm": {
      "Q1": 0.797752808988764,
      "Q2": 0.8247422680412371,
      "Q3": 0.6213592233009708,
      "Q4": 0.788235294117647
    },
    "Q_value": {
      "Q1": 10.876404494382022,
      "Q2": 7.190721649484537,
      "Q3": 13.058252427184467,
      "Q4": 10.294117647058822
    }
  },
  "debug": {
    "F": {
      "x_day0": 59,
      "x_day1": 372,
      "x_day2": 684,
      "day_w": 312.5,
      "x_day0_time": 59,
      "x_day1_time": 351,
      "x_day2_time": 643,
      "day_w_time": 292.0,
      "x_plot_end": 935,
      "x1_static": 936,
      "x1_dyn": 935,
      "x1_dyn_used": true,
      "pph": 12.166666666666666,
      "pph_source": "day_width (tick-mismatch-fallback)",
      "pph_tick": 19.0,
      "tick_pph_rel_err": 0.5616438356164384,
      "tick_pph_valid": false,
      "tick_count": 50,
      "tick_quality": 0.6944444444444444,
      "tick_used": false,
      "x_frontier": 676,
      "frontier_method": "activity_scan",
      "frontier_activity_thr": 0.454542350769043,
      "frontier_activity_right_tail": 0.19377541542053223,
      "frontier_activity_run_px": 8,
      "guard_px": 4,
      "left_guard": 645,
      "right_guard": 672,
      "x_time": 672,
      "x_ideal": 672,
      "x_now": 672,
      "x_now_method": "ideal",
      "hour_now_tsst": 2.388333333333333,
      "rollover_hour_min": 3.0,
      "rollover_hour_max": 8.5,
      "delta_min_to_guard": 0.0,
      "delta_min_to_frontier": 19.726027397260275,
      "frontier_day_fill": 0.11301369863013698,
      "rollover_candidate": false,
      "bias_minutes_applied": 0.0,
      "measured_bias_minutes": null,
      "age_hours": null,
      "status": "ok",
      "x_pick": 671,
      "x_pick_edge": 672,
      "x_pick_safe_right": 923,
      "x_overlay": 672,
      "f1_path_x_range": [
        658,
        672
      ],
      "f1_path_target_col": 13,
      "f1_path_y_px": 61,
      "f4_path_x_range": [
        658,
        672
      ],
      "f4_path_target_col": 13,
      "f4_path_y_px": 241,
      "f1_path2_x_range": [
        662,
        672
      ],
      "f1_path2_target_col": 9,
      "f1_path2_y_px": 61,
      "f1_path2_y_direct_px": 85,
      "f1_path2_direct_used": false,
      "f1_path2_direct_allowed": false,
      "f1_path2_left_weight": 0.35,
      "f1_path2_right_weight": 1.0,
      "f2_path2_x_range": [
        662,
        672
      ],
      "f2_path2_target_col": 9,
      "f2_path2_y_px": 116,
      "f2_path2_y_direct_px": 115,
      "f2_path2_direct_used": false,
      "f2_path2_direct_allowed": false,
      "f2_path2_left_weight": 0.4,
      "f2_path2_right_weight": 1.0,
      "f4_path2_x_range": [
        662,
        672
      ],
      "f4_path2_target_col": 9,
      "f4_path2_y_px": 241,
      "f4_path2_y_direct_px": 240,
      "f4_path2_direct_used": false,
      "f4_path2_direct_allowed": false,
      "f4_path2_left_weight": 0.4,
      "f4_path2_right_weight": 1.0,
      "f1_local_snap_x": 672,
      "f1_local_snap_y_px": 68,
      "f1_local_snap_search_px": 8,
      "f1_local_snap_search_up_px": 4,
      "f1_local_snap_search_down_px": 12,
      "f1_local_snap_prefer_lower_weight": 0.02,
      "f3_local_snap_x": 672,
      "f3_local_snap_y_px": 181,
      "f3_local_snap_search_px": 6,
      "f3_local_snap_search_up_px": 6,
      "f3_local_snap_search_down_px": 6,
      "f3_local_snap_prefer_lower_weight": 0.0,
      "f4_local_snap_x": 672,
      "f4_local_snap_y_px": 251,
      "f4_local_snap_search_px": 8,
      "f4_local_snap_search_up_px": 6,
      "f4_local_snap_search_down_px": 14,
      "f4_local_snap_prefer_lower_weight": 0.05,
      "f2_local_snap_x": 672,
      "f2_local_snap_y_px": 110,
      "f2_local_snap_search_px": 8,
      "f2_local_snap_search_up_px": 14,
      "f2_local_snap_search_down_px": 2,
      "f2_local_snap_prefer_lower_weight": 0.0,
      "f2_consensus_x_range": [
        666,
        672
      ],
      "f2_consensus_y_px": 111,
      "f2_consensus_anchor_y_px": 110,
      "f2_consensus_seed_y_px": 115,
      "f2_consensus_support_cols": 7,
      "f2_consensus_support_ratio": 1.0,
      "f2_consensus_jump_px": 1,
      "f2_consensus_tol_px": 5,
      "f2_consensus_reason": "accepted",
      "f2_consensus_applied": true,
      "f3_consensus_x_range": [
        666,
        672
      ],
      "f3_consensus_y_px": 181,
      "f3_consensus_anchor_y_px": 181,
      "f3_consensus_seed_y_px": 177,
      "f3_consensus_support_cols": 7,
      "f3_consensus_support_ratio": 1.0,
      "f3_consensus_jump_px": 0,
      "f3_consensus_tol_px": 5,
      "f3_consensus_reason": "accepted",
      "f3_consensus_applied": true,
      "f4_consensus_x_range": [
        666,
        672
      ],
      "f4_consensus_y_px": 241,
      "f4_consensus_anchor_y_px": 251,
      "f4_consensus_seed_y_px": 242,
      "f4_consensus_support_cols": 6,
      "f4_consensus_support_ratio": 0.8113937437381721,
      "f4_consensus_jump_px": 10,
      "f4_consensus_tol_px": 6,
      "f4_consensus_reason": "accepted",
      "f4_consensus_applied": true,
      "scale_ranges": {
        "F1": [
          7.2,
          8.4
        ],
        "F2": [
          13.1,
          14.5
        ],
        "F3": [
          18.6,
          20.2
        ],
        "F4": [
          24.1,
          26.5
        ]
      }
    },
    "A": {
      "x_day0": 59,
      "x_day1": 372,
      "x_day2": 684,
      "day_w": 312.5,
      "x_day0_time": 59,
      "x_day1_time": 351,
      "x_day2_time": 643,
      "day_w_time": 292.0,
      "x_plot_end": 935,
      "x1_static": 936,
      "x1_dyn": 935,
      "x1_dyn_used": true,
      "pph": 12.166666666666666,
      "pph_source": "day_width (tick-mismatch-fallback)",