{
  "saved_at_utc": "2026-03-12T23:57:33.142290+00:00",
  "source": "tomsk_sos70_param_charts",
  "freq_max_hz": 40.0,
  "values": {
    "scale_ranges": {
      "F": {
        "F1": [
          7.2,
          8.4
        ],
        "F2": [
          13.1,
          14.5
        ],
        "F3": [
          18.6,
          20.2
        ],
        "F4": [
          24.1,
          26.5
        ]
      },
      "A": {
        "A1": [
          1.0,
          45.0
        ],
        "A2": [
          1.0,
          61.5
        ],
        "A3": [
          2.2,
          12.2
        ],
        "A4": [
          1.1,
          10.2
        ]
      },
      "Q": {
        "Q1": [
          4.0,
          38.0
        ],
        "Q2": [
          5.0,
          17.5
        ],
        "Q3": [
          7.0,
          23.0
        ],
        "Q4": [
          5.0,
          30.0
        ]
      }
    },
    "scale_units": {
      "F_hz": "Hz",
      "A_value": "idx",
      "Q_value": "idx"
    },
    "F_norm": {
      "F1": 0.0313588850174216,
      "F2": 0.41114982578397213,
      "F3": 0.5296167247386759,
      "F4": 0.7526132404181185
    },
    "F_y_px": {
      "F1": 44,
      "F2": 153,
      "F3": 187,
      "F4": 251
    },
    "F_lane_norm": {
      "F1": 0.05263157894736842,
      "F2": 0.9423076923076923,
      "F3": 0.6304347826086957,
      "F4": 0.9565217391304348
    },
    "F_hz": {
      "F1": 8.336842105263159,
      "F2": 13.180769230769231,
      "F3": 19.191304347826087,
      "F4": 24.20434782608696
    },
    "A_norm": {
      "A1": 0.30313588850174217,
      "A2": 0.5087108013937283,
      "A3": 0.7247386759581882,
      "A4": 0.9616724738675958
    },
    "A_y_px": {
      "A1": 122,
      "A2": 181,
      "A3": 243,
      "A4": 311
    },
    "A_lane_norm": {
      "A1": 0.9397590361445783,
      "A2": 0.9081632653061225,
      "A3": 0.8969072164948454,
      "A4": 0.8901098901098901
    },
    "A_value": {
      "A1": 3.6506024096385516,
      "A2": 6.556122448979593,
      "A3": 3.2309278350515456,
      "A4": 2.0999999999999996
    },
    "Q_norm": {
      "Q1": 0.2787456445993031,
      "Q2": 0.4738675958188153,
      "Q3": 0.710801393728223,
      "Q4": 0.8850174216027874
    },
    "Q_y_px": {
      "Q1": 115,
      "Q2": 171,
      "Q3": 239,
      "Q4": 289
    },
    "Q_lane_norm": {
      "Q1": 0.7415730337078652,
      "Q2": 0.6907216494845361,
      "Q3": 0.8058252427184466,
      "Q4": 0.6235294117647059
    },
    "Q_value": {
      "Q1": 12.786516853932582,
      "Q2": 8.8659793814433,
      "Q3": 10.106796116504855,
      "Q4": 14.411764705882353
    }
  },
  "debug": {
    "F": {
      "x_day0": 59,
      "x_day1": 393,
      "x_day2": 727,
      "day_w": 334.0,
      "x_day0_time": 59,
      "x_day1_time": 351,
      "x_day2_time": 643,
      "day_w_time": 292.0,
      "x_plot_end": 935,
      "x1_static": 936,
      "x1_dyn": 935,
      "x1_dyn_used": true,
      "pph": 12.166666666666666,
      "pph_source": "day_width (tick-mismatch-fallback)",
      "pph_tick": 19.0,
      "tick_pph_rel_err": 0.5616438356164384,
      "tick_pph_valid": false,
      "tick_count": 50,
      "tick_quality": 0.6944444444444444,
      "tick_used": false,
      "x_frontier": 726,
      "frontier_method": "activity_scan",
      "frontier_activity_thr": 0.4942296504974365,
      "frontier_activity_right_tail": 0.1860451102256775,
      "frontier_activity_run_px": 8,
      "guard_px": 4,
      "left_guard": 645,
      "right_guard": 722,
      "x_time": 728,
      "x_ideal": 728,
      "x_now": 728,
      "x_now_method": "harmonized_pair_cluster",
      "hour_now_tsst": 6.958888888888889,
      "rollover_hour_min": 3.0,
      "rollover_hour_max": 8.5,
      "delta_min_to_guard": -29.589041095890412,
      "delta_min_to_frontier": -9.863013698630137,
      "frontier_day_fill": 0.2842465753424658,
      "rollover_candidate": false,
      "bias_minutes_applied": 0.0,
      "measured_bias_minutes": null,
      "age_hours": null,
      "status": "ok",
      "x_now_before_harmonize": 728,
      "x_pick": 727,
      "x_pick_edge": 728,
      "x_pick_safe_right": 923,
      "x_overlay": 728,
      "f1_path_x_range": [
        714,
        728
      ],
      "f1_path_target_col": 13,
      "f1_path_y_px": 43,
      "f4_path_x_range": [
        714,
        728
      ],
      "f4_path_target_col": 13,
      "f4_path_y_px": 251,
      "f1_path2_x_range": [
        718,
        728
      ],
      "f1_path2_target_col": 9,
      "f1_path2_y_px": 44,
      "f1_path2_y_direct_px": 44,
      "f1_path2_direct_used": false,
      "f1_path2_direct_allowed": false,
      "f1_path2_left_weight": 0.35,
      "f1_path2_right_weight": 1.0,
      "f2_path2_x_range": [
        718,
        728
      ],
      "f2_path2_target_col": 9,
      "f2_path2_y_px": 156,
      "f2_path2_y_direct_px": 131,
      "f2_path2_direct_used": false,
      "f2_path2_direct_allowed": false,
      "f2_path2_left_weight": 0.4,
      "f2_path2_right_weight": 1.0,
      "f4_path2_x_range": [
        718,
        728
      ],
      "f4_path2_target_col": 9,
      "f4_path2_y_px": 251,
      "f4_path2_y_direct_px": 251,
      "f4_path2_direct_used": false,
      "f4_path2_direct_allowed": false,
      "f4_path2_left_weight": 0.4,
      "f4_path2_right_weight": 1.0,
      "f1_local_snap_x": 728,
      "f1_local_snap_y_px": 44,
      "f1_local_snap_search_px": 8,
      "f1_local_snap_search_up_px": 4,
      "f1_local_snap_search_down_px": 12,
      "f1_local_snap_prefer_lower_weight": 0.02,
      "f3_local_snap_x": 728,
      "f3_local_snap_y_px": 187,
      "f3_local_snap_search_px": 6,
      "f3_local_snap_search_up_px": 6,
      "f3_local_snap_search_down_px": 6,
      "f3_local_snap_prefer_lower_weight": 0.0,
      "f4_local_snap_x": 728,
      "f4_local_snap_y_px": 251,
      "f4_local_snap_search_px": 8,
      "f4_local_snap_search_up_px": 6,
      "f4_local_snap_search_down_px": 14,
      "f4_local_snap_prefer_lower_weight": 0.05,
      "f2_local_snap_x": 728,
      "f2_local_snap_y_px": 153,
      "f2_local_snap_search_px": 8,
      "f2_local_snap_search_up_px": 14,
      "f2_local_snap_search_down_px": 2,
      "f2_local_snap_prefer_lower_weight": 0.0,
      "scale_ranges": {
        "F1": [
          7.2,
          8.4
        ],
        "F2": [
          13.1,
          14.5
        ],
        "F3": [
          18.6,
          20.2
        ],
        "F4": [
          24.1,
          26.5
        ]
      }
    },
    "A": {
      "x_day0": 59,
      "x_day1": 392,
      "x_day2": 726,
      "day_w": 333.5,
      "x_day0_time": 59,
      "x_day1_time": 351,
      "x_day2_time": 644,
      "day_w_time": 292.3333333333333,
      "x_plot_end": 936,
      "x1_static": 936,
      "x1_dyn": 977,
      "x1_dyn_used": false,
      "pph": 12.180555555555555,
      "pph_source": "day_width (tick-mismatch-fallback)",
      "pph_tick": 19.0,
      "tick_pph_rel_err": 0.5598631698973775,
      "tick_pph_valid": false,
      "tick_count": 50,
      "tick_quality": 0.6944444444444444,
      "tick_used": false,
      "x_frontier": 935,
      "frontier_method": "activity_scan",
      "frontier_activity_thr": 0.3576368346810341,
      "frontier_activity_right_tail": 0.3051450252532959,
      "frontier_activity_run_px": 8,
      "guard_px": 6,
      "left_guard": 646,
      "right_guard": 929,
      "x_time": 729,
      "x_ideal": 729,
      "x_now": 728,
      "x_now_method": "harmonized_pair_cluster",
      "hour_now_tsst": 6.958888888888889,
      "rollover_hour_min": 3.0,
      "rollover_hour_max": 8.5,
      "delta_min_to_guard": 985.1767388825542,
      "delta_min_to_frontier": 1014.7320410490307,
      "frontier_day_fill": 0.9954389965792475,
      "rollover_candidate": true,
      "bias_minutes_applied": 0.0,
      "measured_bias_minutes": null,
      "age_hours": null,
      "status": "ok",
      "x_now_before_harmonize": 929,
      "x_pick": 724,
      "x_pick_safe_right": 912,