{
  "saved_at_utc": "2026-03-20T11:44:17.338008+00:00",
  "source": "tomsk_sos70_param_charts",
  "freq_max_hz": 40.0,
  "values": {
    "scale_ranges": {
      "F": {
        "F1": [
          7.2,
          8.4
        ],
        "F2": [
          13.1,
          14.5
        ],
        "F3": [
          18.6,
          20.2
        ],
        "F4": [
          24.1,
          26.5
        ]
      },
      "A": {
        "A1": [
          1.0,
          45.0
        ],
        "A2": [
          1.0,
          61.5
        ],
        "A3": [
          2.2,
          12.2
        ],
        "A4": [
          1.1,
          10.2
        ]
      },
      "Q": {
        "Q1": [
          4.0,
          38.0
        ],
        "Q2": [
          5.0,
          17.5
        ],
        "Q3": [
          7.0,
          23.0
        ],
        "Q4": [
          5.0,
          30.0
        ]
      }
    },
    "scale_units": {
      "F_hz": "Hz",
      "A_value": "idx",
      "Q_value": "idx"
    },
    "F_norm": {
      "F1": 0.0313588850174216,
      "F2": 0.33797909407665505,
      "F3": 0.4912891986062718,
      "F4": 0.7526132404181185
    },
    "F_y_px": {
      "F1": 44,
      "F2": 132,
      "F3": 176,
      "F4": 251
    },
    "F_lane_norm": {
      "F1": 0.05263157894736842,
      "F2": 0.5384615384615384,
      "F3": 0.391304347826087,
      "F4": 0.9565217391304348
    },
    "F_hz": {
      "F1": 8.336842105263159,
      "F2": 13.746153846153845,
      "F3": 19.57391304347826,
      "F4": 24.20434782608696
    },
    "A_norm": {
      "A1": 0.2857142857142857,
      "A2": 0.445993031358885,
      "A3": 0.5017421602787456,
      "A4": 0.7491289198606271
    },
    "A_y_px": {
      "A1": 117,
      "A2": 163,
      "A3": 179,
      "A4": 250
    },
    "A_lane_norm": {
      "A1": 0.8795180722891566,
      "A2": 0.7244897959183674,
      "A3": 0.23711340206185566,
      "A4": 0.21978021978021978
    },
    "A_value": {
      "A1": 6.30120481927711,
      "A2": 17.668367346938773,
      "A3": 9.828865979381442,
      "A4": 8.2
    },
    "Q_norm": {
      "Q1": 0.2787456445993031,
      "Q2": 0.5261324041811847,
      "Q3": 0.7038327526132404,
      "Q4": 0.7526132404181185
    },
    "Q_y_px": {
      "Q1": 115,
      "Q2": 186,
      "Q3": 237,
      "Q4": 251
    },
    "Q_lane_norm": {
      "Q1": 0.7415730337078652,
      "Q2": 0.845360824742268,
      "Q3": 0.7864077669902912,
      "Q4": 0.17647058823529413
    },
    "Q_value": {
      "Q1": 12.786516853932582,
      "Q2": 6.93298969072165,
      "Q3": 10.41747572815534,
      "Q4": 25.588235294117645
    }
  },
  "debug": {
    "F": {
      "x_day0": 59,
      "x_day1": 369,
      "x_day2": 679,
      "day_w": 310.0,
      "x_day0_time": 59,
      "x_day1_time": 351,
      "x_day2_time": 643,
      "day_w_time": 292.0,
      "x_plot_end": 935,
      "x1_static": 936,
      "x1_dyn": 935,
      "x1_dyn_used": true,
      "pph": 12.166666666666666,
      "pph_source": "day_width (tick-mismatch-fallback)",
      "pph_tick": 19.0,
      "tick_pph_rel_err": 0.5616438356164384,
      "tick_pph_valid": false,
      "tick_count": 50,
      "tick_quality": 0.6944444444444444,
      "tick_used": false,
      "x_frontier": 869,
      "frontier_method": "activity_scan",
      "frontier_activity_thr": 0.39699935317039486,
      "frontier_activity_right_tail": 0.07487500458955765,
      "frontier_activity_run_px": 8,
      "guard_px": 4,
      "left_guard": 645,
      "right_guard": 865,
      "x_time": 871,
      "x_ideal": 871,
      "x_now": 871,
      "x_now_method": "ideal",
      "hour_now_tsst": 18.738055555555558,
      "rollover_hour_min": 3.0,
      "rollover_hour_max": 8.5,
      "delta_min_to_guard": -29.589041095890412,
      "delta_min_to_frontier": -9.863013698630137,
      "frontier_day_fill": 0.773972602739726,
      "rollover_candidate": false,
      "bias_minutes_applied": 0.0,
      "measured_bias_minutes": null,
      "age_hours": null,
      "status": "ok",
      "x_pick": 870,
      "x_pick_edge": 871,
      "x_pick_safe_right": 923,
      "x_overlay": 871,
      "f1_path_x_range": [
        857,
        871
      ],
      "f1_path_target_col": 13,
      "f1_path_y_px": 43,
      "f4_path_x_range": [
        857,
        871
      ],
      "f4_path_target_col": 13,
      "f4_path_y_px": 251,
      "f1_path2_x_range": [
        861,
        871
      ],
      "f1_path2_target_col": 9,
      "f1_path2_y_px": 44,
      "f1_path2_y_direct_px": 44,
      "f1_path2_direct_used": false,
      "f1_path2_direct_allowed": false,
      "f1_path2_left_weight": 0.35,
      "f1_path2_right_weight": 1.0,
      "f2_path2_x_range": [
        861,
        871
      ],
      "f2_path2_target_col": 9,
      "f2_path2_y_px": 133,
      "f2_path2_y_direct_px": 135,
      "f2_path2_direct_used": false,
      "f2_path2_direct_allowed": false,
      "f2_path2_left_weight": 0.4,
      "f2_path2_right_weight": 1.0,
      "f4_path2_x_range": [
        861,
        871
      ],
      "f4_path2_target_col": 9,
      "f4_path2_y_px": 251,
      "f4_path2_y_direct_px": 252,
      "f4_path2_direct_used": false,
      "f4_path2_direct_allowed": false,
      "f4_path2_left_weight": 0.4,
      "f4_path2_right_weight": 1.0,
      "f1_local_snap_x": 871,
      "f1_local_snap_y_px": 44,
      "f1_local_snap_search_px": 8,
      "f1_local_snap_search_up_px": 4,
      "f1_local_snap_search_down_px": 12,
      "f1_local_snap_prefer_lower_weight": 0.02,
      "f3_local_snap_x": 871,
      "f3_local_snap_y_px": 176,
      "f3_local_snap_search_px": 6,
      "f3_local_snap_search_up_px": 6,
      "f3_local_snap_search_down_px": 6,
      "f3_local_snap_prefer_lower_weight": 0.0,
      "f4_local_snap_x": 871,
      "f4_local_snap_y_px": 251,
      "f4_local_snap_search_px": 8,
      "f4_local_snap_search_up_px": 6,
      "f4_local_snap_search_down_px": 14,
      "f4_local_snap_prefer_lower_weight": 0.05,
      "f2_local_snap_x": 871,
      "f2_local_snap_y_px": 131,
      "f2_local_snap_search_px": 8,
      "f2_local_snap_search_up_px": 14,
      "f2_local_snap_search_down_px": 2,
      "f2_local_snap_prefer_lower_weight": 0.0,
      "f2_consensus_x_range": [
        865,
        871
      ],
      "f2_consensus_y_px": 132,
      "f2_consensus_anchor_y_px": 131,
      "f2_consensus_seed_y_px": 135,
      "f2_consensus_support_cols": 5,
      "f2_consensus_support_ratio": 0.6393809129988276,
      "f2_consensus_jump_px": 1,
      "f2_consensus_tol_px": 5,
      "f2_consensus_reason": "accepted",
      "f2_consensus_applied": true,
      "f3_consensus_applied": false,
      "f3_consensus_x_range": [
        865,
        871
      ],
      "f3_consensus_y_px": 163,
      "f3_consensus_anchor_y_px": 176,
      "f3_consensus_seed_y_px": 161,
      "f3_consensus_support_cols": 3,
      "f3_consensus_support_ratio": 0.5211838525181853,
      "f3_consensus_jump_px": 13,
      "f3_consensus_tol_px": 5,
      "f3_consensus_reason": "low_support",
      "f4_consensus_x_range": [
        865,
        871
      ],
      "f4_consensus_y_px": 251,
      "f4_consensus_anchor_y_px": 251,
      "f4_consensus_seed_y_px": 251,
      "f4_consensus_support_cols": 4,
      "f4_consensus_support_ratio": 0.6678890671556268,
      "f4_consensus_jump_px": 0,
      "f4_consensus_tol_px": 6,
      "f4_consensus_reason": "accepted",
      "f4_consensus_applied": true,
      "scale_ranges": {
        "F1": [
          7.2,
          8.4
        ],
        "F2": [
          13.1,
          14.5
        ],
        "F3": [
          18.6,
          20.2
        ],
        "F4": [
          24.1,
          26.5
        ]
      }
    },
    "A": {
      "x_day0": 59,
      "x_day1": 372,
      "x_day2": 684,
      "day_w": 312.5,
      "x_day0_time": 59,
      "x_day1_time": 351,
      "x_day2_time": 644,
      "day_w_time": 292.3333333333333,
      "x_plot_end": 936,
      "x1_static": 936,
      "x1_dyn": 977,
      "x1_dyn_used": false,