{
  "saved_at_utc": "2026-06-18T23:24:40.932813+00:00",
  "source": "tomsk_sos70_param_charts",
  "freq_max_hz": 40.0,
  "values": {
    "scale_ranges": {
      "F": {
        "F1": [
          7.2,
          8.4
        ],
        "F2": [
          13.1,
          14.5
        ],
        "F3": [
          18.6,
          20.2
        ],
        "F4": [
          24.1,
          26.5
        ]
      },
      "A": {
        "A1": [
          1.0,
          45.0
        ],
        "A2": [
          1.0,
          61.5
        ],
        "A3": [
          2.2,
          12.2
        ],
        "A4": [
          1.1,
          10.2
        ]
      },
      "Q": {
        "Q1": [
          4.0,
          38.0
        ],
        "Q2": [
          5.0,
          17.5
        ],
        "Q3": [
          7.0,
          23.0
        ],
        "Q4": [
          5.0,
          30.0
        ]
      }
    },
    "scale_units": {
      "F_hz": "Hz",
      "A_value": "idx",
      "Q_value": "idx"
    },
    "F_norm": {
      "F1": 0.156794425087108,
      "F2": 0.40418118466898956,
      "F3": 0.5365853658536586,
      "F4": 0.7700348432055749
    },
    "F_y_px": {
      "F1": 80,
      "F2": 151,
      "F3": 189,
      "F4": 256
    },
    "F_lane_norm": {
      "F1": 0.6842105263157895,
      "F2": 0.9038461538461539,
      "F3": 0.6739130434782609,
      "F4": 1.0
    },
    "F_hz": {
      "F1": 7.578947368421053,
      "F2": 13.234615384615385,
      "F3": 19.121739130434783,
      "F4": 24.1
    },
    "A_norm": {
      "A1": 0.2264808362369338,
      "A2": 0.43205574912891986,
      "A3": 0.6236933797909407,
      "A4": 0.8954703832752613
    },
    "A_y_px": {
      "A1": 100,
      "A2": 159,
      "A3": 214,
      "A4": 292
    },
    "A_lane_norm": {
      "A1": 0.6746987951807228,
      "A2": 0.6836734693877551,
      "A3": 0.5979381443298969,
      "A4": 0.6813186813186813
    },
    "A_value": {
      "A1": 15.313253012048193,
      "A2": 20.13775510204082,
      "A3": 6.22061855670103,
      "A4": 3.999999999999999
    },
    "Q_norm": {
      "Q1": 0.31010452961672474,
      "Q2": 0.5400696864111498,
      "Q3": 0.6236933797909407,
      "Q4": 0.9547038327526133
    },
    "Q_y_px": {
      "Q1": 124,
      "Q2": 190,
      "Q3": 214,
      "Q4": 309
    },
    "Q_lane_norm": {
      "Q1": 0.8426966292134831,
      "Q2": 0.8865979381443299,
      "Q3": 0.5631067961165048,
      "Q4": 0.8588235294117647
    },
    "Q_value": {
      "Q1": 9.348314606741575,
      "Q2": 6.417525773195877,
      "Q3": 13.990291262135923,
      "Q4": 8.529411764705884
    }
  },
  "debug": {
    "F": {
      "x_day0": 59,
      "x_day1": 392,
      "x_day2": 726,
      "day_w": 333.5,
      "x_day0_time": 59,
      "x_day1_time": 351,
      "x_day2_time": 643,
      "day_w_time": 292.0,
      "x_plot_end": 935,
      "x1_static": 936,
      "x1_dyn": 935,
      "x1_dyn_used": true,
      "pph": 12.166666666666666,
      "pph_source": "day_width (tick-mismatch-fallback)",
      "pph_tick": 19.0,
      "tick_pph_rel_err": 0.5616438356164384,
      "tick_pph_valid": false,
      "tick_count": 50,
      "tick_quality": 0.6944444444444444,
      "tick_used": false,
      "x_frontier": 724,
      "frontier_method": "activity_scan",
      "frontier_activity_thr": 0.4698785811662674,
      "frontier_activity_right_tail": 0.1941196620464325,
      "frontier_activity_run_px": 8,
      "guard_px": 4,
      "left_guard": 645,
      "right_guard": 720,
      "x_time": 721,
      "x_ideal": 721,
      "x_now": 721,
      "x_now_method": "harmonized_pair_cluster",
      "hour_now_tsst": 6.411111111111111,
      "rollover_hour_min": 3.0,
      "rollover_hour_max": 8.5,
      "delta_min_to_guard": -4.931506849315069,
      "delta_min_to_frontier": 14.794520547945206,
      "frontier_day_fill": 0.2773972602739726,
      "rollover_candidate": false,
      "bias_minutes_applied": 0.0,
      "measured_bias_minutes": null,
      "age_hours": null,
      "status": "ok",
      "x_now_before_harmonize": 721,
      "x_pick": 720,
      "x_pick_edge": 721,
      "x_pick_safe_right": 923,
      "x_overlay": 721,
      "f1_path_x_range": [
        707,
        721
      ],
      "f1_path_target_col": 13,
      "f1_path_y_px": 72,
      "f4_path_x_range": [
        707,
        721
      ],
      "f4_path_target_col": 13,
      "f4_path_y_px": 257,
      "f1_path2_x_range": [
        711,
        721
      ],
      "f1_path2_target_col": 9,
      "f1_path2_y_px": 73,
      "f1_path2_y_direct_px": 93,
      "f1_path2_direct_used": false,
      "f1_path2_direct_allowed": false,
      "f1_path2_left_weight": 0.35,
      "f1_path2_right_weight": 1.0,
      "f2_path2_x_range": [
        711,
        721
      ],
      "f2_path2_target_col": 9,
      "f2_path2_y_px": 150,
      "f2_path2_y_direct_px": 144,
      "f2_path2_direct_used": false,
      "f2_path2_direct_allowed": false,
      "f2_path2_left_weight": 0.4,
      "f2_path2_right_weight": 1.0,
      "f4_path2_x_range": [
        711,
        721
      ],
      "f4_path2_target_col": 9,
      "f4_path2_y_px": 257,
      "f4_path2_y_direct_px": 253,
      "f4_path2_direct_used": false,
      "f4_path2_direct_allowed": false,
      "f4_path2_left_weight": 0.4,
      "f4_path2_right_weight": 1.0,
      "f1_local_snap_x": 721,
      "f1_local_snap_y_px": 80,
      "f1_local_snap_search_px": 8,
      "f1_local_snap_search_up_px": 4,
      "f1_local_snap_search_down_px": 12,
      "f1_local_snap_prefer_lower_weight": 0.02,
      "f3_local_snap_x": 721,
      "f3_local_snap_y_px": 188,
      "f3_local_snap_search_px": 6,
      "f3_local_snap_search_up_px": 6,
      "f3_local_snap_search_down_px": 6,
      "f3_local_snap_prefer_lower_weight": 0.0,
      "f4_local_snap_x": 721,
      "f4_local_snap_y_px": 251,
      "f4_local_snap_search_px": 8,
      "f4_local_snap_search_up_px": 6,
      "f4_local_snap_search_down_px": 14,
      "f4_local_snap_prefer_lower_weight": 0.05,
      "f2_local_snap_x": 721,
      "f2_local_snap_y_px": 151,
      "f2_local_snap_search_px": 8,
      "f2_local_snap_search_up_px": 14,
      "f2_local_snap_search_down_px": 2,
      "f2_local_snap_prefer_lower_weight": 0.0,
      "f2_consensus_applied": false,
      "f2_consensus_support_cols": 2,
      "f2_consensus_anchor_y_px": 151,
      "f2_consensus_seed_y_px": 115,
      "f2_consensus_reason": "insufficient_inliers",
      "f3_consensus_x_range": [
        715,
        721
      ],
      "f3_consensus_y_px": 189,
      "f3_consensus_anchor_y_px": 188,
      "f3_consensus_seed_y_px": 191,
      "f3_consensus_support_cols": 7,
      "f3_consensus_support_ratio": 1.0,
      "f3_consensus_jump_px": 1,
      "f3_consensus_tol_px": 5,
      "f3_consensus_reason": "accepted",
      "f3_consensus_applied": true,
      "f4_consensus_x_range": [
        715,
        721
      ],
      "f4_consensus_y_px": 256,
      "f4_consensus_anchor_y_px": 251,
      "f4_consensus_seed_y_px": 256,
      "f4_consensus_support_cols": 5,
      "f4_consensus_support_ratio": 0.6231998917518798,
      "f4_consensus_jump_px": 5,
      "f4_consensus_tol_px": 6,
      "f4_consensus_reason": "accepted",
      "f4_consensus_applied": true,
      "scale_ranges": {
        "F1": [
          7.2,
          8.4
        ],
        "F2": [
          13.1,
          14.5
        ],
        "F3": [
          18.6,
          20.2
        ],
        "F4": [
          24.1,
          26.5
        ]
      }
    },
    "A": {
      "x_day0": 59,
      "x_day1": 392,
      "x_day2": 726,
      "day_w": 333.5,
      "x_day0_time": 59,
      "x_day1_time": 351,
      "x_day2_time": 643,
      "day_w_time": 292.0,
      "x_plot_end": 935,
      "x1_static": 936,
      "x1_dyn": 935,
      "x1_dyn_used": true,
      "pph": 12.166666666666666,
      "pph_source": "day_width (tick-mismatch-fallback)",
      "pph_tick": 19.0,
      "tick_pph_rel_err": 0.5616438356164384,
      "tick_pph_valid": false,
      "tick_count": 50,