{
  "saved_at_utc": "2026-04-29T01:00:12.050054+00:00",
  "source": "tomsk_sos70_param_charts",
  "freq_max_hz": 40.0,
  "values": {
    "scale_ranges": {
      "F": {
        "F1": [
          7.2,
          8.4
        ],
        "F2": [
          13.1,
          14.5
        ],
        "F3": [
          18.6,
          20.2
        ],
        "F4": [
          24.1,
          26.5
        ]
      },
      "A": {
        "A1": [
          1.0,
          45.0
        ],
        "A2": [
          1.0,
          61.5
        ],
        "A3": [
          2.2,
          12.2
        ],
        "A4": [
          1.1,
          10.2
        ]
      },
      "Q": {
        "Q1": [
          4.0,
          38.0
        ],
        "Q2": [
          5.0,
          17.5
        ],
        "Q3": [
          7.0,
          23.0
        ],
        "Q4": [
          5.0,
          30.0
        ]
      }
    },
    "scale_units": {
      "F_hz": "Hz",
      "A_value": "idx",
      "Q_value": "idx"
    },
    "F_norm": {
      "F1": 0.10104529616724739,
      "F2": 0.28222996515679444,
      "F3": 0.5574912891986062,
      "F4": 0.7526132404181185
    },
    "F_y_px": {
      "F1": 64,
      "F2": 116,
      "F3": 195,
      "F4": 251
    },
    "F_lane_norm": {
      "F1": 0.40350877192982454,
      "F2": 0.23076923076923078,
      "F3": 0.8043478260869565,
      "F4": 0.9565217391304348
    },
    "F_hz": {
      "F1": 7.915789473684211,
      "F2": 14.176923076923076,
      "F3": 18.91304347826087,
      "F4": 24.20434782608696
    },
    "A_norm": {
      "A1": 0.2961672473867596,
      "A2": 0.5052264808362369,
      "A3": 0.6968641114982579,
      "A4": 0.7456445993031359
    },
    "A_y_px": {
      "A1": 120,
      "A2": 180,
      "A3": 235,
      "A4": 249
    },
    "A_lane_norm": {
      "A1": 0.9156626506024096,
      "A2": 0.8979591836734694,
      "A3": 0.8144329896907216,
      "A4": 0.2087912087912088
    },
    "A_value": {
      "A1": 4.710843373493979,
      "A2": 7.173469387755105,
      "A3": 4.055670103092783,
      "A4": 8.299999999999999
    },
    "Q_norm": {
      "Q1": 0.2682926829268293,
      "Q2": 0.4843205574912892,
      "Q3": 0.6689895470383276,
      "Q4": 0.8885017421602788
    },
    "Q_y_px": {
      "Q1": 112,
      "Q2": 174,
      "Q3": 227,
      "Q4": 290
    },
    "Q_lane_norm": {
      "Q1": 0.7078651685393258,
      "Q2": 0.7216494845360825,
      "Q3": 0.6893203883495146,
      "Q4": 0.6352941176470588
    },
    "Q_value": {
      "Q1": 13.932584269662922,
      "Q2": 8.47938144329897,
      "Q3": 11.970873786407767,
      "Q4": 14.11764705882353
    }
  },
  "debug": {
    "F": {
      "x_day0": 59,
      "x_day1": 368,
      "x_day2": 678,
      "day_w": 309.5,
      "x_day0_time": 59,
      "x_day1_time": 351,
      "x_day2_time": 643,
      "day_w_time": 292.0,
      "x_plot_end": 935,
      "x1_static": 936,
      "x1_dyn": 935,
      "x1_dyn_used": true,
      "pph": 12.166666666666666,
      "pph_source": "day_width (tick-mismatch-fallback)",
      "pph_tick": 19.0,
      "tick_pph_rel_err": 0.5616438356164384,
      "tick_pph_valid": false,
      "tick_count": 50,
      "tick_quality": 0.6944444444444444,
      "tick_used": false,
      "x_frontier": 746,
      "frontier_method": "activity_scan",
      "frontier_activity_thr": 0.46392997503280636,
      "frontier_activity_right_tail": 0.19055497646331787,
      "frontier_activity_run_px": 8,
      "guard_px": 4,
      "left_guard": 645,
      "right_guard": 742,
      "x_time": 740,
      "x_ideal": 740,
      "x_now": 740,
      "x_now_method": "harmonized_prefer_non_rollover",
      "hour_now_tsst": 8.003055555555555,
      "rollover_hour_min": 3.0,
      "rollover_hour_max": 8.5,
      "delta_min_to_guard": 9.863013698630137,
      "delta_min_to_frontier": 29.589041095890412,
      "frontier_day_fill": 0.3527397260273973,
      "rollover_candidate": false,
      "bias_minutes_applied": 0.0,
      "measured_bias_minutes": null,
      "age_hours": null,
      "status": "ok",
      "x_now_before_harmonize": 740,
      "x_pick": 739,
      "x_pick_edge": 740,
      "x_pick_safe_right": 923,
      "x_overlay": 740,
      "f1_path_x_range": [
        726,
        740
      ],
      "f1_path_target_col": 13,
      "f1_path_y_px": 45,
      "f4_path_x_range": [
        726,
        740
      ],
      "f4_path_target_col": 13,
      "f4_path_y_px": 251,
      "f1_path2_x_range": [
        730,
        740
      ],
      "f1_path2_target_col": 9,
      "f1_path2_y_px": 65,
      "f1_path2_y_direct_px": 66,
      "f1_path2_direct_used": false,
      "f1_path2_direct_allowed": false,
      "f1_path2_left_weight": 0.35,
      "f1_path2_right_weight": 1.0,
      "f2_path2_x_range": [
        730,
        740
      ],
      "f2_path2_target_col": 9,
      "f2_path2_y_px": 115,
      "f2_path2_y_direct_px": 115,
      "f2_path2_direct_used": false,
      "f2_path2_direct_allowed": false,
      "f2_path2_left_weight": 0.4,
      "f2_path2_right_weight": 1.0,
      "f4_path2_x_range": [
        730,
        740
      ],
      "f4_path2_target_col": 9,
      "f4_path2_y_px": 251,
      "f4_path2_y_direct_px": 251,
      "f4_path2_direct_used": false,
      "f4_path2_direct_allowed": false,
      "f4_path2_left_weight": 0.4,
      "f4_path2_right_weight": 1.0,
      "f1_local_snap_x": 740,
      "f1_local_snap_y_px": 64,
      "f1_local_snap_search_px": 8,
      "f1_local_snap_search_up_px": 4,
      "f1_local_snap_search_down_px": 12,
      "f1_local_snap_prefer_lower_weight": 0.02,
      "f3_local_snap_x": 740,
      "f3_local_snap_y_px": 195,
      "f3_local_snap_search_px": 6,
      "f3_local_snap_search_up_px": 6,
      "f3_local_snap_search_down_px": 6,
      "f3_local_snap_prefer_lower_weight": 0.0,
      "f4_local_snap_x": 740,
      "f4_local_snap_y_px": 251,
      "f4_local_snap_search_px": 8,
      "f4_local_snap_search_up_px": 6,
      "f4_local_snap_search_down_px": 14,
      "f4_local_snap_prefer_lower_weight": 0.05,
      "f2_local_snap_x": 740,
      "f2_local_snap_y_px": 116,
      "f2_local_snap_search_px": 8,
      "f2_local_snap_search_up_px": 14,
      "f2_local_snap_search_down_px": 2,
      "f2_local_snap_prefer_lower_weight": 0.0,
      "f2_consensus_x_range": [
        734,
        740
      ],
      "f2_consensus_y_px": 116,
      "f2_consensus_anchor_y_px": 116,
      "f2_consensus_seed_y_px": 112,
      "f2_consensus_support_cols": 7,
      "f2_consensus_support_ratio": 1.0,
      "f2_consensus_jump_px": 0,
      "f2_consensus_tol_px": 5,
      "f2_consensus_reason": "accepted",
      "f2_consensus_applied": true,
      "f3_consensus_applied": false,
      "f3_consensus_x_range": [
        734,
        740
      ],
      "f3_consensus_y_px": 204,
      "f3_consensus_anchor_y_px": 195,
      "f3_consensus_seed_y_px": 204,
      "f3_consensus_support_cols": 4,
      "f3_consensus_support_ratio": 0.45394736842105265,
      "f3_consensus_jump_px": 9,
      "f3_consensus_tol_px": 5,
      "f3_consensus_reason": "low_support",
      "f4_consensus_x_range": [
        734,
        740
      ],
      "f4_consensus_y_px": 251,
      "f4_consensus_anchor_y_px": 251,
      "f4_consensus_seed_y_px": 251,
      "f4_consensus_support_cols": 5,
      "f4_consensus_support_ratio": 0.7612791108479982,
      "f4_consensus_jump_px": 0,
      "f4_consensus_tol_px": 6,
      "f4_consensus_reason": "accepted",
      "f4_consensus_applied": true,
      "scale_ranges": {
        "F1": [
          7.2,
          8.4
        ],
        "F2": [
          13.1,
          14.5
        ],
        "F3": [
          18.6,
          20.2
        ],
        "F4": [
          24.1,
          26.5
        ]
      }
    },
    "A": {
      "x_day0": 59,
      "x_day1": 372,
      "x_day2": 684,
      "day_w": 312.5,
      "x_day0_time": 59,
      "x_day1_time": 351,
      "x_day2_time": 643,
      "day_w_time": 292.0,
      "x_plot_end": 935,
      "x1_static": 936,