{
  "saved_at_utc": "2026-05-29T17:18:50.215809+00:00",
  "source": "tomsk_sos70_param_charts",
  "freq_max_hz": 40.0,
  "values": {
    "scale_ranges": {
      "F": {
        "F1": [
          7.2,
          8.4
        ],
        "F2": [
          13.1,
          14.5
        ],
        "F3": [
          18.6,
          20.2
        ],
        "F4": [
          24.1,
          26.5
        ]
      },
      "A": {
        "A1": [
          1.0,
          45.0
        ],
        "A2": [
          1.0,
          61.5
        ],
        "A3": [
          2.2,
          12.2
        ],
        "A4": [
          1.1,
          10.2
        ]
      },
      "Q": {
        "Q1": [
          4.0,
          38.0
        ],
        "Q2": [
          5.0,
          17.5
        ],
        "Q3": [
          7.0,
          23.0
        ],
        "Q4": [
          5.0,
          30.0
        ]
      }
    },
    "scale_units": {
      "F_hz": "Hz",
      "A_value": "idx",
      "Q_value": "idx"
    },
    "F_norm": {
      "F1": 0.1672473867595819,
      "F2": 0.397212543554007,
      "F3": 0.46689895470383275,
      "F4": 0.7526132404181185
    },
    "F_y_px": {
      "F1": 83,
      "F2": 149,
      "F3": 169,
      "F4": 251
    },
    "F_lane_norm": {
      "F1": 0.7368421052631579,
      "F2": 0.8653846153846154,
      "F3": 0.2391304347826087,
      "F4": 0.9565217391304348
    },
    "F_hz": {
      "F1": 7.515789473684211,
      "F2": 13.288461538461538,
      "F3": 19.817391304347826,
      "F4": 24.20434782608696
    },
    "A_norm": {
      "A1": 0.2787456445993031,
      "A2": 0.3519163763066202,
      "A3": 0.7038327526132404,
      "A4": 0.9094076655052264
    },
    "A_y_px": {
      "A1": 115,
      "A2": 136,
      "A3": 237,
      "A4": 296
    },
    "A_lane_norm": {
      "A1": 0.8554216867469879,
      "A2": 0.4489795918367347,
      "A3": 0.8350515463917526,
      "A4": 0.7252747252747253
    },
    "A_value": {
      "A1": 7.361445783132531,
      "A2": 34.33673469387755,
      "A3": 3.849484536082473,
      "A4": 3.5999999999999996
    },
    "Q_norm": {
      "Q1": 0.2857142857142857,
      "Q2": 0.4878048780487805,
      "Q3": 0.5958188153310104,
      "Q4": 0.8815331010452961
    },
    "Q_y_px": {
      "Q1": 117,
      "Q2": 175,
      "Q3": 206,
      "Q4": 288
    },
    "Q_lane_norm": {
      "Q1": 0.7640449438202247,
      "Q2": 0.7319587628865979,
      "Q3": 0.4854368932038835,
      "Q4": 0.611764705882353
    },
    "Q_value": {
      "Q1": 12.022471910112362,
      "Q2": 8.350515463917526,
      "Q3": 15.233009708737864,
      "Q4": 14.705882352941176
    }
  },
  "debug": {
    "F": {
      "x_day0": 59,
      "x_day1": 380,
      "x_day2": 701,
      "day_w": 321.0,
      "x_day0_time": 59,
      "x_day1_time": 351,
      "x_day2_time": 644,
      "day_w_time": 292.3333333333333,
      "x_plot_end": 936,
      "x1_static": 936,
      "x1_dyn": 1006,
      "x1_dyn_used": false,
      "pph": 12.180555555555555,
      "pph_source": "day_width (tick-mismatch-fallback)",
      "pph_tick": 19.0,
      "tick_pph_rel_err": 0.5598631698973775,
      "tick_pph_valid": false,
      "tick_count": 50,
      "tick_quality": 0.6944444444444444,
      "tick_used": false,
      "x_frontier": 935,
      "frontier_method": "activity_scan",
      "frontier_activity_thr": 0.48179661631584164,
      "frontier_activity_right_tail": 0.6137295365333557,
      "frontier_activity_run_px": 8,
      "guard_px": 4,
      "left_guard": 646,
      "right_guard": 931,
      "x_time": 648,
      "x_ideal": 648,
      "x_now": 648,
      "x_now_method": "ideal",
      "hour_now_tsst": 0.3138888888888889,
      "rollover_hour_min": 3.0,
      "rollover_hour_max": 8.5,
      "delta_min_to_guard": 1394.0250855188142,
      "delta_min_to_frontier": 1413.7286202964651,
      "frontier_day_fill": 0.9954389965792475,
      "rollover_candidate": false,
      "bias_minutes_applied": 0.0,
      "measured_bias_minutes": null,
      "age_hours": null,
      "status": "ok",
      "x_pick": 647,
      "x_pick_edge": 648,
      "x_pick_safe_right": 924,
      "x_overlay": 648,
      "f1_path_x_range": [
        634,
        648
      ],
      "f1_path_target_col": 13,
      "f1_path_y_px": 90,
      "f4_path_x_range": [
        634,
        648
      ],
      "f4_path_target_col": 13,
      "f4_path_y_px": 250,
      "f1_path2_x_range": [
        638,
        648
      ],
      "f1_path2_target_col": 9,
      "f1_path2_y_px": 81,
      "f1_path2_y_direct_px": 81,
      "f1_path2_direct_used": false,
      "f1_path2_direct_allowed": false,
      "f1_path2_left_weight": 0.35,
      "f1_path2_right_weight": 1.0,
      "f2_path2_x_range": [
        638,
        648
      ],
      "f2_path2_target_col": 9,
      "f2_path2_y_px": 149,
      "f2_path2_y_direct_px": 150,
      "f2_path2_direct_used": false,
      "f2_path2_direct_allowed": false,
      "f2_path2_left_weight": 0.4,
      "f2_path2_right_weight": 1.0,
      "f4_path2_x_range": [
        638,
        648
      ],
      "f4_path2_target_col": 9,
      "f4_path2_y_px": 251,
      "f4_path2_y_direct_px": 250,
      "f4_path2_direct_used": false,
      "f4_path2_direct_allowed": false,
      "f4_path2_left_weight": 0.4,
      "f4_path2_right_weight": 1.0,
      "f1_local_snap_x": 648,
      "f1_local_snap_y_px": 83,
      "f1_local_snap_search_px": 8,
      "f1_local_snap_search_up_px": 4,
      "f1_local_snap_search_down_px": 12,
      "f1_local_snap_prefer_lower_weight": 0.02,
      "f3_local_snap_x": 648,
      "f3_local_snap_y_px": 168,
      "f3_local_snap_search_px": 6,
      "f3_local_snap_search_up_px": 6,
      "f3_local_snap_search_down_px": 6,
      "f3_local_snap_prefer_lower_weight": 0.0,
      "f4_local_snap_x": 648,
      "f4_local_snap_y_px": 249,
      "f4_local_snap_search_px": 8,
      "f4_local_snap_search_up_px": 6,
      "f4_local_snap_search_down_px": 14,
      "f4_local_snap_prefer_lower_weight": 0.05,
      "f2_local_snap_x": 648,
      "f2_local_snap_y_px": 149,
      "f2_local_snap_search_px": 8,
      "f2_local_snap_search_up_px": 14,
      "f2_local_snap_search_down_px": 2,
      "f2_local_snap_prefer_lower_weight": 0.0,
      "f2_consensus_applied": false,
      "f2_consensus_x_range": [
        642,
        648
      ],
      "f2_consensus_y_px": 149,
      "f2_consensus_anchor_y_px": 149,
      "f2_consensus_seed_y_px": 149,
      "f2_consensus_support_cols": 4,
      "f2_consensus_support_ratio": 0.5082578582844965,
      "f2_consensus_jump_px": 0,
      "f2_consensus_tol_px": 5,
      "f2_consensus_reason": "low_support",
      "f3_consensus_x_range": [
        642,
        648
      ],
      "f3_consensus_y_px": 169,
      "f3_consensus_anchor_y_px": 168,
      "f3_consensus_seed_y_px": 169,
      "f3_consensus_support_cols": 4,
      "f3_consensus_support_ratio": 0.6612403100775194,
      "f3_consensus_jump_px": 1,
      "f3_consensus_tol_px": 5,
      "f3_consensus_reason": "accepted",
      "f3_consensus_applied": true,
      "f4_consensus_x_range": [
        642,
        648
      ],
      "f4_consensus_y_px": 251,
      "f4_consensus_anchor_y_px": 249,
      "f4_consensus_seed_y_px": 251,
      "f4_consensus_support_cols": 4,
      "f4_consensus_support_ratio": 0.6164092362898822,
      "f4_consensus_jump_px": 2,
      "f4_consensus_tol_px": 6,
      "f4_consensus_reason": "accepted",
      "f4_consensus_applied": true,
      "scale_ranges": {
        "F1": [
          7.2,
          8.4
        ],
        "F2": [
          13.1,
          14.5
        ],
        "F3": [
          18.6,
          20.2
        ],
        "F4": [
          24.1,
          26.5
        ]
      }
    },
    "A": {
      "x_day0": 59,
      "x_day1": 368,
      "x_day2": 678,
      "day_w": 309.5,
      "x_day0_time": 59,
      "x_day1_time": 351,
      "x_day2_time": 644,
      "day_w_time": 292.3333333333333,
      "x_plot_end": 936,
      "x1_static": 936,
      "x1_dyn": 977,