{
  "saved_at_utc": "2026-05-22T20:23:19.914905+00:00",
  "source": "tomsk_sos70_param_charts",
  "freq_max_hz": 40.0,
  "values": {
    "scale_ranges": {
      "F": {
        "F1": [
          7.2,
          8.4
        ],
        "F2": [
          13.1,
          14.5
        ],
        "F3": [
          18.6,
          20.2
        ],
        "F4": [
          24.1,
          26.5
        ]
      },
      "A": {
        "A1": [
          1.0,
          45.0
        ],
        "A2": [
          1.0,
          61.5
        ],
        "A3": [
          2.2,
          12.2
        ],
        "A4": [
          1.1,
          10.2
        ]
      },
      "Q": {
        "Q1": [
          4.0,
          38.0
        ],
        "Q2": [
          5.0,
          17.5
        ],
        "Q3": [
          7.0,
          23.0
        ],
        "Q4": [
          5.0,
          30.0
        ]
      }
    },
    "scale_units": {
      "F_hz": "Hz",
      "A_value": "idx",
      "Q_value": "idx"
    },
    "F_norm": {
      "F1": 0.0313588850174216,
      "F2": 0.4076655052264808,
      "F3": 0.445993031358885,
      "F4": 0.6829268292682927
    },
    "F_y_px": {
      "F1": 44,
      "F2": 152,
      "F3": 163,
      "F4": 231
    },
    "F_lane_norm": {
      "F1": 0.05263157894736842,
      "F2": 0.9230769230769231,
      "F3": 0.10869565217391304,
      "F4": 0.5217391304347826
    },
    "F_hz": {
      "F1": 8.336842105263159,
      "F2": 13.207692307692307,
      "F3": 20.026086956521738,
      "F4": 25.247826086956522
    },
    "A_norm": {
      "A1": 0.29965156794425085,
      "A2": 0.5365853658536586,
      "A3": 0.7386759581881533,
      "A4": 0.9512195121951219
    },
    "A_y_px": {
      "A1": 121,
      "A2": 189,
      "A3": 247,
      "A4": 308
    },
    "A_lane_norm": {
      "A1": 0.927710843373494,
      "A2": 0.9897959183673469,
      "A3": 0.9381443298969072,
      "A4": 0.8571428571428571
    },
    "A_value": {
      "A1": 4.180722891566262,
      "A2": 1.617346938775512,
      "A3": 2.8185567010309267,
      "A4": 2.4000000000000004
    },
    "Q_norm": {
      "Q1": 0.30662020905923343,
      "Q2": 0.49825783972125437,
      "Q3": 0.7142857142857143,
      "Q4": 0.8954703832752613
    },
    "Q_y_px": {
      "Q1": 123,
      "Q2": 178,
      "Q3": 240,
      "Q4": 292
    },
    "Q_lane_norm": {
      "Q1": 0.8314606741573034,
      "Q2": 0.7628865979381443,
      "Q3": 0.8155339805825242,
      "Q4": 0.6588235294117647
    },
    "Q_value": {
      "Q1": 9.730337078651683,
      "Q2": 7.963917525773196,
      "Q3": 9.951456310679612,
      "Q4": 13.529411764705884
    }
  },
  "debug": {
    "F": {
      "x_day0": 59,
      "x_day1": 392,
      "x_day2": 726,
      "day_w": 333.5,
      "x_day0_time": 59,
      "x_day1_time": 351,
      "x_day2_time": 643,
      "day_w_time": 292.0,
      "x_plot_end": 935,
      "x1_static": 936,
      "x1_dyn": 935,
      "x1_dyn_used": true,
      "pph": 12.166666666666666,
      "pph_source": "day_width (tick-mismatch-fallback)",
      "pph_tick": 19.0,
      "tick_pph_rel_err": 0.5616438356164384,
      "tick_pph_valid": false,
      "tick_count": 50,
      "tick_quality": 0.6944444444444444,
      "tick_used": false,
      "x_frontier": 678,
      "frontier_method": "activity_scan",
      "frontier_activity_thr": 0.48442035019397733,
      "frontier_activity_right_tail": 0.17919236421585083,
      "frontier_activity_run_px": 8,
      "guard_px": 4,
      "left_guard": 645,
      "right_guard": 674,
      "x_time": 684,
      "x_ideal": 684,
      "x_now": 684,
      "x_now_method": "harmonized_prefer_non_rollover",
      "hour_now_tsst": 3.388611111111111,
      "rollover_hour_min": 3.0,
      "rollover_hour_max": 8.5,
      "delta_min_to_guard": -49.31506849315069,
      "delta_min_to_frontier": -29.589041095890412,
      "frontier_day_fill": 0.11986301369863013,
      "rollover_candidate": false,
      "bias_minutes_applied": 0.0,
      "measured_bias_minutes": null,
      "age_hours": null,
      "status": "ok",
      "x_now_before_harmonize": 684,
      "x_pick": 683,
      "x_pick_edge": 684,
      "x_pick_safe_right": 923,
      "x_overlay": 684,
      "f1_path_x_range": [
        670,
        684
      ],
      "f1_path_target_col": 13,
      "f1_path_y_px": 43,
      "f4_path_x_range": [
        670,
        684
      ],
      "f4_path_target_col": 13,
      "f4_path_y_px": 230,
      "f1_path2_x_range": [
        674,
        684
      ],
      "f1_path2_target_col": 9,
      "f1_path2_y_px": 44,
      "f1_path2_y_direct_px": 44,
      "f1_path2_direct_used": false,
      "f1_path2_direct_allowed": false,
      "f1_path2_left_weight": 0.35,
      "f1_path2_right_weight": 1.0,
      "f2_path2_x_range": [
        674,
        684
      ],
      "f2_path2_target_col": 9,
      "f2_path2_y_px": 152,
      "f2_path2_y_direct_px": 152,
      "f2_path2_direct_used": false,
      "f2_path2_direct_allowed": false,
      "f2_path2_left_weight": 0.4,
      "f2_path2_right_weight": 1.0,
      "f4_path2_x_range": [
        674,
        684
      ],
      "f4_path2_target_col": 9,
      "f4_path2_y_px": 231,
      "f4_path2_y_direct_px": 253,
      "f4_path2_direct_used": false,
      "f4_path2_direct_allowed": false,
      "f4_path2_left_weight": 0.4,
      "f4_path2_right_weight": 1.0,
      "f1_local_snap_x": 684,
      "f1_local_snap_y_px": 44,
      "f1_local_snap_search_px": 8,
      "f1_local_snap_search_up_px": 4,
      "f1_local_snap_search_down_px": 12,
      "f1_local_snap_prefer_lower_weight": 0.02,
      "f3_local_snap_x": 684,
      "f3_local_snap_y_px": 163,
      "f3_local_snap_search_px": 6,
      "f3_local_snap_search_up_px": 6,
      "f3_local_snap_search_down_px": 6,
      "f3_local_snap_prefer_lower_weight": 0.0,
      "f4_local_snap_x": 684,
      "f4_local_snap_y_px": 231,
      "f4_local_snap_search_px": 8,
      "f4_local_snap_search_up_px": 6,
      "f4_local_snap_search_down_px": 14,
      "f4_local_snap_prefer_lower_weight": 0.05,
      "f2_local_snap_x": 684,
      "f2_local_snap_y_px": 152,
      "f2_local_snap_search_px": 8,
      "f2_local_snap_search_up_px": 14,
      "f2_local_snap_search_down_px": 2,
      "f2_local_snap_prefer_lower_weight": 0.0,
      "f2_consensus_x_range": [
        678,
        684
      ],
      "f2_consensus_y_px": 152,
      "f2_consensus_anchor_y_px": 152,
      "f2_consensus_seed_y_px": 153,
      "f2_consensus_support_cols": 5,
      "f2_consensus_support_ratio": 0.6230928509154315,
      "f2_consensus_jump_px": 0,
      "f2_consensus_tol_px": 5,
      "f2_consensus_reason": "accepted",
      "f2_consensus_applied": true,
      "f3_consensus_applied": false,
      "f3_consensus_x_range": [
        678,
        684
      ],
      "f3_consensus_y_px": 160,
      "f3_consensus_anchor_y_px": 163,
      "f3_consensus_seed_y_px": 160,
      "f3_consensus_support_cols": 4,
      "f3_consensus_support_ratio": 0.4596660726010693,
      "f3_consensus_jump_px": 3,
      "f3_consensus_tol_px": 5,
      "f3_consensus_reason": "low_support",
      "f4_consensus_applied": false,
      "f4_consensus_x_range": [
        678,
        684
      ],
      "f4_consensus_y_px": 265,
      "f4_consensus_anchor_y_px": 231,
      "f4_consensus_seed_y_px": 265,
      "f4_consensus_support_cols": 5,
      "f4_consensus_support_ratio": 0.6354781259016784,
      "f4_consensus_jump_px": 34,
      "f4_consensus_tol_px": 6,
      "f4_consensus_reason": "excessive_jump",
      "scale_ranges": {
        "F1": [
          7.2,
          8.4
        ],
        "F2": [
          13.1,
          14.5
        ],
        "F3": [
          18.6,
          20.2
        ],
        "F4": [
          24.1,
          26.5
        ]
      }
    },
    "A": {
      "x_day0": 59,
      "x_day1": 392,
      "x_day2": 726,
      "day_w": 333.5,
      "x_day0_time": 59,
      "x_day1_time": 351,
      "x_day2_time": 643,
      "day_w_time": 292.0,
      "x_plot_end": 935,