{
  "saved_at_utc": "2026-05-10T22:31:28.566186+00:00",
  "source": "tomsk_sos70_param_charts",
  "freq_max_hz": 40.0,
  "values": {
    "scale_ranges": {
      "F": {
        "F1": [
          7.2,
          8.4
        ],
        "F2": [
          13.1,
          14.5
        ],
        "F3": [
          18.6,
          20.2
        ],
        "F4": [
          24.1,
          26.5
        ]
      },
      "A": {
        "A1": [
          1.0,
          45.0
        ],
        "A2": [
          1.0,
          61.5
        ],
        "A3": [
          2.2,
          12.2
        ],
        "A4": [
          1.1,
          10.2
        ]
      },
      "Q": {
        "Q1": [
          4.0,
          38.0
        ],
        "Q2": [
          5.0,
          17.5
        ],
        "Q3": [
          7.0,
          23.0
        ],
        "Q4": [
          5.0,
          30.0
        ]
      }
    },
    "scale_units": {
      "F_hz": "Hz",
      "A_value": "idx",
      "Q_value": "idx"
    },
    "F_norm": {
      "F1": 0.1986062717770035,
      "F2": 0.40069686411149824,
      "F3": 0.5052264808362369,
      "F4": 0.6794425087108014
    },
    "F_y_px": {
      "F1": 92,
      "F2": 150,
      "F3": 180,
      "F4": 230
    },
    "F_lane_norm": {
      "F1": 0.8947368421052632,
      "F2": 0.8846153846153846,
      "F3": 0.4782608695652174,
      "F4": 0.5
    },
    "F_hz": {
      "F1": 7.326315789473684,
      "F2": 13.26153846153846,
      "F3": 19.434782608695652,
      "F4": 25.3
    },
    "A_norm": {
      "A1": 0.289198606271777,
      "A2": 0.5121951219512195,
      "A3": 0.735191637630662,
      "A4": 0.9581881533101045
    },
    "A_y_px": {
      "A1": 118,
      "A2": 182,
      "A3": 246,
      "A4": 310
    },
    "A_lane_norm": {
      "A1": 0.891566265060241,
      "A2": 0.9183673469387755,
      "A3": 0.9278350515463918,
      "A4": 0.8791208791208791
    },
    "A_value": {
      "A1": 5.7710843373494,
      "A2": 5.938775510204081,
      "A3": 2.921649484536081,
      "A4": 2.2
    },
    "Q_norm": {
      "Q1": 0.25435540069686413,
      "Q2": 0.49477351916376305,
      "Q3": 0.6759581881533101,
      "Q4": 0.9303135888501742
    },
    "Q_y_px": {
      "Q1": 108,
      "Q2": 177,
      "Q3": 229,
      "Q4": 302
    },
    "Q_lane_norm": {
      "Q1": 0.6629213483146067,
      "Q2": 0.7525773195876289,
      "Q3": 0.7087378640776699,
      "Q4": 0.7764705882352941
    },
    "Q_value": {
      "Q1": 15.460674157303373,
      "Q2": 8.092783505154639,
      "Q3": 11.660194174757281,
      "Q4": 10.588235294117645
    }
  },
  "debug": {
    "F": {
      "x_day0": 59,
      "x_day1": 392,
      "x_day2": 726,
      "day_w": 333.5,
      "x_day0_time": 59,
      "x_day1_time": 351,
      "x_day2_time": 643,
      "day_w_time": 292.0,
      "x_plot_end": 935,
      "x1_static": 936,
      "x1_dyn": 935,
      "x1_dyn_used": true,
      "pph": 12.166666666666666,
      "pph_source": "day_width (tick-mismatch-fallback)",
      "pph_tick": 19.0,
      "tick_pph_rel_err": 0.5616438356164384,
      "tick_pph_valid": false,
      "tick_count": 50,
      "tick_quality": 0.6944444444444444,
      "tick_used": false,
      "x_frontier": 709,
      "frontier_method": "activity_scan",
      "frontier_activity_thr": 0.516115665435791,
      "frontier_activity_right_tail": 0.18029960989952087,
      "frontier_activity_run_px": 8,
      "guard_px": 4,
      "left_guard": 645,
      "right_guard": 705,
      "x_time": 710,
      "x_ideal": 710,
      "x_now": 710,
      "x_now_method": "harmonized_pair_cluster",
      "hour_now_tsst": 5.524444444444445,
      "rollover_hour_min": 3.0,
      "rollover_hour_max": 8.5,
      "delta_min_to_guard": -24.657534246575345,
      "delta_min_to_frontier": -4.931506849315069,
      "frontier_day_fill": 0.22602739726027396,
      "rollover_candidate": false,
      "bias_minutes_applied": 0.0,
      "measured_bias_minutes": null,
      "age_hours": null,
      "status": "ok",
      "x_now_before_harmonize": 710,
      "x_pick": 709,
      "x_pick_edge": 710,
      "x_pick_safe_right": 923,
      "x_overlay": 710,
      "f1_path_x_range": [
        696,
        710
      ],
      "f1_path_target_col": 13,
      "f1_path_y_px": 90,
      "f4_path_x_range": [
        696,
        710
      ],
      "f4_path_target_col": 13,
      "f4_path_y_px": 231,
      "f1_path2_x_range": [
        700,
        710
      ],
      "f1_path2_target_col": 9,
      "f1_path2_y_px": 90,
      "f1_path2_y_direct_px": 94,
      "f1_path2_direct_used": false,
      "f1_path2_direct_allowed": false,
      "f1_path2_left_weight": 0.35,
      "f1_path2_right_weight": 1.0,
      "f2_path2_x_range": [
        700,
        710
      ],
      "f2_path2_target_col": 9,
      "f2_path2_y_px": 149,
      "f2_path2_y_direct_px": 136,
      "f2_path2_direct_used": false,
      "f2_path2_direct_allowed": false,
      "f2_path2_left_weight": 0.4,
      "f2_path2_right_weight": 1.0,
      "f4_path2_x_range": [
        700,
        710
      ],
      "f4_path2_target_col": 9,
      "f4_path2_y_px": 230,
      "f4_path2_y_direct_px": 230,
      "f4_path2_direct_used": false,
      "f4_path2_direct_allowed": false,
      "f4_path2_left_weight": 0.4,
      "f4_path2_right_weight": 1.0,
      "f1_local_snap_x": 710,
      "f1_local_snap_y_px": 92,
      "f1_local_snap_search_px": 8,
      "f1_local_snap_search_up_px": 4,
      "f1_local_snap_search_down_px": 12,
      "f1_local_snap_prefer_lower_weight": 0.02,
      "f3_local_snap_x": 710,
      "f3_local_snap_y_px": 180,
      "f3_local_snap_search_px": 6,
      "f3_local_snap_search_up_px": 6,
      "f3_local_snap_search_down_px": 6,
      "f3_local_snap_prefer_lower_weight": 0.0,
      "f4_local_snap_x": 710,
      "f4_local_snap_y_px": 231,
      "f4_local_snap_search_px": 8,
      "f4_local_snap_search_up_px": 6,
      "f4_local_snap_search_down_px": 14,
      "f4_local_snap_prefer_lower_weight": 0.05,
      "f2_local_snap_x": 710,
      "f2_local_snap_y_px": 149,
      "f2_local_snap_search_px": 8,
      "f2_local_snap_search_up_px": 14,
      "f2_local_snap_search_down_px": 2,
      "f2_local_snap_prefer_lower_weight": 0.0,
      "f2_consensus_x_range": [
        704,
        710
      ],
      "f2_consensus_y_px": 150,
      "f2_consensus_anchor_y_px": 149,
      "f2_consensus_seed_y_px": 150,
      "f2_consensus_support_cols": 5,
      "f2_consensus_support_ratio": 0.624540202082896,
      "f2_consensus_jump_px": 1,
      "f2_consensus_tol_px": 5,
      "f2_consensus_reason": "accepted",
      "f2_consensus_applied": true,
      "f3_consensus_x_range": [
        704,
        710
      ],
      "f3_consensus_y_px": 180,
      "f3_consensus_anchor_y_px": 180,
      "f3_consensus_seed_y_px": 181,
      "f3_consensus_support_cols": 7,
      "f3_consensus_support_ratio": 1.0,
      "f3_consensus_jump_px": 0,
      "f3_consensus_tol_px": 5,
      "f3_consensus_reason": "accepted",
      "f3_consensus_applied": true,
      "f4_consensus_x_range": [
        704,
        710
      ],
      "f4_consensus_y_px": 230,
      "f4_consensus_anchor_y_px": 231,
      "f4_consensus_seed_y_px": 232,
      "f4_consensus_support_cols": 7,
      "f4_consensus_support_ratio": 1.0,
      "f4_consensus_jump_px": 1,
      "f4_consensus_tol_px": 6,
      "f4_consensus_reason": "accepted",
      "f4_consensus_applied": true,
      "scale_ranges": {
        "F1": [
          7.2,
          8.4
        ],
        "F2": [
          13.1,
          14.5
        ],
        "F3": [
          18.6,
          20.2
        ],
        "F4": [
          24.1,
          26.5
        ]
      }
    },
    "A": {
      "x_day0": 59,
      "x_day1": 392,
      "x_day2": 726,
      "day_w": 333.5,
      "x_day0_time": 59,
      "x_day1_time": 351,
      "x_day2_time": 644,
      "day_w_time": 292.3333333333333,
      "x_plot_end": 936,
      "x1_static": 936,
      "x1_dyn": 977,
      "x1_dyn_used": false,