{
  "saved_at_utc": "2026-03-21T20:43:41.411771+00:00",
  "source": "tomsk_sos70_param_charts",
  "freq_max_hz": 40.0,
  "values": {
    "scale_ranges": {
      "F": {
        "F1": [
          7.2,
          8.4
        ],
        "F2": [
          13.1,
          14.5
        ],
        "F3": [
          18.6,
          20.2
        ],
        "F4": [
          24.1,
          26.5
        ]
      },
      "A": {
        "A1": [
          1.0,
          45.0
        ],
        "A2": [
          1.0,
          61.5
        ],
        "A3": [
          2.2,
          12.2
        ],
        "A4": [
          1.1,
          10.2
        ]
      },
      "Q": {
        "Q1": [
          4.0,
          38.0
        ],
        "Q2": [
          5.0,
          17.5
        ],
        "Q3": [
          7.0,
          23.0
        ],
        "Q4": [
          5.0,
          30.0
        ]
      }
    },
    "scale_units": {
      "F_hz": "Hz",
      "A_value": "idx",
      "Q_value": "idx"
    },
    "F_norm": {
      "F1": 0.0313588850174216,
      "F2": 0.36585365853658536,
      "F3": 0.5574912891986062,
      "F4": 0.794425087108014
    },
    "F_y_px": {
      "F1": 44,
      "F2": 140,
      "F3": 195,
      "F4": 263
    },
    "F_lane_norm": {
      "F1": 0.05263157894736842,
      "F2": 0.6923076923076923,
      "F3": 0.8043478260869565,
      "F4": 1.0
    },
    "F_hz": {
      "F1": 8.336842105263159,
      "F2": 13.53076923076923,
      "F3": 18.91304347826087,
      "F4": 24.1
    },
    "A_norm": {
      "A1": 0.2787456445993031,
      "A2": 0.4250871080139373,
      "A3": 0.6132404181184669,
      "A4": 0.8745644599303136
    },
    "A_y_px": {
      "A1": 115,
      "A2": 157,
      "A3": 211,
      "A4": 286
    },
    "A_lane_norm": {
      "A1": 0.8554216867469879,
      "A2": 0.6632653061224489,
      "A3": 0.5670103092783505,
      "A4": 0.6153846153846154
    },
    "A_value": {
      "A1": 7.361445783132531,
      "A2": 21.372448979591837,
      "A3": 6.529896907216495,
      "A4": 4.599999999999999
    },
    "Q_norm": {
      "Q1": 0.3240418118466899,
      "Q2": 0.39372822299651566,
      "Q3": 0.6655052264808362,
      "Q4": 0.8885017421602788
    },
    "Q_y_px": {
      "Q1": 128,
      "Q2": 148,
      "Q3": 226,
      "Q4": 290
    },
    "Q_lane_norm": {
      "Q1": 0.8876404494382022,
      "Q2": 0.4536082474226804,
      "Q3": 0.6796116504854369,
      "Q4": 0.6352941176470588
    },
    "Q_value": {
      "Q1": 7.820224719101127,
      "Q2": 11.829896907216494,
      "Q3": 12.12621359223301,
      "Q4": 14.11764705882353
    }
  },
  "debug": {
    "F": {
      "x_day0": 59,
      "x_day1": 356,
      "x_day2": 654,
      "day_w": 297.5,
      "x_day0_time": 59,
      "x_day1_time": 351,
      "x_day2_time": 643,
      "day_w_time": 292.0,
      "x_plot_end": 935,
      "x1_static": 936,
      "x1_dyn": 935,
      "x1_dyn_used": true,
      "pph": 12.166666666666666,
      "pph_source": "day_width (tick-mismatch-fallback)",
      "pph_tick": 19.0,
      "tick_pph_rel_err": 0.5616438356164384,
      "tick_pph_valid": false,
      "tick_count": 50,
      "tick_quality": 0.6944444444444444,
      "tick_used": false,
      "x_frontier": 856,
      "frontier_method": "activity_scan",
      "frontier_activity_thr": 0.40141689479351045,
      "frontier_activity_right_tail": 0.0756586417555809,
      "frontier_activity_run_px": 8,
      "guard_px": 4,
      "left_guard": 645,
      "right_guard": 852,
      "x_time": 688,
      "x_ideal": 688,
      "x_now": 688,
      "x_now_method": "harmonized_pair_cluster",
      "hour_now_tsst": 3.7280555555555557,
      "rollover_hour_min": 3.0,
      "rollover_hour_max": 8.5,
      "delta_min_to_guard": 808.7671232876712,
      "delta_min_to_frontier": 828.4931506849315,
      "frontier_day_fill": 0.7294520547945206,
      "rollover_candidate": false,
      "bias_minutes_applied": 0.0,
      "measured_bias_minutes": null,
      "age_hours": null,
      "status": "ok",
      "x_now_before_harmonize": 688,
      "x_pick": 687,
      "x_pick_edge": 688,
      "x_pick_safe_right": 923,
      "x_overlay": 688,
      "f1_path_x_range": [
        674,
        688
      ],
      "f1_path_target_col": 13,
      "f1_path_y_px": 43,
      "f4_path_x_range": [
        674,
        688
      ],
      "f4_path_target_col": 13,
      "f4_path_y_px": 251,
      "f1_path2_x_range": [
        678,
        688
      ],
      "f1_path2_target_col": 9,
      "f1_path2_y_px": 44,
      "f1_path2_y_direct_px": 43,
      "f1_path2_direct_used": false,
      "f1_path2_direct_allowed": false,
      "f1_path2_left_weight": 0.35,
      "f1_path2_right_weight": 1.0,
      "f2_path2_x_range": [
        678,
        688
      ],
      "f2_path2_target_col": 9,
      "f2_path2_y_px": 136,
      "f2_path2_y_direct_px": 140,
      "f2_path2_direct_used": false,
      "f2_path2_direct_allowed": false,
      "f2_path2_left_weight": 0.4,
      "f2_path2_right_weight": 1.0,
      "f4_path2_x_range": [
        678,
        688
      ],
      "f4_path2_target_col": 9,
      "f4_path2_y_px": 251,
      "f4_path2_y_direct_px": 251,
      "f4_path2_direct_used": false,
      "f4_path2_direct_allowed": false,
      "f4_path2_left_weight": 0.4,
      "f4_path2_right_weight": 1.0,
      "f1_local_snap_x": 688,
      "f1_local_snap_y_px": 44,
      "f1_local_snap_search_px": 8,
      "f1_local_snap_search_up_px": 4,
      "f1_local_snap_search_down_px": 12,
      "f1_local_snap_prefer_lower_weight": 0.02,
      "f3_local_snap_x": 688,
      "f3_local_snap_y_px": 194,
      "f3_local_snap_search_px": 6,
      "f3_local_snap_search_up_px": 6,
      "f3_local_snap_search_down_px": 6,
      "f3_local_snap_prefer_lower_weight": 0.0,
      "f4_local_snap_x": 688,
      "f4_local_snap_y_px": 249,
      "f4_local_snap_search_px": 8,
      "f4_local_snap_search_up_px": 6,
      "f4_local_snap_search_down_px": 14,
      "f4_local_snap_prefer_lower_weight": 0.05,
      "f2_local_snap_x": 688,
      "f2_local_snap_y_px": 136,
      "f2_local_snap_search_px": 8,
      "f2_local_snap_search_up_px": 14,
      "f2_local_snap_search_down_px": 2,
      "f2_local_snap_prefer_lower_weight": 0.0,
      "f2_consensus_x_range": [
        682,
        688
      ],
      "f2_consensus_y_px": 140,
      "f2_consensus_anchor_y_px": 136,
      "f2_consensus_seed_y_px": 136,
      "f2_consensus_support_cols": 7,
      "f2_consensus_support_ratio": 1.0,
      "f2_consensus_jump_px": 4,
      "f2_consensus_tol_px": 5,
      "f2_consensus_reason": "accepted",
      "f2_consensus_applied": true,
      "f3_consensus_x_range": [
        682,
        688
      ],
      "f3_consensus_y_px": 195,
      "f3_consensus_anchor_y_px": 194,
      "f3_consensus_seed_y_px": 193,
      "f3_consensus_support_cols": 5,
      "f3_consensus_support_ratio": 0.7882059800664452,
      "f3_consensus_jump_px": 1,
      "f3_consensus_tol_px": 5,
      "f3_consensus_reason": "accepted",
      "f3_consensus_applied": true,
      "f4_consensus_x_range": [
        682,
        688
      ],
      "f4_consensus_y_px": 263,
      "f4_consensus_anchor_y_px": 249,
      "f4_consensus_seed_y_px": 260,
      "f4_consensus_support_cols": 6,
      "f4_consensus_support_ratio": 0.7982223639371051,
      "f4_consensus_jump_px": 14,
      "f4_consensus_tol_px": 6,
      "f4_consensus_reason": "accepted",
      "f4_consensus_applied": true,
      "scale_ranges": {
        "F1": [
          7.2,
          8.4
        ],
        "F2": [
          13.1,
          14.5
        ],
        "F3": [
          18.6,
          20.2
        ],
        "F4": [
          24.1,
          26.5
        ]
      }
    },
    "A": {
      "x_day0": 59,
      "x_day1": 380,
      "x_day2": 702,
      "day_w": 321.5,
      "x_day0_time": 59,
      "x_day1_time": 351,
      "x_day2_time": 643,
      "day_w_time": 292.0,
      "x_plot_end": 935,
      "x1_static": 936,
      "x1_dyn": 935,
      "x1_dyn_used": true,