{
  "saved_at_utc": "2026-06-28T13:37:34.113404+00:00",
  "source": "tomsk_sos70_param_charts",
  "freq_max_hz": 40.0,
  "values": {
    "scale_ranges": {
      "F": {
        "F1": [
          7.2,
          8.4
        ],
        "F2": [
          13.1,
          14.5
        ],
        "F3": [
          18.6,
          20.2
        ],
        "F4": [
          24.1,
          26.5
        ]
      },
      "A": {
        "A1": [
          1.0,
          45.0
        ],
        "A2": [
          1.0,
          61.5
        ],
        "A3": [
          2.2,
          12.2
        ],
        "A4": [
          1.1,
          10.2
        ]
      },
      "Q": {
        "Q1": [
          4.0,
          38.0
        ],
        "Q2": [
          5.0,
          17.5
        ],
        "Q3": [
          7.0,
          23.0
        ],
        "Q4": [
          5.0,
          30.0
        ]
      }
    },
    "scale_units": {
      "F_hz": "Hz",
      "A_value": "idx",
      "Q_value": "idx"
    },
    "F_norm": {
      "F1": 0.11498257839721254,
      "F2": 0.30313588850174217,
      "F3": 0.5226480836236934,
      "F4": 0.7491289198606271
    },
    "F_y_px": {
      "F1": 68,
      "F2": 122,
      "F3": 185,
      "F4": 250
    },
    "F_lane_norm": {
      "F1": 0.47368421052631576,
      "F2": 0.34615384615384615,
      "F3": 0.5869565217391305,
      "F4": 0.9347826086956522
    },
    "F_hz": {
      "F1": 7.831578947368421,
      "F2": 14.015384615384615,
      "F3": 19.26086956521739,
      "F4": 24.256521739130434
    },
    "A_norm": {
      "A1": 0.1254355400696864,
      "A2": 0.5226480836236934,
      "A3": 0.7212543554006968,
      "A4": 0.9581881533101045
    },
    "A_y_px": {
      "A1": 71,
      "A2": 185,
      "A3": 242,
      "A4": 310
    },
    "A_lane_norm": {
      "A1": 0.3253012048192771,
      "A2": 0.9489795918367347,
      "A3": 0.8865979381443299,
      "A4": 0.8791208791208791
    },
    "A_value": {
      "A1": 30.686746987951807,
      "A2": 4.0867346938775455,
      "A3": 3.3340206185567,
      "A4": 2.2
    },
    "Q_norm": {
      "Q1": 0.30313588850174217,
      "Q2": 0.3344947735191638,
      "Q3": 0.6933797909407665,
      "Q4": 0.7491289198606271
    },
    "Q_y_px": {
      "Q1": 122,
      "Q2": 131,
      "Q3": 234,
      "Q4": 250
    },
    "Q_lane_norm": {
      "Q1": 0.8202247191011236,
      "Q2": 0.27835051546391754,
      "Q3": 0.7572815533980582,
      "Q4": 0.16470588235294117
    },
    "Q_value": {
      "Q1": 10.112359550561798,
      "Q2": 14.02061855670103,
      "Q3": 10.883495145631068,
      "Q4": 25.88235294117647
    }
  },
  "debug": {
    "F": {
      "x_day0": 59,
      "x_day1": 380,
      "x_day2": 702,
      "day_w": 321.5,
      "x_day0_time": 59,
      "x_day1_time": 351,
      "x_day2_time": 643,
      "day_w_time": 292.0,
      "x_plot_end": 935,
      "x1_static": 936,
      "x1_dyn": 935,
      "x1_dyn_used": true,
      "pph": 12.166666666666666,
      "pph_source": "day_width (tick-mismatch-fallback)",
      "pph_tick": 19.0,
      "tick_pph_rel_err": 0.5616438356164384,
      "tick_pph_valid": false,
      "tick_count": 50,
      "tick_quality": 0.6944444444444444,
      "tick_used": false,
      "x_frontier": 894,
      "frontier_method": "activity_scan",
      "frontier_activity_thr": 0.4521220326423645,
      "frontier_activity_right_tail": 0.0816573053598404,
      "frontier_activity_run_px": 8,
      "guard_px": 4,
      "left_guard": 645,
      "right_guard": 890,
      "x_time": 894,
      "x_ideal": 894,
      "x_now": 894,
      "x_now_method": "ideal",
      "hour_now_tsst": 20.625833333333333,
      "rollover_hour_min": 3.0,
      "rollover_hour_max": 8.5,
      "delta_min_to_guard": -19.726027397260275,
      "delta_min_to_frontier": 0.0,
      "frontier_day_fill": 0.8595890410958904,
      "rollover_candidate": false,
      "bias_minutes_applied": 0.0,
      "measured_bias_minutes": null,
      "age_hours": null,
      "status": "ok",
      "x_pick": 893,
      "x_pick_edge": 894,
      "x_pick_safe_right": 923,
      "x_overlay": 894,
      "f1_path_x_range": [
        880,
        894
      ],
      "f1_path_target_col": 13,
      "f1_path_y_px": 70,
      "f4_path_x_range": [
        880,
        894
      ],
      "f4_path_target_col": 13,
      "f4_path_y_px": 251,
      "f1_path2_x_range": [
        884,
        894
      ],
      "f1_path2_target_col": 9,
      "f1_path2_y_px": 67,
      "f1_path2_y_direct_px": 67,
      "f1_path2_direct_used": false,
      "f1_path2_direct_allowed": false,
      "f1_path2_left_weight": 0.35,
      "f1_path2_right_weight": 1.0,
      "f2_path2_x_range": [
        884,
        894
      ],
      "f2_path2_target_col": 9,
      "f2_path2_y_px": 128,
      "f2_path2_y_direct_px": 121,
      "f2_path2_direct_used": false,
      "f2_path2_direct_allowed": false,
      "f2_path2_left_weight": 0.4,
      "f2_path2_right_weight": 1.0,
      "f4_path2_x_range": [
        884,
        894
      ],
      "f4_path2_target_col": 9,
      "f4_path2_y_px": 250,
      "f4_path2_y_direct_px": 250,
      "f4_path2_direct_used": false,
      "f4_path2_direct_allowed": false,
      "f4_path2_left_weight": 0.4,
      "f4_path2_right_weight": 1.0,
      "f1_local_snap_x": 894,
      "f1_local_snap_y_px": 68,
      "f1_local_snap_search_px": 8,
      "f1_local_snap_search_up_px": 4,
      "f1_local_snap_search_down_px": 12,
      "f1_local_snap_prefer_lower_weight": 0.02,
      "f3_local_snap_x": 894,
      "f3_local_snap_y_px": 186,
      "f3_local_snap_search_px": 6,
      "f3_local_snap_search_up_px": 6,
      "f3_local_snap_search_down_px": 6,
      "f3_local_snap_prefer_lower_weight": 0.0,
      "f4_local_snap_x": 894,
      "f4_local_snap_y_px": 249,
      "f4_local_snap_search_px": 8,
      "f4_local_snap_search_up_px": 6,
      "f4_local_snap_search_down_px": 14,
      "f4_local_snap_prefer_lower_weight": 0.05,
      "f2_local_snap_x": 894,
      "f2_local_snap_y_px": 129,
      "f2_local_snap_search_px": 8,
      "f2_local_snap_search_up_px": 14,
      "f2_local_snap_search_down_px": 2,
      "f2_local_snap_prefer_lower_weight": 0.0,
      "f2_consensus_x_range": [
        888,
        894
      ],
      "f2_consensus_y_px": 122,
      "f2_consensus_anchor_y_px": 129,
      "f2_consensus_seed_y_px": 126,
      "f2_consensus_support_cols": 5,
      "f2_consensus_support_ratio": 0.6413964096109624,
      "f2_consensus_jump_px": 7,
      "f2_consensus_tol_px": 5,
      "f2_consensus_reason": "accepted",
      "f2_consensus_applied": true,
      "f3_consensus_x_range": [
        888,
        894
      ],
      "f3_consensus_y_px": 185,
      "f3_consensus_anchor_y_px": 186,
      "f3_consensus_seed_y_px": 181,
      "f3_consensus_support_cols": 6,
      "f3_consensus_support_ratio": 0.8144054312082316,
      "f3_consensus_jump_px": 1,
      "f3_consensus_tol_px": 5,
      "f3_consensus_reason": "accepted",
      "f3_consensus_applied": true,
      "f4_consensus_x_range": [
        888,
        894
      ],
      "f4_consensus_y_px": 250,
      "f4_consensus_anchor_y_px": 249,
      "f4_consensus_seed_y_px": 250,
      "f4_consensus_support_cols": 4,
      "f4_consensus_support_ratio": 0.6590296755321197,
      "f4_consensus_jump_px": 1,
      "f4_consensus_tol_px": 6,
      "f4_consensus_reason": "accepted",
      "f4_consensus_applied": true,
      "scale_ranges": {
        "F1": [
          7.2,
          8.4
        ],
        "F2": [
          13.1,
          14.5
        ],
        "F3": [
          18.6,
          20.2
        ],
        "F4": [
          24.1,
          26.5
        ]
      }
    },
    "A": {
      "x_day0": 59,
      "x_day1": 372,
      "x_day2": 684,
      "day_w": 312.5,
      "x_day0_time": 59,
      "x_day1_time": 351,
      "x_day2_time": 644,
      "day_w_time": 292.3333333333333,
      "x_plot_end": 936,
      "x1_static": 936,
      "x1_dyn": 977,
      "x1_dyn_used": false,
      "pph": 12.180555555555555,