{
  "saved_at_utc": "2026-06-01T10:05:44.940486+00:00",
  "source": "tomsk_sos70_param_charts",
  "freq_max_hz": 40.0,
  "values": {
    "scale_ranges": {
      "F": {
        "F1": [
          7.2,
          8.4
        ],
        "F2": [
          13.1,
          14.5
        ],
        "F3": [
          18.6,
          20.2
        ],
        "F4": [
          24.1,
          26.5
        ]
      },
      "A": {
        "A1": [
          1.0,
          45.0
        ],
        "A2": [
          1.0,
          61.5
        ],
        "A3": [
          2.2,
          12.2
        ],
        "A4": [
          1.1,
          10.2
        ]
      },
      "Q": {
        "Q1": [
          4.0,
          38.0
        ],
        "Q2": [
          5.0,
          17.5
        ],
        "Q3": [
          7.0,
          23.0
        ],
        "Q4": [
          5.0,
          30.0
        ]
      }
    },
    "scale_units": {
      "F_hz": "Hz",
      "A_value": "idx",
      "Q_value": "idx"
    },
    "F_norm": {
      "F1": 0.11498257839721254,
      "F2": 0.3344947735191638,
      "F3": 0.5505226480836237,
      "F4": 0.7456445993031359
    },
    "F_y_px": {
      "F1": 68,
      "F2": 131,
      "F3": 193,
      "F4": 249
    },
    "F_lane_norm": {
      "F1": 0.47368421052631576,
      "F2": 0.5192307692307693,
      "F3": 0.7608695652173914,
      "F4": 0.9130434782608695
    },
    "F_hz": {
      "F1": 7.831578947368421,
      "F2": 13.773076923076923,
      "F3": 18.982608695652175,
      "F4": 24.308695652173913
    },
    "A_norm": {
      "A1": 0.3170731707317073,
      "A2": 0.5296167247386759,
      "A3": 0.735191637630662,
      "A4": 0.9616724738675958
    },
    "A_y_px": {
      "A1": 126,
      "A2": 187,
      "A3": 246,
      "A4": 311
    },
    "A_lane_norm": {
      "A1": 0.9879518072289156,
      "A2": 0.9693877551020408,
      "A3": 0.9278350515463918,
      "A4": 0.8901098901098901
    },
    "A_value": {
      "A1": 1.5301204819277103,
      "A2": 2.852040816326536,
      "A3": 2.921649484536081,
      "A4": 2.0999999999999996
    },
    "Q_norm": {
      "Q1": 0.3240418118466899,
      "Q2": 0.40418118466898956,
      "Q3": 0.4564459930313589,
      "Q4": 0.9581881533101045
    },
    "Q_y_px": {
      "Q1": 128,
      "Q2": 151,
      "Q3": 166,
      "Q4": 310
    },
    "Q_lane_norm": {
      "Q1": 0.8876404494382022,
      "Q2": 0.4845360824742268,
      "Q3": 0.0970873786407767,
      "Q4": 0.8705882352941177
    },
    "Q_value": {
      "Q1": 7.820224719101127,
      "Q2": 11.443298969072165,
      "Q3": 21.446601941747574,
      "Q4": 8.235294117647058
    }
  },
  "debug": {
    "F": {
      "x_day0": 59,
      "x_day1": 372,
      "x_day2": 685,
      "day_w": 313.0,
      "x_day0_time": 59,
      "x_day1_time": 351,
      "x_day2_time": 643,
      "day_w_time": 292.0,
      "x_plot_end": 935,
      "x1_static": 936,
      "x1_dyn": 935,
      "x1_dyn_used": true,
      "pph": 12.166666666666666,
      "pph_source": "day_width (tick-mismatch-fallback)",
      "pph_tick": 19.0,
      "tick_pph_rel_err": 0.5616438356164384,
      "tick_pph_valid": false,
      "tick_count": 50,
      "tick_quality": 0.6944444444444444,
      "tick_used": false,
      "x_frontier": 846,
      "frontier_method": "activity_scan",
      "frontier_activity_thr": 0.4380644589662552,
      "frontier_activity_right_tail": 0.09228703379631042,
      "frontier_activity_run_px": 8,
      "guard_px": 4,
      "left_guard": 645,
      "right_guard": 842,
      "x_time": 851,
      "x_ideal": 851,
      "x_now": 851,
      "x_now_method": "ideal",
      "hour_now_tsst": 17.095555555555553,
      "rollover_hour_min": 3.0,
      "rollover_hour_max": 8.5,
      "delta_min_to_guard": -44.38356164383562,
      "delta_min_to_frontier": -24.657534246575345,
      "frontier_day_fill": 0.6952054794520548,
      "rollover_candidate": false,
      "bias_minutes_applied": 0.0,
      "measured_bias_minutes": null,
      "age_hours": null,
      "status": "ok",
      "x_pick": 850,
      "x_pick_edge": 851,
      "x_pick_safe_right": 923,
      "x_overlay": 851,
      "f1_path_x_range": [
        837,
        851
      ],
      "f1_path_target_col": 13,
      "f1_path_y_px": 50,
      "f4_path_x_range": [
        837,
        851
      ],
      "f4_path_target_col": 13,
      "f4_path_y_px": 250,
      "f1_path2_x_range": [
        841,
        851
      ],
      "f1_path2_target_col": 9,
      "f1_path2_y_px": 70,
      "f1_path2_y_direct_px": 64,
      "f1_path2_direct_used": false,
      "f1_path2_direct_allowed": false,
      "f1_path2_left_weight": 0.35,
      "f1_path2_right_weight": 1.0,
      "f2_path2_x_range": [
        841,
        851
      ],
      "f2_path2_target_col": 9,
      "f2_path2_y_px": 131,
      "f2_path2_y_direct_px": 131,
      "f2_path2_direct_used": false,
      "f2_path2_direct_allowed": false,
      "f2_path2_left_weight": 0.4,
      "f2_path2_right_weight": 1.0,
      "f4_path2_x_range": [
        841,
        851
      ],
      "f4_path2_target_col": 9,
      "f4_path2_y_px": 250,
      "f4_path2_y_direct_px": 249,
      "f4_path2_direct_used": false,
      "f4_path2_direct_allowed": false,
      "f4_path2_left_weight": 0.4,
      "f4_path2_right_weight": 1.0,
      "f1_local_snap_x": 851,
      "f1_local_snap_y_px": 68,
      "f1_local_snap_search_px": 8,
      "f1_local_snap_search_up_px": 4,
      "f1_local_snap_search_down_px": 12,
      "f1_local_snap_prefer_lower_weight": 0.02,
      "f3_local_snap_x": 851,
      "f3_local_snap_y_px": 194,
      "f3_local_snap_search_px": 6,
      "f3_local_snap_search_up_px": 6,
      "f3_local_snap_search_down_px": 6,
      "f3_local_snap_prefer_lower_weight": 0.0,
      "f4_local_snap_x": 851,
      "f4_local_snap_y_px": 249,
      "f4_local_snap_search_px": 8,
      "f4_local_snap_search_up_px": 6,
      "f4_local_snap_search_down_px": 14,
      "f4_local_snap_prefer_lower_weight": 0.05,
      "f2_local_snap_x": 851,
      "f2_local_snap_y_px": 131,
      "f2_local_snap_search_px": 8,
      "f2_local_snap_search_up_px": 14,
      "f2_local_snap_search_down_px": 2,
      "f2_local_snap_prefer_lower_weight": 0.0,
      "f2_consensus_applied": false,
      "f2_consensus_x_range": [
        845,
        851
      ],
      "f2_consensus_y_px": 131,
      "f2_consensus_anchor_y_px": 131,
      "f2_consensus_seed_y_px": 131,
      "f2_consensus_support_cols": 3,
      "f2_consensus_support_ratio": 0.5325826882477129,
      "f2_consensus_jump_px": 0,
      "f2_consensus_tol_px": 5,
      "f2_consensus_reason": "low_support",
      "f3_consensus_x_range": [
        845,
        851
      ],
      "f3_consensus_y_px": 193,
      "f3_consensus_anchor_y_px": 194,
      "f3_consensus_seed_y_px": 192,
      "f3_consensus_support_cols": 5,
      "f3_consensus_support_ratio": 0.6364325583439546,
      "f3_consensus_jump_px": 1,
      "f3_consensus_tol_px": 5,
      "f3_consensus_reason": "accepted",
      "f3_consensus_applied": true,
      "f4_consensus_x_range": [
        845,
        851
      ],
      "f4_consensus_y_px": 249,
      "f4_consensus_anchor_y_px": 249,
      "f4_consensus_seed_y_px": 254,
      "f4_consensus_support_cols": 7,
      "f4_consensus_support_ratio": 1.0,
      "f4_consensus_jump_px": 0,
      "f4_consensus_tol_px": 6,
      "f4_consensus_reason": "accepted",
      "f4_consensus_applied": true,
      "scale_ranges": {
        "F1": [
          7.2,
          8.4
        ],
        "F2": [
          13.1,
          14.5
        ],
        "F3": [
          18.6,
          20.2
        ],
        "F4": [
          24.1,
          26.5
        ]
      }
    },
    "A": {
      "x_day0": 59,
      "x_day1": 368,
      "x_day2": 678,
      "day_w": 309.5,
      "x_day0_time": 59,
      "x_day1_time": 351,
      "x_day2_time": 643,
      "day_w_time": 292.0,
      "x_plot_end": 935,
      "x1_static": 936,
      "x1_dyn": 935,
      "x1_dyn_used": true,