{
  "saved_at_utc": "2026-03-18T05:53:43.565986+00:00",
  "source": "tomsk_sos70_param_charts",
  "freq_max_hz": 40.0,
  "values": {
    "scale_ranges": {
      "F": {
        "F1": [
          7.2,
          8.4
        ],
        "F2": [
          13.1,
          14.5
        ],
        "F3": [
          18.6,
          20.2
        ],
        "F4": [
          24.1,
          26.5
        ]
      },
      "A": {
        "A1": [
          1.0,
          45.0
        ],
        "A2": [
          1.0,
          61.5
        ],
        "A3": [
          2.2,
          12.2
        ],
        "A4": [
          1.1,
          10.2
        ]
      },
      "Q": {
        "Q1": [
          4.0,
          38.0
        ],
        "Q2": [
          5.0,
          17.5
        ],
        "Q3": [
          7.0,
          23.0
        ],
        "Q4": [
          5.0,
          30.0
        ]
      }
    },
    "scale_units": {
      "F_hz": "Hz",
      "A_value": "idx",
      "Q_value": "idx"
    },
    "F_norm": {
      "F1": 0.1951219512195122,
      "F2": 0.3344947735191638,
      "F3": 0.4529616724738676,
      "F4": 0.7700348432055749
    },
    "F_y_px": {
      "F1": 91,
      "F2": 131,
      "F3": 165,
      "F4": 256
    },
    "F_lane_norm": {
      "F1": 0.8771929824561403,
      "F2": 0.5192307692307693,
      "F3": 0.15217391304347827,
      "F4": 1.0
    },
    "F_hz": {
      "F1": 7.347368421052632,
      "F2": 13.773076923076923,
      "F3": 19.956521739130434,
      "F4": 24.1
    },
    "A_norm": {
      "A1": 0.11149825783972125,
      "A2": 0.31010452961672474,
      "A3": 0.6550522648083623,
      "A4": 0.818815331010453
    },
    "A_y_px": {
      "A1": 67,
      "A2": 124,
      "A3": 223,
      "A4": 270
    },
    "A_lane_norm": {
      "A1": 0.27710843373493976,
      "A2": 0.32653061224489793,
      "A3": 0.6907216494845361,
      "A4": 0.43956043956043955
    },
    "A_value": {
      "A1": 32.80722891566265,
      "A2": 41.744897959183675,
      "A3": 5.292783505154638,
      "A4": 6.199999999999999
    },
    "Q_norm": {
      "Q1": 0.3240418118466899,
      "Q2": 0.40418118466898956,
      "Q3": 0.6306620209059234,
      "Q4": 0.8222996515679443
    },
    "Q_y_px": {
      "Q1": 128,
      "Q2": 151,
      "Q3": 216,
      "Q4": 271
    },
    "Q_lane_norm": {
      "Q1": 0.8876404494382022,
      "Q2": 0.4845360824742268,
      "Q3": 0.5825242718446602,
      "Q4": 0.4117647058823529
    },
    "Q_value": {
      "Q1": 7.820224719101127,
      "Q2": 11.443298969072165,
      "Q3": 13.679611650485437,
      "Q4": 19.705882352941178
    }
  },
  "debug": {
    "F": {
      "x_day0": 59,
      "x_day1": 360,
      "x_day2": 660,
      "day_w": 300.5,
      "x_day0_time": 59,
      "x_day1_time": 351,
      "x_day2_time": 643,
      "day_w_time": 292.0,
      "x_plot_end": 935,
      "x1_static": 936,
      "x1_dyn": 935,
      "x1_dyn_used": true,
      "pph": 12.166666666666666,
      "pph_source": "day_width (tick-mismatch-fallback)",
      "pph_tick": 19.0,
      "tick_pph_rel_err": 0.5616438356164384,
      "tick_pph_valid": false,
      "tick_count": 50,
      "tick_quality": 0.6944444444444444,
      "tick_used": false,
      "x_frontier": 800,
      "frontier_method": "activity_scan",
      "frontier_activity_thr": 0.4759697556495666,
      "frontier_activity_right_tail": 0.15256454050540924,
      "frontier_activity_run_px": 8,
      "guard_px": 4,
      "left_guard": 645,
      "right_guard": 796,
      "x_time": 800,
      "x_ideal": 800,
      "x_now": 800,
      "x_now_method": "ideal",
      "hour_now_tsst": 12.895277777777777,
      "rollover_hour_min": 3.0,
      "rollover_hour_max": 8.5,
      "delta_min_to_guard": -19.726027397260275,
      "delta_min_to_frontier": 0.0,
      "frontier_day_fill": 0.5376712328767124,
      "rollover_candidate": false,
      "bias_minutes_applied": 0.0,
      "measured_bias_minutes": null,
      "age_hours": null,
      "status": "ok",
      "x_pick": 799,
      "x_pick_edge": 800,
      "x_pick_safe_right": 923,
      "x_overlay": 800,
      "f1_path_x_range": [
        786,
        800
      ],
      "f1_path_target_col": 13,
      "f1_path_y_px": 90,
      "f4_path_x_range": [
        786,
        800
      ],
      "f4_path_target_col": 13,
      "f4_path_y_px": 250,
      "f1_path2_x_range": [
        790,
        800
      ],
      "f1_path2_target_col": 9,
      "f1_path2_y_px": 89,
      "f1_path2_y_direct_px": 89,
      "f1_path2_direct_used": false,
      "f1_path2_direct_allowed": false,
      "f1_path2_left_weight": 0.35,
      "f1_path2_right_weight": 1.0,
      "f2_path2_x_range": [
        790,
        800
      ],
      "f2_path2_target_col": 9,
      "f2_path2_y_px": 131,
      "f2_path2_y_direct_px": 161,
      "f2_path2_direct_used": false,
      "f2_path2_direct_allowed": false,
      "f2_path2_left_weight": 0.4,
      "f2_path2_right_weight": 1.0,
      "f4_path2_x_range": [
        790,
        800
      ],
      "f4_path2_target_col": 9,
      "f4_path2_y_px": 250,
      "f4_path2_y_direct_px": 229,
      "f4_path2_direct_used": false,
      "f4_path2_direct_allowed": false,
      "f4_path2_left_weight": 0.4,
      "f4_path2_right_weight": 1.0,
      "f1_local_snap_x": 800,
      "f1_local_snap_y_px": 91,
      "f1_local_snap_search_px": 8,
      "f1_local_snap_search_up_px": 4,
      "f1_local_snap_search_down_px": 12,
      "f1_local_snap_prefer_lower_weight": 0.02,
      "f3_local_snap_x": 800,
      "f3_local_snap_y_px": 164,
      "f3_local_snap_search_px": 6,
      "f3_local_snap_search_up_px": 6,
      "f3_local_snap_search_down_px": 6,
      "f3_local_snap_prefer_lower_weight": 0.0,
      "f4_local_snap_x": 800,
      "f4_local_snap_y_px": 256,
      "f4_local_snap_search_px": 8,
      "f4_local_snap_search_up_px": 6,
      "f4_local_snap_search_down_px": 14,
      "f4_local_snap_prefer_lower_weight": 0.05,
      "f2_local_snap_x": 800,
      "f2_local_snap_y_px": 131,
      "f2_local_snap_search_px": 8,
      "f2_local_snap_search_up_px": 14,
      "f2_local_snap_search_down_px": 2,
      "f2_local_snap_prefer_lower_weight": 0.0,
      "f2_consensus_applied": false,
      "f2_consensus_support_cols": 2,
      "f2_consensus_anchor_y_px": 131,
      "f2_consensus_seed_y_px": 110,
      "f2_consensus_reason": "insufficient_inliers",
      "f3_consensus_x_range": [
        794,
        800
      ],
      "f3_consensus_y_px": 165,
      "f3_consensus_anchor_y_px": 164,
      "f3_consensus_seed_y_px": 162,
      "f3_consensus_support_cols": 4,
      "f3_consensus_support_ratio": 0.5710549356801294,
      "f3_consensus_jump_px": 1,
      "f3_consensus_tol_px": 5,
      "f3_consensus_reason": "accepted",
      "f3_consensus_applied": true,
      "f4_consensus_x_range": [
        794,
        800
      ],
      "f4_consensus_y_px": 256,
      "f4_consensus_anchor_y_px": 256,
      "f4_consensus_seed_y_px": 252,
      "f4_consensus_support_cols": 5,
      "f4_consensus_support_ratio": 0.6945203759333134,
      "f4_consensus_jump_px": 0,
      "f4_consensus_tol_px": 6,
      "f4_consensus_reason": "accepted",
      "f4_consensus_applied": true,
      "scale_ranges": {
        "F1": [
          7.2,
          8.4
        ],
        "F2": [
          13.1,
          14.5
        ],
        "F3": [
          18.6,
          20.2
        ],
        "F4": [
          24.1,
          26.5
        ]
      }
    },
    "A": {
      "x_day0": 59,
      "x_day1": 372,
      "x_day2": 684,
      "day_w": 312.5,
      "x_day0_time": 59,
      "x_day1_time": 351,
      "x_day2_time": 644,
      "day_w_time": 292.3333333333333,
      "x_plot_end": 936,
      "x1_static": 936,
      "x1_dyn": 977,
      "x1_dyn_used": false,
      "pph": 12.180555555555555,
      "pph_source": "day_width (tick-mismatch-fallback)",
      "pph_tick": 19.0,
      "tick_pph_rel_err": 0.5598631698973775,
      "tick_pph_valid": false,
      "tick_count": 50,