{
  "saved_at_utc": "2026-03-17T18:10:42.770161+00:00",
  "source": "tomsk_sos70_param_charts",
  "freq_max_hz": 40.0,
  "values": {
    "scale_ranges": {
      "F": {
        "F1": [
          7.2,
          8.4
        ],
        "F2": [
          13.1,
          14.5
        ],
        "F3": [
          18.6,
          20.2
        ],
        "F4": [
          24.1,
          26.5
        ]
      },
      "A": {
        "A1": [
          1.0,
          45.0
        ],
        "A2": [
          1.0,
          61.5
        ],
        "A3": [
          2.2,
          12.2
        ],
        "A4": [
          1.1,
          10.2
        ]
      },
      "Q": {
        "Q1": [
          4.0,
          38.0
        ],
        "Q2": [
          5.0,
          17.5
        ],
        "Q3": [
          7.0,
          23.0
        ],
        "Q4": [
          5.0,
          30.0
        ]
      }
    },
    "scale_units": {
      "F_hz": "Hz",
      "A_value": "idx",
      "Q_value": "idx"
    },
    "F_norm": {
      "F1": 0.10801393728222997,
      "F2": 0.27526132404181186,
      "F3": 0.42857142857142855,
      "F4": 0.8013937282229965
    },
    "F_y_px": {
      "F1": 66,
      "F2": 114,
      "F3": 158,
      "F4": 265
    },
    "F_lane_norm": {
      "F1": 0.43859649122807015,
      "F2": 0.19230769230769232,
      "F3": 0.0,
      "F4": 1.0
    },
    "F_hz": {
      "F1": 7.873684210526316,
      "F2": 14.23076923076923,
      "F3": 20.2,
      "F4": 24.1
    },
    "A_norm": {
      "A1": 0.313588850174216,
      "A2": 0.5261324041811847,
      "A3": 0.7282229965156795,
      "A4": 0.926829268292683
    },
    "A_y_px": {
      "A1": 125,
      "A2": 186,
      "A3": 244,
      "A4": 301
    },
    "A_lane_norm": {
      "A1": 0.9759036144578314,
      "A2": 0.9591836734693877,
      "A3": 0.9072164948453608,
      "A4": 0.7802197802197802
    },
    "A_value": {
      "A1": 2.0602409638554207,
      "A2": 3.4693877551020407,
      "A3": 3.1278350515463913,
      "A4": 3.0999999999999996
    },
    "Q_norm": {
      "Q1": 0.32752613240418116,
      "Q2": 0.42160278745644597,
      "Q3": 0.6202090592334495,
      "Q4": 0.9198606271777003
    },
    "Q_y_px": {
      "Q1": 129,
      "Q2": 156,
      "Q3": 213,
      "Q4": 299
    },
    "Q_lane_norm": {
      "Q1": 0.898876404494382,
      "Q2": 0.5360824742268041,
      "Q3": 0.5533980582524272,
      "Q4": 0.7411764705882353
    },
    "Q_value": {
      "Q1": 7.438202247191011,
      "Q2": 10.798969072164947,
      "Q3": 14.145631067961165,
      "Q4": 11.470588235294116
    }
  },
  "debug": {
    "F": {
      "x_day0": 59,
      "x_day1": 372,
      "x_day2": 684,
      "day_w": 312.5,
      "x_day0_time": 59,
      "x_day1_time": 351,
      "x_day2_time": 643,
      "day_w_time": 292.0,
      "x_plot_end": 935,
      "x1_static": 936,
      "x1_dyn": 935,
      "x1_dyn_used": true,
      "pph": 12.166666666666666,
      "pph_source": "day_width (tick-mismatch-fallback)",
      "pph_tick": 19.0,
      "tick_pph_rel_err": 0.5616438356164384,
      "tick_pph_valid": false,
      "tick_count": 50,
      "tick_quality": 0.6944444444444444,
      "tick_used": false,
      "x_frontier": 656,
      "frontier_method": "activity_scan",
      "frontier_activity_thr": 0.4845139771699905,
      "frontier_activity_right_tail": 0.20715026557445526,
      "frontier_activity_run_px": 8,
      "guard_px": 4,
      "left_guard": 645,
      "right_guard": 652,
      "x_time": 657,
      "x_ideal": 657,
      "x_now": 652,
      "x_now_method": "guard_invalid",
      "hour_now_tsst": 1.1783333333333335,
      "rollover_hour_min": 3.0,
      "rollover_hour_max": 8.5,
      "delta_min_to_guard": -24.657534246575345,
      "delta_min_to_frontier": -4.931506849315069,
      "frontier_day_fill": 0.04452054794520548,
      "rollover_candidate": false,
      "bias_minutes_applied": 0.0,
      "measured_bias_minutes": null,
      "age_hours": null,
      "status": "no_recent_data",
      "x_pick": 651,
      "x_pick_edge": 652,
      "x_pick_safe_right": 923,
      "x_overlay": 652,
      "f1_path_x_range": [
        638,
        652
      ],
      "f1_path_target_col": 13,
      "f1_path_y_px": 55,
      "f4_path_x_range": [
        638,
        652
      ],
      "f4_path_target_col": 13,
      "f4_path_y_px": 230,
      "f1_path2_x_range": [
        642,
        652
      ],
      "f1_path2_target_col": 9,
      "f1_path2_y_px": 55,
      "f1_path2_y_direct_px": 55,
      "f1_path2_direct_used": false,
      "f1_path2_direct_allowed": false,
      "f1_path2_left_weight": 0.35,
      "f1_path2_right_weight": 1.0,
      "f2_path2_x_range": [
        642,
        652
      ],
      "f2_path2_target_col": 9,
      "f2_path2_y_px": 160,
      "f2_path2_y_direct_px": 115,
      "f2_path2_direct_used": false,
      "f2_path2_direct_allowed": false,
      "f2_path2_left_weight": 0.4,
      "f2_path2_right_weight": 1.0,
      "f4_path2_x_range": [
        642,
        652
      ],
      "f4_path2_target_col": 9,
      "f4_path2_y_px": 251,
      "f4_path2_y_direct_px": 256,
      "f4_path2_direct_used": false,
      "f4_path2_direct_allowed": false,
      "f4_path2_left_weight": 0.4,
      "f4_path2_right_weight": 1.0,
      "f1_local_snap_x": 652,
      "f1_local_snap_y_px": 66,
      "f1_local_snap_search_px": 8,
      "f1_local_snap_search_up_px": 4,
      "f1_local_snap_search_down_px": 12,
      "f1_local_snap_prefer_lower_weight": 0.02,
      "f3_local_snap_x": 652,
      "f3_local_snap_y_px": 158,
      "f3_local_snap_search_px": 6,
      "f3_local_snap_search_up_px": 6,
      "f3_local_snap_search_down_px": 6,
      "f3_local_snap_prefer_lower_weight": 0.0,
      "f4_local_snap_x": 652,
      "f4_local_snap_y_px": 252,
      "f4_local_snap_search_px": 8,
      "f4_local_snap_search_up_px": 6,
      "f4_local_snap_search_down_px": 14,
      "f4_local_snap_prefer_lower_weight": 0.05,
      "f2_local_snap_x": 652,
      "f2_local_snap_y_px": 143,
      "f2_local_snap_search_px": 8,
      "f2_local_snap_search_up_px": 14,
      "f2_local_snap_search_down_px": 2,
      "f2_local_snap_prefer_lower_weight": 0.0,
      "f2_consensus_x_range": [
        646,
        652
      ],
      "f2_consensus_y_px": 114,
      "f2_consensus_anchor_y_px": 143,
      "f2_consensus_seed_y_px": 116,
      "f2_consensus_support_cols": 7,
      "f2_consensus_support_ratio": 1.0,
      "f2_consensus_jump_px": 29,
      "f2_consensus_tol_px": 5,
      "f2_consensus_reason": "accepted",
      "f2_consensus_applied": true,
      "f3_consensus_x_range": [
        646,
        652
      ],
      "f3_consensus_y_px": 158,
      "f3_consensus_anchor_y_px": 158,
      "f3_consensus_seed_y_px": 158,
      "f3_consensus_support_cols": 7,
      "f3_consensus_support_ratio": 1.0,
      "f3_consensus_jump_px": 0,
      "f3_consensus_tol_px": 5,
      "f3_consensus_reason": "accepted",
      "f3_consensus_applied": true,
      "f4_consensus_x_range": [
        646,
        652
      ],
      "f4_consensus_y_px": 265,
      "f4_consensus_anchor_y_px": 252,
      "f4_consensus_seed_y_px": 265,
      "f4_consensus_support_cols": 6,
      "f4_consensus_support_ratio": 0.7967887606623181,
      "f4_consensus_jump_px": 13,
      "f4_consensus_tol_px": 6,
      "f4_consensus_reason": "accepted",
      "f4_consensus_applied": true,
      "scale_ranges": {
        "F1": [
          7.2,
          8.4
        ],
        "F2": [
          13.1,
          14.5
        ],
        "F3": [
          18.6,
          20.2
        ],
        "F4": [
          24.1,
          26.5
        ]
      }
    },
    "A": {
      "x_day0": 59,
      "x_day1": 372,
      "x_day2": 684,
      "day_w": 312.5,
      "x_day0_time": 59,
      "x_day1_time": 351,
      "x_day2_time": 643,
      "day_w_time": 292.0,
      "x_plot_end": 935,
      "x1_static": 936,
      "x1_dyn": 935,
      "x1_dyn_used": true,
      "pph": 12.166666666666666,