{
  "saved_at_utc": "2026-05-30T07:19:04.720197+00:00",
  "source": "tomsk_sos70_param_charts",
  "freq_max_hz": 40.0,
  "values": {
    "scale_ranges": {
      "F": {
        "F1": [
          7.2,
          8.4
        ],
        "F2": [
          13.1,
          14.5
        ],
        "F3": [
          18.6,
          20.2
        ],
        "F4": [
          24.1,
          26.5
        ]
      },
      "A": {
        "A1": [
          1.0,
          45.0
        ],
        "A2": [
          1.0,
          61.5
        ],
        "A3": [
          2.2,
          12.2
        ],
        "A4": [
          1.1,
          10.2
        ]
      },
      "Q": {
        "Q1": [
          4.0,
          38.0
        ],
        "Q2": [
          5.0,
          17.5
        ],
        "Q3": [
          7.0,
          23.0
        ],
        "Q4": [
          5.0,
          30.0
        ]
      }
    },
    "scale_units": {
      "F_hz": "Hz",
      "A_value": "idx",
      "Q_value": "idx"
    },
    "F_norm": {
      "F1": 0.17421602787456447,
      "F2": 0.40069686411149824,
      "F3": 0.5714285714285714,
      "F4": 0.7526132404181185
    },
    "F_y_px": {
      "F1": 85,
      "F2": 150,
      "F3": 199,
      "F4": 251
    },
    "F_lane_norm": {
      "F1": 0.7719298245614035,
      "F2": 0.8846153846153846,
      "F3": 0.8913043478260869,
      "F4": 0.9565217391304348
    },
    "F_hz": {
      "F1": 7.473684210526316,
      "F2": 13.26153846153846,
      "F3": 18.773913043478263,
      "F4": 24.20434782608696
    },
    "A_norm": {
      "A1": 0.11498257839721254,
      "A2": 0.47735191637630664,
      "A3": 0.6829268292682927,
      "A4": 0.8885017421602788
    },
    "A_y_px": {
      "A1": 68,
      "A2": 172,
      "A3": 231,
      "A4": 290
    },
    "A_lane_norm": {
      "A1": 0.2891566265060241,
      "A2": 0.8163265306122449,
      "A3": 0.7731958762886598,
      "A4": 0.6593406593406593
    },
    "A_value": {
      "A1": 32.27710843373494,
      "A2": 12.11224489795918,
      "A3": 4.468041237113401,
      "A4": 4.199999999999999
    },
    "Q_norm": {
      "Q1": 0.2857142857142857,
      "Q2": 0.5261324041811847,
      "Q3": 0.6480836236933798,
      "Q4": 0.9547038327526133
    },
    "Q_y_px": {
      "Q1": 117,
      "Q2": 186,
      "Q3": 221,
      "Q4": 309
    },
    "Q_lane_norm": {
      "Q1": 0.7640449438202247,
      "Q2": 0.845360824742268,
      "Q3": 0.6310679611650486,
      "Q4": 0.8588235294117647
    },
    "Q_value": {
      "Q1": 12.022471910112362,
      "Q2": 6.93298969072165,
      "Q3": 12.902912621359222,
      "Q4": 8.529411764705884
    }
  },
  "debug": {
    "F": {
      "x_day0": 59,
      "x_day1": 387,
      "x_day2": 715,
      "day_w": 328.0,
      "x_day0_time": 59,
      "x_day1_time": 351,
      "x_day2_time": 643,
      "day_w_time": 292.0,
      "x_plot_end": 935,
      "x1_static": 936,
      "x1_dyn": 935,
      "x1_dyn_used": true,
      "pph": 12.166666666666666,
      "pph_source": "day_width (tick-mismatch-fallback)",
      "pph_tick": 19.0,
      "tick_pph_rel_err": 0.5616438356164384,
      "tick_pph_valid": false,
      "tick_count": 50,
      "tick_quality": 0.6944444444444444,
      "tick_used": false,
      "x_frontier": 820,
      "frontier_method": "activity_scan",
      "frontier_activity_thr": 0.5245161026716232,
      "frontier_activity_right_tail": 0.11284172534942627,
      "frontier_activity_run_px": 8,
      "guard_px": 4,
      "left_guard": 645,
      "right_guard": 816,
      "x_time": 817,
      "x_ideal": 817,
      "x_now": 817,
      "x_now_method": "ideal",
      "hour_now_tsst": 14.317777777777778,
      "rollover_hour_min": 3.0,
      "rollover_hour_max": 8.5,
      "delta_min_to_guard": -4.931506849315069,
      "delta_min_to_frontier": 14.794520547945206,
      "frontier_day_fill": 0.6061643835616438,
      "rollover_candidate": false,
      "bias_minutes_applied": 0.0,
      "measured_bias_minutes": null,
      "age_hours": null,
      "status": "ok",
      "x_pick": 816,
      "x_pick_edge": 817,
      "x_pick_safe_right": 923,
      "x_overlay": 817,
      "f1_path_x_range": [
        803,
        817
      ],
      "f1_path_target_col": 13,
      "f1_path_y_px": 91,
      "f4_path_x_range": [
        803,
        817
      ],
      "f4_path_target_col": 13,
      "f4_path_y_px": 251,
      "f1_path2_x_range": [
        807,
        817
      ],
      "f1_path2_target_col": 9,
      "f1_path2_y_px": 80,
      "f1_path2_y_direct_px": 57,
      "f1_path2_direct_used": false,
      "f1_path2_direct_allowed": false,
      "f1_path2_left_weight": 0.35,
      "f1_path2_right_weight": 1.0,
      "f2_path2_x_range": [
        807,
        817
      ],
      "f2_path2_target_col": 9,
      "f2_path2_y_px": 149,
      "f2_path2_y_direct_px": 145,
      "f2_path2_direct_used": false,
      "f2_path2_direct_allowed": false,
      "f2_path2_left_weight": 0.4,
      "f2_path2_right_weight": 1.0,
      "f4_path2_x_range": [
        807,
        817
      ],
      "f4_path2_target_col": 9,
      "f4_path2_y_px": 251,
      "f4_path2_y_direct_px": 253,
      "f4_path2_direct_used": false,
      "f4_path2_direct_allowed": false,
      "f4_path2_left_weight": 0.4,
      "f4_path2_right_weight": 1.0,
      "f1_local_snap_x": 817,
      "f1_local_snap_y_px": 85,
      "f1_local_snap_search_px": 8,
      "f1_local_snap_search_up_px": 4,
      "f1_local_snap_search_down_px": 12,
      "f1_local_snap_prefer_lower_weight": 0.02,
      "f3_local_snap_x": 817,
      "f3_local_snap_y_px": 199,
      "f3_local_snap_search_px": 6,
      "f3_local_snap_search_up_px": 6,
      "f3_local_snap_search_down_px": 6,
      "f3_local_snap_prefer_lower_weight": 0.0,
      "f4_local_snap_x": 817,
      "f4_local_snap_y_px": 251,
      "f4_local_snap_search_px": 8,
      "f4_local_snap_search_up_px": 6,
      "f4_local_snap_search_down_px": 14,
      "f4_local_snap_prefer_lower_weight": 0.05,
      "f2_local_snap_x": 817,
      "f2_local_snap_y_px": 150,
      "f2_local_snap_search_px": 8,
      "f2_local_snap_search_up_px": 14,
      "f2_local_snap_search_down_px": 2,
      "f2_local_snap_prefer_lower_weight": 0.0,
      "f2_consensus_applied": false,
      "f2_consensus_x_range": [
        811,
        817
      ],
      "f2_consensus_y_px": 161,
      "f2_consensus_anchor_y_px": 150,
      "f2_consensus_seed_y_px": 162,
      "f2_consensus_support_cols": 3,
      "f2_consensus_support_ratio": 0.3185828236421545,
      "f2_consensus_jump_px": 11,
      "f2_consensus_tol_px": 5,
      "f2_consensus_reason": "low_support",
      "f3_consensus_applied": false,
      "f3_consensus_x_range": [
        811,
        817
      ],
      "f3_consensus_y_px": 158,
      "f3_consensus_anchor_y_px": 199,
      "f3_consensus_seed_y_px": 159,
      "f3_consensus_support_cols": 5,
      "f3_consensus_support_ratio": 0.7087723290476732,
      "f3_consensus_jump_px": 41,
      "f3_consensus_tol_px": 5,
      "f3_consensus_reason": "excessive_jump",
      "f4_consensus_applied": false,
      "f4_consensus_x_range": [
        811,
        817
      ],
      "f4_consensus_y_px": 231,
      "f4_consensus_anchor_y_px": 251,
      "f4_consensus_seed_y_px": 232,
      "f4_consensus_support_cols": 3,
      "f4_consensus_support_ratio": 0.4931711862651895,
      "f4_consensus_jump_px": 20,
      "f4_consensus_tol_px": 6,
      "f4_consensus_reason": "low_support",
      "scale_ranges": {
        "F1": [
          7.2,
          8.4
        ],
        "F2": [
          13.1,
          14.5
        ],
        "F3": [
          18.6,
          20.2
        ],
        "F4": [
          24.1,
          26.5
        ]
      }
    },
    "A": {
      "x_day0": 59,
      "x_day1": 372,
      "x_day2": 684,
      "day_w": 312.5,
      "x_day0_time": 59,
      "x_day1_time": 351,
      "x_day2_time": 644,
      "day_w_time": 292.3333333333333,
      "x_plot_end": 936,
      "x1_static": 936,
      "x1_dyn": 977,