{
  "saved_at_utc": "2026-06-29T18:30:42.762531+00:00",
  "source": "tomsk_sos70_param_charts",
  "freq_max_hz": 40.0,
  "values": {
    "scale_ranges": {
      "F": {
        "F1": [
          7.2,
          8.4
        ],
        "F2": [
          13.1,
          14.5
        ],
        "F3": [
          18.6,
          20.2
        ],
        "F4": [
          24.1,
          26.5
        ]
      },
      "A": {
        "A1": [
          1.0,
          45.0
        ],
        "A2": [
          1.0,
          61.5
        ],
        "A3": [
          2.2,
          12.2
        ],
        "A4": [
          1.1,
          10.2
        ]
      },
      "Q": {
        "Q1": [
          4.0,
          38.0
        ],
        "Q2": [
          5.0,
          17.5
        ],
        "Q3": [
          7.0,
          23.0
        ],
        "Q4": [
          5.0,
          30.0
        ]
      }
    },
    "scale_units": {
      "F_hz": "Hz",
      "A_value": "idx",
      "Q_value": "idx"
    },
    "F_norm": {
      "F1": 0.1602787456445993,
      "F2": 0.3344947735191638,
      "F3": 0.5226480836236934,
      "F4": 0.7560975609756098
    },
    "F_y_px": {
      "F1": 81,
      "F2": 131,
      "F3": 185,
      "F4": 252
    },
    "F_lane_norm": {
      "F1": 0.7017543859649122,
      "F2": 0.5192307692307693,
      "F3": 0.5869565217391305,
      "F4": 0.9782608695652174
    },
    "F_hz": {
      "F1": 7.557894736842106,
      "F2": 13.773076923076923,
      "F3": 19.26086956521739,
      "F4": 24.15217391304348
    },
    "A_norm": {
      "A1": 0.313588850174216,
      "A2": 0.519163763066202,
      "A3": 0.735191637630662,
      "A4": 0.9581881533101045
    },
    "A_y_px": {
      "A1": 125,
      "A2": 184,
      "A3": 246,
      "A4": 310
    },
    "A_lane_norm": {
      "A1": 0.9759036144578314,
      "A2": 0.9387755102040817,
      "A3": 0.9278350515463918,
      "A4": 0.8791208791208791
    },
    "A_value": {
      "A1": 2.0602409638554207,
      "A2": 4.7040816326530575,
      "A3": 2.921649484536081,
      "A4": 2.2
    },
    "Q_norm": {
      "Q1": 0.29965156794425085,
      "Q2": 0.519163763066202,
      "Q3": 0.686411149825784,
      "Q4": 0.9233449477351916
    },
    "Q_y_px": {
      "Q1": 121,
      "Q2": 184,
      "Q3": 232,
      "Q4": 300
    },
    "Q_lane_norm": {
      "Q1": 0.8089887640449438,
      "Q2": 0.8247422680412371,
      "Q3": 0.7378640776699029,
      "Q4": 0.7529411764705882
    },
    "Q_value": {
      "Q1": 10.49438202247191,
      "Q2": 7.190721649484537,
      "Q3": 11.194174757281553,
      "Q4": 11.176470588235293
    }
  },
  "debug": {
    "F": {
      "x_day0": 59,
      "x_day1": 372,
      "x_day2": 684,
      "day_w": 312.5,
      "x_day0_time": 59,
      "x_day1_time": 351,
      "x_day2_time": 643,
      "day_w_time": 292.0,
      "x_plot_end": 935,
      "x1_static": 936,
      "x1_dyn": 935,
      "x1_dyn_used": true,
      "pph": 12.166666666666666,
      "pph_source": "day_width (tick-mismatch-fallback)",
      "pph_tick": 19.0,
      "tick_pph_rel_err": 0.5616438356164384,
      "tick_pph_valid": false,
      "tick_count": 50,
      "tick_quality": 0.6944444444444444,
      "tick_used": false,
      "x_frontier": 657,
      "frontier_method": "activity_scan",
      "frontier_activity_thr": 0.4540914922952652,
      "frontier_activity_right_tail": 0.19452618062496185,
      "frontier_activity_run_px": 8,
      "guard_px": 4,
      "left_guard": 645,
      "right_guard": 653,
      "x_time": 661,
      "x_ideal": 661,
      "x_now": 653,
      "x_now_method": "guard_invalid",
      "hour_now_tsst": 1.5116666666666667,
      "rollover_hour_min": 3.0,
      "rollover_hour_max": 8.5,
      "delta_min_to_guard": -39.45205479452055,
      "delta_min_to_frontier": -19.726027397260275,
      "frontier_day_fill": 0.04794520547945205,
      "rollover_candidate": false,
      "bias_minutes_applied": 0.0,
      "measured_bias_minutes": null,
      "age_hours": null,
      "status": "no_recent_data",
      "x_pick": 652,
      "x_pick_edge": 653,
      "x_pick_safe_right": 923,
      "x_overlay": 653,
      "f1_path_x_range": [
        639,
        653
      ],
      "f1_path_target_col": 13,
      "f1_path_y_px": 78,
      "f4_path_x_range": [
        639,
        653
      ],
      "f4_path_target_col": 13,
      "f4_path_y_px": 251,
      "f1_path2_x_range": [
        643,
        653
      ],
      "f1_path2_target_col": 9,
      "f1_path2_y_px": 78,
      "f1_path2_y_direct_px": 78,
      "f1_path2_direct_used": false,
      "f1_path2_direct_allowed": false,
      "f1_path2_left_weight": 0.35,
      "f1_path2_right_weight": 1.0,
      "f2_path2_x_range": [
        643,
        653
      ],
      "f2_path2_target_col": 9,
      "f2_path2_y_px": 130,
      "f2_path2_y_direct_px": 129,
      "f2_path2_direct_used": false,
      "f2_path2_direct_allowed": false,
      "f2_path2_left_weight": 0.4,
      "f2_path2_right_weight": 1.0,
      "f4_path2_x_range": [
        643,
        653
      ],
      "f4_path2_target_col": 9,
      "f4_path2_y_px": 251,
      "f4_path2_y_direct_px": 250,
      "f4_path2_direct_used": false,
      "f4_path2_direct_allowed": false,
      "f4_path2_left_weight": 0.4,
      "f4_path2_right_weight": 1.0,
      "f1_local_snap_x": 653,
      "f1_local_snap_y_px": 81,
      "f1_local_snap_search_px": 8,
      "f1_local_snap_search_up_px": 4,
      "f1_local_snap_search_down_px": 12,
      "f1_local_snap_prefer_lower_weight": 0.02,
      "f3_local_snap_x": 653,
      "f3_local_snap_y_px": 180,
      "f3_local_snap_search_px": 6,
      "f3_local_snap_search_up_px": 6,
      "f3_local_snap_search_down_px": 6,
      "f3_local_snap_prefer_lower_weight": 0.0,
      "f4_local_snap_x": 653,
      "f4_local_snap_y_px": 249,
      "f4_local_snap_search_px": 8,
      "f4_local_snap_search_up_px": 6,
      "f4_local_snap_search_down_px": 14,
      "f4_local_snap_prefer_lower_weight": 0.05,
      "f2_local_snap_x": 653,
      "f2_local_snap_y_px": 124,
      "f2_local_snap_search_px": 8,
      "f2_local_snap_search_up_px": 14,
      "f2_local_snap_search_down_px": 2,
      "f2_local_snap_prefer_lower_weight": 0.0,
      "f2_consensus_x_range": [
        647,
        653
      ],
      "f2_consensus_y_px": 131,
      "f2_consensus_anchor_y_px": 124,
      "f2_consensus_seed_y_px": 129,
      "f2_consensus_support_cols": 6,
      "f2_consensus_support_ratio": 0.8546690285962185,
      "f2_consensus_jump_px": 7,
      "f2_consensus_tol_px": 5,
      "f2_consensus_reason": "accepted",
      "f2_consensus_applied": true,
      "f3_consensus_x_range": [
        647,
        653
      ],
      "f3_consensus_y_px": 185,
      "f3_consensus_anchor_y_px": 180,
      "f3_consensus_seed_y_px": 184,
      "f3_consensus_support_cols": 7,
      "f3_consensus_support_ratio": 1.0,
      "f3_consensus_jump_px": 5,
      "f3_consensus_tol_px": 5,
      "f3_consensus_reason": "accepted",
      "f3_consensus_applied": true,
      "f4_consensus_x_range": [
        647,
        653
      ],
      "f4_consensus_y_px": 252,
      "f4_consensus_anchor_y_px": 249,
      "f4_consensus_seed_y_px": 249,
      "f4_consensus_support_cols": 7,
      "f4_consensus_support_ratio": 1.0,
      "f4_consensus_jump_px": 3,
      "f4_consensus_tol_px": 6,
      "f4_consensus_reason": "accepted",
      "f4_consensus_applied": true,
      "scale_ranges": {
        "F1": [
          7.2,
          8.4
        ],
        "F2": [
          13.1,
          14.5
        ],
        "F3": [
          18.6,
          20.2
        ],
        "F4": [
          24.1,
          26.5
        ]
      }
    },
    "A": {
      "x_day0": 59,
      "x_day1": 372,
      "x_day2": 684,
      "day_w": 312.5,
      "x_day0_time": 59,
      "x_day1_time": 351,
      "x_day2_time": 643,
      "day_w_time": 292.0,
      "x_plot_end": 935,
      "x1_static": 936,
      "x1_dyn": 935,
      "x1_dyn_used": true,
      "pph": 12.166666666666666,