{
  "saved_at_utc": "2026-06-23T01:16:23.941604+00:00",
  "source": "tomsk_sos70_param_charts",
  "freq_max_hz": 40.0,
  "values": {
    "scale_ranges": {
      "F": {
        "F1": [
          7.2,
          8.4
        ],
        "F2": [
          13.1,
          14.5
        ],
        "F3": [
          18.6,
          20.2
        ],
        "F4": [
          24.1,
          26.5
        ]
      },
      "A": {
        "A1": [
          1.0,
          45.0
        ],
        "A2": [
          1.0,
          61.5
        ],
        "A3": [
          2.2,
          12.2
        ],
        "A4": [
          1.1,
          10.2
        ]
      },
      "Q": {
        "Q1": [
          4.0,
          38.0
        ],
        "Q2": [
          5.0,
          17.5
        ],
        "Q3": [
          7.0,
          23.0
        ],
        "Q4": [
          5.0,
          30.0
        ]
      }
    },
    "scale_units": {
      "F_hz": "Hz",
      "A_value": "idx",
      "Q_value": "idx"
    },
    "F_norm": {
      "F1": 0.11498257839721254,
      "F2": 0.40069686411149824,
      "F3": 0.5156794425087108,
      "F4": 0.7560975609756098
    },
    "F_y_px": {
      "F1": 68,
      "F2": 150,
      "F3": 183,
      "F4": 252
    },
    "F_lane_norm": {
      "F1": 0.47368421052631576,
      "F2": 0.8846153846153846,
      "F3": 0.5434782608695652,
      "F4": 0.9782608695652174
    },
    "F_hz": {
      "F1": 7.831578947368421,
      "F2": 13.26153846153846,
      "F3": 19.330434782608695,
      "F4": 24.15217391304348
    },
    "A_norm": {
      "A1": 0.11498257839721254,
      "A2": 0.36585365853658536,
      "A3": 0.6097560975609756,
      "A4": 0.8850174216027874
    },
    "A_y_px": {
      "A1": 68,
      "A2": 140,
      "A3": 210,
      "A4": 289
    },
    "A_lane_norm": {
      "A1": 0.2891566265060241,
      "A2": 0.4897959183673469,
      "A3": 0.5567010309278351,
      "A4": 0.6483516483516484
    },
    "A_value": {
      "A1": 32.27710843373494,
      "A2": 31.867346938775512,
      "A3": 6.632989690721649,
      "A4": 4.299999999999999
    },
    "Q_norm": {
      "Q1": 0.23693379790940766,
      "Q2": 0.49477351916376305,
      "Q3": 0.7212543554006968,
      "Q4": 0.8745644599303136
    },
    "Q_y_px": {
      "Q1": 103,
      "Q2": 177,
      "Q3": 242,
      "Q4": 286
    },
    "Q_lane_norm": {
      "Q1": 0.6067415730337079,
      "Q2": 0.7525773195876289,
      "Q3": 0.8349514563106796,
      "Q4": 0.5882352941176471
    },
    "Q_value": {
      "Q1": 17.370786516853933,
      "Q2": 8.092783505154639,
      "Q3": 9.640776699029127,
      "Q4": 15.294117647058822
    }
  },
  "debug": {
    "F": {
      "x_day0": 59,
      "x_day1": 357,
      "x_day2": 655,
      "day_w": 298.0,
      "x_day0_time": 59,
      "x_day1_time": 351,
      "x_day2_time": 643,
      "day_w_time": 292.0,
      "x_plot_end": 935,
      "x1_static": 936,
      "x1_dyn": 935,
      "x1_dyn_used": true,
      "pph": 12.166666666666666,
      "pph_source": "day_width (tick-mismatch-fallback)",
      "pph_tick": 19.0,
      "tick_pph_rel_err": 0.5616438356164384,
      "tick_pph_valid": false,
      "tick_count": 50,
      "tick_quality": 0.6944444444444444,
      "tick_used": false,
      "x_frontier": 748,
      "frontier_method": "activity_scan",
      "frontier_activity_thr": 0.5281522035598755,
      "frontier_activity_right_tail": 0.18500448763370514,
      "frontier_activity_run_px": 8,
      "guard_px": 4,
      "left_guard": 645,
      "right_guard": 744,
      "x_time": 744,
      "x_ideal": 744,
      "x_now": 744,
      "x_now_method": "harmonized_pair_cluster",
      "hour_now_tsst": 8.273055555555556,
      "rollover_hour_min": 3.0,
      "rollover_hour_max": 8.5,
      "delta_min_to_guard": 0.0,
      "delta_min_to_frontier": 19.726027397260275,
      "frontier_day_fill": 0.3595890410958904,
      "rollover_candidate": false,
      "bias_minutes_applied": 0.0,
      "measured_bias_minutes": null,
      "age_hours": null,
      "status": "ok",
      "x_now_before_harmonize": 744,
      "x_pick": 743,
      "x_pick_edge": 744,
      "x_pick_safe_right": 923,
      "x_overlay": 744,
      "f1_path_x_range": [
        730,
        744
      ],
      "f1_path_target_col": 13,
      "f1_path_y_px": 62,
      "f4_path_x_range": [
        730,
        744
      ],
      "f4_path_target_col": 13,
      "f4_path_y_px": 251,
      "f1_path2_x_range": [
        734,
        744
      ],
      "f1_path2_target_col": 9,
      "f1_path2_y_px": 61,
      "f1_path2_y_direct_px": 85,
      "f1_path2_direct_used": false,
      "f1_path2_direct_allowed": false,
      "f1_path2_left_weight": 0.35,
      "f1_path2_right_weight": 1.0,
      "f2_path2_x_range": [
        734,
        744
      ],
      "f2_path2_target_col": 9,
      "f2_path2_y_px": 150,
      "f2_path2_y_direct_px": 124,
      "f2_path2_direct_used": false,
      "f2_path2_direct_allowed": false,
      "f2_path2_left_weight": 0.4,
      "f2_path2_right_weight": 1.0,
      "f4_path2_x_range": [
        734,
        744
      ],
      "f4_path2_target_col": 9,
      "f4_path2_y_px": 251,
      "f4_path2_y_direct_px": 247,
      "f4_path2_direct_used": false,
      "f4_path2_direct_allowed": false,
      "f4_path2_left_weight": 0.4,
      "f4_path2_right_weight": 1.0,
      "f1_local_snap_x": 744,
      "f1_local_snap_y_px": 68,
      "f1_local_snap_search_px": 8,
      "f1_local_snap_search_up_px": 4,
      "f1_local_snap_search_down_px": 12,
      "f1_local_snap_prefer_lower_weight": 0.02,
      "f3_local_snap_x": 744,
      "f3_local_snap_y_px": 183,
      "f3_local_snap_search_px": 6,
      "f3_local_snap_search_up_px": 6,
      "f3_local_snap_search_down_px": 6,
      "f3_local_snap_prefer_lower_weight": 0.0,
      "f4_local_snap_x": 744,
      "f4_local_snap_y_px": 252,
      "f4_local_snap_search_px": 8,
      "f4_local_snap_search_up_px": 6,
      "f4_local_snap_search_down_px": 14,
      "f4_local_snap_prefer_lower_weight": 0.05,
      "f2_local_snap_x": 744,
      "f2_local_snap_y_px": 150,
      "f2_local_snap_search_px": 8,
      "f2_local_snap_search_up_px": 14,
      "f2_local_snap_search_down_px": 2,
      "f2_local_snap_prefer_lower_weight": 0.0,
      "f2_consensus_applied": false,
      "f2_consensus_x_range": [
        738,
        744
      ],
      "f2_consensus_y_px": 131,
      "f2_consensus_anchor_y_px": 150,
      "f2_consensus_seed_y_px": 131,
      "f2_consensus_support_cols": 3,
      "f2_consensus_support_ratio": 0.35960780274013654,
      "f2_consensus_jump_px": 19,
      "f2_consensus_tol_px": 5,
      "f2_consensus_reason": "low_support",
      "f3_consensus_applied": false,
      "f3_consensus_x_range": [
        738,
        744
      ],
      "f3_consensus_y_px": 166,
      "f3_consensus_anchor_y_px": 183,
      "f3_consensus_seed_y_px": 166,
      "f3_consensus_support_cols": 3,
      "f3_consensus_support_ratio": 0.43910413068743415,
      "f3_consensus_jump_px": 17,
      "f3_consensus_tol_px": 5,
      "f3_consensus_reason": "low_support",
      "f4_consensus_x_range": [
        738,
        744
      ],
      "f4_consensus_y_px": 252,
      "f4_consensus_anchor_y_px": 252,
      "f4_consensus_seed_y_px": 251,
      "f4_consensus_support_cols": 4,
      "f4_consensus_support_ratio": 0.6342024539877301,
      "f4_consensus_jump_px": 0,
      "f4_consensus_tol_px": 6,
      "f4_consensus_reason": "accepted",
      "f4_consensus_applied": true,
      "scale_ranges": {
        "F1": [
          7.2,
          8.4
        ],
        "F2": [
          13.1,
          14.5
        ],
        "F3": [
          18.6,
          20.2
        ],
        "F4": [
          24.1,
          26.5
        ]
      }
    },
    "A": {
      "x_day0": 59,
      "x_day1": 392,
      "x_day2": 725,
      "day_w": 333.0,
      "x_day0_time": 59,
      "x_day1_time": 351,
      "x_day2_time": 643,
      "day_w_time": 292.0,
      "x_plot_end": 935,
      "x1_static": 936,