{
  "saved_at_utc": "2026-04-30T12:51:30.534427+00:00",
  "source": "tomsk_sos70_param_charts",
  "freq_max_hz": 40.0,
  "values": {
    "scale_ranges": {
      "F": {
        "F1": [
          7.2,
          8.4
        ],
        "F2": [
          13.1,
          14.5
        ],
        "F3": [
          18.6,
          20.2
        ],
        "F4": [
          24.1,
          26.5
        ]
      },
      "A": {
        "A1": [
          1.0,
          45.0
        ],
        "A2": [
          1.0,
          61.5
        ],
        "A3": [
          2.2,
          12.2
        ],
        "A4": [
          1.1,
          10.2
        ]
      },
      "Q": {
        "Q1": [
          4.0,
          38.0
        ],
        "Q2": [
          5.0,
          17.5
        ],
        "Q3": [
          7.0,
          23.0
        ],
        "Q4": [
          5.0,
          30.0
        ]
      }
    },
    "scale_units": {
      "F_hz": "Hz",
      "A_value": "idx",
      "Q_value": "idx"
    },
    "F_norm": {
      "F1": 0.1916376306620209,
      "F2": 0.27177700348432055,
      "F3": 0.5888501742160279,
      "F4": 0.7526132404181185
    },
    "F_y_px": {
      "F1": 90,
      "F2": 113,
      "F3": 204,
      "F4": 251
    },
    "F_lane_norm": {
      "F1": 0.8596491228070176,
      "F2": 0.17307692307692307,
      "F3": 1.0,
      "F4": 0.9565217391304348
    },
    "F_hz": {
      "F1": 7.368421052631579,
      "F2": 14.257692307692308,
      "F3": 18.6,
      "F4": 24.20434782608696
    },
    "A_norm": {
      "A1": 0.2857142857142857,
      "A2": 0.5017421602787456,
      "A3": 0.6933797909407665,
      "A4": 0.7804878048780488
    },
    "A_y_px": {
      "A1": 117,
      "A2": 179,
      "A3": 234,
      "A4": 259
    },
    "A_lane_norm": {
      "A1": 0.8795180722891566,
      "A2": 0.8877551020408163,
      "A3": 0.8041237113402062,
      "A4": 0.31868131868131866
    },
    "A_value": {
      "A1": 6.30120481927711,
      "A2": 7.79081632653061,
      "A3": 4.158762886597938,
      "A4": 7.3
    },
    "Q_norm": {
      "Q1": 0.2926829268292683,
      "Q2": 0.5261324041811847,
      "Q3": 0.7317073170731707,
      "Q4": 0.759581881533101
    },
    "Q_y_px": {
      "Q1": 119,
      "Q2": 186,
      "Q3": 245,
      "Q4": 253
    },
    "Q_lane_norm": {
      "Q1": 0.7865168539325843,
      "Q2": 0.845360824742268,
      "Q3": 0.8640776699029126,
      "Q4": 0.2
    },
    "Q_value": {
      "Q1": 11.258426966292134,
      "Q2": 6.93298969072165,
      "Q3": 9.174757281553399,
      "Q4": 25.0
    }
  },
  "debug": {
    "F": {
      "x_day0": 59,
      "x_day1": 372,
      "x_day2": 685,
      "day_w": 313.0,
      "x_day0_time": 59,
      "x_day1_time": 351,
      "x_day2_time": 644,
      "day_w_time": 292.3333333333333,
      "x_plot_end": 936,
      "x1_static": 936,
      "x1_dyn": 977,
      "x1_dyn_used": false,
      "pph": 12.180555555555555,
      "pph_source": "day_width (tick-mismatch-fallback)",
      "pph_tick": 19.0,
      "tick_pph_rel_err": 0.5598631698973775,
      "tick_pph_valid": false,
      "tick_count": 50,
      "tick_quality": 0.6944444444444444,
      "tick_used": false,
      "x_frontier": 871,
      "frontier_method": "activity_scan",
      "frontier_activity_thr": 0.44133704602718354,
      "frontier_activity_right_tail": 0.16138161718845367,
      "frontier_activity_run_px": 8,
      "guard_px": 4,
      "left_guard": 646,
      "right_guard": 867,
      "x_time": 886,
      "x_ideal": 886,
      "x_now": 885,
      "x_now_method": "harmonized_pair_cluster",
      "hour_now_tsst": 19.858333333333334,
      "rollover_hour_min": 3.0,
      "rollover_hour_max": 8.5,
      "delta_min_to_guard": -93.59179019384266,
      "delta_min_to_frontier": -73.88825541619156,
      "frontier_day_fill": 0.7765108323831243,
      "rollover_candidate": false,
      "bias_minutes_applied": 0.0,
      "measured_bias_minutes": null,
      "age_hours": null,
      "status": "ok",
      "x_now_before_harmonize": 867,
      "x_pick": 884,
      "x_pick_edge": 885,
      "x_pick_safe_right": 924,
      "x_overlay": 885,
      "f1_path_x_range": [
        871,
        885
      ],
      "f1_path_target_col": 13,
      "f1_path_y_px": 46,
      "f4_path_x_range": [
        871,
        885
      ],
      "f4_path_target_col": 13,
      "f4_path_y_px": 251,
      "f1_path2_x_range": [
        875,
        885
      ],
      "f1_path2_target_col": 9,
      "f1_path2_y_px": 80,
      "f1_path2_y_direct_px": 88,
      "f1_path2_direct_used": false,
      "f1_path2_direct_allowed": false,
      "f1_path2_left_weight": 0.35,
      "f1_path2_right_weight": 1.0,
      "f2_path2_x_range": [
        875,
        885
      ],
      "f2_path2_target_col": 9,
      "f2_path2_y_px": 113,
      "f2_path2_y_direct_px": 134,
      "f2_path2_direct_used": false,
      "f2_path2_direct_allowed": false,
      "f2_path2_left_weight": 0.4,
      "f2_path2_right_weight": 1.0,
      "f4_path2_x_range": [
        875,
        885
      ],
      "f4_path2_target_col": 9,
      "f4_path2_y_px": 251,
      "f4_path2_y_direct_px": 251,
      "f4_path2_direct_used": false,
      "f4_path2_direct_allowed": false,
      "f4_path2_left_weight": 0.4,
      "f4_path2_right_weight": 1.0,
      "f1_local_snap_x": 885,
      "f1_local_snap_y_px": 90,
      "f1_local_snap_search_px": 8,
      "f1_local_snap_search_up_px": 4,
      "f1_local_snap_search_down_px": 12,
      "f1_local_snap_prefer_lower_weight": 0.02,
      "f3_local_snap_x": 885,
      "f3_local_snap_y_px": 204,
      "f3_local_snap_search_px": 6,
      "f3_local_snap_search_up_px": 6,
      "f3_local_snap_search_down_px": 6,
      "f3_local_snap_prefer_lower_weight": 0.0,
      "f4_local_snap_x": 885,
      "f4_local_snap_y_px": 251,
      "f4_local_snap_search_px": 8,
      "f4_local_snap_search_up_px": 6,
      "f4_local_snap_search_down_px": 14,
      "f4_local_snap_prefer_lower_weight": 0.05,
      "f2_local_snap_x": 885,
      "f2_local_snap_y_px": 110,
      "f2_local_snap_search_px": 8,
      "f2_local_snap_search_up_px": 14,
      "f2_local_snap_search_down_px": 2,
      "f2_local_snap_prefer_lower_weight": 0.0,
      "f2_consensus_x_range": [
        879,
        885
      ],
      "f2_consensus_y_px": 113,
      "f2_consensus_anchor_y_px": 110,
      "f2_consensus_seed_y_px": 113,
      "f2_consensus_support_cols": 6,
      "f2_consensus_support_ratio": 0.7940743572589124,
      "f2_consensus_jump_px": 3,
      "f2_consensus_tol_px": 5,
      "f2_consensus_reason": "accepted",
      "f2_consensus_applied": true,
      "f3_consensus_x_range": [
        879,
        885
      ],
      "f3_consensus_y_px": 204,
      "f3_consensus_anchor_y_px": 204,
      "f3_consensus_seed_y_px": 199,
      "f3_consensus_support_cols": 5,
      "f3_consensus_support_ratio": 0.6229137199434228,
      "f3_consensus_jump_px": 0,
      "f3_consensus_tol_px": 5,
      "f3_consensus_reason": "accepted",
      "f3_consensus_applied": true,
      "f4_consensus_x_range": [
        879,
        885
      ],
      "f4_consensus_y_px": 251,
      "f4_consensus_anchor_y_px": 251,
      "f4_consensus_seed_y_px": 250,
      "f4_consensus_support_cols": 5,
      "f4_consensus_support_ratio": 0.7628702792741017,
      "f4_consensus_jump_px": 0,
      "f4_consensus_tol_px": 6,
      "f4_consensus_reason": "accepted",
      "f4_consensus_applied": true,
      "scale_ranges": {
        "F1": [
          7.2,
          8.4
        ],
        "F2": [
          13.1,
          14.5
        ],
        "F3": [
          18.6,
          20.2
        ],
        "F4": [
          24.1,
          26.5
        ]
      }
    },
    "A": {
      "x_day0": 59,
      "x_day1": 372,
      "x_day2": 684,
      "day_w": 312.5,
      "x_day0_time": 59,
      "x_day1_time": 351,
      "x_day2_time": 643,
      "day_w_time": 292.0,
      "x_plot_end": 935,
      "x1_static": 936,
      "x1_dyn": 935,
      "x1_dyn_used": true,