{
  "saved_at_utc": "2026-05-24T06:45:43.774918+00:00",
  "source": "tomsk_sos70_param_charts",
  "freq_max_hz": 40.0,
  "values": {
    "scale_ranges": {
      "F": {
        "F1": [
          7.2,
          8.4
        ],
        "F2": [
          13.1,
          14.5
        ],
        "F3": [
          18.6,
          20.2
        ],
        "F4": [
          24.1,
          26.5
        ]
      },
      "A": {
        "A1": [
          1.0,
          45.0
        ],
        "A2": [
          1.0,
          61.5
        ],
        "A3": [
          2.2,
          12.2
        ],
        "A4": [
          1.1,
          10.2
        ]
      },
      "Q": {
        "Q1": [
          4.0,
          38.0
        ],
        "Q2": [
          5.0,
          17.5
        ],
        "Q3": [
          7.0,
          23.0
        ],
        "Q4": [
          5.0,
          30.0
        ]
      }
    },
    "scale_units": {
      "F_hz": "Hz",
      "A_value": "idx",
      "Q_value": "idx"
    },
    "F_norm": {
      "F1": 0.21602787456445993,
      "F2": 0.3344947735191638,
      "F3": 0.5714285714285714,
      "F4": 0.7491289198606271
    },
    "F_y_px": {
      "F1": 97,
      "F2": 131,
      "F3": 199,
      "F4": 250
    },
    "F_lane_norm": {
      "F1": 0.9824561403508771,
      "F2": 0.5192307692307693,
      "F3": 0.8913043478260869,
      "F4": 0.9347826086956522
    },
    "F_hz": {
      "F1": 7.221052631578948,
      "F2": 13.773076923076923,
      "F3": 18.773913043478263,
      "F4": 24.256521739130434
    },
    "A_norm": {
      "A1": 0.11498257839721254,
      "A2": 0.42160278745644597,
      "A3": 0.6236933797909407,
      "A4": 0.818815331010453
    },
    "A_y_px": {
      "A1": 68,
      "A2": 156,
      "A3": 214,
      "A4": 270
    },
    "A_lane_norm": {
      "A1": 0.2891566265060241,
      "A2": 0.6530612244897959,
      "A3": 0.5979381443298969,
      "A4": 0.43956043956043955
    },
    "A_value": {
      "A1": 32.27710843373494,
      "A2": 21.98979591836735,
      "A3": 6.22061855670103,
      "A4": 6.199999999999999
    },
    "Q_norm": {
      "Q1": 0.25435540069686413,
      "Q2": 0.36585365853658536,
      "Q3": 0.6306620209059234,
      "Q4": 0.8745644599303136
    },
    "Q_y_px": {
      "Q1": 108,
      "Q2": 140,
      "Q3": 216,
      "Q4": 286
    },
    "Q_lane_norm": {
      "Q1": 0.6629213483146067,
      "Q2": 0.3711340206185567,
      "Q3": 0.5825242718446602,
      "Q4": 0.5882352941176471
    },
    "Q_value": {
      "Q1": 15.460674157303373,
      "Q2": 12.86082474226804,
      "Q3": 13.679611650485437,
      "Q4": 15.294117647058822
    }
  },
  "debug": {
    "F": {
      "x_day0": 59,
      "x_day1": 369,
      "x_day2": 679,
      "day_w": 310.0,
      "x_day0_time": 59,
      "x_day1_time": 351,
      "x_day2_time": 643,
      "day_w_time": 292.0,
      "x_plot_end": 935,
      "x1_static": 936,
      "x1_dyn": 935,
      "x1_dyn_used": true,
      "pph": 12.166666666666666,
      "pph_source": "day_width (tick-mismatch-fallback)",
      "pph_tick": 19.0,
      "tick_pph_rel_err": 0.5616438356164384,
      "tick_pph_valid": false,
      "tick_count": 50,
      "tick_quality": 0.6944444444444444,
      "tick_used": false,
      "x_frontier": 813,
      "frontier_method": "activity_scan",
      "frontier_activity_thr": 0.4629312366247177,
      "frontier_activity_right_tail": 0.1280130296945572,
      "frontier_activity_run_px": 8,
      "guard_px": 4,
      "left_guard": 645,
      "right_guard": 809,
      "x_time": 810,
      "x_ideal": 810,
      "x_now": 810,
      "x_now_method": "ideal",
      "hour_now_tsst": 13.761944444444444,
      "rollover_hour_min": 3.0,
      "rollover_hour_max": 8.5,
      "delta_min_to_guard": -4.931506849315069,
      "delta_min_to_frontier": 14.794520547945206,
      "frontier_day_fill": 0.5821917808219178,
      "rollover_candidate": false,
      "bias_minutes_applied": 0.0,
      "measured_bias_minutes": null,
      "age_hours": null,
      "status": "ok",
      "x_pick": 809,
      "x_pick_edge": 810,
      "x_pick_safe_right": 923,
      "x_overlay": 810,
      "f1_path_x_range": [
        796,
        810
      ],
      "f1_path_target_col": 13,
      "f1_path_y_px": 95,
      "f4_path_x_range": [
        796,
        810
      ],
      "f4_path_target_col": 13,
      "f4_path_y_px": 250,
      "f1_path2_x_range": [
        800,
        810
      ],
      "f1_path2_target_col": 9,
      "f1_path2_y_px": 95,
      "f1_path2_y_direct_px": 94,
      "f1_path2_direct_used": false,
      "f1_path2_direct_allowed": false,
      "f1_path2_left_weight": 0.35,
      "f1_path2_right_weight": 1.0,
      "f2_path2_x_range": [
        800,
        810
      ],
      "f2_path2_target_col": 9,
      "f2_path2_y_px": 131,
      "f2_path2_y_direct_px": 138,
      "f2_path2_direct_used": false,
      "f2_path2_direct_allowed": false,
      "f2_path2_left_weight": 0.4,
      "f2_path2_right_weight": 1.0,
      "f4_path2_x_range": [
        800,
        810
      ],
      "f4_path2_target_col": 9,
      "f4_path2_y_px": 250,
      "f4_path2_y_direct_px": 249,
      "f4_path2_direct_used": false,
      "f4_path2_direct_allowed": false,
      "f4_path2_left_weight": 0.4,
      "f4_path2_right_weight": 1.0,
      "f1_local_snap_x": 810,
      "f1_local_snap_y_px": 97,
      "f1_local_snap_search_px": 8,
      "f1_local_snap_search_up_px": 4,
      "f1_local_snap_search_down_px": 12,
      "f1_local_snap_prefer_lower_weight": 0.02,
      "f3_local_snap_x": 810,
      "f3_local_snap_y_px": 199,
      "f3_local_snap_search_px": 6,
      "f3_local_snap_search_up_px": 6,
      "f3_local_snap_search_down_px": 6,
      "f3_local_snap_prefer_lower_weight": 0.0,
      "f4_local_snap_x": 810,
      "f4_local_snap_y_px": 249,
      "f4_local_snap_search_px": 8,
      "f4_local_snap_search_up_px": 6,
      "f4_local_snap_search_down_px": 14,
      "f4_local_snap_prefer_lower_weight": 0.05,
      "f2_local_snap_x": 810,
      "f2_local_snap_y_px": 131,
      "f2_local_snap_search_px": 8,
      "f2_local_snap_search_up_px": 14,
      "f2_local_snap_search_down_px": 2,
      "f2_local_snap_prefer_lower_weight": 0.0,
      "f2_consensus_applied": false,
      "f2_consensus_support_cols": 2,
      "f2_consensus_anchor_y_px": 131,
      "f2_consensus_seed_y_px": 164,
      "f2_consensus_reason": "insufficient_inliers",
      "f3_consensus_applied": false,
      "f3_consensus_x_range": [
        804,
        810
      ],
      "f3_consensus_y_px": 202,
      "f3_consensus_anchor_y_px": 199,
      "f3_consensus_seed_y_px": 199,
      "f3_consensus_support_cols": 4,
      "f3_consensus_support_ratio": 0.45374804987944706,
      "f3_consensus_jump_px": 3,
      "f3_consensus_tol_px": 5,
      "f3_consensus_reason": "low_support",
      "f4_consensus_x_range": [
        804,
        810
      ],
      "f4_consensus_y_px": 250,
      "f4_consensus_anchor_y_px": 249,
      "f4_consensus_seed_y_px": 250,
      "f4_consensus_support_cols": 5,
      "f4_consensus_support_ratio": 0.7424915274044641,
      "f4_consensus_jump_px": 1,
      "f4_consensus_tol_px": 6,
      "f4_consensus_reason": "accepted",
      "f4_consensus_applied": true,
      "scale_ranges": {
        "F1": [
          7.2,
          8.4
        ],
        "F2": [
          13.1,
          14.5
        ],
        "F3": [
          18.6,
          20.2
        ],
        "F4": [
          24.1,
          26.5
        ]
      }
    },
    "A": {
      "x_day0": 59,
      "x_day1": 368,
      "x_day2": 678,
      "day_w": 309.5,
      "x_day0_time": 59,
      "x_day1_time": 351,
      "x_day2_time": 643,
      "day_w_time": 292.0,
      "x_plot_end": 935,
      "x1_static": 936,
      "x1_dyn": 935,
      "x1_dyn_used": true,
      "pph": 12.166666666666666,
      "pph_source": "day_width (tick-mismatch-fallback)",
      "pph_tick": 19.0,
      "tick_pph_rel_err": 0.5616438356164384,
      "tick_pph_valid": false,
      "tick_count": 50,