{
  "saved_at_utc": "2026-05-29T06:32:57.864866+00:00",
  "source": "tomsk_sos70_param_charts",
  "freq_max_hz": 40.0,
  "values": {
    "scale_ranges": {
      "F": {
        "F1": [
          7.2,
          8.4
        ],
        "F2": [
          13.1,
          14.5
        ],
        "F3": [
          18.6,
          20.2
        ],
        "F4": [
          24.1,
          26.5
        ]
      },
      "A": {
        "A1": [
          1.0,
          45.0
        ],
        "A2": [
          1.0,
          61.5
        ],
        "A3": [
          2.2,
          12.2
        ],
        "A4": [
          1.1,
          10.2
        ]
      },
      "Q": {
        "Q1": [
          4.0,
          38.0
        ],
        "Q2": [
          5.0,
          17.5
        ],
        "Q3": [
          7.0,
          23.0
        ],
        "Q4": [
          5.0,
          30.0
        ]
      }
    },
    "scale_units": {
      "F_hz": "Hz",
      "A_value": "idx",
      "Q_value": "idx"
    },
    "F_norm": {
      "F1": 0.04529616724738676,
      "F2": 0.3693379790940767,
      "F3": 0.5609756097560976,
      "F4": 0.6794425087108014
    },
    "F_y_px": {
      "F1": 48,
      "F2": 141,
      "F3": 196,
      "F4": 230
    },
    "F_lane_norm": {
      "F1": 0.12280701754385964,
      "F2": 0.7115384615384616,
      "F3": 0.8260869565217391,
      "F4": 0.5
    },
    "F_hz": {
      "F1": 8.25263157894737,
      "F2": 13.503846153846153,
      "F3": 18.878260869565217,
      "F4": 25.3
    },
    "A_norm": {
      "A1": 0.2578397212543554,
      "A2": 0.49477351916376305,
      "A3": 0.6655052264808362,
      "A4": 0.8815331010452961
    },
    "A_y_px": {
      "A1": 109,
      "A2": 177,
      "A3": 226,
      "A4": 288
    },
    "A_lane_norm": {
      "A1": 0.7831325301204819,
      "A2": 0.8673469387755102,
      "A3": 0.7216494845360825,
      "A4": 0.6373626373626373
    },
    "A_value": {
      "A1": 10.5421686746988,
      "A2": 9.025510204081634,
      "A3": 4.983505154639174,
      "A4": 4.4
    },
    "Q_norm": {
      "Q1": 0.1986062717770035,
      "Q2": 0.5261324041811847,
      "Q3": 0.6898954703832753,
      "Q4": 0.89198606271777
    },
    "Q_y_px": {
      "Q1": 92,
      "Q2": 186,
      "Q3": 233,
      "Q4": 291
    },
    "Q_lane_norm": {
      "Q1": 0.48314606741573035,
      "Q2": 0.845360824742268,
      "Q3": 0.7475728155339806,
      "Q4": 0.6470588235294118
    },
    "Q_value": {
      "Q1": 21.573033707865168,
      "Q2": 6.93298969072165,
      "Q3": 11.03883495145631,
      "Q4": 13.823529411764707
    }
  },
  "debug": {
    "F": {
      "x_day0": 59,
      "x_day1": 380,
      "x_day2": 701,
      "day_w": 321.0,
      "x_day0_time": 59,
      "x_day1_time": 351,
      "x_day2_time": 643,
      "day_w_time": 292.0,
      "x_plot_end": 935,
      "x1_static": 936,
      "x1_dyn": 935,
      "x1_dyn_used": true,
      "pph": 12.166666666666666,
      "pph_source": "day_width (tick-mismatch-fallback)",
      "pph_tick": 19.0,
      "tick_pph_rel_err": 0.5616438356164384,
      "tick_pph_valid": false,
      "tick_count": 50,
      "tick_quality": 0.6944444444444444,
      "tick_used": false,
      "x_frontier": 807,
      "frontier_method": "activity_scan",
      "frontier_activity_thr": 0.510004985332489,
      "frontier_activity_right_tail": 0.12952813506126404,
      "frontier_activity_run_px": 8,
      "guard_px": 4,
      "left_guard": 645,
      "right_guard": 803,
      "x_time": 808,
      "x_ideal": 808,
      "x_now": 808,
      "x_now_method": "ideal",
      "hour_now_tsst": 13.549166666666666,
      "rollover_hour_min": 3.0,
      "rollover_hour_max": 8.5,
      "delta_min_to_guard": -24.657534246575345,
      "delta_min_to_frontier": -4.931506849315069,
      "frontier_day_fill": 0.5616438356164384,
      "rollover_candidate": false,
      "bias_minutes_applied": 0.0,
      "measured_bias_minutes": null,
      "age_hours": null,
      "status": "ok",
      "x_pick": 807,
      "x_pick_edge": 808,
      "x_pick_safe_right": 923,
      "x_overlay": 808,
      "f1_path_x_range": [
        794,
        808
      ],
      "f1_path_target_col": 13,
      "f1_path_y_px": 50,
      "f4_path_x_range": [
        794,
        808
      ],
      "f4_path_target_col": 13,
      "f4_path_y_px": 230,
      "f1_path2_x_range": [
        798,
        808
      ],
      "f1_path2_target_col": 9,
      "f1_path2_y_px": 50,
      "f1_path2_y_direct_px": 70,
      "f1_path2_direct_used": false,
      "f1_path2_direct_allowed": false,
      "f1_path2_left_weight": 0.35,
      "f1_path2_right_weight": 1.0,
      "f2_path2_x_range": [
        798,
        808
      ],
      "f2_path2_target_col": 9,
      "f2_path2_y_px": 132,
      "f2_path2_y_direct_px": 144,
      "f2_path2_direct_used": false,
      "f2_path2_direct_allowed": false,
      "f2_path2_left_weight": 0.4,
      "f2_path2_right_weight": 1.0,
      "f4_path2_x_range": [
        798,
        808
      ],
      "f4_path2_target_col": 9,
      "f4_path2_y_px": 230,
      "f4_path2_y_direct_px": 231,
      "f4_path2_direct_used": false,
      "f4_path2_direct_allowed": false,
      "f4_path2_left_weight": 0.4,
      "f4_path2_right_weight": 1.0,
      "f1_local_snap_x": 808,
      "f1_local_snap_y_px": 48,
      "f1_local_snap_search_px": 8,
      "f1_local_snap_search_up_px": 4,
      "f1_local_snap_search_down_px": 12,
      "f1_local_snap_prefer_lower_weight": 0.02,
      "f3_local_snap_x": 808,
      "f3_local_snap_y_px": 196,
      "f3_local_snap_search_px": 6,
      "f3_local_snap_search_up_px": 6,
      "f3_local_snap_search_down_px": 6,
      "f3_local_snap_prefer_lower_weight": 0.0,
      "f4_local_snap_x": 808,
      "f4_local_snap_y_px": 229,
      "f4_local_snap_search_px": 8,
      "f4_local_snap_search_up_px": 6,
      "f4_local_snap_search_down_px": 14,
      "f4_local_snap_prefer_lower_weight": 0.05,
      "f2_local_snap_x": 808,
      "f2_local_snap_y_px": 131,
      "f2_local_snap_search_px": 8,
      "f2_local_snap_search_up_px": 14,
      "f2_local_snap_search_down_px": 2,
      "f2_local_snap_prefer_lower_weight": 0.0,
      "f2_consensus_x_range": [
        802,
        808
      ],
      "f2_consensus_y_px": 141,
      "f2_consensus_anchor_y_px": 131,
      "f2_consensus_seed_y_px": 138,
      "f2_consensus_support_cols": 5,
      "f2_consensus_support_ratio": 0.7996301914567044,
      "f2_consensus_jump_px": 10,
      "f2_consensus_tol_px": 5,
      "f2_consensus_reason": "accepted",
      "f2_consensus_applied": true,
      "f3_consensus_x_range": [
        802,
        808
      ],
      "f3_consensus_y_px": 196,
      "f3_consensus_anchor_y_px": 196,
      "f3_consensus_seed_y_px": 198,
      "f3_consensus_support_cols": 5,
      "f3_consensus_support_ratio": 0.7376484707096311,
      "f3_consensus_jump_px": 0,
      "f3_consensus_tol_px": 5,
      "f3_consensus_reason": "accepted",
      "f3_consensus_applied": true,
      "f4_consensus_x_range": [
        802,
        808
      ],
      "f4_consensus_y_px": 230,
      "f4_consensus_anchor_y_px": 229,
      "f4_consensus_seed_y_px": 231,
      "f4_consensus_support_cols": 5,
      "f4_consensus_support_ratio": 0.770884744141559,
      "f4_consensus_jump_px": 1,
      "f4_consensus_tol_px": 6,
      "f4_consensus_reason": "accepted",
      "f4_consensus_applied": true,
      "scale_ranges": {
        "F1": [
          7.2,
          8.4
        ],
        "F2": [
          13.1,
          14.5
        ],
        "F3": [
          18.6,
          20.2
        ],
        "F4": [
          24.1,
          26.5
        ]
      }
    },
    "A": {
      "x_day0": 59,
      "x_day1": 372,
      "x_day2": 684,
      "day_w": 312.5,
      "x_day0_time": 59,
      "x_day1_time": 351,
      "x_day2_time": 643,
      "day_w_time": 292.0,
      "x_plot_end": 935,
      "x1_static": 936,
      "x1_dyn": 935,
      "x1_dyn_used": true,
      "pph": 12.166666666666666,