{
  "saved_at_utc": "2026-06-19T19:39:40.815866+00:00",
  "source": "tomsk_sos70_param_charts",
  "freq_max_hz": 40.0,
  "values": {
    "scale_ranges": {
      "F": {
        "F1": [
          7.2,
          8.4
        ],
        "F2": [
          13.1,
          14.5
        ],
        "F3": [
          18.6,
          20.2
        ],
        "F4": [
          24.1,
          26.5
        ]
      },
      "A": {
        "A1": [
          1.0,
          45.0
        ],
        "A2": [
          1.0,
          61.5
        ],
        "A3": [
          2.2,
          12.2
        ],
        "A4": [
          1.1,
          10.2
        ]
      },
      "Q": {
        "Q1": [
          4.0,
          38.0
        ],
        "Q2": [
          5.0,
          17.5
        ],
        "Q3": [
          7.0,
          23.0
        ],
        "Q4": [
          5.0,
          30.0
        ]
      }
    },
    "scale_units": {
      "F_hz": "Hz",
      "A_value": "idx",
      "Q_value": "idx"
    },
    "F_norm": {
      "F1": 0.1602787456445993,
      "F2": 0.37630662020905925,
      "F3": 0.49825783972125437,
      "F4": 0.6550522648083623
    },
    "F_y_px": {
      "F1": 81,
      "F2": 143,
      "F3": 178,
      "F4": 223
    },
    "F_lane_norm": {
      "F1": 0.7017543859649122,
      "F2": 0.75,
      "F3": 0.43478260869565216,
      "F4": 0.34782608695652173
    },
    "F_hz": {
      "F1": 7.557894736842106,
      "F2": 13.45,
      "F3": 19.504347826086956,
      "F4": 25.66521739130435
    },
    "A_norm": {
      "A1": 0.2961672473867596,
      "A2": 0.47038327526132406,
      "A3": 0.710801393728223,
      "A4": 0.9407665505226481
    },
    "A_y_px": {
      "A1": 120,
      "A2": 170,
      "A3": 239,
      "A4": 305
    },
    "A_lane_norm": {
      "A1": 0.9156626506024096,
      "A2": 0.7959183673469388,
      "A3": 0.8556701030927835,
      "A4": 0.8241758241758241
    },
    "A_value": {
      "A1": 4.710843373493979,
      "A2": 13.346938775510203,
      "A3": 3.6432989690721644,
      "A4": 2.7
    },
    "Q_norm": {
      "Q1": 0.289198606271777,
      "Q2": 0.3693379790940767,
      "Q3": 0.6480836236933798,
      "Q4": 0.926829268292683
    },
    "Q_y_px": {
      "Q1": 118,
      "Q2": 141,
      "Q3": 221,
      "Q4": 301
    },
    "Q_lane_norm": {
      "Q1": 0.7752808988764045,
      "Q2": 0.38144329896907214,
      "Q3": 0.6310679611650486,
      "Q4": 0.7647058823529411
    },
    "Q_value": {
      "Q1": 11.640449438202246,
      "Q2": 12.731958762886599,
      "Q3": 12.902912621359222,
      "Q4": 10.882352941176471
    }
  },
  "debug": {
    "F": {
      "x_day0": 59,
      "x_day1": 392,
      "x_day2": 726,
      "day_w": 333.5,
      "x_day0_time": 59,
      "x_day1_time": 351,
      "x_day2_time": 643,
      "day_w_time": 292.0,
      "x_plot_end": 935,
      "x1_static": 936,
      "x1_dyn": 935,
      "x1_dyn_used": true,
      "pph": 12.166666666666666,
      "pph_source": "day_width (tick-mismatch-fallback)",
      "pph_tick": 19.0,
      "tick_pph_rel_err": 0.5616438356164384,
      "tick_pph_valid": false,
      "tick_count": 50,
      "tick_quality": 0.6944444444444444,
      "tick_used": false,
      "x_frontier": 677,
      "frontier_method": "activity_scan",
      "frontier_activity_thr": 0.4970290869474411,
      "frontier_activity_right_tail": 0.1892407089471817,
      "frontier_activity_run_px": 8,
      "guard_px": 4,
      "left_guard": 645,
      "right_guard": 673,
      "x_time": 675,
      "x_ideal": 675,
      "x_now": 675,
      "x_now_method": "ideal",
      "hour_now_tsst": 2.661111111111111,
      "rollover_hour_min": 3.0,
      "rollover_hour_max": 8.5,
      "delta_min_to_guard": -9.863013698630137,
      "delta_min_to_frontier": 9.863013698630137,
      "frontier_day_fill": 0.11643835616438356,
      "rollover_candidate": false,
      "bias_minutes_applied": 0.0,
      "measured_bias_minutes": null,
      "age_hours": null,
      "status": "ok",
      "x_pick": 674,
      "x_pick_edge": 675,
      "x_pick_safe_right": 923,
      "x_overlay": 675,
      "f1_path_x_range": [
        661,
        675
      ],
      "f1_path_target_col": 13,
      "f1_path_y_px": 80,
      "f4_path_x_range": [
        661,
        675
      ],
      "f4_path_target_col": 13,
      "f4_path_y_px": 223,
      "f1_path2_x_range": [
        665,
        675
      ],
      "f1_path2_target_col": 9,
      "f1_path2_y_px": 79,
      "f1_path2_y_direct_px": 44,
      "f1_path2_direct_used": false,
      "f1_path2_direct_allowed": false,
      "f1_path2_left_weight": 0.35,
      "f1_path2_right_weight": 1.0,
      "f2_path2_x_range": [
        665,
        675
      ],
      "f2_path2_target_col": 9,
      "f2_path2_y_px": 157,
      "f2_path2_y_direct_px": 141,
      "f2_path2_direct_used": false,
      "f2_path2_direct_allowed": false,
      "f2_path2_left_weight": 0.4,
      "f2_path2_right_weight": 1.0,
      "f4_path2_x_range": [
        665,
        675
      ],
      "f4_path2_target_col": 9,
      "f4_path2_y_px": 223,
      "f4_path2_y_direct_px": 222,
      "f4_path2_direct_used": false,
      "f4_path2_direct_allowed": false,
      "f4_path2_left_weight": 0.4,
      "f4_path2_right_weight": 1.0,
      "f1_local_snap_x": 675,
      "f1_local_snap_y_px": 81,
      "f1_local_snap_search_px": 8,
      "f1_local_snap_search_up_px": 4,
      "f1_local_snap_search_down_px": 12,
      "f1_local_snap_prefer_lower_weight": 0.02,
      "f3_local_snap_x": 675,
      "f3_local_snap_y_px": 178,
      "f3_local_snap_search_px": 6,
      "f3_local_snap_search_up_px": 6,
      "f3_local_snap_search_down_px": 6,
      "f3_local_snap_prefer_lower_weight": 0.0,
      "f4_local_snap_x": 675,
      "f4_local_snap_y_px": 231,
      "f4_local_snap_search_px": 8,
      "f4_local_snap_search_up_px": 6,
      "f4_local_snap_search_down_px": 14,
      "f4_local_snap_prefer_lower_weight": 0.05,
      "f2_local_snap_x": 675,
      "f2_local_snap_y_px": 143,
      "f2_local_snap_search_px": 8,
      "f2_local_snap_search_up_px": 14,
      "f2_local_snap_search_down_px": 2,
      "f2_local_snap_prefer_lower_weight": 0.0,
      "f2_consensus_applied": false,
      "f2_consensus_support_cols": 2,
      "f2_consensus_anchor_y_px": 143,
      "f2_consensus_seed_y_px": 142,
      "f2_consensus_reason": "insufficient_inliers",
      "f3_consensus_x_range": [
        669,
        675
      ],
      "f3_consensus_y_px": 178,
      "f3_consensus_anchor_y_px": 178,
      "f3_consensus_seed_y_px": 177,
      "f3_consensus_support_cols": 7,
      "f3_consensus_support_ratio": 1.0,
      "f3_consensus_jump_px": 0,
      "f3_consensus_tol_px": 5,
      "f3_consensus_reason": "accepted",
      "f3_consensus_applied": true,
      "f4_consensus_x_range": [
        669,
        675
      ],
      "f4_consensus_y_px": 223,
      "f4_consensus_anchor_y_px": 231,
      "f4_consensus_seed_y_px": 228,
      "f4_consensus_support_cols": 7,
      "f4_consensus_support_ratio": 1.0,
      "f4_consensus_jump_px": 8,
      "f4_consensus_tol_px": 6,
      "f4_consensus_reason": "accepted",
      "f4_consensus_applied": true,
      "scale_ranges": {
        "F1": [
          7.2,
          8.4
        ],
        "F2": [
          13.1,
          14.5
        ],
        "F3": [
          18.6,
          20.2
        ],
        "F4": [
          24.1,
          26.5
        ]
      }
    },
    "A": {
      "x_day0": 59,
      "x_day1": 372,
      "x_day2": 684,
      "day_w": 312.5,
      "x_day0_time": 59,
      "x_day1_time": 351,
      "x_day2_time": 643,
      "day_w_time": 292.0,
      "x_plot_end": 935,
      "x1_static": 936,
      "x1_dyn": 935,
      "x1_dyn_used": true,
      "pph": 12.166666666666666,
      "pph_source": "day_width (tick-mismatch-fallback)",
      "pph_tick": 19.0,
      "tick_pph_rel_err": 0.5616438356164384,
      "tick_pph_valid": false,
      "tick_count": 50,
      "tick_quality": 0.6944444444444444,
      "tick_used": false,