{
  "saved_at_utc": "2026-03-19T10:20:30.024958+00:00",
  "source": "tomsk_sos70_param_charts",
  "freq_max_hz": 40.0,
  "values": {
    "scale_ranges": {
      "F": {
        "F1": [
          7.2,
          8.4
        ],
        "F2": [
          13.1,
          14.5
        ],
        "F3": [
          18.6,
          20.2
        ],
        "F4": [
          24.1,
          26.5
        ]
      },
      "A": {
        "A1": [
          1.0,
          45.0
        ],
        "A2": [
          1.0,
          61.5
        ],
        "A3": [
          2.2,
          12.2
        ],
        "A4": [
          1.1,
          10.2
        ]
      },
      "Q": {
        "Q1": [
          4.0,
          38.0
        ],
        "Q2": [
          5.0,
          17.5
        ],
        "Q3": [
          7.0,
          23.0
        ],
        "Q4": [
          5.0,
          30.0
        ]
      }
    },
    "scale_units": {
      "F_hz": "Hz",
      "A_value": "idx",
      "Q_value": "idx"
    },
    "F_norm": {
      "F1": 0.1986062717770035,
      "F2": 0.32752613240418116,
      "F3": 0.4529616724738676,
      "F4": 0.6829268292682927
    },
    "F_y_px": {
      "F1": 92,
      "F2": 129,
      "F3": 165,
      "F4": 231
    },
    "F_lane_norm": {
      "F1": 0.8947368421052632,
      "F2": 0.4807692307692308,
      "F3": 0.15217391304347827,
      "F4": 0.5217391304347826
    },
    "F_hz": {
      "F1": 7.326315789473684,
      "F2": 13.826923076923077,
      "F3": 19.956521739130434,
      "F4": 25.247826086956522
    },
    "A_norm": {
      "A1": 0.31010452961672474,
      "A2": 0.5296167247386759,
      "A3": 0.735191637630662,
      "A4": 0.9512195121951219
    },
    "A_y_px": {
      "A1": 124,
      "A2": 187,
      "A3": 246,
      "A4": 308
    },
    "A_lane_norm": {
      "A1": 0.963855421686747,
      "A2": 0.9693877551020408,
      "A3": 0.9278350515463918,
      "A4": 0.8571428571428571
    },
    "A_value": {
      "A1": 2.590361445783131,
      "A2": 2.852040816326536,
      "A3": 2.921649484536081,
      "A4": 2.4000000000000004
    },
    "Q_norm": {
      "Q1": 0.25435540069686413,
      "Q2": 0.3344947735191638,
      "Q3": 0.710801393728223,
      "Q4": 0.9233449477351916
    },
    "Q_y_px": {
      "Q1": 108,
      "Q2": 131,
      "Q3": 239,
      "Q4": 300
    },
    "Q_lane_norm": {
      "Q1": 0.6629213483146067,
      "Q2": 0.27835051546391754,
      "Q3": 0.8058252427184466,
      "Q4": 0.7529411764705882
    },
    "Q_value": {
      "Q1": 15.460674157303373,
      "Q2": 14.02061855670103,
      "Q3": 10.106796116504855,
      "Q4": 11.176470588235293
    }
  },
  "debug": {
    "F": {
      "x_day0": 59,
      "x_day1": 362,
      "x_day2": 666,
      "day_w": 303.5,
      "x_day0_time": 59,
      "x_day1_time": 351,
      "x_day2_time": 643,
      "day_w_time": 292.0,
      "x_plot_end": 935,
      "x1_static": 936,
      "x1_dyn": 935,
      "x1_dyn_used": true,
      "pph": 12.166666666666666,
      "pph_source": "day_width (tick-mismatch-fallback)",
      "pph_tick": 19.0,
      "tick_pph_rel_err": 0.5616438356164384,
      "tick_pph_valid": false,
      "tick_count": 50,
      "tick_quality": 0.6944444444444444,
      "tick_used": false,
      "x_frontier": 847,
      "frontier_method": "activity_scan",
      "frontier_activity_thr": 0.40879518687725064,
      "frontier_activity_right_tail": 0.07804878056049347,
      "frontier_activity_run_px": 8,
      "guard_px": 4,
      "left_guard": 645,
      "right_guard": 843,
      "x_time": 854,
      "x_ideal": 854,
      "x_now": 854,
      "x_now_method": "ideal",
      "hour_now_tsst": 17.341388888888886,
      "rollover_hour_min": 3.0,
      "rollover_hour_max": 8.5,
      "delta_min_to_guard": -54.24657534246576,
      "delta_min_to_frontier": -34.520547945205486,
      "frontier_day_fill": 0.6986301369863014,
      "rollover_candidate": false,
      "bias_minutes_applied": 0.0,
      "measured_bias_minutes": null,
      "age_hours": null,
      "status": "ok",
      "x_pick": 853,
      "x_pick_edge": 854,
      "x_pick_safe_right": 923,
      "x_overlay": 854,
      "f1_path_x_range": [
        840,
        854
      ],
      "f1_path_target_col": 13,
      "f1_path_y_px": 70,
      "f4_path_x_range": [
        840,
        854
      ],
      "f4_path_target_col": 13,
      "f4_path_y_px": 230,
      "f1_path2_x_range": [
        844,
        854
      ],
      "f1_path2_target_col": 9,
      "f1_path2_y_px": 90,
      "f1_path2_y_direct_px": 45,
      "f1_path2_direct_used": false,
      "f1_path2_direct_allowed": false,
      "f1_path2_left_weight": 0.35,
      "f1_path2_right_weight": 1.0,
      "f2_path2_x_range": [
        844,
        854
      ],
      "f2_path2_target_col": 9,
      "f2_path2_y_px": 127,
      "f2_path2_y_direct_px": 118,
      "f2_path2_direct_used": false,
      "f2_path2_direct_allowed": false,
      "f2_path2_left_weight": 0.4,
      "f2_path2_right_weight": 1.0,
      "f4_path2_x_range": [
        844,
        854
      ],
      "f4_path2_target_col": 9,
      "f4_path2_y_px": 230,
      "f4_path2_y_direct_px": 230,
      "f4_path2_direct_used": false,
      "f4_path2_direct_allowed": false,
      "f4_path2_left_weight": 0.4,
      "f4_path2_right_weight": 1.0,
      "f1_local_snap_x": 854,
      "f1_local_snap_y_px": 92,
      "f1_local_snap_search_px": 8,
      "f1_local_snap_search_up_px": 4,
      "f1_local_snap_search_down_px": 12,
      "f1_local_snap_prefer_lower_weight": 0.02,
      "f3_local_snap_x": 854,
      "f3_local_snap_y_px": 165,
      "f3_local_snap_search_px": 6,
      "f3_local_snap_search_up_px": 6,
      "f3_local_snap_search_down_px": 6,
      "f3_local_snap_prefer_lower_weight": 0.0,
      "f4_local_snap_x": 854,
      "f4_local_snap_y_px": 232,
      "f4_local_snap_search_px": 8,
      "f4_local_snap_search_up_px": 6,
      "f4_local_snap_search_down_px": 14,
      "f4_local_snap_prefer_lower_weight": 0.05,
      "f2_local_snap_x": 854,
      "f2_local_snap_y_px": 129,
      "f2_local_snap_search_px": 8,
      "f2_local_snap_search_up_px": 14,
      "f2_local_snap_search_down_px": 2,
      "f2_local_snap_prefer_lower_weight": 0.0,
      "f2_consensus_applied": false,
      "f2_consensus_x_range": [
        848,
        854
      ],
      "f2_consensus_y_px": 128,
      "f2_consensus_anchor_y_px": 129,
      "f2_consensus_seed_y_px": 125,
      "f2_consensus_support_cols": 4,
      "f2_consensus_support_ratio": 0.48852610157295284,
      "f2_consensus_jump_px": 1,
      "f2_consensus_tol_px": 5,
      "f2_consensus_reason": "low_support",
      "f3_consensus_applied": false,
      "f3_consensus_x_range": [
        848,
        854
      ],
      "f3_consensus_y_px": 165,
      "f3_consensus_anchor_y_px": 165,
      "f3_consensus_seed_y_px": 164,
      "f3_consensus_support_cols": 3,
      "f3_consensus_support_ratio": 0.4926466513725882,
      "f3_consensus_jump_px": 0,
      "f3_consensus_tol_px": 5,
      "f3_consensus_reason": "low_support",
      "f4_consensus_x_range": [
        848,
        854
      ],
      "f4_consensus_y_px": 231,
      "f4_consensus_anchor_y_px": 232,
      "f4_consensus_seed_y_px": 231,
      "f4_consensus_support_cols": 7,
      "f4_consensus_support_ratio": 1.0,
      "f4_consensus_jump_px": 1,
      "f4_consensus_tol_px": 6,
      "f4_consensus_reason": "accepted",
      "f4_consensus_applied": true,
      "scale_ranges": {
        "F1": [
          7.2,
          8.4
        ],
        "F2": [
          13.1,
          14.5
        ],
        "F3": [
          18.6,
          20.2
        ],
        "F4": [
          24.1,
          26.5
        ]
      }
    },
    "A": {
      "x_day0": 59,
      "x_day1": 392,
      "x_day2": 726,
      "day_w": 333.5,
      "x_day0_time": 59,
      "x_day1_time": 351,
      "x_day2_time": 644,
      "day_w_time": 292.3333333333333,
      "x_plot_end": 936,
      "x1_static": 936,
      "x1_dyn": 977,
      "x1_dyn_used": false,