{
  "saved_at_utc": "2026-05-05T21:10:29.487181+00:00",
  "source": "tomsk_sos70_param_charts",
  "freq_max_hz": 40.0,
  "values": {
    "scale_ranges": {
      "F": {
        "F1": [
          7.2,
          8.4
        ],
        "F2": [
          13.1,
          14.5
        ],
        "F3": [
          18.6,
          20.2
        ],
        "F4": [
          24.1,
          26.5
        ]
      },
      "A": {
        "A1": [
          1.0,
          45.0
        ],
        "A2": [
          1.0,
          61.5
        ],
        "A3": [
          2.2,
          12.2
        ],
        "A4": [
          1.1,
          10.2
        ]
      },
      "Q": {
        "Q1": [
          4.0,
          38.0
        ],
        "Q2": [
          5.0,
          17.5
        ],
        "Q3": [
          7.0,
          23.0
        ],
        "Q4": [
          5.0,
          30.0
        ]
      }
    },
    "scale_units": {
      "F_hz": "Hz",
      "A_value": "idx",
      "Q_value": "idx"
    },
    "F_norm": {
      "F1": 0.1951219512195122,
      "F2": 0.4250871080139373,
      "F3": 0.519163763066202,
      "F4": 0.7491289198606271
    },
    "F_y_px": {
      "F1": 91,
      "F2": 157,
      "F3": 184,
      "F4": 250
    },
    "F_lane_norm": {
      "F1": 0.8771929824561403,
      "F2": 1.0,
      "F3": 0.5652173913043478,
      "F4": 0.9347826086956522
    },
    "F_hz": {
      "F1": 7.347368421052632,
      "F2": 13.1,
      "F3": 19.295652173913044,
      "F4": 24.256521739130434
    },
    "A_norm": {
      "A1": 0.2682926829268293,
      "A2": 0.4912891986062718,
      "A3": 0.6968641114982579,
      "A4": 0.9024390243902439
    },
    "A_y_px": {
      "A1": 112,
      "A2": 176,
      "A3": 235,
      "A4": 294
    },
    "A_lane_norm": {
      "A1": 0.8192771084337349,
      "A2": 0.8571428571428571,
      "A3": 0.8144329896907216,
      "A4": 0.7032967032967034
    },
    "A_value": {
      "A1": 8.951807228915662,
      "A2": 9.642857142857146,
      "A3": 4.055670103092783,
      "A4": 3.799999999999999
    },
    "Q_norm": {
      "Q1": 0.11498257839721254,
      "Q2": 0.5261324041811847,
      "Q3": 0.7177700348432056,
      "Q4": 0.7560975609756098
    },
    "Q_y_px": {
      "Q1": 68,
      "Q2": 186,
      "Q3": 241,
      "Q4": 252
    },
    "Q_lane_norm": {
      "Q1": 0.21348314606741572,
      "Q2": 0.845360824742268,
      "Q3": 0.8252427184466019,
      "Q4": 0.18823529411764706
    },
    "Q_value": {
      "Q1": 30.741573033707866,
      "Q2": 6.93298969072165,
      "Q3": 9.79611650485437,
      "Q4": 25.294117647058822
    }
  },
  "debug": {
    "F": {
      "x_day0": 59,
      "x_day1": 392,
      "x_day2": 726,
      "day_w": 333.5,
      "x_day0_time": 59,
      "x_day1_time": 351,
      "x_day2_time": 643,
      "day_w_time": 292.0,
      "x_plot_end": 935,
      "x1_static": 936,
      "x1_dyn": 935,
      "x1_dyn_used": true,
      "pph": 12.166666666666666,
      "pph_source": "day_width (tick-mismatch-fallback)",
      "pph_tick": 19.0,
      "tick_pph_rel_err": 0.5616438356164384,
      "tick_pph_valid": false,
      "tick_count": 50,
      "tick_quality": 0.6944444444444444,
      "tick_used": false,
      "x_frontier": 697,
      "frontier_method": "activity_scan",
      "frontier_activity_thr": 0.4783048570156097,
      "frontier_activity_right_tail": 0.17951853573322296,
      "frontier_activity_run_px": 8,
      "guard_px": 4,
      "left_guard": 645,
      "right_guard": 693,
      "x_time": 694,
      "x_ideal": 694,
      "x_now": 694,
      "x_now_method": "harmonized_prefer_non_rollover",
      "hour_now_tsst": 4.174722222222223,
      "rollover_hour_min": 3.0,
      "rollover_hour_max": 8.5,
      "delta_min_to_guard": -4.931506849315069,
      "delta_min_to_frontier": 14.794520547945206,
      "frontier_day_fill": 0.18493150684931506,
      "rollover_candidate": false,
      "bias_minutes_applied": 0.0,
      "measured_bias_minutes": null,
      "age_hours": null,
      "status": "ok",
      "x_now_before_harmonize": 694,
      "x_pick": 693,
      "x_pick_edge": 694,
      "x_pick_safe_right": 923,
      "x_overlay": 694,
      "f1_path_x_range": [
        680,
        694
      ],
      "f1_path_target_col": 13,
      "f1_path_y_px": 45,
      "f4_path_x_range": [
        680,
        694
      ],
      "f4_path_target_col": 13,
      "f4_path_y_px": 251,
      "f1_path2_x_range": [
        684,
        694
      ],
      "f1_path2_target_col": 9,
      "f1_path2_y_px": 89,
      "f1_path2_y_direct_px": 50,
      "f1_path2_direct_used": false,
      "f1_path2_direct_allowed": false,
      "f1_path2_left_weight": 0.35,
      "f1_path2_right_weight": 1.0,
      "f2_path2_x_range": [
        684,
        694
      ],
      "f2_path2_target_col": 9,
      "f2_path2_y_px": 156,
      "f2_path2_y_direct_px": 144,
      "f2_path2_direct_used": false,
      "f2_path2_direct_allowed": false,
      "f2_path2_left_weight": 0.4,
      "f2_path2_right_weight": 1.0,
      "f4_path2_x_range": [
        684,
        694
      ],
      "f4_path2_target_col": 9,
      "f4_path2_y_px": 251,
      "f4_path2_y_direct_px": 250,
      "f4_path2_direct_used": false,
      "f4_path2_direct_allowed": false,
      "f4_path2_left_weight": 0.4,
      "f4_path2_right_weight": 1.0,
      "f1_local_snap_x": 694,
      "f1_local_snap_y_px": 91,
      "f1_local_snap_search_px": 8,
      "f1_local_snap_search_up_px": 4,
      "f1_local_snap_search_down_px": 12,
      "f1_local_snap_prefer_lower_weight": 0.02,
      "f3_local_snap_x": 694,
      "f3_local_snap_y_px": 184,
      "f3_local_snap_search_px": 6,
      "f3_local_snap_search_up_px": 6,
      "f3_local_snap_search_down_px": 6,
      "f3_local_snap_prefer_lower_weight": 0.0,
      "f4_local_snap_x": 694,
      "f4_local_snap_y_px": 251,
      "f4_local_snap_search_px": 8,
      "f4_local_snap_search_up_px": 6,
      "f4_local_snap_search_down_px": 14,
      "f4_local_snap_prefer_lower_weight": 0.05,
      "f2_local_snap_x": 694,
      "f2_local_snap_y_px": 158,
      "f2_local_snap_search_px": 8,
      "f2_local_snap_search_up_px": 14,
      "f2_local_snap_search_down_px": 2,
      "f2_local_snap_prefer_lower_weight": 0.0,
      "f2_consensus_x_range": [
        688,
        694
      ],
      "f2_consensus_y_px": 157,
      "f2_consensus_anchor_y_px": 158,
      "f2_consensus_seed_y_px": 155,
      "f2_consensus_support_cols": 7,
      "f2_consensus_support_ratio": 1.0,
      "f2_consensus_jump_px": 1,
      "f2_consensus_tol_px": 5,
      "f2_consensus_reason": "accepted",
      "f2_consensus_applied": true,
      "f3_consensus_x_range": [
        688,
        694
      ],
      "f3_consensus_y_px": 184,
      "f3_consensus_anchor_y_px": 184,
      "f3_consensus_seed_y_px": 179,
      "f3_consensus_support_cols": 7,
      "f3_consensus_support_ratio": 1.0,
      "f3_consensus_jump_px": 0,
      "f3_consensus_tol_px": 5,
      "f3_consensus_reason": "accepted",
      "f3_consensus_applied": true,
      "f4_consensus_x_range": [
        688,
        694
      ],
      "f4_consensus_y_px": 250,
      "f4_consensus_anchor_y_px": 251,
      "f4_consensus_seed_y_px": 250,
      "f4_consensus_support_cols": 5,
      "f4_consensus_support_ratio": 0.7204602889827729,
      "f4_consensus_jump_px": 1,
      "f4_consensus_tol_px": 6,
      "f4_consensus_reason": "accepted",
      "f4_consensus_applied": true,
      "scale_ranges": {
        "F1": [
          7.2,
          8.4
        ],
        "F2": [
          13.1,
          14.5
        ],
        "F3": [
          18.6,
          20.2
        ],
        "F4": [
          24.1,
          26.5
        ]
      }
    },
    "A": {
      "x_day0": 59,
      "x_day1": 392,
      "x_day2": 726,
      "day_w": 333.5,
      "x_day0_time": 59,
      "x_day1_time": 351,
      "x_day2_time": 644,
      "day_w_time": 292.3333333333333,
      "x_plot_end": 936,
      "x1_static": 936,
      "x1_dyn": 977,
      "x1_dyn_used": false,