{
  "saved_at_utc": "2026-05-17T14:16:26.691936+00:00",
  "source": "tomsk_sos70_param_charts",
  "freq_max_hz": 40.0,
  "values": {
    "scale_ranges": {
      "F": {
        "F1": [
          7.2,
          8.4
        ],
        "F2": [
          13.1,
          14.5
        ],
        "F3": [
          18.6,
          20.2
        ],
        "F4": [
          24.1,
          26.5
        ]
      },
      "A": {
        "A1": [
          1.0,
          45.0
        ],
        "A2": [
          1.0,
          61.5
        ],
        "A3": [
          2.2,
          12.2
        ],
        "A4": [
          1.1,
          10.2
        ]
      },
      "Q": {
        "Q1": [
          4.0,
          38.0
        ],
        "Q2": [
          5.0,
          17.5
        ],
        "Q3": [
          7.0,
          23.0
        ],
        "Q4": [
          5.0,
          30.0
        ]
      }
    },
    "scale_units": {
      "F_hz": "Hz",
      "A_value": "idx",
      "Q_value": "idx"
    },
    "F_norm": {
      "F1": 0.156794425087108,
      "F2": 0.40069686411149824,
      "F3": 0.4564459930313589,
      "F4": 0.7491289198606271
    },
    "F_y_px": {
      "F1": 80,
      "F2": 150,
      "F3": 166,
      "F4": 250
    },
    "F_lane_norm": {
      "F1": 0.6842105263157895,
      "F2": 0.8846153846153846,
      "F3": 0.17391304347826086,
      "F4": 0.9347826086956522
    },
    "F_hz": {
      "F1": 7.578947368421053,
      "F2": 13.26153846153846,
      "F3": 19.921739130434784,
      "F4": 24.256521739130434
    },
    "A_norm": {
      "A1": 0.313588850174216,
      "A2": 0.44947735191637633,
      "A3": 0.519163763066202,
      "A4": 0.9512195121951219
    },
    "A_y_px": {
      "A1": 125,
      "A2": 164,
      "A3": 184,
      "A4": 308
    },
    "A_lane_norm": {
      "A1": 0.9759036144578314,
      "A2": 0.7346938775510204,
      "A3": 0.28865979381443296,
      "A4": 0.8571428571428571
    },
    "A_value": {
      "A1": 2.0602409638554207,
      "A2": 17.05102040816326,
      "A3": 9.313402061855669,
      "A4": 2.4000000000000004
    },
    "Q_norm": {
      "Q1": 0.1986062717770035,
      "Q2": 0.46689895470383275,
      "Q3": 0.7212543554006968,
      "Q4": 0.9547038327526133
    },
    "Q_y_px": {
      "Q1": 92,
      "Q2": 169,
      "Q3": 242,
      "Q4": 309
    },
    "Q_lane_norm": {
      "Q1": 0.48314606741573035,
      "Q2": 0.6701030927835051,
      "Q3": 0.8349514563106796,
      "Q4": 0.8588235294117647
    },
    "Q_value": {
      "Q1": 21.573033707865168,
      "Q2": 9.123711340206187,
      "Q3": 9.640776699029127,
      "Q4": 8.529411764705884
    }
  },
  "debug": {
    "F": {
      "x_day0": 59,
      "x_day1": 359,
      "x_day2": 659,
      "day_w": 300.0,
      "x_day0_time": 59,
      "x_day1_time": 351,
      "x_day2_time": 643,
      "day_w_time": 292.0,
      "x_plot_end": 935,
      "x1_static": 936,
      "x1_dyn": 935,
      "x1_dyn_used": true,
      "pph": 12.166666666666666,
      "pph_source": "day_width (tick-mismatch-fallback)",
      "pph_tick": 19.0,
      "tick_pph_rel_err": 0.5616438356164384,
      "tick_pph_valid": false,
      "tick_count": 50,
      "tick_quality": 0.6944444444444444,
      "tick_used": false,
      "x_frontier": 897,
      "frontier_method": "activity_scan",
      "frontier_activity_thr": 0.41999744176864623,
      "frontier_activity_right_tail": 0.06852857023477554,
      "frontier_activity_run_px": 8,
      "guard_px": 4,
      "left_guard": 645,
      "right_guard": 893,
      "x_time": 902,
      "x_ideal": 902,
      "x_now": 902,
      "x_now_method": "ideal",
      "hour_now_tsst": 21.273888888888887,
      "rollover_hour_min": 3.0,
      "rollover_hour_max": 8.5,
      "delta_min_to_guard": -44.38356164383562,
      "delta_min_to_frontier": -24.657534246575345,
      "frontier_day_fill": 0.8698630136986302,
      "rollover_candidate": false,
      "bias_minutes_applied": 0.0,
      "measured_bias_minutes": null,
      "age_hours": null,
      "status": "ok",
      "x_pick": 901,
      "x_pick_edge": 902,
      "x_pick_safe_right": 923,
      "x_overlay": 902,
      "f1_path_x_range": [
        888,
        902
      ],
      "f1_path_target_col": 13,
      "f1_path_y_px": 78,
      "f4_path_x_range": [
        888,
        902
      ],
      "f4_path_target_col": 13,
      "f4_path_y_px": 251,
      "f1_path2_x_range": [
        892,
        902
      ],
      "f1_path2_target_col": 9,
      "f1_path2_y_px": 78,
      "f1_path2_y_direct_px": 79,
      "f1_path2_direct_used": false,
      "f1_path2_direct_allowed": false,
      "f1_path2_left_weight": 0.35,
      "f1_path2_right_weight": 1.0,
      "f2_path2_x_range": [
        892,
        902
      ],
      "f2_path2_target_col": 9,
      "f2_path2_y_px": 160,
      "f2_path2_y_direct_px": 153,
      "f2_path2_direct_used": false,
      "f2_path2_direct_allowed": false,
      "f2_path2_left_weight": 0.4,
      "f2_path2_right_weight": 1.0,
      "f4_path2_x_range": [
        892,
        902
      ],
      "f4_path2_target_col": 9,
      "f4_path2_y_px": 251,
      "f4_path2_y_direct_px": 230,
      "f4_path2_direct_used": false,
      "f4_path2_direct_allowed": false,
      "f4_path2_left_weight": 0.4,
      "f4_path2_right_weight": 1.0,
      "f1_local_snap_x": 902,
      "f1_local_snap_y_px": 80,
      "f1_local_snap_search_px": 8,
      "f1_local_snap_search_up_px": 4,
      "f1_local_snap_search_down_px": 12,
      "f1_local_snap_prefer_lower_weight": 0.02,
      "f3_local_snap_x": 902,
      "f3_local_snap_y_px": 166,
      "f3_local_snap_search_px": 6,
      "f3_local_snap_search_up_px": 6,
      "f3_local_snap_search_down_px": 6,
      "f3_local_snap_prefer_lower_weight": 0.0,
      "f4_local_snap_x": 902,
      "f4_local_snap_y_px": 250,
      "f4_local_snap_search_px": 8,
      "f4_local_snap_search_up_px": 6,
      "f4_local_snap_search_down_px": 14,
      "f4_local_snap_prefer_lower_weight": 0.05,
      "f2_local_snap_x": 902,
      "f2_local_snap_y_px": 150,
      "f2_local_snap_search_px": 8,
      "f2_local_snap_search_up_px": 14,
      "f2_local_snap_search_down_px": 2,
      "f2_local_snap_prefer_lower_weight": 0.0,
      "f2_consensus_applied": false,
      "f2_consensus_x_range": [
        896,
        902
      ],
      "f2_consensus_y_px": 110,
      "f2_consensus_anchor_y_px": 150,
      "f2_consensus_seed_y_px": 110,
      "f2_consensus_support_cols": 3,
      "f2_consensus_support_ratio": 0.4326961770623743,
      "f2_consensus_jump_px": 40,
      "f2_consensus_tol_px": 5,
      "f2_consensus_reason": "low_support",
      "f3_consensus_applied": false,
      "f3_consensus_x_range": [
        896,
        902
      ],
      "f3_consensus_y_px": 187,
      "f3_consensus_anchor_y_px": 166,
      "f3_consensus_seed_y_px": 190,
      "f3_consensus_support_cols": 4,
      "f3_consensus_support_ratio": 0.4841728116405711,
      "f3_consensus_jump_px": 21,
      "f3_consensus_tol_px": 5,
      "f3_consensus_reason": "low_support",
      "f4_consensus_applied": false,
      "f4_consensus_x_range": [
        896,
        902
      ],
      "f4_consensus_y_px": 230,
      "f4_consensus_anchor_y_px": 250,
      "f4_consensus_seed_y_px": 230,
      "f4_consensus_support_cols": 3,
      "f4_consensus_support_ratio": 0.5364074170199268,
      "f4_consensus_jump_px": 20,
      "f4_consensus_tol_px": 6,
      "f4_consensus_reason": "low_support",
      "scale_ranges": {
        "F1": [
          7.2,
          8.4
        ],
        "F2": [
          13.1,
          14.5
        ],
        "F3": [
          18.6,
          20.2
        ],
        "F4": [
          24.1,
          26.5
        ]
      }
    },
    "A": {
      "x_day0": 59,
      "x_day1": 372,
      "x_day2": 684,
      "day_w": 312.5,
      "x_day0_time": 59,
      "x_day1_time": 351,
      "x_day2_time": 644,
      "day_w_time": 292.3333333333333,
      "x_plot_end": 936,
      "x1_static": 936,
      "x1_dyn": 977,