{
  "saved_at_utc": "2026-03-18T21:47:07.923727+00:00",
  "source": "tomsk_sos70_param_charts",
  "freq_max_hz": 40.0,
  "values": {
    "scale_ranges": {
      "F": {
        "F1": [
          7.2,
          8.4
        ],
        "F2": [
          13.1,
          14.5
        ],
        "F3": [
          18.6,
          20.2
        ],
        "F4": [
          24.1,
          26.5
        ]
      },
      "A": {
        "A1": [
          1.0,
          45.0
        ],
        "A2": [
          1.0,
          61.5
        ],
        "A3": [
          2.2,
          12.2
        ],
        "A4": [
          1.1,
          10.2
        ]
      },
      "Q": {
        "Q1": [
          4.0,
          38.0
        ],
        "Q2": [
          5.0,
          17.5
        ],
        "Q3": [
          7.0,
          23.0
        ],
        "Q4": [
          5.0,
          30.0
        ]
      }
    },
    "scale_units": {
      "F_hz": "Hz",
      "A_value": "idx",
      "Q_value": "idx"
    },
    "F_norm": {
      "F1": 0.10452961672473868,
      "F2": 0.39372822299651566,
      "F3": 0.45993031358885017,
      "F4": 0.6759581881533101
    },
    "F_y_px": {
      "F1": 65,
      "F2": 148,
      "F3": 167,
      "F4": 229
    },
    "F_lane_norm": {
      "F1": 0.42105263157894735,
      "F2": 0.8461538461538461,
      "F3": 0.1956521739130435,
      "F4": 0.4782608695652174
    },
    "F_hz": {
      "F1": 7.894736842105264,
      "F2": 13.315384615384616,
      "F3": 19.88695652173913,
      "F4": 25.35217391304348
    },
    "A_norm": {
      "A1": 0.31010452961672474,
      "A2": 0.5121951219512195,
      "A3": 0.7282229965156795,
      "A4": 0.9442508710801394
    },
    "A_y_px": {
      "A1": 124,
      "A2": 182,
      "A3": 244,
      "A4": 306
    },
    "A_lane_norm": {
      "A1": 0.963855421686747,
      "A2": 0.9183673469387755,
      "A3": 0.9072164948453608,
      "A4": 0.8351648351648352
    },
    "A_value": {
      "A1": 2.590361445783131,
      "A2": 5.938775510204081,
      "A3": 3.1278350515463913,
      "A4": 2.5999999999999996
    },
    "Q_norm": {
      "Q1": 0.313588850174216,
      "Q2": 0.47735191637630664,
      "Q3": 0.710801393728223,
      "Q4": 0.8850174216027874
    },
    "Q_y_px": {
      "Q1": 125,
      "Q2": 172,
      "Q3": 239,
      "Q4": 289
    },
    "Q_lane_norm": {
      "Q1": 0.8539325842696629,
      "Q2": 0.7010309278350515,
      "Q3": 0.8058252427184466,
      "Q4": 0.6235294117647059
    },
    "Q_value": {
      "Q1": 8.966292134831463,
      "Q2": 8.737113402061857,
      "Q3": 10.106796116504855,
      "Q4": 14.411764705882353
    }
  },
  "debug": {
    "F": {
      "x_day0": 59,
      "x_day1": 392,
      "x_day2": 726,
      "day_w": 333.5,
      "x_day0_time": 59,
      "x_day1_time": 351,
      "x_day2_time": 643,
      "day_w_time": 292.0,
      "x_plot_end": 935,
      "x1_static": 936,
      "x1_dyn": 935,
      "x1_dyn_used": true,
      "pph": 12.166666666666666,
      "pph_source": "day_width (tick-mismatch-fallback)",
      "pph_tick": 19.0,
      "tick_pph_rel_err": 0.5616438356164384,
      "tick_pph_valid": false,
      "tick_count": 50,
      "tick_quality": 0.6944444444444444,
      "tick_used": false,
      "x_frontier": 703,
      "frontier_method": "activity_scan",
      "frontier_activity_thr": 0.48304831981658936,
      "frontier_activity_right_tail": 0.18954125046730042,
      "frontier_activity_run_px": 8,
      "guard_px": 4,
      "left_guard": 645,
      "right_guard": 699,
      "x_time": 701,
      "x_ideal": 701,
      "x_now": 701,
      "x_now_method": "harmonized_prefer_non_rollover",
      "hour_now_tsst": 4.785277777777778,
      "rollover_hour_min": 3.0,
      "rollover_hour_max": 8.5,
      "delta_min_to_guard": -9.863013698630137,
      "delta_min_to_frontier": 9.863013698630137,
      "frontier_day_fill": 0.2054794520547945,
      "rollover_candidate": false,
      "bias_minutes_applied": 0.0,
      "measured_bias_minutes": null,
      "age_hours": null,
      "status": "ok",
      "x_now_before_harmonize": 701,
      "x_pick": 700,
      "x_pick_edge": 701,
      "x_pick_safe_right": 923,
      "x_overlay": 701,
      "f1_path_x_range": [
        687,
        701
      ],
      "f1_path_target_col": 13,
      "f1_path_y_px": 70,
      "f4_path_x_range": [
        687,
        701
      ],
      "f4_path_target_col": 13,
      "f4_path_y_px": 230,
      "f1_path2_x_range": [
        691,
        701
      ],
      "f1_path2_target_col": 9,
      "f1_path2_y_px": 65,
      "f1_path2_y_direct_px": 58,
      "f1_path2_direct_used": false,
      "f1_path2_direct_allowed": false,
      "f1_path2_left_weight": 0.35,
      "f1_path2_right_weight": 1.0,
      "f2_path2_x_range": [
        691,
        701
      ],
      "f2_path2_target_col": 9,
      "f2_path2_y_px": 150,
      "f2_path2_y_direct_px": 148,
      "f2_path2_direct_used": false,
      "f2_path2_direct_allowed": false,
      "f2_path2_left_weight": 0.4,
      "f2_path2_right_weight": 1.0,
      "f4_path2_x_range": [
        691,
        701
      ],
      "f4_path2_target_col": 9,
      "f4_path2_y_px": 230,
      "f4_path2_y_direct_px": 230,
      "f4_path2_direct_used": false,
      "f4_path2_direct_allowed": false,
      "f4_path2_left_weight": 0.4,
      "f4_path2_right_weight": 1.0,
      "f1_local_snap_x": 701,
      "f1_local_snap_y_px": 65,
      "f1_local_snap_search_px": 8,
      "f1_local_snap_search_up_px": 4,
      "f1_local_snap_search_down_px": 12,
      "f1_local_snap_prefer_lower_weight": 0.02,
      "f3_local_snap_x": 701,
      "f3_local_snap_y_px": 167,
      "f3_local_snap_search_px": 6,
      "f3_local_snap_search_up_px": 6,
      "f3_local_snap_search_down_px": 6,
      "f3_local_snap_prefer_lower_weight": 0.0,
      "f4_local_snap_x": 701,
      "f4_local_snap_y_px": 230,
      "f4_local_snap_search_px": 8,
      "f4_local_snap_search_up_px": 6,
      "f4_local_snap_search_down_px": 14,
      "f4_local_snap_prefer_lower_weight": 0.05,
      "f2_local_snap_x": 701,
      "f2_local_snap_y_px": 148,
      "f2_local_snap_search_px": 8,
      "f2_local_snap_search_up_px": 14,
      "f2_local_snap_search_down_px": 2,
      "f2_local_snap_prefer_lower_weight": 0.0,
      "f2_consensus_x_range": [
        695,
        701
      ],
      "f2_consensus_y_px": 148,
      "f2_consensus_anchor_y_px": 148,
      "f2_consensus_seed_y_px": 148,
      "f2_consensus_support_cols": 7,
      "f2_consensus_support_ratio": 1.0,
      "f2_consensus_jump_px": 0,
      "f2_consensus_tol_px": 5,
      "f2_consensus_reason": "accepted",
      "f2_consensus_applied": true,
      "f3_consensus_x_range": [
        695,
        701
      ],
      "f3_consensus_y_px": 167,
      "f3_consensus_anchor_y_px": 167,
      "f3_consensus_seed_y_px": 167,
      "f3_consensus_support_cols": 4,
      "f3_consensus_support_ratio": 0.6641083866459968,
      "f3_consensus_jump_px": 0,
      "f3_consensus_tol_px": 5,
      "f3_consensus_reason": "accepted",
      "f3_consensus_applied": true,
      "f4_consensus_x_range": [
        695,
        701
      ],
      "f4_consensus_y_px": 229,
      "f4_consensus_anchor_y_px": 230,
      "f4_consensus_seed_y_px": 229,
      "f4_consensus_support_cols": 4,
      "f4_consensus_support_ratio": 0.6365719523373053,
      "f4_consensus_jump_px": 1,
      "f4_consensus_tol_px": 6,
      "f4_consensus_reason": "accepted",
      "f4_consensus_applied": true,
      "scale_ranges": {
        "F1": [
          7.2,
          8.4
        ],
        "F2": [
          13.1,
          14.5
        ],
        "F3": [
          18.6,
          20.2
        ],
        "F4": [
          24.1,
          26.5
        ]
      }
    },
    "A": {
      "x_day0": 59,
      "x_day1": 392,
      "x_day2": 726,
      "day_w": 333.5,
      "x_day0_time": 59,
      "x_day1_time": 351,
      "x_day2_time": 644,
      "day_w_time": 292.3333333333333,
      "x_plot_end": 936,
      "x1_static": 936,