{
  "saved_at_utc": "2026-06-24T03:26:52.672494+00:00",
  "source": "tomsk_sos70_param_charts",
  "freq_max_hz": 40.0,
  "values": {
    "scale_ranges": {
      "F": {
        "F1": [
          7.2,
          8.4
        ],
        "F2": [
          13.1,
          14.5
        ],
        "F3": [
          18.6,
          20.2
        ],
        "F4": [
          24.1,
          26.5
        ]
      },
      "A": {
        "A1": [
          1.0,
          45.0
        ],
        "A2": [
          1.0,
          61.5
        ],
        "A3": [
          2.2,
          12.2
        ],
        "A4": [
          1.1,
          10.2
        ]
      },
      "Q": {
        "Q1": [
          4.0,
          38.0
        ],
        "Q2": [
          5.0,
          17.5
        ],
        "Q3": [
          7.0,
          23.0
        ],
        "Q4": [
          5.0,
          30.0
        ]
      }
    },
    "scale_units": {
      "F_hz": "Hz",
      "A_value": "idx",
      "Q_value": "idx"
    },
    "F_norm": {
      "F1": 0.059233449477351915,
      "F2": 0.40069686411149824,
      "F3": 0.5331010452961672,
      "F4": 0.6829268292682927
    },
    "F_y_px": {
      "F1": 52,
      "F2": 150,
      "F3": 188,
      "F4": 231
    },
    "F_lane_norm": {
      "F1": 0.19298245614035087,
      "F2": 0.8846153846153846,
      "F3": 0.6521739130434783,
      "F4": 0.5217391304347826
    },
    "F_hz": {
      "F1": 8.16842105263158,
      "F2": 13.26153846153846,
      "F3": 19.156521739130437,
      "F4": 25.247826086956522
    },
    "A_norm": {
      "A1": 0.3170731707317073,
      "A2": 0.4355400696864111,
      "A3": 0.6968641114982579,
      "A4": 0.9616724738675958
    },
    "A_y_px": {
      "A1": 126,
      "A2": 160,
      "A3": 235,
      "A4": 311
    },
    "A_lane_norm": {
      "A1": 0.9879518072289156,
      "A2": 0.6938775510204082,
      "A3": 0.8144329896907216,
      "A4": 0.8901098901098901
    },
    "A_value": {
      "A1": 1.5301204819277103,
      "A2": 19.52040816326531,
      "A3": 4.055670103092783,
      "A4": 2.0999999999999996
    },
    "Q_norm": {
      "Q1": 0.31010452961672474,
      "Q2": 0.40069686411149824,
      "Q3": 0.7212543554006968,
      "Q4": 0.9547038327526133
    },
    "Q_y_px": {
      "Q1": 124,
      "Q2": 150,
      "Q3": 242,
      "Q4": 309
    },
    "Q_lane_norm": {
      "Q1": 0.8426966292134831,
      "Q2": 0.4742268041237113,
      "Q3": 0.8349514563106796,
      "Q4": 0.8588235294117647
    },
    "Q_value": {
      "Q1": 9.348314606741575,
      "Q2": 11.572164948453608,
      "Q3": 9.640776699029127,
      "Q4": 8.529411764705884
    }
  },
  "debug": {
    "F": {
      "x_day0": 59,
      "x_day1": 356,
      "x_day2": 653,
      "day_w": 297.0,
      "x_day0_time": 59,
      "x_day1_time": 351,
      "x_day2_time": 643,
      "day_w_time": 292.0,
      "x_plot_end": 935,
      "x1_static": 936,
      "x1_dyn": 935,
      "x1_dyn_used": true,
      "pph": 12.166666666666666,
      "pph_source": "day_width (tick-mismatch-fallback)",
      "pph_tick": 19.0,
      "tick_pph_rel_err": 0.5616438356164384,
      "tick_pph_valid": false,
      "tick_count": 50,
      "tick_quality": 0.6944444444444444,
      "tick_used": false,
      "x_frontier": 772,
      "frontier_method": "activity_scan",
      "frontier_activity_thr": 0.5262416154146194,
      "frontier_activity_right_tail": 0.16654089093208313,
      "frontier_activity_run_px": 8,
      "guard_px": 4,
      "left_guard": 645,
      "right_guard": 768,
      "x_time": 770,
      "x_ideal": 770,
      "x_now": 770,
      "x_now_method": "ideal",
      "hour_now_tsst": 10.447777777777778,
      "rollover_hour_min": 3.0,
      "rollover_hour_max": 8.5,
      "delta_min_to_guard": -9.863013698630137,
      "delta_min_to_frontier": 9.863013698630137,
      "frontier_day_fill": 0.4417808219178082,
      "rollover_candidate": false,
      "bias_minutes_applied": 0.0,
      "measured_bias_minutes": null,
      "age_hours": null,
      "status": "ok",
      "x_pick": 769,
      "x_pick_edge": 770,
      "x_pick_safe_right": 923,
      "x_overlay": 770,
      "f1_path_x_range": [
        756,
        770
      ],
      "f1_path_target_col": 13,
      "f1_path_y_px": 54,
      "f4_path_x_range": [
        756,
        770
      ],
      "f4_path_target_col": 13,
      "f4_path_y_px": 251,
      "f1_path2_x_range": [
        760,
        770
      ],
      "f1_path2_target_col": 9,
      "f1_path2_y_px": 54,
      "f1_path2_y_direct_px": 44,
      "f1_path2_direct_used": false,
      "f1_path2_direct_allowed": false,
      "f1_path2_left_weight": 0.35,
      "f1_path2_right_weight": 1.0,
      "f2_path2_x_range": [
        760,
        770
      ],
      "f2_path2_target_col": 9,
      "f2_path2_y_px": 151,
      "f2_path2_y_direct_px": 138,
      "f2_path2_direct_used": false,
      "f2_path2_direct_allowed": false,
      "f2_path2_left_weight": 0.4,
      "f2_path2_right_weight": 1.0,
      "f4_path2_x_range": [
        760,
        770
      ],
      "f4_path2_target_col": 9,
      "f4_path2_y_px": 250,
      "f4_path2_y_direct_px": 230,
      "f4_path2_direct_used": false,
      "f4_path2_direct_allowed": false,
      "f4_path2_left_weight": 0.4,
      "f4_path2_right_weight": 1.0,
      "f1_local_snap_x": 770,
      "f1_local_snap_y_px": 52,
      "f1_local_snap_search_px": 8,
      "f1_local_snap_search_up_px": 4,
      "f1_local_snap_search_down_px": 12,
      "f1_local_snap_prefer_lower_weight": 0.02,
      "f3_local_snap_x": 770,
      "f3_local_snap_y_px": 188,
      "f3_local_snap_search_px": 6,
      "f3_local_snap_search_up_px": 6,
      "f3_local_snap_search_down_px": 6,
      "f3_local_snap_prefer_lower_weight": 0.0,
      "f4_local_snap_x": 770,
      "f4_local_snap_y_px": 251,
      "f4_local_snap_search_px": 8,
      "f4_local_snap_search_up_px": 6,
      "f4_local_snap_search_down_px": 14,
      "f4_local_snap_prefer_lower_weight": 0.05,
      "f2_local_snap_x": 770,
      "f2_local_snap_y_px": 150,
      "f2_local_snap_search_px": 8,
      "f2_local_snap_search_up_px": 14,
      "f2_local_snap_search_down_px": 2,
      "f2_local_snap_prefer_lower_weight": 0.0,
      "f2_consensus_applied": false,
      "f2_consensus_support_cols": 2,
      "f2_consensus_anchor_y_px": 150,
      "f2_consensus_seed_y_px": 110,
      "f2_consensus_reason": "insufficient_inliers",
      "f3_consensus_applied": false,
      "f3_consensus_x_range": [
        764,
        770
      ],
      "f3_consensus_y_px": 159,
      "f3_consensus_anchor_y_px": 188,
      "f3_consensus_seed_y_px": 159,
      "f3_consensus_support_cols": 5,
      "f3_consensus_support_ratio": 0.6190774321937259,
      "f3_consensus_jump_px": 29,
      "f3_consensus_tol_px": 5,
      "f3_consensus_reason": "excessive_jump",
      "f4_consensus_x_range": [
        764,
        770
      ],
      "f4_consensus_y_px": 231,
      "f4_consensus_anchor_y_px": 251,
      "f4_consensus_seed_y_px": 234,
      "f4_consensus_support_cols": 5,
      "f4_consensus_support_ratio": 0.7355356990247931,
      "f4_consensus_jump_px": 20,
      "f4_consensus_tol_px": 6,
      "f4_consensus_reason": "accepted",
      "f4_consensus_applied": true,
      "scale_ranges": {
        "F1": [
          7.2,
          8.4
        ],
        "F2": [
          13.1,
          14.5
        ],
        "F3": [
          18.6,
          20.2
        ],
        "F4": [
          24.1,
          26.5
        ]
      }
    },
    "A": {
      "x_day0": 59,
      "x_day1": 393,
      "x_day2": 727,
      "day_w": 334.0,
      "x_day0_time": 59,
      "x_day1_time": 351,
      "x_day2_time": 643,
      "day_w_time": 292.0,
      "x_plot_end": 935,
      "x1_static": 936,
      "x1_dyn": 935,
      "x1_dyn_used": true,
      "pph": 12.166666666666666,
      "pph_source": "day_width (tick-mismatch-fallback)",
      "pph_tick": 19.0,
      "tick_pph_rel_err": 0.5616438356164384,
      "tick_pph_valid": false,
      "tick_count": 50,