{
  "saved_at_utc": "2026-06-30T13:46:46.111428+00:00",
  "source": "tomsk_sos70_param_charts",
  "freq_max_hz": 40.0,
  "values": {
    "scale_ranges": {
      "F": {
        "F1": [
          7.2,
          8.4
        ],
        "F2": [
          13.1,
          14.5
        ],
        "F3": [
          18.6,
          20.2
        ],
        "F4": [
          24.1,
          26.5
        ]
      },
      "A": {
        "A1": [
          1.0,
          45.0
        ],
        "A2": [
          1.0,
          61.5
        ],
        "A3": [
          2.2,
          12.2
        ],
        "A4": [
          1.1,
          10.2
        ]
      },
      "Q": {
        "Q1": [
          4.0,
          38.0
        ],
        "Q2": [
          5.0,
          17.5
        ],
        "Q3": [
          7.0,
          23.0
        ],
        "Q4": [
          5.0,
          30.0
        ]
      }
    },
    "scale_units": {
      "F_hz": "Hz",
      "A_value": "idx",
      "Q_value": "idx"
    },
    "F_norm": {
      "F1": 0.1289198606271777,
      "F2": 0.3170731707317073,
      "F3": 0.5121951219512195,
      "F4": 0.6829268292682927
    },
    "F_y_px": {
      "F1": 72,
      "F2": 126,
      "F3": 182,
      "F4": 231
    },
    "F_lane_norm": {
      "F1": 0.543859649122807,
      "F2": 0.4230769230769231,
      "F3": 0.5217391304347826,
      "F4": 0.5217391304347826
    },
    "F_hz": {
      "F1": 7.747368421052632,
      "F2": 13.907692307692308,
      "F3": 19.36521739130435,
      "F4": 25.247826086956522
    },
    "A_norm": {
      "A1": 0.3170731707317073,
      "A2": 0.519163763066202,
      "A3": 0.7317073170731707,
      "A4": 0.9581881533101045
    },
    "A_y_px": {
      "A1": 126,
      "A2": 184,
      "A3": 245,
      "A4": 310
    },
    "A_lane_norm": {
      "A1": 0.9879518072289156,
      "A2": 0.9387755102040817,
      "A3": 0.9175257731958762,
      "A4": 0.8791208791208791
    },
    "A_value": {
      "A1": 1.5301204819277103,
      "A2": 4.7040816326530575,
      "A3": 3.024742268041237,
      "A4": 2.2
    },
    "Q_norm": {
      "Q1": 0.1289198606271777,
      "Q2": 0.3344947735191638,
      "Q3": 0.519163763066202,
      "Q4": 0.7456445993031359
    },
    "Q_y_px": {
      "Q1": 72,
      "Q2": 131,
      "Q3": 184,
      "Q4": 249
    },
    "Q_lane_norm": {
      "Q1": 0.25842696629213485,
      "Q2": 0.27835051546391754,
      "Q3": 0.27184466019417475,
      "Q4": 0.15294117647058825
    },
    "Q_value": {
      "Q1": 29.213483146067414,
      "Q2": 14.02061855670103,
      "Q3": 18.650485436893206,
      "Q4": 26.176470588235293
    }
  },
  "debug": {
    "F": {
      "x_day0": 59,
      "x_day1": 369,
      "x_day2": 679,
      "day_w": 310.0,
      "x_day0_time": 59,
      "x_day1_time": 351,
      "x_day2_time": 643,
      "day_w_time": 292.0,
      "x_plot_end": 935,
      "x1_static": 936,
      "x1_dyn": 935,
      "x1_dyn_used": true,
      "pph": 12.166666666666666,
      "pph_source": "day_width (tick-mismatch-fallback)",
      "pph_tick": 19.0,
      "tick_pph_rel_err": 0.5616438356164384,
      "tick_pph_valid": false,
      "tick_count": 50,
      "tick_quality": 0.6944444444444444,
      "tick_used": false,
      "x_frontier": 893,
      "frontier_method": "activity_scan",
      "frontier_activity_thr": 0.410985592007637,
      "frontier_activity_right_tail": 0.07582872360944748,
      "frontier_activity_run_px": 8,
      "guard_px": 4,
      "left_guard": 645,
      "right_guard": 889,
      "x_time": 896,
      "x_ideal": 896,
      "x_now": 896,
      "x_now_method": "ideal",
      "hour_now_tsst": 20.779166666666665,
      "rollover_hour_min": 3.0,
      "rollover_hour_max": 8.5,
      "delta_min_to_guard": -34.520547945205486,
      "delta_min_to_frontier": -14.794520547945206,
      "frontier_day_fill": 0.8561643835616438,
      "rollover_candidate": false,
      "bias_minutes_applied": 0.0,
      "measured_bias_minutes": null,
      "age_hours": null,
      "status": "ok",
      "x_pick": 895,
      "x_pick_edge": 896,
      "x_pick_safe_right": 923,
      "x_overlay": 896,
      "f1_path_x_range": [
        882,
        896
      ],
      "f1_path_target_col": 13,
      "f1_path_y_px": 64,
      "f4_path_x_range": [
        882,
        896
      ],
      "f4_path_target_col": 13,
      "f4_path_y_px": 236,
      "f1_path2_x_range": [
        886,
        896
      ],
      "f1_path2_target_col": 9,
      "f1_path2_y_px": 64,
      "f1_path2_y_direct_px": 83,
      "f1_path2_direct_used": false,
      "f1_path2_direct_allowed": false,
      "f1_path2_left_weight": 0.35,
      "f1_path2_right_weight": 1.0,
      "f2_path2_x_range": [
        886,
        896
      ],
      "f2_path2_target_col": 9,
      "f2_path2_y_px": 125,
      "f2_path2_y_direct_px": 126,
      "f2_path2_direct_used": false,
      "f2_path2_direct_allowed": false,
      "f2_path2_left_weight": 0.4,
      "f2_path2_right_weight": 1.0,
      "f4_path2_x_range": [
        886,
        896
      ],
      "f4_path2_target_col": 9,
      "f4_path2_y_px": 236,
      "f4_path2_y_direct_px": 226,
      "f4_path2_direct_used": false,
      "f4_path2_direct_allowed": false,
      "f4_path2_left_weight": 0.4,
      "f4_path2_right_weight": 1.0,
      "f1_local_snap_x": 896,
      "f1_local_snap_y_px": 72,
      "f1_local_snap_search_px": 8,
      "f1_local_snap_search_up_px": 4,
      "f1_local_snap_search_down_px": 12,
      "f1_local_snap_prefer_lower_weight": 0.02,
      "f3_local_snap_x": 896,
      "f3_local_snap_y_px": 177,
      "f3_local_snap_search_px": 6,
      "f3_local_snap_search_up_px": 6,
      "f3_local_snap_search_down_px": 6,
      "f3_local_snap_prefer_lower_weight": 0.0,
      "f4_local_snap_x": 896,
      "f4_local_snap_y_px": 231,
      "f4_local_snap_search_px": 8,
      "f4_local_snap_search_up_px": 6,
      "f4_local_snap_search_down_px": 14,
      "f4_local_snap_prefer_lower_weight": 0.05,
      "f2_local_snap_x": 896,
      "f2_local_snap_y_px": 127,
      "f2_local_snap_search_px": 8,
      "f2_local_snap_search_up_px": 14,
      "f2_local_snap_search_down_px": 2,
      "f2_local_snap_prefer_lower_weight": 0.0,
      "f2_consensus_x_range": [
        890,
        896
      ],
      "f2_consensus_y_px": 126,
      "f2_consensus_anchor_y_px": 127,
      "f2_consensus_seed_y_px": 126,
      "f2_consensus_support_cols": 6,
      "f2_consensus_support_ratio": 0.9093356611228521,
      "f2_consensus_jump_px": 1,
      "f2_consensus_tol_px": 5,
      "f2_consensus_reason": "accepted",
      "f2_consensus_applied": true,
      "f3_consensus_x_range": [
        890,
        896
      ],
      "f3_consensus_y_px": 182,
      "f3_consensus_anchor_y_px": 177,
      "f3_consensus_seed_y_px": 181,
      "f3_consensus_support_cols": 5,
      "f3_consensus_support_ratio": 0.6614405331510596,
      "f3_consensus_jump_px": 5,
      "f3_consensus_tol_px": 5,
      "f3_consensus_reason": "accepted",
      "f3_consensus_applied": true,
      "f4_consensus_applied": false,
      "f4_consensus_x_range": [
        890,
        896
      ],
      "f4_consensus_y_px": 249,
      "f4_consensus_anchor_y_px": 231,
      "f4_consensus_seed_y_px": 250,
      "f4_consensus_support_cols": 3,
      "f4_consensus_support_ratio": 0.47726818877720817,
      "f4_consensus_jump_px": 18,
      "f4_consensus_tol_px": 6,
      "f4_consensus_reason": "low_support",
      "scale_ranges": {
        "F1": [
          7.2,
          8.4
        ],
        "F2": [
          13.1,
          14.5
        ],
        "F3": [
          18.6,
          20.2
        ],
        "F4": [
          24.1,
          26.5
        ]
      }
    },
    "A": {
      "x_day0": 59,
      "x_day1": 372,
      "x_day2": 685,
      "day_w": 313.0,
      "x_day0_time": 59,
      "x_day1_time": 351,
      "x_day2_time": 644,
      "day_w_time": 292.3333333333333,
      "x_plot_end": 936,
      "x1_static": 936,
      "x1_dyn": 977,
      "x1_dyn_used": false,