{
  "saved_at_utc": "2026-03-29T06:42:52.713971+00:00",
  "source": "tomsk_sos70_param_charts",
  "freq_max_hz": 40.0,
  "values": {
    "scale_ranges": {
      "F": {
        "F1": [
          7.2,
          8.4
        ],
        "F2": [
          13.1,
          14.5
        ],
        "F3": [
          18.6,
          20.2
        ],
        "F4": [
          24.1,
          26.5
        ]
      },
      "A": {
        "A1": [
          1.0,
          45.0
        ],
        "A2": [
          1.0,
          61.5
        ],
        "A3": [
          2.2,
          12.2
        ],
        "A4": [
          1.1,
          10.2
        ]
      },
      "Q": {
        "Q1": [
          4.0,
          38.0
        ],
        "Q2": [
          5.0,
          17.5
        ],
        "Q3": [
          7.0,
          23.0
        ],
        "Q4": [
          5.0,
          30.0
        ]
      }
    },
    "scale_units": {
      "F_hz": "Hz",
      "A_value": "idx",
      "Q_value": "idx"
    },
    "F_norm": {
      "F1": 0.11498257839721254,
      "F2": 0.3310104529616725,
      "F3": 0.5818815331010453,
      "F4": 0.7526132404181185
    },
    "F_y_px": {
      "F1": 68,
      "F2": 130,
      "F3": 202,
      "F4": 251
    },
    "F_lane_norm": {
      "F1": 0.47368421052631576,
      "F2": 0.5,
      "F3": 0.9565217391304348,
      "F4": 0.9565217391304348
    },
    "F_hz": {
      "F1": 7.831578947368421,
      "F2": 13.8,
      "F3": 18.669565217391305,
      "F4": 24.20434782608696
    },
    "A_norm": {
      "A1": 0.31010452961672474,
      "A2": 0.5052264808362369,
      "A3": 0.7317073170731707,
      "A4": 0.9616724738675958
    },
    "A_y_px": {
      "A1": 124,
      "A2": 180,
      "A3": 245,
      "A4": 311
    },
    "A_lane_norm": {
      "A1": 0.963855421686747,
      "A2": 0.8979591836734694,
      "A3": 0.9175257731958762,
      "A4": 0.8901098901098901
    },
    "A_value": {
      "A1": 2.590361445783131,
      "A2": 7.173469387755105,
      "A3": 3.024742268041237,
      "A4": 2.0999999999999996
    },
    "Q_norm": {
      "Q1": 0.1986062717770035,
      "Q2": 0.3344947735191638,
      "Q3": 0.5714285714285714,
      "Q4": 0.8885017421602788
    },
    "Q_y_px": {
      "Q1": 92,
      "Q2": 131,
      "Q3": 199,
      "Q4": 290
    },
    "Q_lane_norm": {
      "Q1": 0.48314606741573035,
      "Q2": 0.27835051546391754,
      "Q3": 0.4174757281553398,
      "Q4": 0.6352941176470588
    },
    "Q_value": {
      "Q1": 21.573033707865168,
      "Q2": 14.02061855670103,
      "Q3": 16.320388349514563,
      "Q4": 14.11764705882353
    }
  },
  "debug": {
    "F": {
      "x_day0": 59,
      "x_day1": 384,
      "x_day2": 708,
      "day_w": 324.5,
      "x_day0_time": 59,
      "x_day1_time": 351,
      "x_day2_time": 643,
      "day_w_time": 292.0,
      "x_plot_end": 935,
      "x1_static": 936,
      "x1_dyn": 935,
      "x1_dyn_used": true,
      "pph": 12.166666666666666,
      "pph_source": "day_width (tick-mismatch-fallback)",
      "pph_tick": 19.0,
      "tick_pph_rel_err": 0.5616438356164384,
      "tick_pph_valid": false,
      "tick_count": 50,
      "tick_quality": 0.6944444444444444,
      "tick_used": false,
      "x_frontier": 798,
      "frontier_method": "activity_scan",
      "frontier_activity_thr": 0.4590699851512909,
      "frontier_activity_right_tail": 0.14412537217140198,
      "frontier_activity_run_px": 8,
      "guard_px": 4,
      "left_guard": 645,
      "right_guard": 794,
      "x_time": 810,
      "x_ideal": 810,
      "x_now": 810,
      "x_now_method": "harmonized_pair_cluster",
      "hour_now_tsst": 13.714444444444444,
      "rollover_hour_min": 3.0,
      "rollover_hour_max": 8.5,
      "delta_min_to_guard": -78.9041095890411,
      "delta_min_to_frontier": -59.178082191780824,
      "frontier_day_fill": 0.5308219178082192,
      "rollover_candidate": false,
      "bias_minutes_applied": 0.0,
      "measured_bias_minutes": null,
      "age_hours": null,
      "status": "ok",
      "x_now_before_harmonize": 794,
      "x_pick": 809,
      "x_pick_edge": 810,
      "x_pick_safe_right": 923,
      "x_overlay": 810,
      "f1_path_x_range": [
        796,
        810
      ],
      "f1_path_target_col": 13,
      "f1_path_y_px": 69,
      "f4_path_x_range": [
        796,
        810
      ],
      "f4_path_target_col": 13,
      "f4_path_y_px": 251,
      "f1_path2_x_range": [
        800,
        810
      ],
      "f1_path2_target_col": 9,
      "f1_path2_y_px": 69,
      "f1_path2_y_direct_px": 81,
      "f1_path2_direct_used": false,
      "f1_path2_direct_allowed": false,
      "f1_path2_left_weight": 0.35,
      "f1_path2_right_weight": 1.0,
      "f2_path2_x_range": [
        800,
        810
      ],
      "f2_path2_target_col": 9,
      "f2_path2_y_px": 129,
      "f2_path2_y_direct_px": 137,
      "f2_path2_direct_used": false,
      "f2_path2_direct_allowed": false,
      "f2_path2_left_weight": 0.4,
      "f2_path2_right_weight": 1.0,
      "f4_path2_x_range": [
        800,
        810
      ],
      "f4_path2_target_col": 9,
      "f4_path2_y_px": 251,
      "f4_path2_y_direct_px": 229,
      "f4_path2_direct_used": false,
      "f4_path2_direct_allowed": false,
      "f4_path2_left_weight": 0.4,
      "f4_path2_right_weight": 1.0,
      "f1_local_snap_x": 810,
      "f1_local_snap_y_px": 68,
      "f1_local_snap_search_px": 8,
      "f1_local_snap_search_up_px": 4,
      "f1_local_snap_search_down_px": 12,
      "f1_local_snap_prefer_lower_weight": 0.02,
      "f3_local_snap_x": 810,
      "f3_local_snap_y_px": 202,
      "f3_local_snap_search_px": 6,
      "f3_local_snap_search_up_px": 6,
      "f3_local_snap_search_down_px": 6,
      "f3_local_snap_prefer_lower_weight": 0.0,
      "f4_local_snap_x": 810,
      "f4_local_snap_y_px": 251,
      "f4_local_snap_search_px": 8,
      "f4_local_snap_search_up_px": 6,
      "f4_local_snap_search_down_px": 14,
      "f4_local_snap_prefer_lower_weight": 0.05,
      "f2_local_snap_x": 810,
      "f2_local_snap_y_px": 130,
      "f2_local_snap_search_px": 8,
      "f2_local_snap_search_up_px": 14,
      "f2_local_snap_search_down_px": 2,
      "f2_local_snap_prefer_lower_weight": 0.0,
      "f2_consensus_applied": false,
      "f2_consensus_x_range": [
        804,
        810
      ],
      "f2_consensus_y_px": 126,
      "f2_consensus_anchor_y_px": 130,
      "f2_consensus_seed_y_px": 126,
      "f2_consensus_support_cols": 3,
      "f2_consensus_support_ratio": 0.3362155095942855,
      "f2_consensus_jump_px": 4,
      "f2_consensus_tol_px": 5,
      "f2_consensus_reason": "low_support",
      "f3_consensus_applied": false,
      "f3_consensus_x_range": [
        804,
        810
      ],
      "f3_consensus_y_px": 185,
      "f3_consensus_anchor_y_px": 202,
      "f3_consensus_seed_y_px": 186,
      "f3_consensus_support_cols": 4,
      "f3_consensus_support_ratio": 0.6315699219754782,
      "f3_consensus_jump_px": 17,
      "f3_consensus_tol_px": 5,
      "f3_consensus_reason": "excessive_jump",
      "f4_consensus_applied": false,
      "f4_consensus_x_range": [
        804,
        810
      ],
      "f4_consensus_y_px": 229,
      "f4_consensus_anchor_y_px": 251,
      "f4_consensus_seed_y_px": 231,
      "f4_consensus_support_cols": 4,
      "f4_consensus_support_ratio": 0.659887871963199,
      "f4_consensus_jump_px": 22,
      "f4_consensus_tol_px": 6,
      "f4_consensus_reason": "excessive_jump",
      "scale_ranges": {
        "F1": [
          7.2,
          8.4
        ],
        "F2": [
          13.1,
          14.5
        ],
        "F3": [
          18.6,
          20.2
        ],
        "F4": [
          24.1,
          26.5
        ]
      }
    },
    "A": {
      "x_day0": 59,
      "x_day1": 368,
      "x_day2": 678,
      "day_w": 309.5,
      "x_day0_time": 59,
      "x_day1_time": 351,
      "x_day2_time": 643,
      "day_w_time": 292.0,
      "x_plot_end": 935,
      "x1_static": 936,
      "x1_dyn": 935,