{
  "saved_at_utc": "2026-03-11T12:50:22.615405+00:00",
  "source": "tomsk_sos70_param_charts",
  "freq_max_hz": 40.0,
  "values": {
    "scale_ranges": {
      "F": {
        "F1": [
          7.2,
          8.4
        ],
        "F2": [
          13.1,
          14.5
        ],
        "F3": [
          18.6,
          20.2
        ],
        "F4": [
          24.1,
          26.5
        ]
      },
      "A": {
        "A1": [
          1.0,
          45.0
        ],
        "A2": [
          1.0,
          61.5
        ],
        "A3": [
          2.2,
          12.2
        ],
        "A4": [
          1.1,
          10.2
        ]
      },
      "Q": {
        "Q1": [
          4.0,
          38.0
        ],
        "Q2": [
          5.0,
          17.5
        ],
        "Q3": [
          7.0,
          23.0
        ],
        "Q4": [
          5.0,
          30.0
        ]
      }
    },
    "scale_units": {
      "F_hz": "Hz",
      "A_value": "idx",
      "Q_value": "idx"
    },
    "F_norm": {
      "F1": 0.03484320557491289,
      "F2": 0.4355400696864111,
      "F3": 0.519163763066202,
      "F4": 0.6794425087108014
    },
    "F_y_px": {
      "F1": 45,
      "F2": 160,
      "F3": 184,
      "F4": 230
    },
    "F_lane_norm": {
      "F1": 0.07017543859649122,
      "F2": 1.0,
      "F3": 0.5652173913043478,
      "F4": 0.5
    },
    "F_hz": {
      "F1": 8.31578947368421,
      "F2": 13.1,
      "F3": 19.295652173913044,
      "F4": 25.3
    },
    "A_norm": {
      "A1": 0.30662020905923343,
      "A2": 0.5400696864111498,
      "A3": 0.7386759581881533,
      "A4": 0.9581881533101045
    },
    "A_y_px": {
      "A1": 123,
      "A2": 190,
      "A3": 247,
      "A4": 310
    },
    "A_lane_norm": {
      "A1": 0.9518072289156626,
      "A2": 1.0,
      "A3": 0.9381443298969072,
      "A4": 0.8791208791208791
    },
    "A_value": {
      "A1": 3.1204819277108484,
      "A2": 1.0,
      "A3": 2.8185567010309267,
      "A4": 2.2
    },
    "Q_norm": {
      "Q1": 0.3170731707317073,
      "Q2": 0.5121951219512195,
      "Q3": 0.710801393728223,
      "Q4": 0.9198606271777003
    },
    "Q_y_px": {
      "Q1": 126,
      "Q2": 182,
      "Q3": 239,
      "Q4": 299
    },
    "Q_lane_norm": {
      "Q1": 0.8651685393258427,
      "Q2": 0.8041237113402062,
      "Q3": 0.8058252427184466,
      "Q4": 0.7411764705882353
    },
    "Q_value": {
      "Q1": 8.584269662921347,
      "Q2": 7.448453608247423,
      "Q3": 10.106796116504855,
      "Q4": 11.470588235294116
    }
  },
  "debug": {
    "F": {
      "x_day0": 59,
      "x_day1": 384,
      "x_day2": 708,
      "day_w": 324.5,
      "x_day0_time": 59,
      "x_day1_time": 351,
      "x_day2_time": 643,
      "day_w_time": 292.0,
      "x_plot_end": 935,
      "x1_static": 936,
      "x1_dyn": 935,
      "x1_dyn_used": true,
      "pph": 12.166666666666666,
      "pph_source": "day_width (tick-mismatch-fallback)",
      "pph_tick": 19.0,
      "tick_pph_rel_err": 0.5616438356164384,
      "tick_pph_valid": false,
      "tick_count": 50,
      "tick_quality": 0.6944444444444444,
      "tick_used": false,
      "x_frontier": 883,
      "frontier_method": "activity_scan",
      "frontier_activity_thr": 0.3954575479030609,
      "frontier_activity_right_tail": 0.06588826328516006,
      "frontier_activity_run_px": 8,
      "guard_px": 4,
      "left_guard": 645,
      "right_guard": 879,
      "x_time": 884,
      "x_ideal": 884,
      "x_now": 879,
      "x_now_method": "snap_to_guard",
      "hour_now_tsst": 19.839444444444442,
      "rollover_hour_min": 3.0,
      "rollover_hour_max": 8.5,
      "delta_min_to_guard": -24.657534246575345,
      "frontier_day_fill": 0.821917808219178,
      "rollover_candidate": false,
      "bias_minutes_applied": 0.0,
      "measured_bias_minutes": null,
      "age_hours": null,
      "status": "ok",
      "x_pick": 878,
      "x_pick_edge": 879,
      "x_pick_safe_right": 923,
      "x_overlay": 879,
      "f1_path_x_range": [
        865,
        879
      ],
      "f1_path_target_col": 13,
      "f1_path_y_px": 43,
      "f4_path_x_range": [
        865,
        879
      ],
      "f4_path_target_col": 13,
      "f4_path_y_px": 250,
      "f1_path2_x_range": [
        869,
        879
      ],
      "f1_path2_target_col": 9,
      "f1_path2_y_px": 44,
      "f1_path2_y_direct_px": 94,
      "f1_path2_direct_used": false,
      "f1_path2_direct_allowed": false,
      "f1_path2_left_weight": 0.35,
      "f1_path2_right_weight": 1.0,
      "f2_path2_x_range": [
        869,
        879
      ],
      "f2_path2_target_col": 9,
      "f2_path2_y_px": 160,
      "f2_path2_y_direct_px": 161,
      "f2_path2_direct_used": false,
      "f2_path2_direct_allowed": false,
      "f2_path2_left_weight": 0.4,
      "f2_path2_right_weight": 1.0,
      "f4_path2_x_range": [
        869,
        879
      ],
      "f4_path2_target_col": 9,
      "f4_path2_y_px": 230,
      "f4_path2_y_direct_px": 225,
      "f4_path2_direct_used": false,
      "f4_path2_direct_allowed": false,
      "f4_path2_left_weight": 0.4,
      "f4_path2_right_weight": 1.0,
      "f1_local_snap_x": 879,
      "f1_local_snap_y_px": 45,
      "f1_local_snap_search_px": 8,
      "f1_local_snap_search_up_px": 4,
      "f1_local_snap_search_down_px": 12,
      "f1_local_snap_prefer_lower_weight": 0.02,
      "f3_local_snap_x": 879,
      "f3_local_snap_y_px": 184,
      "f3_local_snap_search_px": 6,
      "f3_local_snap_search_up_px": 6,
      "f3_local_snap_search_down_px": 6,
      "f3_local_snap_prefer_lower_weight": 0.0,
      "f4_local_snap_x": 879,
      "f4_local_snap_y_px": 230,
      "f4_local_snap_search_px": 8,
      "f4_local_snap_search_up_px": 6,
      "f4_local_snap_search_down_px": 14,
      "f4_local_snap_prefer_lower_weight": 0.05,
      "f2_local_snap_x": 879,
      "f2_local_snap_y_px": 160,
      "f2_local_snap_search_px": 8,
      "f2_local_snap_search_up_px": 14,
      "f2_local_snap_search_down_px": 2,
      "f2_local_snap_prefer_lower_weight": 0.0,
      "scale_ranges": {
        "F1": [
          7.2,
          8.4
        ],
        "F2": [
          13.1,
          14.5
        ],
        "F3": [
          18.6,
          20.2
        ],
        "F4": [
          24.1,
          26.5
        ]
      }
    },
    "A": {
      "x_day0": 59,
      "x_day1": 386,
      "x_day2": 714,
      "day_w": 327.5,
      "x_day0_time": 59,
      "x_day1_time": 351,
      "x_day2_time": 644,
      "day_w_time": 292.3333333333333,
      "x_plot_end": 936,
      "x1_static": 936,
      "x1_dyn": 977,
      "x1_dyn_used": false,
      "pph": 12.180555555555555,
      "pph_source": "day_width (tick-mismatch-fallback)",
      "pph_tick": 19.0,
      "tick_pph_rel_err": 0.5598631698973775,
      "tick_pph_valid": false,
      "tick_count": 50,
      "tick_quality": 0.6944444444444444,
      "tick_used": false,
      "x_frontier": 935,
      "frontier_method": "activity_scan",
      "frontier_activity_thr": 0.28921256363391873,
      "frontier_activity_right_tail": 0.284423828125,
      "frontier_activity_run_px": 8,
      "guard_px": 6,
      "left_guard": 646,
      "right_guard": 929,
      "x_time": 886,
      "x_ideal": 886,
      "x_now": 886,
      "x_now_method": "ideal",
      "hour_now_tsst": 19.839444444444442,
      "rollover_hour_min": 3.0,
      "rollover_hour_max": 8.5,
      "delta_min_to_guard": 211.81299885974914,
      "frontier_day_fill": 0.9954389965792475,
      "rollover_candidate": false,
      "bias_minutes_applied": 0.0,
      "measured_bias_minutes": null,
      "age_hours": null,
      "status": "ok",
      "x_pick": 882,
      "x_pick_safe_right": 912,
      "x_overlay": 882,
      "a2_path2_x_range": [
        872,
        882
      ],
      "a2_path2_target_col": 9,
      "a2_path2_y_px": 183,
      "a2_path2_y_direct_px": 183,
      "a2_path2_direct_used": false,
      "a2_path2_direct_allowed": true,
      "a2_path2_left_weight": 0.45,