{
  "saved_at_utc": "2026-03-26T10:26:52.459357+00:00",
  "source": "tomsk_sos70_param_charts",
  "freq_max_hz": 40.0,
  "values": {
    "scale_ranges": {
      "F": {
        "F1": [
          7.2,
          8.4
        ],
        "F2": [
          13.1,
          14.5
        ],
        "F3": [
          18.6,
          20.2
        ],
        "F4": [
          24.1,
          26.5
        ]
      },
      "A": {
        "A1": [
          1.0,
          45.0
        ],
        "A2": [
          1.0,
          61.5
        ],
        "A3": [
          2.2,
          12.2
        ],
        "A4": [
          1.1,
          10.2
        ]
      },
      "Q": {
        "Q1": [
          4.0,
          38.0
        ],
        "Q2": [
          5.0,
          17.5
        ],
        "Q3": [
          7.0,
          23.0
        ],
        "Q4": [
          5.0,
          30.0
        ]
      }
    },
    "scale_units": {
      "F_hz": "Hz",
      "A_value": "idx",
      "Q_value": "idx"
    },
    "F_norm": {
      "F1": 0.11846689895470383,
      "F2": 0.33797909407665505,
      "F3": 0.4564459930313589,
      "F4": 0.7804878048780488
    },
    "F_y_px": {
      "F1": 69,
      "F2": 132,
      "F3": 166,
      "F4": 259
    },
    "F_lane_norm": {
      "F1": 0.49122807017543857,
      "F2": 0.5384615384615384,
      "F3": 0.17391304347826086,
      "F4": 1.0
    },
    "F_hz": {
      "F1": 7.810526315789474,
      "F2": 13.746153846153845,
      "F3": 19.921739130434784,
      "F4": 24.1
    },
    "A_norm": {
      "A1": 0.29965156794425085,
      "A2": 0.5121951219512195,
      "A3": 0.6968641114982579,
      "A4": 0.8954703832752613
    },
    "A_y_px": {
      "A1": 121,
      "A2": 182,
      "A3": 235,
      "A4": 292
    },
    "A_lane_norm": {
      "A1": 0.927710843373494,
      "A2": 0.9183673469387755,
      "A3": 0.8144329896907216,
      "A4": 0.6813186813186813
    },
    "A_value": {
      "A1": 4.180722891566262,
      "A2": 5.938775510204081,
      "A3": 4.055670103092783,
      "A4": 3.999999999999999
    },
    "Q_norm": {
      "Q1": 0.289198606271777,
      "Q2": 0.3344947735191638,
      "Q3": 0.49477351916376305,
      "Q4": 0.818815331010453
    },
    "Q_y_px": {
      "Q1": 118,
      "Q2": 131,
      "Q3": 177,
      "Q4": 270
    },
    "Q_lane_norm": {
      "Q1": 0.7752808988764045,
      "Q2": 0.27835051546391754,
      "Q3": 0.20388349514563106,
      "Q4": 0.4
    },
    "Q_value": {
      "Q1": 11.640449438202246,
      "Q2": 14.02061855670103,
      "Q3": 19.737864077669904,
      "Q4": 20.0
    }
  },
  "debug": {
    "F": {
      "x_day0": 59,
      "x_day1": 393,
      "x_day2": 727,
      "day_w": 334.0,
      "x_day0_time": 59,
      "x_day1_time": 351,
      "x_day2_time": 643,
      "day_w_time": 292.0,
      "x_plot_end": 935,
      "x1_static": 936,
      "x1_dyn": 935,
      "x1_dyn_used": true,
      "pph": 12.166666666666666,
      "pph_source": "day_width (tick-mismatch-fallback)",
      "pph_tick": 19.0,
      "tick_pph_rel_err": 0.5616438356164384,
      "tick_pph_valid": false,
      "tick_count": 50,
      "tick_quality": 0.6944444444444444,
      "tick_used": false,
      "x_frontier": 849,
      "frontier_method": "activity_scan",
      "frontier_activity_thr": 0.39775667786598207,
      "frontier_activity_right_tail": 0.07647399604320526,
      "frontier_activity_run_px": 8,
      "guard_px": 4,
      "left_guard": 645,
      "right_guard": 845,
      "x_time": 855,
      "x_ideal": 855,
      "x_now": 855,
      "x_now_method": "ideal",
      "hour_now_tsst": 17.447777777777777,
      "rollover_hour_min": 3.0,
      "rollover_hour_max": 8.5,
      "delta_min_to_guard": -49.31506849315069,
      "delta_min_to_frontier": -29.589041095890412,
      "frontier_day_fill": 0.7054794520547946,
      "rollover_candidate": false,
      "bias_minutes_applied": 0.0,
      "measured_bias_minutes": null,
      "age_hours": null,
      "status": "ok",
      "x_pick": 854,
      "x_pick_edge": 855,
      "x_pick_safe_right": 923,
      "x_overlay": 855,
      "f1_path_x_range": [
        841,
        855
      ],
      "f1_path_target_col": 13,
      "f1_path_y_px": 61,
      "f4_path_x_range": [
        841,
        855
      ],
      "f4_path_target_col": 13,
      "f4_path_y_px": 251,
      "f1_path2_x_range": [
        845,
        855
      ],
      "f1_path2_target_col": 9,
      "f1_path2_y_px": 61,
      "f1_path2_y_direct_px": 81,
      "f1_path2_direct_used": false,
      "f1_path2_direct_allowed": false,
      "f1_path2_left_weight": 0.35,
      "f1_path2_right_weight": 1.0,
      "f2_path2_x_range": [
        845,
        855
      ],
      "f2_path2_target_col": 9,
      "f2_path2_y_px": 132,
      "f2_path2_y_direct_px": 145,
      "f2_path2_direct_used": false,
      "f2_path2_direct_allowed": false,
      "f2_path2_left_weight": 0.4,
      "f2_path2_right_weight": 1.0,
      "f4_path2_x_range": [
        845,
        855
      ],
      "f4_path2_target_col": 9,
      "f4_path2_y_px": 261,
      "f4_path2_y_direct_px": 250,
      "f4_path2_direct_used": false,
      "f4_path2_direct_allowed": false,
      "f4_path2_left_weight": 0.4,
      "f4_path2_right_weight": 1.0,
      "f1_local_snap_x": 855,
      "f1_local_snap_y_px": 69,
      "f1_local_snap_search_px": 8,
      "f1_local_snap_search_up_px": 4,
      "f1_local_snap_search_down_px": 12,
      "f1_local_snap_prefer_lower_weight": 0.02,
      "f3_local_snap_x": 855,
      "f3_local_snap_y_px": 166,
      "f3_local_snap_search_px": 6,
      "f3_local_snap_search_up_px": 6,
      "f3_local_snap_search_down_px": 6,
      "f3_local_snap_prefer_lower_weight": 0.0,
      "f4_local_snap_x": 855,
      "f4_local_snap_y_px": 259,
      "f4_local_snap_search_px": 8,
      "f4_local_snap_search_up_px": 6,
      "f4_local_snap_search_down_px": 14,
      "f4_local_snap_prefer_lower_weight": 0.05,
      "f2_local_snap_x": 855,
      "f2_local_snap_y_px": 133,
      "f2_local_snap_search_px": 8,
      "f2_local_snap_search_up_px": 14,
      "f2_local_snap_search_down_px": 2,
      "f2_local_snap_prefer_lower_weight": 0.0,
      "f2_consensus_x_range": [
        849,
        855
      ],
      "f2_consensus_y_px": 132,
      "f2_consensus_anchor_y_px": 133,
      "f2_consensus_seed_y_px": 129,
      "f2_consensus_support_cols": 6,
      "f2_consensus_support_ratio": 0.814544079652152,
      "f2_consensus_jump_px": 1,
      "f2_consensus_tol_px": 5,
      "f2_consensus_reason": "accepted",
      "f2_consensus_applied": true,
      "f3_consensus_applied": false,
      "f3_consensus_x_range": [
        849,
        855
      ],
      "f3_consensus_y_px": 165,
      "f3_consensus_anchor_y_px": 166,
      "f3_consensus_seed_y_px": 165,
      "f3_consensus_support_cols": 3,
      "f3_consensus_support_ratio": 0.5065730077290643,
      "f3_consensus_jump_px": 1,
      "f3_consensus_tol_px": 5,
      "f3_consensus_reason": "low_support",
      "f4_consensus_applied": false,
      "f4_consensus_x_range": [
        849,
        855
      ],
      "f4_consensus_y_px": 239,
      "f4_consensus_anchor_y_px": 259,
      "f4_consensus_seed_y_px": 239,
      "f4_consensus_support_cols": 4,
      "f4_consensus_support_ratio": 0.5471374956713806,
      "f4_consensus_jump_px": 20,
      "f4_consensus_tol_px": 6,
      "f4_consensus_reason": "low_support",
      "scale_ranges": {
        "F1": [
          7.2,
          8.4
        ],
        "F2": [
          13.1,
          14.5
        ],
        "F3": [
          18.6,
          20.2
        ],
        "F4": [
          24.1,
          26.5
        ]
      }
    },
    "A": {
      "x_day0": 59,
      "x_day1": 392,
      "x_day2": 726,
      "day_w": 333.5,
      "x_day0_time": 59,
      "x_day1_time": 351,
      "x_day2_time": 643,
      "day_w_time": 292.0,
      "x_plot_end": 935,
      "x1_static": 936,
      "x1_dyn": 935,
      "x1_dyn_used": true,
      "pph": 12.166666666666666,