{
  "saved_at_utc": "2026-06-19T15:28:31.881668+00:00",
  "source": "tomsk_sos70_param_charts",
  "freq_max_hz": 40.0,
  "values": {
    "scale_ranges": {
      "F": {
        "F1": [
          7.2,
          8.4
        ],
        "F2": [
          13.1,
          14.5
        ],
        "F3": [
          18.6,
          20.2
        ],
        "F4": [
          24.1,
          26.5
        ]
      },
      "A": {
        "A1": [
          1.0,
          45.0
        ],
        "A2": [
          1.0,
          61.5
        ],
        "A3": [
          2.2,
          12.2
        ],
        "A4": [
          1.1,
          10.2
        ]
      },
      "Q": {
        "Q1": [
          4.0,
          38.0
        ],
        "Q2": [
          5.0,
          17.5
        ],
        "Q3": [
          7.0,
          23.0
        ],
        "Q4": [
          5.0,
          30.0
        ]
      }
    },
    "scale_units": {
      "F_hz": "Hz",
      "A_value": "idx",
      "Q_value": "idx"
    },
    "F_norm": {
      "F1": 0.18466898954703834,
      "F2": 0.2613240418118467,
      "F3": 0.5331010452961672,
      "F4": 0.6829268292682927
    },
    "F_y_px": {
      "F1": 88,
      "F2": 110,
      "F3": 188,
      "F4": 231
    },
    "F_lane_norm": {
      "F1": 0.8245614035087719,
      "F2": 0.11538461538461539,
      "F3": 0.6521739130434783,
      "F4": 0.5217391304347826
    },
    "F_hz": {
      "F1": 7.410526315789474,
      "F2": 14.338461538461539,
      "F3": 19.156521739130437,
      "F4": 25.247826086956522
    },
    "A_norm": {
      "A1": 0.2613240418118467,
      "A2": 0.43902439024390244,
      "A3": 0.6306620209059234,
      "A4": 0.9930313588850174
    },
    "A_y_px": {
      "A1": 110,
      "A2": 161,
      "A3": 216,
      "A4": 320
    },
    "A_lane_norm": {
      "A1": 0.7951807228915663,
      "A2": 0.7040816326530612,
      "A3": 0.6185567010309279,
      "A4": 0.989010989010989
    },
    "A_value": {
      "A1": 10.012048192771083,
      "A2": 18.903061224489797,
      "A3": 6.014432989690721,
      "A4": 1.1999999999999993
    },
    "Q_norm": {
      "Q1": 0.2578397212543554,
      "Q2": 0.49825783972125437,
      "Q3": 0.5609756097560976,
      "Q4": 0.8954703832752613
    },
    "Q_y_px": {
      "Q1": 109,
      "Q2": 178,
      "Q3": 196,
      "Q4": 292
    },
    "Q_lane_norm": {
      "Q1": 0.6741573033707865,
      "Q2": 0.7628865979381443,
      "Q3": 0.3883495145631068,
      "Q4": 0.6588235294117647
    },
    "Q_value": {
      "Q1": 15.078651685393258,
      "Q2": 7.963917525773196,
      "Q3": 16.78640776699029,
      "Q4": 13.529411764705884
    }
  },
  "debug": {
    "F": {
      "x_day0": 59,
      "x_day1": 393,
      "x_day2": 727,
      "day_w": 334.0,
      "x_day0_time": 59,
      "x_day1_time": 351,
      "x_day2_time": 643,
      "day_w_time": 292.0,
      "x_plot_end": 935,
      "x1_static": 936,
      "x1_dyn": 935,
      "x1_dyn_used": true,
      "pph": 12.166666666666666,
      "pph_source": "day_width (tick-mismatch-fallback)",
      "pph_tick": 19.0,
      "tick_pph_rel_err": 0.5616438356164384,
      "tick_pph_valid": false,
      "tick_count": 50,
      "tick_quality": 0.6944444444444444,
      "tick_used": false,
      "x_frontier": 915,
      "frontier_method": "activity_scan",
      "frontier_activity_thr": 0.4004673510789871,
      "frontier_activity_right_tail": 0.06763235479593277,
      "frontier_activity_run_px": 8,
      "guard_px": 4,
      "left_guard": 645,
      "right_guard": 911,
      "x_time": 916,
      "x_ideal": 916,
      "x_now": 916,
      "x_now_method": "ideal",
      "hour_now_tsst": 22.475277777777777,
      "rollover_hour_min": 3.0,
      "rollover_hour_max": 8.5,
      "delta_min_to_guard": -24.657534246575345,
      "delta_min_to_frontier": -4.931506849315069,
      "frontier_day_fill": 0.9315068493150684,
      "rollover_candidate": false,
      "bias_minutes_applied": 0.0,
      "measured_bias_minutes": null,
      "age_hours": null,
      "status": "ok",
      "x_pick": 915,
      "x_pick_edge": 916,
      "x_pick_safe_right": 923,
      "x_overlay": 916,
      "f1_path_x_range": [
        902,
        916
      ],
      "f1_path_target_col": 13,
      "f1_path_y_px": 90,
      "f4_path_x_range": [
        902,
        916
      ],
      "f4_path_target_col": 13,
      "f4_path_y_px": 230,
      "f1_path2_x_range": [
        906,
        916
      ],
      "f1_path2_target_col": 9,
      "f1_path2_y_px": 90,
      "f1_path2_y_direct_px": 70,
      "f1_path2_direct_used": false,
      "f1_path2_direct_allowed": false,
      "f1_path2_left_weight": 0.35,
      "f1_path2_right_weight": 1.0,
      "f2_path2_x_range": [
        906,
        916
      ],
      "f2_path2_target_col": 9,
      "f2_path2_y_px": 131,
      "f2_path2_y_direct_px": 150,
      "f2_path2_direct_used": false,
      "f2_path2_direct_allowed": false,
      "f2_path2_left_weight": 0.4,
      "f2_path2_right_weight": 1.0,
      "f4_path2_x_range": [
        906,
        916
      ],
      "f4_path2_target_col": 9,
      "f4_path2_y_px": 230,
      "f4_path2_y_direct_px": 231,
      "f4_path2_direct_used": false,
      "f4_path2_direct_allowed": false,
      "f4_path2_left_weight": 0.4,
      "f4_path2_right_weight": 1.0,
      "f1_local_snap_x": 916,
      "f1_local_snap_y_px": 88,
      "f1_local_snap_search_px": 8,
      "f1_local_snap_search_up_px": 4,
      "f1_local_snap_search_down_px": 12,
      "f1_local_snap_prefer_lower_weight": 0.02,
      "f3_local_snap_x": 916,
      "f3_local_snap_y_px": 188,
      "f3_local_snap_search_px": 6,
      "f3_local_snap_search_up_px": 6,
      "f3_local_snap_search_down_px": 6,
      "f3_local_snap_prefer_lower_weight": 0.0,
      "f4_local_snap_x": 916,
      "f4_local_snap_y_px": 231,
      "f4_local_snap_search_px": 8,
      "f4_local_snap_search_up_px": 6,
      "f4_local_snap_search_down_px": 14,
      "f4_local_snap_prefer_lower_weight": 0.05,
      "f2_local_snap_x": 916,
      "f2_local_snap_y_px": 131,
      "f2_local_snap_search_px": 8,
      "f2_local_snap_search_up_px": 14,
      "f2_local_snap_search_down_px": 2,
      "f2_local_snap_prefer_lower_weight": 0.0,
      "f2_consensus_x_range": [
        910,
        916
      ],
      "f2_consensus_y_px": 110,
      "f2_consensus_anchor_y_px": 131,
      "f2_consensus_seed_y_px": 111,
      "f2_consensus_support_cols": 6,
      "f2_consensus_support_ratio": 0.8622818117712973,
      "f2_consensus_jump_px": 21,
      "f2_consensus_tol_px": 5,
      "f2_consensus_reason": "accepted",
      "f2_consensus_applied": true,
      "f3_consensus_applied": false,
      "f3_consensus_x_range": [
        910,
        916
      ],
      "f3_consensus_y_px": 195,
      "f3_consensus_anchor_y_px": 188,
      "f3_consensus_seed_y_px": 200,
      "f3_consensus_support_cols": 3,
      "f3_consensus_support_ratio": 0.4698062632118029,
      "f3_consensus_jump_px": 7,
      "f3_consensus_tol_px": 5,
      "f3_consensus_reason": "low_support",
      "f4_consensus_x_range": [
        910,
        916
      ],
      "f4_consensus_y_px": 231,
      "f4_consensus_anchor_y_px": 231,
      "f4_consensus_seed_y_px": 236,
      "f4_consensus_support_cols": 6,
      "f4_consensus_support_ratio": 0.810359964881475,
      "f4_consensus_jump_px": 0,
      "f4_consensus_tol_px": 6,
      "f4_consensus_reason": "accepted",
      "f4_consensus_applied": true,
      "scale_ranges": {
        "F1": [
          7.2,
          8.4
        ],
        "F2": [
          13.1,
          14.5
        ],
        "F3": [
          18.6,
          20.2
        ],
        "F4": [
          24.1,
          26.5
        ]
      }
    },
    "A": {
      "x_day0": 59,
      "x_day1": 392,
      "x_day2": 726,
      "day_w": 333.5,
      "x_day0_time": 59,
      "x_day1_time": 351,
      "x_day2_time": 643,
      "day_w_time": 292.0,
      "x_plot_end": 935,
      "x1_static": 936,
      "x1_dyn": 935,
      "x1_dyn_used": true,