{
  "saved_at_utc": "2026-03-06T05:52:47.514677+00:00",
  "source": "tomsk_sos70_param_charts",
  "freq_max_hz": 40.0,
  "values": {
    "scale_ranges": {
      "F": {
        "F1": [
          7.2,
          8.4
        ],
        "F2": [
          13.1,
          14.5
        ],
        "F3": [
          18.6,
          20.2
        ],
        "F4": [
          24.1,
          26.5
        ]
      },
      "A": {
        "A1": [
          1.0,
          45.0
        ],
        "A2": [
          1.0,
          61.5
        ],
        "A3": [
          2.2,
          12.2
        ],
        "A4": [
          1.1,
          10.2
        ]
      },
      "Q": {
        "Q1": [
          4.0,
          38.0
        ],
        "Q2": [
          5.0,
          17.5
        ],
        "Q3": [
          7.0,
          23.0
        ],
        "Q4": [
          5.0,
          30.0
        ]
      }
    },
    "scale_units": {
      "F_hz": "Hz",
      "A_value": "idx",
      "Q_value": "idx"
    },
    "F_norm": {
      "F1": 0.1672473867595819,
      "F2": 0.3344947735191638,
      "F3": 0.5087108013937283,
      "F4": 0.7491289198606271
    },
    "F_y_px": {
      "F1": 83,
      "F2": 131,
      "F3": 181,
      "F4": 250
    },
    "F_lane_norm": {
      "F1": 0.7368421052631579,
      "F2": 0.5192307692307693,
      "F3": 0.5,
      "F4": 0.9347826086956522
    },
    "F_hz": {
      "F1": 7.515789473684211,
      "F2": 13.773076923076923,
      "F3": 19.4,
      "F4": 24.256521739130434
    },
    "A_norm": {
      "A1": 0.31010452961672474,
      "A2": 0.4808362369337979,
      "A3": 0.7142857142857143,
      "A4": 0.9547038327526133
    },
    "A_y_px": {
      "A1": 124,
      "A2": 173,
      "A3": 240,
      "A4": 309
    },
    "A_lane_norm": {
      "A1": 0.963855421686747,
      "A2": 0.826530612244898,
      "A3": 0.865979381443299,
      "A4": 0.8681318681318682
    },
    "A_value": {
      "A1": 2.590361445783131,
      "A2": 11.494897959183675,
      "A3": 3.5402061855670084,
      "A4": 2.299999999999999
    },
    "Q_norm": {
      "Q1": 0.1986062717770035,
      "Q2": 0.2613240418118467,
      "Q3": 0.6898954703832753,
      "Q4": 0.9547038327526133
    },
    "Q_y_px": {
      "Q1": 92,
      "Q2": 110,
      "Q3": 233,
      "Q4": 309
    },
    "Q_lane_norm": {
      "Q1": 0.48314606741573035,
      "Q2": 0.061855670103092786,
      "Q3": 0.7475728155339806,
      "Q4": 0.8588235294117647
    },
    "Q_value": {
      "Q1": 21.573033707865168,
      "Q2": 16.72680412371134,
      "Q3": 11.03883495145631,
      "Q4": 8.529411764705884
    }
  },
  "debug": {
    "F": {
      "x_day0": 59,
      "x_day1": 359,
      "x_day2": 659,
      "day_w": 300.0,
      "x_day0_time": 59,
      "x_day1_time": 351,
      "x_day2_time": 643,
      "day_w_time": 292.0,
      "x_plot_end": 935,
      "x1_static": 936,
      "x1_dyn": 935,
      "x1_dyn_used": true,
      "pph": 12.166666666666666,
      "pph_source": "day_width (tick-mismatch-fallback)",
      "pph_tick": 19.0,
      "tick_pph_rel_err": 0.5616438356164384,
      "tick_pph_valid": false,
      "tick_count": 50,
      "tick_quality": 0.6944444444444444,
      "tick_used": false,
      "x_frontier": 916,
      "frontier_method": "activity_scan",
      "frontier_activity_thr": 0.4232374012470245,
      "frontier_activity_right_tail": 0.1602887213230133,
      "frontier_activity_run_px": 8,
      "guard_px": 4,
      "left_guard": 645,
      "right_guard": 912,
      "x_time": 800,
      "x_ideal": 800,
      "x_now": 800,
      "x_now_method": "ideal",
      "delta_min_to_guard": 552.3287671232878,
      "bias_minutes_applied": 0.0,
      "measured_bias_minutes": null,
      "age_hours": null,
      "status": "ok",
      "x_pick": 799,
      "x_pick_edge": 800,
      "x_pick_safe_right": 923,
      "x_overlay": 800,
      "f1_path_x_range": [
        786,
        800
      ],
      "f1_path_target_col": 13,
      "f1_path_y_px": 69,
      "f4_path_x_range": [
        786,
        800
      ],
      "f4_path_target_col": 13,
      "f4_path_y_px": 250,
      "f1_path2_x_range": [
        788,
        800
      ],
      "f1_path2_target_col": 11,
      "f1_path2_y_px": 83,
      "f1_path2_y_direct_px": 83,
      "f1_path2_direct_used": true,
      "f1_path2_left_weight": 0.35,
      "f1_path2_right_weight": 1.0,
      "f2_path2_x_range": [
        788,
        800
      ],
      "f2_path2_target_col": 11,
      "f2_path2_y_px": 132,
      "f2_path2_y_direct_px": 132,
      "f2_path2_direct_used": true,
      "f2_path2_left_weight": 0.4,
      "f2_path2_right_weight": 1.0,
      "f4_path2_x_range": [
        788,
        800
      ],
      "f4_path2_target_col": 11,
      "f4_path2_y_px": 250,
      "f4_path2_y_direct_px": 249,
      "f4_path2_direct_used": false,
      "f4_path2_left_weight": 0.4,
      "f4_path2_right_weight": 1.0,
      "f1_local_snap_x": 800,
      "f1_local_snap_y_px": 83,
      "f1_local_snap_search_px": 4,
      "f1_local_snap_search_up_px": 4,
      "f1_local_snap_search_down_px": 4,
      "f1_local_snap_prefer_lower_weight": 0.0,
      "f3_local_snap_x": 800,
      "f3_local_snap_y_px": 181,
      "f3_local_snap_search_px": 6,
      "f3_local_snap_search_up_px": 6,
      "f3_local_snap_search_down_px": 6,
      "f3_local_snap_prefer_lower_weight": 0.0,
      "f4_local_snap_x": 800,
      "f4_local_snap_y_px": 250,
      "f4_local_snap_search_px": 4,
      "f4_local_snap_search_up_px": 4,
      "f4_local_snap_search_down_px": 4,
      "f4_local_snap_prefer_lower_weight": 0.0,
      "f2_local_snap_x": 800,
      "f2_local_snap_y_px": 131,
      "f2_local_snap_search_px": 5,
      "f2_local_snap_search_up_px": 3,
      "f2_local_snap_search_down_px": 3,
      "f2_local_snap_prefer_lower_weight": 0.0,
      "scale_ranges": {
        "F1": [
          7.2,
          8.4
        ],
        "F2": [
          13.1,
          14.5
        ],
        "F3": [
          18.6,
          20.2
        ],
        "F4": [
          24.1,
          26.5
        ]
      }
    },
    "A": {
      "x_day0": 59,
      "x_day1": 372,
      "x_day2": 684,
      "day_w": 312.5,
      "x_day0_time": 59,
      "x_day1_time": 351,
      "x_day2_time": 643,
      "day_w_time": 292.0,
      "x_plot_end": 935,
      "x1_static": 936,
      "x1_dyn": 935,
      "x1_dyn_used": true,
      "pph": 12.166666666666666,
      "pph_source": "day_width (tick-mismatch-fallback)",
      "pph_tick": 19.0,
      "tick_pph_rel_err": 0.5616438356164384,
      "tick_pph_valid": false,
      "tick_count": 50,
      "tick_quality": 0.6944444444444444,
      "tick_used": false,
      "x_frontier": 934,
      "frontier_method": "activity_scan",
      "frontier_activity_thr": 0.2766596332192421,
      "frontier_activity_right_tail": 0.2107969969511032,
      "frontier_activity_run_px": 8,
      "guard_px": 6,
      "left_guard": 645,
      "right_guard": 928,
      "x_time": 800,
      "x_ideal": 800,
      "x_now": 800,
      "x_now_method": "ideal",
      "delta_min_to_guard": 631.2328767123288,
      "bias_minutes_applied": 0.0,
      "measured_bias_minutes": null,
      "age_hours": null,
      "status": "ok",
      "x_pick": 796,
      "x_pick_safe_right": 911,
      "x_overlay": 796,
      "a2_path2_x_range": [
        786,
        796
      ],
      "a2_path2_target_col": 9,
      "a2_path2_y_px": 174,
      "a2_path2_y_direct_px": 174,
      "a2_path2_direct_used": true,
      "a2_path2_left_weight": 0.45,
      "a2_path2_right_weight": 1.0,
      "a1_local_snap_x": 796,
      "a1_local_snap_y_px": 124,
      "a1_local_snap_search_px": 6,
      "a1_local_snap_search_up_px": 6,
      "a1_local_snap_search_down_px": 6,
      "a1_local_snap_prefer_lower_weight": 0.0,
      "a2_local_snap_x": 796,
      "a2_local_snap_y_px": 173,
      "a2_local_snap_search_px": 8,
      "a2_local_snap_search_up_px": 4,
      "a2_local_snap_search_down_px": 10,
      "a2_local_snap_prefer_lower_weight": 0.0,