{
  "saved_at_utc": "2026-03-31T15:11:31.428557+00:00",
  "source": "tomsk_sos70_param_charts",
  "freq_max_hz": 40.0,
  "values": {
    "scale_ranges": {
      "F": {
        "F1": [
          7.2,
          8.4
        ],
        "F2": [
          13.1,
          14.5
        ],
        "F3": [
          18.6,
          20.2
        ],
        "F4": [
          24.1,
          26.5
        ]
      },
      "A": {
        "A1": [
          1.0,
          45.0
        ],
        "A2": [
          1.0,
          61.5
        ],
        "A3": [
          2.2,
          12.2
        ],
        "A4": [
          1.1,
          10.2
        ]
      },
      "Q": {
        "Q1": [
          4.0,
          38.0
        ],
        "Q2": [
          5.0,
          17.5
        ],
        "Q3": [
          7.0,
          23.0
        ],
        "Q4": [
          5.0,
          30.0
        ]
      }
    },
    "scale_units": {
      "F_hz": "Hz",
      "A_value": "idx",
      "Q_value": "idx"
    },
    "F_norm": {
      "F1": 0.05226480836236934,
      "F2": 0.2613240418118467,
      "F3": 0.5574912891986062,
      "F4": 0.7526132404181185
    },
    "F_y_px": {
      "F1": 50,
      "F2": 110,
      "F3": 195,
      "F4": 251
    },
    "F_lane_norm": {
      "F1": 0.15789473684210525,
      "F2": 0.11538461538461539,
      "F3": 0.8043478260869565,
      "F4": 0.9565217391304348
    },
    "F_hz": {
      "F1": 8.210526315789474,
      "F2": 14.338461538461539,
      "F3": 18.91304347826087,
      "F4": 24.20434782608696
    },
    "A_norm": {
      "A1": 0.1289198606271777,
      "A2": 0.27177700348432055,
      "A3": 0.7421602787456446,
      "A4": 0.926829268292683
    },
    "A_y_px": {
      "A1": 72,
      "A2": 113,
      "A3": 248,
      "A4": 301
    },
    "A_lane_norm": {
      "A1": 0.3373493975903614,
      "A2": 0.21428571428571427,
      "A3": 0.9484536082474226,
      "A4": 0.7802197802197802
    },
    "A_value": {
      "A1": 30.156626506024097,
      "A2": 48.535714285714285,
      "A3": 2.7154639175257724,
      "A4": 3.0999999999999996
    },
    "Q_norm": {
      "Q1": 0.31010452961672474,
      "Q2": 0.5261324041811847,
      "Q3": 0.7142857142857143,
      "Q4": 0.9616724738675958
    },
    "Q_y_px": {
      "Q1": 124,
      "Q2": 186,
      "Q3": 240,
      "Q4": 311
    },
    "Q_lane_norm": {
      "Q1": 0.8426966292134831,
      "Q2": 0.845360824742268,
      "Q3": 0.8155339805825242,
      "Q4": 0.8823529411764706
    },
    "Q_value": {
      "Q1": 9.348314606741575,
      "Q2": 6.93298969072165,
      "Q3": 9.951456310679612,
      "Q4": 7.9411764705882355
    }
  },
  "debug": {
    "F": {
      "x_day0": 59,
      "x_day1": 393,
      "x_day2": 727,
      "day_w": 334.0,
      "x_day0_time": 59,
      "x_day1_time": 351,
      "x_day2_time": 643,
      "day_w_time": 292.0,
      "x_plot_end": 935,
      "x1_static": 936,
      "x1_dyn": 935,
      "x1_dyn_used": true,
      "pph": 12.166666666666666,
      "pph_source": "day_width (tick-mismatch-fallback)",
      "pph_tick": 19.0,
      "tick_pph_rel_err": 0.5616438356164384,
      "tick_pph_valid": false,
      "tick_count": 50,
      "tick_quality": 0.6944444444444444,
      "tick_used": false,
      "x_frontier": 894,
      "frontier_method": "activity_scan",
      "frontier_activity_thr": 0.37995838224887846,
      "frontier_activity_right_tail": 0.06915644556283951,
      "frontier_activity_run_px": 8,
      "guard_px": 4,
      "left_guard": 645,
      "right_guard": 890,
      "x_time": 913,
      "x_ideal": 913,
      "x_now": 913,
      "x_now_method": "harmonized_pair_cluster",
      "hour_now_tsst": 22.191944444444445,
      "rollover_hour_min": 3.0,
      "rollover_hour_max": 8.5,
      "delta_min_to_guard": -113.42465753424658,
      "delta_min_to_frontier": -93.69863013698631,
      "frontier_day_fill": 0.8595890410958904,
      "rollover_candidate": false,
      "bias_minutes_applied": 0.0,
      "measured_bias_minutes": null,
      "age_hours": null,
      "status": "ok",
      "x_now_before_harmonize": 890,
      "x_pick": 912,
      "x_pick_edge": 913,
      "x_pick_safe_right": 923,
      "x_overlay": 913,
      "f1_path_x_range": [
        899,
        913
      ],
      "f1_path_target_col": 13,
      "f1_path_y_px": 49,
      "f4_path_x_range": [
        899,
        913
      ],
      "f4_path_target_col": 13,
      "f4_path_y_px": 256,
      "f1_path2_x_range": [
        903,
        913
      ],
      "f1_path2_target_col": 9,
      "f1_path2_y_px": 49,
      "f1_path2_y_direct_px": 81,
      "f1_path2_direct_used": false,
      "f1_path2_direct_allowed": false,
      "f1_path2_left_weight": 0.35,
      "f1_path2_right_weight": 1.0,
      "f2_path2_x_range": [
        903,
        913
      ],
      "f2_path2_target_col": 9,
      "f2_path2_y_px": 115,
      "f2_path2_y_direct_px": 161,
      "f2_path2_direct_used": false,
      "f2_path2_direct_allowed": false,
      "f2_path2_left_weight": 0.4,
      "f2_path2_right_weight": 1.0,
      "f4_path2_x_range": [
        903,
        913
      ],
      "f4_path2_target_col": 9,
      "f4_path2_y_px": 257,
      "f4_path2_y_direct_px": 253,
      "f4_path2_direct_used": false,
      "f4_path2_direct_allowed": false,
      "f4_path2_left_weight": 0.4,
      "f4_path2_right_weight": 1.0,
      "f1_local_snap_x": 913,
      "f1_local_snap_y_px": 50,
      "f1_local_snap_search_px": 8,
      "f1_local_snap_search_up_px": 4,
      "f1_local_snap_search_down_px": 12,
      "f1_local_snap_prefer_lower_weight": 0.02,
      "f3_local_snap_x": 913,
      "f3_local_snap_y_px": 195,
      "f3_local_snap_search_px": 6,
      "f3_local_snap_search_up_px": 6,
      "f3_local_snap_search_down_px": 6,
      "f3_local_snap_prefer_lower_weight": 0.0,
      "f4_local_snap_x": 913,
      "f4_local_snap_y_px": 251,
      "f4_local_snap_search_px": 8,
      "f4_local_snap_search_up_px": 6,
      "f4_local_snap_search_down_px": 14,
      "f4_local_snap_prefer_lower_weight": 0.05,
      "f2_local_snap_x": 913,
      "f2_local_snap_y_px": 110,
      "f2_local_snap_search_px": 8,
      "f2_local_snap_search_up_px": 14,
      "f2_local_snap_search_down_px": 2,
      "f2_local_snap_prefer_lower_weight": 0.0,
      "f2_consensus_applied": false,
      "f2_consensus_x_range": [
        907,
        913
      ],
      "f2_consensus_y_px": 117,
      "f2_consensus_anchor_y_px": 110,
      "f2_consensus_seed_y_px": 116,
      "f2_consensus_support_cols": 4,
      "f2_consensus_support_ratio": 0.47772365565469016,
      "f2_consensus_jump_px": 7,
      "f2_consensus_tol_px": 5,
      "f2_consensus_reason": "low_support",
      "f3_consensus_applied": false,
      "f3_consensus_x_range": [
        907,
        913
      ],
      "f3_consensus_y_px": 202,
      "f3_consensus_anchor_y_px": 195,
      "f3_consensus_seed_y_px": 202,
      "f3_consensus_support_cols": 4,
      "f3_consensus_support_ratio": 0.5180356660362064,
      "f3_consensus_jump_px": 7,
      "f3_consensus_tol_px": 5,
      "f3_consensus_reason": "low_support",
      "f4_consensus_applied": false,
      "f4_consensus_x_range": [
        907,
        913
      ],
      "f4_consensus_y_px": 259,
      "f4_consensus_anchor_y_px": 251,
      "f4_consensus_seed_y_px": 259,
      "f4_consensus_support_cols": 4,
      "f4_consensus_support_ratio": 0.4766360594506265,
      "f4_consensus_jump_px": 8,
      "f4_consensus_tol_px": 6,
      "f4_consensus_reason": "low_support",
      "scale_ranges": {
        "F1": [
          7.2,
          8.4
        ],
        "F2": [
          13.1,
          14.5
        ],
        "F3": [
          18.6,
          20.2
        ],
        "F4": [
          24.1,
          26.5
        ]
      }
    },
    "A": {
      "x_day0": 59,
      "x_day1": 372,
      "x_day2": 685,
      "day_w": 313.0,
      "x_day0_time": 59,
      "x_day1_time": 351,
      "x_day2_time": 643,
      "day_w_time": 292.0,
      "x_plot_end": 935,