{
  "saved_at_utc": "2026-03-29T19:17:15.107157+00:00",
  "source": "tomsk_sos70_param_charts",
  "freq_max_hz": 40.0,
  "values": {
    "scale_ranges": {
      "F": {
        "F1": [
          7.2,
          8.4
        ],
        "F2": [
          13.1,
          14.5
        ],
        "F3": [
          18.6,
          20.2
        ],
        "F4": [
          24.1,
          26.5
        ]
      },
      "A": {
        "A1": [
          1.0,
          45.0
        ],
        "A2": [
          1.0,
          61.5
        ],
        "A3": [
          2.2,
          12.2
        ],
        "A4": [
          1.1,
          10.2
        ]
      },
      "Q": {
        "Q1": [
          4.0,
          38.0
        ],
        "Q2": [
          5.0,
          17.5
        ],
        "Q3": [
          7.0,
          23.0
        ],
        "Q4": [
          5.0,
          30.0
        ]
      }
    },
    "scale_units": {
      "F_hz": "Hz",
      "A_value": "idx",
      "Q_value": "idx"
    },
    "F_norm": {
      "F1": 0.1951219512195122,
      "F2": 0.39372822299651566,
      "F3": 0.519163763066202,
      "F4": 0.7526132404181185
    },
    "F_y_px": {
      "F1": 91,
      "F2": 148,
      "F3": 184,
      "F4": 251
    },
    "F_lane_norm": {
      "F1": 0.8771929824561403,
      "F2": 0.8461538461538461,
      "F3": 0.5652173913043478,
      "F4": 0.9565217391304348
    },
    "F_hz": {
      "F1": 7.347368421052632,
      "F2": 13.315384615384616,
      "F3": 19.295652173913044,
      "F4": 24.20434782608696
    },
    "A_norm": {
      "A1": 0.313588850174216,
      "A2": 0.4425087108013937,
      "A3": 0.7317073170731707,
      "A4": 0.926829268292683
    },
    "A_y_px": {
      "A1": 125,
      "A2": 162,
      "A3": 245,
      "A4": 301
    },
    "A_lane_norm": {
      "A1": 0.9759036144578314,
      "A2": 0.7142857142857143,
      "A3": 0.9175257731958762,
      "A4": 0.7802197802197802
    },
    "A_value": {
      "A1": 2.0602409638554207,
      "A2": 18.285714285714285,
      "A3": 3.024742268041237,
      "A4": 3.0999999999999996
    },
    "Q_norm": {
      "Q1": 0.2857142857142857,
      "Q2": 0.4564459930313589,
      "Q3": 0.7038327526132404,
      "Q4": 0.9059233449477352
    },
    "Q_y_px": {
      "Q1": 117,
      "Q2": 166,
      "Q3": 237,
      "Q4": 295
    },
    "Q_lane_norm": {
      "Q1": 0.7640449438202247,
      "Q2": 0.6391752577319587,
      "Q3": 0.7864077669902912,
      "Q4": 0.6941176470588235
    },
    "Q_value": {
      "Q1": 12.022471910112362,
      "Q2": 9.510309278350515,
      "Q3": 10.41747572815534,
      "Q4": 12.647058823529413
    }
  },
  "debug": {
    "F": {
      "x_day0": 59,
      "x_day1": 372,
      "x_day2": 684,
      "day_w": 312.5,
      "x_day0_time": 59,
      "x_day1_time": 351,
      "x_day2_time": 643,
      "day_w_time": 292.0,
      "x_plot_end": 935,
      "x1_static": 936,
      "x1_dyn": 935,
      "x1_dyn_used": true,
      "pph": 12.166666666666666,
      "pph_source": "day_width (tick-mismatch-fallback)",
      "pph_tick": 19.0,
      "tick_pph_rel_err": 0.5616438356164384,
      "tick_pph_valid": false,
      "tick_count": 50,
      "tick_quality": 0.6944444444444444,
      "tick_used": false,
      "x_frontier": 676,
      "frontier_method": "activity_scan",
      "frontier_activity_thr": 0.4952403962612152,
      "frontier_activity_right_tail": 0.19720615446567535,
      "frontier_activity_run_px": 8,
      "guard_px": 4,
      "left_guard": 645,
      "right_guard": 672,
      "x_time": 671,
      "x_ideal": 671,
      "x_now": 671,
      "x_now_method": "ideal",
      "hour_now_tsst": 2.2872222222222223,
      "rollover_hour_min": 3.0,
      "rollover_hour_max": 8.5,
      "delta_min_to_guard": 4.931506849315069,
      "delta_min_to_frontier": 24.657534246575345,
      "frontier_day_fill": 0.11301369863013698,
      "rollover_candidate": false,
      "bias_minutes_applied": 0.0,
      "measured_bias_minutes": null,
      "age_hours": null,
      "status": "ok",
      "x_pick": 670,
      "x_pick_edge": 671,
      "x_pick_safe_right": 923,
      "x_overlay": 671,
      "f1_path_x_range": [
        657,
        671
      ],
      "f1_path_target_col": 13,
      "f1_path_y_px": 90,
      "f4_path_x_range": [
        657,
        671
      ],
      "f4_path_target_col": 13,
      "f4_path_y_px": 251,
      "f1_path2_x_range": [
        661,
        671
      ],
      "f1_path2_target_col": 9,
      "f1_path2_y_px": 90,
      "f1_path2_y_direct_px": 70,
      "f1_path2_direct_used": false,
      "f1_path2_direct_allowed": false,
      "f1_path2_left_weight": 0.35,
      "f1_path2_right_weight": 1.0,
      "f2_path2_x_range": [
        661,
        671
      ],
      "f2_path2_target_col": 9,
      "f2_path2_y_px": 148,
      "f2_path2_y_direct_px": 150,
      "f2_path2_direct_used": false,
      "f2_path2_direct_allowed": false,
      "f2_path2_left_weight": 0.4,
      "f2_path2_right_weight": 1.0,
      "f4_path2_x_range": [
        661,
        671
      ],
      "f4_path2_target_col": 9,
      "f4_path2_y_px": 251,
      "f4_path2_y_direct_px": 250,
      "f4_path2_direct_used": false,
      "f4_path2_direct_allowed": false,
      "f4_path2_left_weight": 0.4,
      "f4_path2_right_weight": 1.0,
      "f1_local_snap_x": 671,
      "f1_local_snap_y_px": 91,
      "f1_local_snap_search_px": 8,
      "f1_local_snap_search_up_px": 4,
      "f1_local_snap_search_down_px": 12,
      "f1_local_snap_prefer_lower_weight": 0.02,
      "f3_local_snap_x": 671,
      "f3_local_snap_y_px": 184,
      "f3_local_snap_search_px": 6,
      "f3_local_snap_search_up_px": 6,
      "f3_local_snap_search_down_px": 6,
      "f3_local_snap_prefer_lower_weight": 0.0,
      "f4_local_snap_x": 671,
      "f4_local_snap_y_px": 251,
      "f4_local_snap_search_px": 8,
      "f4_local_snap_search_up_px": 6,
      "f4_local_snap_search_down_px": 14,
      "f4_local_snap_prefer_lower_weight": 0.05,
      "f2_local_snap_x": 671,
      "f2_local_snap_y_px": 150,
      "f2_local_snap_search_px": 8,
      "f2_local_snap_search_up_px": 14,
      "f2_local_snap_search_down_px": 2,
      "f2_local_snap_prefer_lower_weight": 0.0,
      "f2_consensus_x_range": [
        665,
        671
      ],
      "f2_consensus_y_px": 148,
      "f2_consensus_anchor_y_px": 150,
      "f2_consensus_seed_y_px": 146,
      "f2_consensus_support_cols": 6,
      "f2_consensus_support_ratio": 0.9119565519091809,
      "f2_consensus_jump_px": 2,
      "f2_consensus_tol_px": 5,
      "f2_consensus_reason": "accepted",
      "f2_consensus_applied": true,
      "f3_consensus_x_range": [
        665,
        671
      ],
      "f3_consensus_y_px": 184,
      "f3_consensus_anchor_y_px": 184,
      "f3_consensus_seed_y_px": 180,
      "f3_consensus_support_cols": 4,
      "f3_consensus_support_ratio": 0.6852843417016684,
      "f3_consensus_jump_px": 0,
      "f3_consensus_tol_px": 5,
      "f3_consensus_reason": "accepted",
      "f3_consensus_applied": true,
      "f4_consensus_x_range": [
        665,
        671
      ],
      "f4_consensus_y_px": 251,
      "f4_consensus_anchor_y_px": 251,
      "f4_consensus_seed_y_px": 251,
      "f4_consensus_support_cols": 5,
      "f4_consensus_support_ratio": 0.7963193712259177,
      "f4_consensus_jump_px": 0,
      "f4_consensus_tol_px": 6,
      "f4_consensus_reason": "accepted",
      "f4_consensus_applied": true,
      "scale_ranges": {
        "F1": [
          7.2,
          8.4
        ],
        "F2": [
          13.1,
          14.5
        ],
        "F3": [
          18.6,
          20.2
        ],
        "F4": [
          24.1,
          26.5
        ]
      }
    },
    "A": {
      "x_day0": 59,
      "x_day1": 372,
      "x_day2": 684,
      "day_w": 312.5,
      "x_day0_time": 59,
      "x_day1_time": 351,
      "x_day2_time": 643,
      "day_w_time": 292.0,
      "x_plot_end": 935,
      "x1_static": 936,
      "x1_dyn": 935,
      "x1_dyn_used": true,