{
  "saved_at_utc": "2026-03-25T18:07:41.574055+00:00",
  "source": "tomsk_sos70_param_charts",
  "freq_max_hz": 40.0,
  "values": {
    "scale_ranges": {
      "F": {
        "F1": [
          7.2,
          8.4
        ],
        "F2": [
          13.1,
          14.5
        ],
        "F3": [
          18.6,
          20.2
        ],
        "F4": [
          24.1,
          26.5
        ]
      },
      "A": {
        "A1": [
          1.0,
          45.0
        ],
        "A2": [
          1.0,
          61.5
        ],
        "A3": [
          2.2,
          12.2
        ],
        "A4": [
          1.1,
          10.2
        ]
      },
      "Q": {
        "Q1": [
          4.0,
          38.0
        ],
        "Q2": [
          5.0,
          17.5
        ],
        "Q3": [
          7.0,
          23.0
        ],
        "Q4": [
          5.0,
          30.0
        ]
      }
    },
    "scale_units": {
      "F_hz": "Hz",
      "A_value": "idx",
      "Q_value": "idx"
    },
    "F_norm": {
      "F1": 0.17770034843205576,
      "F2": 0.40418118466898956,
      "F3": 0.4564459930313589,
      "F4": 0.7421602787456446
    },
    "F_y_px": {
      "F1": 86,
      "F2": 151,
      "F3": 166,
      "F4": 248
    },
    "F_lane_norm": {
      "F1": 0.7894736842105263,
      "F2": 0.9038461538461539,
      "F3": 0.17391304347826086,
      "F4": 0.8913043478260869
    },
    "F_hz": {
      "F1": 7.4526315789473685,
      "F2": 13.234615384615385,
      "F3": 19.921739130434784,
      "F4": 24.360869565217392
    },
    "A_norm": {
      "A1": 0.2787456445993031,
      "A2": 0.3693379790940767,
      "A3": 0.7177700348432056,
      "A4": 0.9616724738675958
    },
    "A_y_px": {
      "A1": 115,
      "A2": 141,
      "A3": 241,
      "A4": 311
    },
    "A_lane_norm": {
      "A1": 0.8554216867469879,
      "A2": 0.5,
      "A3": 0.8762886597938144,
      "A4": 0.8901098901098901
    },
    "A_value": {
      "A1": 7.361445783132531,
      "A2": 31.25,
      "A3": 3.437113402061854,
      "A4": 2.0999999999999996
    },
    "Q_norm": {
      "Q1": 0.18466898954703834,
      "Q2": 0.3310104529616725,
      "Q3": 0.735191637630662,
      "Q4": 0.9198606271777003
    },
    "Q_y_px": {
      "Q1": 88,
      "Q2": 130,
      "Q3": 246,
      "Q4": 299
    },
    "Q_lane_norm": {
      "Q1": 0.43820224719101125,
      "Q2": 0.26804123711340205,
      "Q3": 0.8737864077669902,
      "Q4": 0.7411764705882353
    },
    "Q_value": {
      "Q1": 23.10112359550562,
      "Q2": 14.149484536082474,
      "Q3": 9.019417475728156,
      "Q4": 11.470588235294116
    }
  },
  "debug": {
    "F": {
      "x_day0": 59,
      "x_day1": 372,
      "x_day2": 684,
      "day_w": 312.5,
      "x_day0_time": 59,
      "x_day1_time": 351,
      "x_day2_time": 643,
      "day_w_time": 292.0,
      "x_plot_end": 935,
      "x1_static": 936,
      "x1_dyn": 935,
      "x1_dyn_used": true,
      "pph": 12.166666666666666,
      "pph_source": "day_width (tick-mismatch-fallback)",
      "pph_tick": 19.0,
      "tick_pph_rel_err": 0.5616438356164384,
      "tick_pph_valid": false,
      "tick_count": 50,
      "tick_quality": 0.6944444444444444,
      "tick_used": false,
      "x_frontier": 657,
      "frontier_method": "activity_scan",
      "frontier_activity_thr": 0.47244131565093994,
      "frontier_activity_right_tail": 0.20842930674552917,
      "frontier_activity_run_px": 8,
      "guard_px": 4,
      "left_guard": 645,
      "right_guard": 653,
      "x_time": 657,
      "x_ideal": 657,
      "x_now": 653,
      "x_now_method": "guard_invalid",
      "hour_now_tsst": 1.1280555555555556,
      "rollover_hour_min": 3.0,
      "rollover_hour_max": 8.5,
      "delta_min_to_guard": -19.726027397260275,
      "delta_min_to_frontier": 0.0,
      "frontier_day_fill": 0.04794520547945205,
      "rollover_candidate": false,
      "bias_minutes_applied": 0.0,
      "measured_bias_minutes": null,
      "age_hours": null,
      "status": "no_recent_data",
      "x_pick": 652,
      "x_pick_edge": 653,
      "x_pick_safe_right": 923,
      "x_overlay": 653,
      "f1_path_x_range": [
        639,
        653
      ],
      "f1_path_target_col": 13,
      "f1_path_y_px": 90,
      "f4_path_x_range": [
        639,
        653
      ],
      "f4_path_target_col": 13,
      "f4_path_y_px": 251,
      "f1_path2_x_range": [
        643,
        653
      ],
      "f1_path2_target_col": 9,
      "f1_path2_y_px": 90,
      "f1_path2_y_direct_px": 72,
      "f1_path2_direct_used": false,
      "f1_path2_direct_allowed": false,
      "f1_path2_left_weight": 0.35,
      "f1_path2_right_weight": 1.0,
      "f2_path2_x_range": [
        643,
        653
      ],
      "f2_path2_target_col": 9,
      "f2_path2_y_px": 161,
      "f2_path2_y_direct_px": 158,
      "f2_path2_direct_used": false,
      "f2_path2_direct_allowed": false,
      "f2_path2_left_weight": 0.4,
      "f2_path2_right_weight": 1.0,
      "f4_path2_x_range": [
        643,
        653
      ],
      "f4_path2_target_col": 9,
      "f4_path2_y_px": 245,
      "f4_path2_y_direct_px": 249,
      "f4_path2_direct_used": false,
      "f4_path2_direct_allowed": false,
      "f4_path2_left_weight": 0.4,
      "f4_path2_right_weight": 1.0,
      "f1_local_snap_x": 653,
      "f1_local_snap_y_px": 86,
      "f1_local_snap_search_px": 8,
      "f1_local_snap_search_up_px": 4,
      "f1_local_snap_search_down_px": 12,
      "f1_local_snap_prefer_lower_weight": 0.02,
      "f3_local_snap_x": 653,
      "f3_local_snap_y_px": 161,
      "f3_local_snap_search_px": 6,
      "f3_local_snap_search_up_px": 6,
      "f3_local_snap_search_down_px": 6,
      "f3_local_snap_prefer_lower_weight": 0.0,
      "f4_local_snap_x": 653,
      "f4_local_snap_y_px": 249,
      "f4_local_snap_search_px": 8,
      "f4_local_snap_search_up_px": 6,
      "f4_local_snap_search_down_px": 14,
      "f4_local_snap_prefer_lower_weight": 0.05,
      "f2_local_snap_x": 653,
      "f2_local_snap_y_px": 151,
      "f2_local_snap_search_px": 8,
      "f2_local_snap_search_up_px": 14,
      "f2_local_snap_search_down_px": 2,
      "f2_local_snap_prefer_lower_weight": 0.0,
      "f2_consensus_x_range": [
        647,
        653
      ],
      "f2_consensus_y_px": 151,
      "f2_consensus_anchor_y_px": 151,
      "f2_consensus_seed_y_px": 151,
      "f2_consensus_support_cols": 4,
      "f2_consensus_support_ratio": 0.6020087139985768,
      "f2_consensus_jump_px": 0,
      "f2_consensus_tol_px": 5,
      "f2_consensus_reason": "accepted",
      "f2_consensus_applied": true,
      "f3_consensus_x_range": [
        647,
        653
      ],
      "f3_consensus_y_px": 166,
      "f3_consensus_anchor_y_px": 161,
      "f3_consensus_seed_y_px": 166,
      "f3_consensus_support_cols": 5,
      "f3_consensus_support_ratio": 0.6392987657725988,
      "f3_consensus_jump_px": 5,
      "f3_consensus_tol_px": 5,
      "f3_consensus_reason": "accepted",
      "f3_consensus_applied": true,
      "f4_consensus_x_range": [
        647,
        653
      ],
      "f4_consensus_y_px": 248,
      "f4_consensus_anchor_y_px": 249,
      "f4_consensus_seed_y_px": 244,
      "f4_consensus_support_cols": 7,
      "f4_consensus_support_ratio": 1.0,
      "f4_consensus_jump_px": 1,
      "f4_consensus_tol_px": 6,
      "f4_consensus_reason": "accepted",
      "f4_consensus_applied": true,
      "scale_ranges": {
        "F1": [
          7.2,
          8.4
        ],
        "F2": [
          13.1,
          14.5
        ],
        "F3": [
          18.6,
          20.2
        ],
        "F4": [
          24.1,
          26.5
        ]
      }
    },
    "A": {
      "x_day0": 59,
      "x_day1": 372,
      "x_day2": 684,
      "day_w": 312.5,
      "x_day0_time": 59,
      "x_day1_time": 351,
      "x_day2_time": 643,
      "day_w_time": 292.0,
      "x_plot_end": 935,
      "x1_static": 936,
      "x1_dyn": 935,
      "x1_dyn_used": true,
      "pph": 12.166666666666666,