{
  "saved_at_utc": "2026-03-14T05:48:56.106014+00:00",
  "source": "tomsk_sos70_param_charts",
  "freq_max_hz": 40.0,
  "values": {
    "scale_ranges": {
      "F": {
        "F1": [
          7.2,
          8.4
        ],
        "F2": [
          13.1,
          14.5
        ],
        "F3": [
          18.6,
          20.2
        ],
        "F4": [
          24.1,
          26.5
        ]
      },
      "A": {
        "A1": [
          1.0,
          45.0
        ],
        "A2": [
          1.0,
          61.5
        ],
        "A3": [
          2.2,
          12.2
        ],
        "A4": [
          1.1,
          10.2
        ]
      },
      "Q": {
        "Q1": [
          4.0,
          38.0
        ],
        "Q2": [
          5.0,
          17.5
        ],
        "Q3": [
          7.0,
          23.0
        ],
        "Q4": [
          5.0,
          30.0
        ]
      }
    },
    "scale_units": {
      "F_hz": "Hz",
      "A_value": "idx",
      "Q_value": "idx"
    },
    "F_norm": {
      "F1": 0.11498257839721254,
      "F2": 0.4076655052264808,
      "F3": 0.4912891986062718,
      "F4": 0.7282229965156795
    },
    "F_y_px": {
      "F1": 68,
      "F2": 152,
      "F3": 176,
      "F4": 244
    },
    "F_lane_norm": {
      "F1": 0.47368421052631576,
      "F2": 0.9230769230769231,
      "F3": 0.391304347826087,
      "F4": 0.8043478260869565
    },
    "F_hz": {
      "F1": 7.831578947368421,
      "F2": 13.207692307692307,
      "F3": 19.57391304347826,
      "F4": 24.569565217391304
    },
    "A_norm": {
      "A1": 0.313588850174216,
      "A2": 0.5087108013937283,
      "A3": 0.710801393728223,
      "A4": 0.818815331010453
    },
    "A_y_px": {
      "A1": 125,
      "A2": 181,
      "A3": 239,
      "A4": 270
    },
    "A_lane_norm": {
      "A1": 0.9759036144578314,
      "A2": 0.9081632653061225,
      "A3": 0.8556701030927835,
      "A4": 0.43956043956043955
    },
    "A_value": {
      "A1": 2.0602409638554207,
      "A2": 6.556122448979593,
      "A3": 3.6432989690721644,
      "A4": 6.199999999999999
    },
    "Q_norm": {
      "Q1": 0.3240418118466899,
      "Q2": 0.3588850174216028,
      "Q3": 0.6515679442508711,
      "Q4": 0.89198606271777
    },
    "Q_y_px": {
      "Q1": 128,
      "Q2": 138,
      "Q3": 222,
      "Q4": 291
    },
    "Q_lane_norm": {
      "Q1": 0.8876404494382022,
      "Q2": 0.35051546391752575,
      "Q3": 0.6407766990291263,
      "Q4": 0.6470588235294118
    },
    "Q_value": {
      "Q1": 7.820224719101127,
      "Q2": 13.11855670103093,
      "Q3": 12.74757281553398,
      "Q4": 13.823529411764707
    }
  },
  "debug": {
    "F": {
      "x_day0": 59,
      "x_day1": 375,
      "x_day2": 691,
      "day_w": 316.0,
      "x_day0_time": 59,
      "x_day1_time": 351,
      "x_day2_time": 643,
      "day_w_time": 292.0,
      "x_plot_end": 935,
      "x1_static": 936,
      "x1_dyn": 935,
      "x1_dyn_used": true,
      "pph": 12.166666666666666,
      "pph_source": "day_width (tick-mismatch-fallback)",
      "pph_tick": 19.0,
      "tick_pph_rel_err": 0.5616438356164384,
      "tick_pph_valid": false,
      "tick_count": 50,
      "tick_quality": 0.6944444444444444,
      "tick_used": false,
      "x_frontier": 797,
      "frontier_method": "activity_scan",
      "frontier_activity_thr": 0.44400926530361173,
      "frontier_activity_right_tail": 0.15853044390678406,
      "frontier_activity_run_px": 8,
      "guard_px": 4,
      "left_guard": 645,
      "right_guard": 793,
      "x_time": 799,
      "x_ideal": 799,
      "x_now": 799,
      "x_now_method": "ideal",
      "hour_now_tsst": 12.815277777777778,
      "rollover_hour_min": 3.0,
      "rollover_hour_max": 8.5,
      "delta_min_to_guard": -29.589041095890412,
      "delta_min_to_frontier": -9.863013698630137,
      "frontier_day_fill": 0.5273972602739726,
      "rollover_candidate": false,
      "bias_minutes_applied": 0.0,
      "measured_bias_minutes": null,
      "age_hours": null,
      "status": "ok",
      "x_pick": 798,
      "x_pick_edge": 799,
      "x_pick_safe_right": 923,
      "x_overlay": 799,
      "f1_path_x_range": [
        785,
        799
      ],
      "f1_path_target_col": 13,
      "f1_path_y_px": 67,
      "f4_path_x_range": [
        785,
        799
      ],
      "f4_path_target_col": 13,
      "f4_path_y_px": 250,
      "f1_path2_x_range": [
        789,
        799
      ],
      "f1_path2_target_col": 9,
      "f1_path2_y_px": 67,
      "f1_path2_y_direct_px": 67,
      "f1_path2_direct_used": false,
      "f1_path2_direct_allowed": false,
      "f1_path2_left_weight": 0.35,
      "f1_path2_right_weight": 1.0,
      "f2_path2_x_range": [
        789,
        799
      ],
      "f2_path2_target_col": 9,
      "f2_path2_y_px": 161,
      "f2_path2_y_direct_px": 153,
      "f2_path2_direct_used": false,
      "f2_path2_direct_allowed": false,
      "f2_path2_left_weight": 0.4,
      "f2_path2_right_weight": 1.0,
      "f4_path2_x_range": [
        789,
        799
      ],
      "f4_path2_target_col": 9,
      "f4_path2_y_px": 244,
      "f4_path2_y_direct_px": 246,
      "f4_path2_direct_used": false,
      "f4_path2_direct_allowed": false,
      "f4_path2_left_weight": 0.4,
      "f4_path2_right_weight": 1.0,
      "f1_local_snap_x": 799,
      "f1_local_snap_y_px": 68,
      "f1_local_snap_search_px": 8,
      "f1_local_snap_search_up_px": 4,
      "f1_local_snap_search_down_px": 12,
      "f1_local_snap_prefer_lower_weight": 0.02,
      "f3_local_snap_x": 799,
      "f3_local_snap_y_px": 177,
      "f3_local_snap_search_px": 6,
      "f3_local_snap_search_up_px": 6,
      "f3_local_snap_search_down_px": 6,
      "f3_local_snap_prefer_lower_weight": 0.0,
      "f4_local_snap_x": 799,
      "f4_local_snap_y_px": 256,
      "f4_local_snap_search_px": 8,
      "f4_local_snap_search_up_px": 6,
      "f4_local_snap_search_down_px": 14,
      "f4_local_snap_prefer_lower_weight": 0.05,
      "f2_local_snap_x": 799,
      "f2_local_snap_y_px": 152,
      "f2_local_snap_search_px": 8,
      "f2_local_snap_search_up_px": 14,
      "f2_local_snap_search_down_px": 2,
      "f2_local_snap_prefer_lower_weight": 0.0,
      "f2_consensus_applied": false,
      "f2_consensus_x_range": [
        793,
        799
      ],
      "f2_consensus_y_px": 151,
      "f2_consensus_anchor_y_px": 152,
      "f2_consensus_seed_y_px": 151,
      "f2_consensus_support_cols": 3,
      "f2_consensus_support_ratio": 0.5314240702188712,
      "f2_consensus_jump_px": 1,
      "f2_consensus_tol_px": 5,
      "f2_consensus_reason": "low_support",
      "f3_consensus_x_range": [
        793,
        799
      ],
      "f3_consensus_y_px": 176,
      "f3_consensus_anchor_y_px": 177,
      "f3_consensus_seed_y_px": 174,
      "f3_consensus_support_cols": 6,
      "f3_consensus_support_ratio": 0.8308466674924274,
      "f3_consensus_jump_px": 1,
      "f3_consensus_tol_px": 5,
      "f3_consensus_reason": "accepted",
      "f3_consensus_applied": true,
      "f4_consensus_x_range": [
        793,
        799
      ],
      "f4_consensus_y_px": 244,
      "f4_consensus_anchor_y_px": 256,
      "f4_consensus_seed_y_px": 242,
      "f4_consensus_support_cols": 5,
      "f4_consensus_support_ratio": 0.6387196275830747,
      "f4_consensus_jump_px": 12,
      "f4_consensus_tol_px": 6,
      "f4_consensus_reason": "accepted",
      "f4_consensus_applied": true,
      "scale_ranges": {
        "F1": [
          7.2,
          8.4
        ],
        "F2": [
          13.1,
          14.5
        ],
        "F3": [
          18.6,
          20.2
        ],
        "F4": [
          24.1,
          26.5
        ]
      }
    },
    "A": {
      "x_day0": 59,
      "x_day1": 372,
      "x_day2": 684,
      "day_w": 312.5,
      "x_day0_time": 59,
      "x_day1_time": 351,
      "x_day2_time": 643,
      "day_w_time": 292.0,
      "x_plot_end": 935,
      "x1_static": 936,
      "x1_dyn": 935,
      "x1_dyn_used": true,