{
  "saved_at_utc": "2026-04-04T10:15:18.054218+00:00",
  "source": "tomsk_sos70_param_charts",
  "freq_max_hz": 40.0,
  "values": {
    "scale_ranges": {
      "F": {
        "F1": [
          7.2,
          8.4
        ],
        "F2": [
          13.1,
          14.5
        ],
        "F3": [
          18.6,
          20.2
        ],
        "F4": [
          24.1,
          26.5
        ]
      },
      "A": {
        "A1": [
          1.0,
          45.0
        ],
        "A2": [
          1.0,
          61.5
        ],
        "A3": [
          2.2,
          12.2
        ],
        "A4": [
          1.1,
          10.2
        ]
      },
      "Q": {
        "Q1": [
          4.0,
          38.0
        ],
        "Q2": [
          5.0,
          17.5
        ],
        "Q3": [
          7.0,
          23.0
        ],
        "Q4": [
          5.0,
          30.0
        ]
      }
    },
    "scale_units": {
      "F_hz": "Hz",
      "A_value": "idx",
      "Q_value": "idx"
    },
    "F_norm": {
      "F1": 0.11149825783972125,
      "F2": 0.4181184668989547,
      "F3": 0.4529616724738676,
      "F4": 0.7526132404181185
    },
    "F_y_px": {
      "F1": 67,
      "F2": 155,
      "F3": 165,
      "F4": 251
    },
    "F_lane_norm": {
      "F1": 0.45614035087719296,
      "F2": 0.9807692307692307,
      "F3": 0.15217391304347827,
      "F4": 0.9565217391304348
    },
    "F_hz": {
      "F1": 7.852631578947369,
      "F2": 13.126923076923077,
      "F3": 19.956521739130434,
      "F4": 24.20434782608696
    },
    "A_norm": {
      "A1": 0.2961672473867596,
      "A2": 0.5087108013937283,
      "A3": 0.7247386759581882,
      "A4": 0.9512195121951219
    },
    "A_y_px": {
      "A1": 120,
      "A2": 181,
      "A3": 243,
      "A4": 308
    },
    "A_lane_norm": {
      "A1": 0.9156626506024096,
      "A2": 0.9081632653061225,
      "A3": 0.8969072164948454,
      "A4": 0.8571428571428571
    },
    "A_value": {
      "A1": 4.710843373493979,
      "A2": 6.556122448979593,
      "A3": 3.2309278350515456,
      "A4": 2.4000000000000004
    },
    "Q_norm": {
      "Q1": 0.25435540069686413,
      "Q2": 0.5087108013937283,
      "Q3": 0.6445993031358885,
      "Q4": 0.8780487804878049
    },
    "Q_y_px": {
      "Q1": 108,
      "Q2": 181,
      "Q3": 220,
      "Q4": 287
    },
    "Q_lane_norm": {
      "Q1": 0.6629213483146067,
      "Q2": 0.7938144329896907,
      "Q3": 0.6213592233009708,
      "Q4": 0.6
    },
    "Q_value": {
      "Q1": 15.460674157303373,
      "Q2": 7.577319587628866,
      "Q3": 13.058252427184467,
      "Q4": 15.0
    }
  },
  "debug": {
    "F": {
      "x_day0": 59,
      "x_day1": 392,
      "x_day2": 726,
      "day_w": 333.5,
      "x_day0_time": 59,
      "x_day1_time": 351,
      "x_day2_time": 643,
      "day_w_time": 292.0,
      "x_plot_end": 935,
      "x1_static": 936,
      "x1_dyn": 935,
      "x1_dyn_used": true,
      "pph": 12.166666666666666,
      "pph_source": "day_width (tick-mismatch-fallback)",
      "pph_tick": 19.0,
      "tick_pph_rel_err": 0.5616438356164384,
      "tick_pph_valid": false,
      "tick_count": 50,
      "tick_quality": 0.6944444444444444,
      "tick_used": false,
      "x_frontier": 850,
      "frontier_method": "activity_scan",
      "frontier_activity_thr": 0.43767145872116087,
      "frontier_activity_right_tail": 0.061375003308057785,
      "frontier_activity_run_px": 8,
      "guard_px": 4,
      "left_guard": 645,
      "right_guard": 846,
      "x_time": 853,
      "x_ideal": 853,
      "x_now": 853,
      "x_now_method": "ideal",
      "hour_now_tsst": 17.254722222222224,
      "rollover_hour_min": 3.0,
      "rollover_hour_max": 8.5,
      "delta_min_to_guard": -34.520547945205486,
      "delta_min_to_frontier": -14.794520547945206,
      "frontier_day_fill": 0.708904109589041,
      "rollover_candidate": false,
      "bias_minutes_applied": 0.0,
      "measured_bias_minutes": null,
      "age_hours": null,
      "status": "ok",
      "x_pick": 852,
      "x_pick_edge": 853,
      "x_pick_safe_right": 923,
      "x_overlay": 853,
      "f1_path_x_range": [
        839,
        853
      ],
      "f1_path_target_col": 13,
      "f1_path_y_px": 66,
      "f4_path_x_range": [
        839,
        853
      ],
      "f4_path_target_col": 13,
      "f4_path_y_px": 252,
      "f1_path2_x_range": [
        843,
        853
      ],
      "f1_path2_target_col": 9,
      "f1_path2_y_px": 66,
      "f1_path2_y_direct_px": 79,
      "f1_path2_direct_used": false,
      "f1_path2_direct_allowed": false,
      "f1_path2_left_weight": 0.35,
      "f1_path2_right_weight": 1.0,
      "f2_path2_x_range": [
        843,
        853
      ],
      "f2_path2_target_col": 9,
      "f2_path2_y_px": 153,
      "f2_path2_y_direct_px": 153,
      "f2_path2_direct_used": false,
      "f2_path2_direct_allowed": false,
      "f2_path2_left_weight": 0.4,
      "f2_path2_right_weight": 1.0,
      "f4_path2_x_range": [
        843,
        853
      ],
      "f4_path2_target_col": 9,
      "f4_path2_y_px": 252,
      "f4_path2_y_direct_px": 258,
      "f4_path2_direct_used": false,
      "f4_path2_direct_allowed": false,
      "f4_path2_left_weight": 0.4,
      "f4_path2_right_weight": 1.0,
      "f1_local_snap_x": 853,
      "f1_local_snap_y_px": 67,
      "f1_local_snap_search_px": 8,
      "f1_local_snap_search_up_px": 4,
      "f1_local_snap_search_down_px": 12,
      "f1_local_snap_prefer_lower_weight": 0.02,
      "f3_local_snap_x": 853,
      "f3_local_snap_y_px": 165,
      "f3_local_snap_search_px": 6,
      "f3_local_snap_search_up_px": 6,
      "f3_local_snap_search_down_px": 6,
      "f3_local_snap_prefer_lower_weight": 0.0,
      "f4_local_snap_x": 853,
      "f4_local_snap_y_px": 251,
      "f4_local_snap_search_px": 8,
      "f4_local_snap_search_up_px": 6,
      "f4_local_snap_search_down_px": 14,
      "f4_local_snap_prefer_lower_weight": 0.05,
      "f2_local_snap_x": 853,
      "f2_local_snap_y_px": 151,
      "f2_local_snap_search_px": 8,
      "f2_local_snap_search_up_px": 14,
      "f2_local_snap_search_down_px": 2,
      "f2_local_snap_prefer_lower_weight": 0.0,
      "f2_consensus_x_range": [
        847,
        853
      ],
      "f2_consensus_y_px": 155,
      "f2_consensus_anchor_y_px": 151,
      "f2_consensus_seed_y_px": 155,
      "f2_consensus_support_cols": 5,
      "f2_consensus_support_ratio": 0.6325982371738595,
      "f2_consensus_jump_px": 4,
      "f2_consensus_tol_px": 5,
      "f2_consensus_reason": "accepted",
      "f2_consensus_applied": true,
      "f3_consensus_applied": false,
      "f3_consensus_x_range": [
        847,
        853
      ],
      "f3_consensus_y_px": 165,
      "f3_consensus_anchor_y_px": 165,
      "f3_consensus_seed_y_px": 165,
      "f3_consensus_support_cols": 3,
      "f3_consensus_support_ratio": 0.4620261760711199,
      "f3_consensus_jump_px": 0,
      "f3_consensus_tol_px": 5,
      "f3_consensus_reason": "low_support",
      "f4_consensus_x_range": [
        847,
        853
      ],
      "f4_consensus_y_px": 251,
      "f4_consensus_anchor_y_px": 251,
      "f4_consensus_seed_y_px": 252,
      "f4_consensus_support_cols": 4,
      "f4_consensus_support_ratio": 0.6837146965887636,
      "f4_consensus_jump_px": 0,
      "f4_consensus_tol_px": 6,
      "f4_consensus_reason": "accepted",
      "f4_consensus_applied": true,
      "scale_ranges": {
        "F1": [
          7.2,
          8.4
        ],
        "F2": [
          13.1,
          14.5
        ],
        "F3": [
          18.6,
          20.2
        ],
        "F4": [
          24.1,
          26.5
        ]
      }
    },
    "A": {
      "x_day0": 59,
      "x_day1": 392,
      "x_day2": 726,
      "day_w": 333.5,
      "x_day0_time": 59,
      "x_day1_time": 351,
      "x_day2_time": 643,
      "day_w_time": 292.0,
      "x_plot_end": 935,
      "x1_static": 936,
      "x1_dyn": 935,
      "x1_dyn_used": true,
      "pph": 12.166666666666666,