{
  "saved_at_utc": "2026-05-09T02:46:10.242473+00:00",
  "source": "tomsk_sos70_param_charts",
  "freq_max_hz": 40.0,
  "values": {
    "scale_ranges": {
      "F": {
        "F1": [
          7.2,
          8.4
        ],
        "F2": [
          13.1,
          14.5
        ],
        "F3": [
          18.6,
          20.2
        ],
        "F4": [
          24.1,
          26.5
        ]
      },
      "A": {
        "A1": [
          1.0,
          45.0
        ],
        "A2": [
          1.0,
          61.5
        ],
        "A3": [
          2.2,
          12.2
        ],
        "A4": [
          1.1,
          10.2
        ]
      },
      "Q": {
        "Q1": [
          4.0,
          38.0
        ],
        "Q2": [
          5.0,
          17.5
        ],
        "Q3": [
          7.0,
          23.0
        ],
        "Q4": [
          5.0,
          30.0
        ]
      }
    },
    "scale_units": {
      "F_hz": "Hz",
      "A_value": "idx",
      "Q_value": "idx"
    },
    "F_norm": {
      "F1": 0.1986062717770035,
      "F2": 0.3344947735191638,
      "F3": 0.519163763066202,
      "F4": 0.7456445993031359
    },
    "F_y_px": {
      "F1": 92,
      "F2": 131,
      "F3": 184,
      "F4": 249
    },
    "F_lane_norm": {
      "F1": 0.8947368421052632,
      "F2": 0.5192307692307693,
      "F3": 0.5652173913043478,
      "F4": 0.9130434782608695
    },
    "F_hz": {
      "F1": 7.326315789473684,
      "F2": 13.773076923076923,
      "F3": 19.295652173913044,
      "F4": 24.308695652173913
    },
    "A_norm": {
      "A1": 0.11846689895470383,
      "A2": 0.3310104529616725,
      "A3": 0.7038327526132404,
      "A4": 0.89198606271777
    },
    "A_y_px": {
      "A1": 69,
      "A2": 130,
      "A3": 237,
      "A4": 291
    },
    "A_lane_norm": {
      "A1": 0.30120481927710846,
      "A2": 0.3877551020408163,
      "A3": 0.8350515463917526,
      "A4": 0.6703296703296703
    },
    "A_value": {
      "A1": 31.746987951807228,
      "A2": 38.04081632653062,
      "A3": 3.849484536082473,
      "A4": 4.1
    },
    "Q_norm": {
      "Q1": 0.2578397212543554,
      "Q2": 0.2613240418118467,
      "Q3": 0.6341463414634146,
      "Q4": 0.9372822299651568
    },
    "Q_y_px": {
      "Q1": 109,
      "Q2": 110,
      "Q3": 217,
      "Q4": 304
    },
    "Q_lane_norm": {
      "Q1": 0.6741573033707865,
      "Q2": 0.061855670103092786,
      "Q3": 0.5922330097087378,
      "Q4": 0.8
    },
    "Q_value": {
      "Q1": 15.078651685393258,
      "Q2": 16.72680412371134,
      "Q3": 13.524271844660195,
      "Q4": 10.0
    }
  },
  "debug": {
    "F": {
      "x_day0": 59,
      "x_day1": 363,
      "x_day2": 667,
      "day_w": 304.0,
      "x_day0_time": 59,
      "x_day1_time": 351,
      "x_day2_time": 643,
      "day_w_time": 292.0,
      "x_plot_end": 935,
      "x1_static": 936,
      "x1_dyn": 935,
      "x1_dyn_used": true,
      "pph": 12.166666666666666,
      "pph_source": "day_width (tick-mismatch-fallback)",
      "pph_tick": 19.0,
      "tick_pph_rel_err": 0.5616438356164384,
      "tick_pph_valid": false,
      "tick_count": 50,
      "tick_quality": 0.6944444444444444,
      "tick_used": false,
      "x_frontier": 916,
      "frontier_method": "activity_scan",
      "frontier_activity_thr": 0.4427289366722107,
      "frontier_activity_right_tail": 0.1961814910173416,
      "frontier_activity_run_px": 8,
      "guard_px": 4,
      "left_guard": 645,
      "right_guard": 912,
      "x_time": 762,
      "x_ideal": 762,
      "x_now": 762,
      "x_now_method": "ideal",
      "hour_now_tsst": 9.769444444444446,
      "rollover_hour_min": 3.0,
      "rollover_hour_max": 8.5,
      "delta_min_to_guard": 739.7260273972604,
      "delta_min_to_frontier": 759.4520547945206,
      "frontier_day_fill": 0.934931506849315,
      "rollover_candidate": false,
      "bias_minutes_applied": 0.0,
      "measured_bias_minutes": null,
      "age_hours": null,
      "status": "ok",
      "x_pick": 761,
      "x_pick_edge": 762,
      "x_pick_safe_right": 923,
      "x_overlay": 762,
      "f1_path_x_range": [
        748,
        762
      ],
      "f1_path_target_col": 13,
      "f1_path_y_px": 86,
      "f4_path_x_range": [
        748,
        762
      ],
      "f4_path_target_col": 13,
      "f4_path_y_px": 250,
      "f1_path2_x_range": [
        752,
        762
      ],
      "f1_path2_target_col": 9,
      "f1_path2_y_px": 86,
      "f1_path2_y_direct_px": 93,
      "f1_path2_direct_used": false,
      "f1_path2_direct_allowed": false,
      "f1_path2_left_weight": 0.35,
      "f1_path2_right_weight": 1.0,
      "f2_path2_x_range": [
        752,
        762
      ],
      "f2_path2_target_col": 9,
      "f2_path2_y_px": 131,
      "f2_path2_y_direct_px": 138,
      "f2_path2_direct_used": false,
      "f2_path2_direct_allowed": false,
      "f2_path2_left_weight": 0.4,
      "f2_path2_right_weight": 1.0,
      "f4_path2_x_range": [
        752,
        762
      ],
      "f4_path2_target_col": 9,
      "f4_path2_y_px": 251,
      "f4_path2_y_direct_px": 232,
      "f4_path2_direct_used": false,
      "f4_path2_direct_allowed": false,
      "f4_path2_left_weight": 0.4,
      "f4_path2_right_weight": 1.0,
      "f1_local_snap_x": 762,
      "f1_local_snap_y_px": 92,
      "f1_local_snap_search_px": 8,
      "f1_local_snap_search_up_px": 4,
      "f1_local_snap_search_down_px": 12,
      "f1_local_snap_prefer_lower_weight": 0.02,
      "f3_local_snap_x": 762,
      "f3_local_snap_y_px": 184,
      "f3_local_snap_search_px": 6,
      "f3_local_snap_search_up_px": 6,
      "f3_local_snap_search_down_px": 6,
      "f3_local_snap_prefer_lower_weight": 0.0,
      "f4_local_snap_x": 762,
      "f4_local_snap_y_px": 249,
      "f4_local_snap_search_px": 8,
      "f4_local_snap_search_up_px": 6,
      "f4_local_snap_search_down_px": 14,
      "f4_local_snap_prefer_lower_weight": 0.05,
      "f2_local_snap_x": 762,
      "f2_local_snap_y_px": 131,
      "f2_local_snap_search_px": 8,
      "f2_local_snap_search_up_px": 14,
      "f2_local_snap_search_down_px": 2,
      "f2_local_snap_prefer_lower_weight": 0.0,
      "f2_consensus_applied": false,
      "f2_consensus_x_range": [
        756,
        762
      ],
      "f2_consensus_y_px": 111,
      "f2_consensus_anchor_y_px": 131,
      "f2_consensus_seed_y_px": 110,
      "f2_consensus_support_cols": 3,
      "f2_consensus_support_ratio": 0.465375592428315,
      "f2_consensus_jump_px": 20,
      "f2_consensus_tol_px": 5,
      "f2_consensus_reason": "low_support",
      "f3_consensus_applied": false,
      "f3_consensus_x_range": [
        756,
        762
      ],
      "f3_consensus_y_px": 165,
      "f3_consensus_anchor_y_px": 184,
      "f3_consensus_seed_y_px": 165,
      "f3_consensus_support_cols": 4,
      "f3_consensus_support_ratio": 0.5048438482044169,
      "f3_consensus_jump_px": 19,
      "f3_consensus_tol_px": 5,
      "f3_consensus_reason": "low_support",
      "f4_consensus_applied": false,
      "f4_consensus_support_cols": 2,
      "f4_consensus_anchor_y_px": 249,
      "f4_consensus_seed_y_px": 221,
      "f4_consensus_reason": "insufficient_inliers",
      "scale_ranges": {
        "F1": [
          7.2,
          8.4
        ],
        "F2": [
          13.1,
          14.5
        ],
        "F3": [
          18.6,
          20.2
        ],
        "F4": [
          24.1,
          26.5
        ]
      }
    },
    "A": {
      "x_day0": 59,
      "x_day1": 372,
      "x_day2": 684,
      "day_w": 312.5,
      "x_day0_time": 59,
      "x_day1_time": 351,
      "x_day2_time": 644,
      "day_w_time": 292.3333333333333,
      "x_plot_end": 936,
      "x1_static": 936,
      "x1_dyn": 977,
      "x1_dyn_used": false,
      "pph": 12.180555555555555,
      "pph_source": "day_width (tick-mismatch-fallback)",
      "pph_tick": 19.0,
      "tick_pph_rel_err": 0.5598631698973775,
      "tick_pph_valid": false,
      "tick_count": 50,