{
  "saved_at_utc": "2026-04-01T04:08:51.925068+00:00",
  "source": "tomsk_sos70_param_charts",
  "freq_max_hz": 40.0,
  "values": {
    "scale_ranges": {
      "F": {
        "F1": [
          7.2,
          8.4
        ],
        "F2": [
          13.1,
          14.5
        ],
        "F3": [
          18.6,
          20.2
        ],
        "F4": [
          24.1,
          26.5
        ]
      },
      "A": {
        "A1": [
          1.0,
          45.0
        ],
        "A2": [
          1.0,
          61.5
        ],
        "A3": [
          2.2,
          12.2
        ],
        "A4": [
          1.1,
          10.2
        ]
      },
      "Q": {
        "Q1": [
          4.0,
          38.0
        ],
        "Q2": [
          5.0,
          17.5
        ],
        "Q3": [
          7.0,
          23.0
        ],
        "Q4": [
          5.0,
          30.0
        ]
      }
    },
    "scale_units": {
      "F_hz": "Hz",
      "A_value": "idx",
      "Q_value": "idx"
    },
    "F_norm": {
      "F1": 0.0313588850174216,
      "F2": 0.33797909407665505,
      "F3": 0.5574912891986062,
      "F4": 0.7630662020905923
    },
    "F_y_px": {
      "F1": 44,
      "F2": 132,
      "F3": 195,
      "F4": 254
    },
    "F_lane_norm": {
      "F1": 0.05263157894736842,
      "F2": 0.5384615384615384,
      "F3": 0.8043478260869565,
      "F4": 1.0
    },
    "F_hz": {
      "F1": 8.336842105263159,
      "F2": 13.746153846153845,
      "F3": 18.91304347826087,
      "F4": 24.1
    },
    "A_norm": {
      "A1": 0.2787456445993031,
      "A2": 0.4843205574912892,
      "A3": 0.6933797909407665,
      "A4": 0.9233449477351916
    },
    "A_y_px": {
      "A1": 115,
      "A2": 174,
      "A3": 234,
      "A4": 300
    },
    "A_lane_norm": {
      "A1": 0.8554216867469879,
      "A2": 0.8367346938775511,
      "A3": 0.8041237113402062,
      "A4": 0.7692307692307693
    },
    "A_value": {
      "A1": 7.361445783132531,
      "A2": 10.877551020408163,
      "A3": 4.158762886597938,
      "A4": 3.1999999999999993
    },
    "Q_norm": {
      "Q1": 0.2787456445993031,
      "Q2": 0.519163763066202,
      "Q3": 0.6898954703832753,
      "Q4": 0.818815331010453
    },
    "Q_y_px": {
      "Q1": 115,
      "Q2": 184,
      "Q3": 233,
      "Q4": 270
    },
    "Q_lane_norm": {
      "Q1": 0.7415730337078652,
      "Q2": 0.8247422680412371,
      "Q3": 0.7475728155339806,
      "Q4": 0.4
    },
    "Q_value": {
      "Q1": 12.786516853932582,
      "Q2": 7.190721649484537,
      "Q3": 11.03883495145631,
      "Q4": 20.0
    }
  },
  "debug": {
    "F": {
      "x_day0": 59,
      "x_day1": 384,
      "x_day2": 709,
      "day_w": 325.0,
      "x_day0_time": 59,
      "x_day1_time": 351,
      "x_day2_time": 643,
      "day_w_time": 292.0,
      "x_plot_end": 935,
      "x1_static": 936,
      "x1_dyn": 935,
      "x1_dyn_used": true,
      "pph": 12.166666666666666,
      "pph_source": "day_width (tick-mismatch-fallback)",
      "pph_tick": 19.0,
      "tick_pph_rel_err": 0.5616438356164384,
      "tick_pph_valid": false,
      "tick_count": 50,
      "tick_quality": 0.6944444444444444,
      "tick_used": false,
      "x_frontier": 776,
      "frontier_method": "activity_scan",
      "frontier_activity_thr": 0.4723891317844391,
      "frontier_activity_right_tail": 0.17587971687316895,
      "frontier_activity_run_px": 8,
      "guard_px": 4,
      "left_guard": 645,
      "right_guard": 772,
      "x_time": 779,
      "x_ideal": 779,
      "x_now": 779,
      "x_now_method": "ideal",
      "hour_now_tsst": 11.147499999999999,
      "rollover_hour_min": 3.0,
      "rollover_hour_max": 8.5,
      "delta_min_to_guard": -34.520547945205486,
      "delta_min_to_frontier": -14.794520547945206,
      "frontier_day_fill": 0.4554794520547945,
      "rollover_candidate": false,
      "bias_minutes_applied": 0.0,
      "measured_bias_minutes": null,
      "age_hours": null,
      "status": "ok",
      "x_pick": 778,
      "x_pick_edge": 779,
      "x_pick_safe_right": 923,
      "x_overlay": 779,
      "f1_path_x_range": [
        765,
        779
      ],
      "f1_path_target_col": 13,
      "f1_path_y_px": 44,
      "f4_path_x_range": [
        765,
        779
      ],
      "f4_path_target_col": 13,
      "f4_path_y_px": 251,
      "f1_path2_x_range": [
        769,
        779
      ],
      "f1_path2_target_col": 9,
      "f1_path2_y_px": 44,
      "f1_path2_y_direct_px": 44,
      "f1_path2_direct_used": false,
      "f1_path2_direct_allowed": false,
      "f1_path2_left_weight": 0.35,
      "f1_path2_right_weight": 1.0,
      "f2_path2_x_range": [
        769,
        779
      ],
      "f2_path2_target_col": 9,
      "f2_path2_y_px": 131,
      "f2_path2_y_direct_px": 129,
      "f2_path2_direct_used": false,
      "f2_path2_direct_allowed": false,
      "f2_path2_left_weight": 0.4,
      "f2_path2_right_weight": 1.0,
      "f4_path2_x_range": [
        769,
        779
      ],
      "f4_path2_target_col": 9,
      "f4_path2_y_px": 251,
      "f4_path2_y_direct_px": 251,
      "f4_path2_direct_used": false,
      "f4_path2_direct_allowed": false,
      "f4_path2_left_weight": 0.4,
      "f4_path2_right_weight": 1.0,
      "f1_local_snap_x": 779,
      "f1_local_snap_y_px": 44,
      "f1_local_snap_search_px": 8,
      "f1_local_snap_search_up_px": 4,
      "f1_local_snap_search_down_px": 12,
      "f1_local_snap_prefer_lower_weight": 0.02,
      "f3_local_snap_x": 779,
      "f3_local_snap_y_px": 195,
      "f3_local_snap_search_px": 6,
      "f3_local_snap_search_up_px": 6,
      "f3_local_snap_search_down_px": 6,
      "f3_local_snap_prefer_lower_weight": 0.0,
      "f4_local_snap_x": 779,
      "f4_local_snap_y_px": 251,
      "f4_local_snap_search_px": 8,
      "f4_local_snap_search_up_px": 6,
      "f4_local_snap_search_down_px": 14,
      "f4_local_snap_prefer_lower_weight": 0.05,
      "f2_local_snap_x": 779,
      "f2_local_snap_y_px": 131,
      "f2_local_snap_search_px": 8,
      "f2_local_snap_search_up_px": 14,
      "f2_local_snap_search_down_px": 2,
      "f2_local_snap_prefer_lower_weight": 0.0,
      "f2_consensus_x_range": [
        773,
        779
      ],
      "f2_consensus_y_px": 132,
      "f2_consensus_anchor_y_px": 131,
      "f2_consensus_seed_y_px": 135,
      "f2_consensus_support_cols": 5,
      "f2_consensus_support_ratio": 0.6833551624269032,
      "f2_consensus_jump_px": 1,
      "f2_consensus_tol_px": 5,
      "f2_consensus_reason": "accepted",
      "f2_consensus_applied": true,
      "f3_consensus_applied": false,
      "f3_consensus_x_range": [
        773,
        779
      ],
      "f3_consensus_y_px": 161,
      "f3_consensus_anchor_y_px": 195,
      "f3_consensus_seed_y_px": 161,
      "f3_consensus_support_cols": 4,
      "f3_consensus_support_ratio": 0.5145904608573154,
      "f3_consensus_jump_px": 34,
      "f3_consensus_tol_px": 5,
      "f3_consensus_reason": "low_support",
      "f4_consensus_x_range": [
        773,
        779
      ],
      "f4_consensus_y_px": 254,
      "f4_consensus_anchor_y_px": 251,
      "f4_consensus_seed_y_px": 254,
      "f4_consensus_support_cols": 5,
      "f4_consensus_support_ratio": 0.7183943537715042,
      "f4_consensus_jump_px": 3,
      "f4_consensus_tol_px": 6,
      "f4_consensus_reason": "accepted",
      "f4_consensus_applied": true,
      "scale_ranges": {
        "F1": [
          7.2,
          8.4
        ],
        "F2": [
          13.1,
          14.5
        ],
        "F3": [
          18.6,
          20.2
        ],
        "F4": [
          24.1,
          26.5
        ]
      }
    },
    "A": {
      "x_day0": 59,
      "x_day1": 372,
      "x_day2": 684,
      "day_w": 312.5,
      "x_day0_time": 59,
      "x_day1_time": 351,
      "x_day2_time": 643,
      "day_w_time": 292.0,
      "x_plot_end": 935,
      "x1_static": 936,
      "x1_dyn": 935,
      "x1_dyn_used": true,
      "pph": 12.166666666666666,