{
  "saved_at_utc": "2026-04-16T19:15:29.055960+00:00",
  "source": "tomsk_sos70_param_charts",
  "freq_max_hz": 40.0,
  "values": {
    "scale_ranges": {
      "F": {
        "F1": [
          7.2,
          8.4
        ],
        "F2": [
          13.1,
          14.5
        ],
        "F3": [
          18.6,
          20.2
        ],
        "F4": [
          24.1,
          26.5
        ]
      },
      "A": {
        "A1": [
          1.0,
          45.0
        ],
        "A2": [
          1.0,
          61.5
        ],
        "A3": [
          2.2,
          12.2
        ],
        "A4": [
          1.1,
          10.2
        ]
      },
      "Q": {
        "Q1": [
          4.0,
          38.0
        ],
        "Q2": [
          5.0,
          17.5
        ],
        "Q3": [
          7.0,
          23.0
        ],
        "Q4": [
          5.0,
          30.0
        ]
      }
    },
    "scale_units": {
      "F_hz": "Hz",
      "A_value": "idx",
      "Q_value": "idx"
    },
    "F_norm": {
      "F1": 0.05226480836236934,
      "F2": 0.397212543554007,
      "F3": 0.4425087108013937,
      "F4": 0.7770034843205574
    },
    "F_y_px": {
      "F1": 50,
      "F2": 149,
      "F3": 162,
      "F4": 258
    },
    "F_lane_norm": {
      "F1": 0.15789473684210525,
      "F2": 0.8653846153846154,
      "F3": 0.08695652173913043,
      "F4": 1.0
    },
    "F_hz": {
      "F1": 8.210526315789474,
      "F2": 13.288461538461538,
      "F3": 20.06086956521739,
      "F4": 24.1
    },
    "A_norm": {
      "A1": 0.313588850174216,
      "A2": 0.5365853658536586,
      "A3": 0.735191637630662,
      "A4": 0.8885017421602788
    },
    "A_y_px": {
      "A1": 125,
      "A2": 189,
      "A3": 246,
      "A4": 290
    },
    "A_lane_norm": {
      "A1": 0.9759036144578314,
      "A2": 0.9897959183673469,
      "A3": 0.9278350515463918,
      "A4": 0.6593406593406593
    },
    "A_value": {
      "A1": 2.0602409638554207,
      "A2": 1.617346938775512,
      "A3": 2.921649484536081,
      "A4": 4.199999999999999
    },
    "Q_norm": {
      "Q1": 0.31010452961672474,
      "Q2": 0.5365853658536586,
      "Q3": 0.6968641114982579,
      "Q4": 0.8885017421602788
    },
    "Q_y_px": {
      "Q1": 124,
      "Q2": 189,
      "Q3": 235,
      "Q4": 290
    },
    "Q_lane_norm": {
      "Q1": 0.8426966292134831,
      "Q2": 0.8762886597938144,
      "Q3": 0.7669902912621359,
      "Q4": 0.6352941176470588
    },
    "Q_value": {
      "Q1": 9.348314606741575,
      "Q2": 6.546391752577319,
      "Q3": 10.728155339805825,
      "Q4": 14.11764705882353
    }
  },
  "debug": {
    "F": {
      "x_day0": 59,
      "x_day1": 372,
      "x_day2": 684,
      "day_w": 312.5,
      "x_day0_time": 59,
      "x_day1_time": 351,
      "x_day2_time": 643,
      "day_w_time": 292.0,
      "x_plot_end": 935,
      "x1_static": 936,
      "x1_dyn": 935,
      "x1_dyn_used": true,
      "pph": 12.166666666666666,
      "pph_source": "day_width (tick-mismatch-fallback)",
      "pph_tick": 19.0,
      "tick_pph_rel_err": 0.5616438356164384,
      "tick_pph_valid": false,
      "tick_count": 50,
      "tick_quality": 0.6944444444444444,
      "tick_used": false,
      "x_frontier": 655,
      "frontier_method": "activity_scan",
      "frontier_activity_thr": 0.4745373845100403,
      "frontier_activity_right_tail": 0.18847480416297913,
      "frontier_activity_run_px": 8,
      "guard_px": 4,
      "left_guard": 645,
      "right_guard": 651,
      "x_time": 670,
      "x_ideal": 670,
      "x_now": 670,
      "x_now_method": "harmonized_pair_cluster",
      "hour_now_tsst": 2.2577777777777777,
      "rollover_hour_min": 3.0,
      "rollover_hour_max": 8.5,
      "delta_min_to_guard": -93.69863013698631,
      "delta_min_to_frontier": -73.97260273972603,
      "frontier_day_fill": 0.0410958904109589,
      "rollover_candidate": false,
      "bias_minutes_applied": 0.0,
      "measured_bias_minutes": null,
      "age_hours": null,
      "status": "no_recent_data",
      "x_now_before_harmonize": 651,
      "x_pick": 669,
      "x_pick_edge": 670,
      "x_pick_safe_right": 923,
      "x_overlay": 670,
      "f1_path_x_range": [
        656,
        670
      ],
      "f1_path_target_col": 13,
      "f1_path_y_px": 44,
      "f4_path_x_range": [
        656,
        670
      ],
      "f4_path_target_col": 13,
      "f4_path_y_px": 258,
      "f1_path2_x_range": [
        660,
        670
      ],
      "f1_path2_target_col": 9,
      "f1_path2_y_px": 50,
      "f1_path2_y_direct_px": 70,
      "f1_path2_direct_used": false,
      "f1_path2_direct_allowed": false,
      "f1_path2_left_weight": 0.35,
      "f1_path2_right_weight": 1.0,
      "f2_path2_x_range": [
        660,
        670
      ],
      "f2_path2_target_col": 9,
      "f2_path2_y_px": 161,
      "f2_path2_y_direct_px": 147,
      "f2_path2_direct_used": false,
      "f2_path2_direct_allowed": false,
      "f2_path2_left_weight": 0.4,
      "f2_path2_right_weight": 1.0,
      "f4_path2_x_range": [
        660,
        670
      ],
      "f4_path2_target_col": 9,
      "f4_path2_y_px": 258,
      "f4_path2_y_direct_px": 258,
      "f4_path2_direct_used": false,
      "f4_path2_direct_allowed": false,
      "f4_path2_left_weight": 0.4,
      "f4_path2_right_weight": 1.0,
      "f1_local_snap_x": 670,
      "f1_local_snap_y_px": 50,
      "f1_local_snap_search_px": 8,
      "f1_local_snap_search_up_px": 4,
      "f1_local_snap_search_down_px": 12,
      "f1_local_snap_prefer_lower_weight": 0.02,
      "f3_local_snap_x": 670,
      "f3_local_snap_y_px": 162,
      "f3_local_snap_search_px": 6,
      "f3_local_snap_search_up_px": 6,
      "f3_local_snap_search_down_px": 6,
      "f3_local_snap_prefer_lower_weight": 0.0,
      "f4_local_snap_x": 670,
      "f4_local_snap_y_px": 252,
      "f4_local_snap_search_px": 8,
      "f4_local_snap_search_up_px": 6,
      "f4_local_snap_search_down_px": 14,
      "f4_local_snap_prefer_lower_weight": 0.05,
      "f2_local_snap_x": 670,
      "f2_local_snap_y_px": 149,
      "f2_local_snap_search_px": 8,
      "f2_local_snap_search_up_px": 14,
      "f2_local_snap_search_down_px": 2,
      "f2_local_snap_prefer_lower_weight": 0.0,
      "f2_consensus_applied": false,
      "f2_consensus_x_range": [
        664,
        670
      ],
      "f2_consensus_y_px": 111,
      "f2_consensus_anchor_y_px": 149,
      "f2_consensus_seed_y_px": 111,
      "f2_consensus_support_cols": 5,
      "f2_consensus_support_ratio": 0.6290762731928574,
      "f2_consensus_jump_px": 38,
      "f2_consensus_tol_px": 5,
      "f2_consensus_reason": "excessive_jump",
      "f3_consensus_x_range": [
        664,
        670
      ],
      "f3_consensus_y_px": 162,
      "f3_consensus_anchor_y_px": 162,
      "f3_consensus_seed_y_px": 160,
      "f3_consensus_support_cols": 7,
      "f3_consensus_support_ratio": 1.0,
      "f3_consensus_jump_px": 0,
      "f3_consensus_tol_px": 5,
      "f3_consensus_reason": "accepted",
      "f3_consensus_applied": true,
      "f4_consensus_x_range": [
        664,
        670
      ],
      "f4_consensus_y_px": 258,
      "f4_consensus_anchor_y_px": 252,
      "f4_consensus_seed_y_px": 258,
      "f4_consensus_support_cols": 5,
      "f4_consensus_support_ratio": 0.6578707916287535,
      "f4_consensus_jump_px": 6,
      "f4_consensus_tol_px": 6,
      "f4_consensus_reason": "accepted",
      "f4_consensus_applied": true,
      "scale_ranges": {
        "F1": [
          7.2,
          8.4
        ],
        "F2": [
          13.1,
          14.5
        ],
        "F3": [
          18.6,
          20.2
        ],
        "F4": [
          24.1,
          26.5
        ]
      }
    },
    "A": {
      "x_day0": 59,
      "x_day1": 372,
      "x_day2": 684,
      "day_w": 312.5,
      "x_day0_time": 59,
      "x_day1_time": 351,
      "x_day2_time": 643,
      "day_w_time": 292.0,
      "x_plot_end": 935,
      "x1_static": 936,
      "x1_dyn": 935,