{
  "saved_at_utc": "2026-03-04T06:31:37.324844+00:00",
  "source": "tomsk_sos70_param_charts",
  "freq_max_hz": 40.0,
  "values": {
    "scale_ranges": {
      "F": {
        "F1": [
          7.2,
          8.4
        ],
        "F2": [
          13.1,
          14.5
        ],
        "F3": [
          18.6,
          20.2
        ],
        "F4": [
          24.1,
          26.5
        ]
      },
      "A": {
        "A1": [
          1.0,
          45.0
        ],
        "A2": [
          1.0,
          61.5
        ],
        "A3": [
          2.2,
          12.2
        ],
        "A4": [
          1.1,
          10.2
        ]
      },
      "Q": {
        "Q1": [
          4.0,
          38.0
        ],
        "Q2": [
          5.0,
          17.5
        ],
        "Q3": [
          7.0,
          23.0
        ],
        "Q4": [
          5.0,
          30.0
        ]
      }
    },
    "scale_units": {
      "F_hz": "Hz",
      "A_value": "idx",
      "Q_value": "idx"
    },
    "F_norm": {
      "F1": 0.10452961672473868,
      "F2": 0.3623693379790941,
      "F3": 0.4634146341463415,
      "F4": 0.7665505226480837
    },
    "F_y_px": {
      "F1": 65,
      "F2": 139,
      "F3": 168,
      "F4": 255
    },
    "F_lane_norm": {
      "F1": 0.42105263157894735,
      "F2": 0.6730769230769231,
      "F3": 0.21739130434782608,
      "F4": 1.0
    },
    "F_hz": {
      "F1": 7.894736842105264,
      "F2": 13.557692307692307,
      "F3": 19.85217391304348,
      "F4": 24.1
    },
    "A_norm": {
      "A1": 0.30662020905923343,
      "A2": 0.3623693379790941,
      "A3": 0.7212543554006968,
      "A4": 0.9581881533101045
    },
    "A_y_px": {
      "A1": 123,
      "A2": 139,
      "A3": 242,
      "A4": 310
    },
    "A_lane_norm": {
      "A1": 0.9518072289156626,
      "A2": 0.47959183673469385,
      "A3": 0.8865979381443299,
      "A4": 0.8791208791208791
    },
    "A_value": {
      "A1": 3.1204819277108484,
      "A2": 32.484693877551024,
      "A3": 3.3340206185567,
      "A4": 2.2
    },
    "Q_norm": {
      "Q1": 0.3240418118466899,
      "Q2": 0.5017421602787456,
      "Q3": 0.6968641114982579,
      "Q4": 0.9407665505226481
    },
    "Q_y_px": {
      "Q1": 128,
      "Q2": 179,
      "Q3": 235,
      "Q4": 305
    },
    "Q_lane_norm": {
      "Q1": 0.8876404494382022,
      "Q2": 0.7731958762886598,
      "Q3": 0.7669902912621359,
      "Q4": 0.8117647058823529
    },
    "Q_value": {
      "Q1": 7.820224719101127,
      "Q2": 7.835051546391751,
      "Q3": 10.728155339805825,
      "Q4": 9.705882352941178
    }
  },
  "debug": {
    "F": {
      "x_day0": 59,
      "x_day1": 393,
      "x_day2": 727,
      "day_w": 334.0,
      "x_day0_time": 59,
      "x_day1_time": 351,
      "x_day2_time": 643,
      "day_w_time": 292.0,
      "x_plot_end": 935,
      "x1_static": 936,
      "x1_dyn": 935,
      "x1_dyn_used": true,
      "pph": 12.166666666666666,
      "pph_source": "day_width (tick-mismatch-fallback)",
      "pph_tick": 19.0,
      "tick_pph_rel_err": 0.5616438356164384,
      "tick_pph_valid": false,
      "tick_count": 50,
      "tick_quality": 0.6944444444444444,
      "tick_used": false,
      "x_frontier": 806,
      "frontier_method": "activity_scan",
      "frontier_activity_thr": 0.41629443913698194,
      "frontier_activity_right_tail": 0.1476145088672638,
      "frontier_activity_run_px": 8,
      "guard_px": 4,
      "left_guard": 645,
      "right_guard": 802,
      "x_time": 808,
      "x_ideal": 808,
      "x_now": 802,
      "x_now_method": "snap_to_guard",
      "delta_min_to_guard": -29.589041095890412,
      "bias_minutes_applied": 0.0,
      "measured_bias_minutes": null,
      "age_hours": null,
      "status": "ok",
      "x_pick": 800,
      "x_pick_edge": 802,
      "x_pick_safe_right": 893,
      "x_overlay": 802,
      "f1_path_x_range": [
        788,
        802
      ],
      "f1_path_target_col": 14,
      "f1_path_y_px": 65,
      "f4_path_x_range": [
        788,
        802
      ],
      "f4_path_target_col": 14,
      "f4_path_y_px": 251,
      "f3_local_snap_x": 802,
      "f3_local_snap_y_px": 168,
      "f3_local_snap_search_px": 6,
      "f3_local_snap_search_up_px": 6,
      "f3_local_snap_search_down_px": 6,
      "f3_local_snap_prefer_lower_weight": 0.0,
      "f4_local_snap_x": 802,
      "f4_local_snap_y_px": 255,
      "f4_local_snap_search_px": 4,
      "f4_local_snap_search_up_px": 4,
      "f4_local_snap_search_down_px": 4,
      "f4_local_snap_prefer_lower_weight": 0.0,
      "f2_local_snap_x": 802,
      "f2_local_snap_y_px": 139,
      "f2_local_snap_search_px": 8,
      "f2_local_snap_search_up_px": 8,
      "f2_local_snap_search_down_px": 8,
      "f2_local_snap_prefer_lower_weight": 0.0,
      "scale_ranges": {
        "F1": [
          7.2,
          8.4
        ],
        "F2": [
          13.1,
          14.5
        ],
        "F3": [
          18.6,
          20.2
        ],
        "F4": [
          24.1,
          26.5
        ]
      }
    },
    "A": {
      "x_day0": 59,
      "x_day1": 392,
      "x_day2": 726,
      "day_w": 333.5,
      "x_day0_time": 59,
      "x_day1_time": 351,
      "x_day2_time": 643,
      "day_w_time": 292.0,
      "x_plot_end": 935,
      "x1_static": 936,
      "x1_dyn": 935,
      "x1_dyn_used": true,
      "pph": 12.166666666666666,
      "pph_source": "day_width (tick-mismatch-fallback)",
      "pph_tick": 19.0,
      "tick_pph_rel_err": 0.5616438356164384,
      "tick_pph_valid": false,
      "tick_count": 50,
      "tick_quality": 0.6944444444444444,
      "tick_used": false,
      "x_frontier": 934,
      "frontier_method": "activity_scan",
      "frontier_activity_thr": 0.2923590734601021,
      "frontier_activity_right_tail": 0.21280308067798615,
      "frontier_activity_run_px": 8,
      "guard_px": 6,
      "left_guard": 645,
      "right_guard": 928,
      "x_time": 808,
      "x_ideal": 808,
      "x_now": 808,
      "x_now_method": "ideal",
      "delta_min_to_guard": 591.7808219178082,
      "bias_minutes_applied": 0.0,
      "measured_bias_minutes": null,
      "age_hours": null,
      "status": "ok",
      "x_pick": 804,
      "x_pick_safe_right": 911,
      "x_overlay": 804,
      "a1_local_snap_x": 804,
      "a1_local_snap_y_px": 123,
      "a1_local_snap_search_px": 6,
      "a1_local_snap_search_up_px": 6,
      "a1_local_snap_search_down_px": 6,
      "a1_local_snap_prefer_lower_weight": 0.0,
      "a2_local_snap_x": 804,
      "a2_local_snap_y_px": 139,
      "a2_local_snap_search_px": 9,
      "a2_local_snap_search_up_px": 9,
      "a2_local_snap_search_down_px": 9,
      "a2_local_snap_prefer_lower_weight": 0.0,
      "a4_local_snap_x": 804,
      "a4_local_snap_y_px": 310,
      "a4_local_snap_search_px": 8,
      "a4_local_snap_search_up_px": 4,
      "a4_local_snap_search_down_px": 72,
      "a4_local_snap_prefer_lower_weight": 0.12,
      "scale_ranges": {
        "A1": [
          1.0,
          45.0
        ],
        "A2": [
          1.0,
          61.5
        ],
        "A3": [
          2.2,
          12.2
        ],
        "A4": [
          1.1,
          10.2
        ]
      }
    },
    "Q": {
      "x_day0": 59,
      "x_day1": 369,
      "x_day2": 679,
      "day_w": 310.0,
      "x_day0_time": 59,
      "x_day1_time": 351,
      "x_day2_time": 643,
      "day_w_time": 292.0,
      "x_plot_end": 935,
      "x1_static": 936,
      "x1_dyn": 935,
      "x1_dyn_used": true,
      "pph": 12.166666666666666,
      "pph_source": "day_width (tick-mismatch-fallback)",
      "pph_tick": 19.0,
      "tick_pph_rel_err": 0.5616438356164384,
      "tick_pph_valid": false,
      "tick_count": 50,
      "tick_quality": 0.6944444444444444,
      "tick_used": false,
      "x_frontier": 798,
      "frontier_method": "activity_scan",
      "frontier_activity_thr": 0.47205074727535246,
      "frontier_activity_right_tail": 0.14845070242881775,
      "frontier_activity_run_px": 8,