{
  "saved_at_utc": "2026-04-12T05:56:12.096705+00:00",
  "source": "tomsk_sos70_param_charts",
  "freq_max_hz": 40.0,
  "values": {
    "scale_ranges": {
      "F": {
        "F1": [
          7.2,
          8.4
        ],
        "F2": [
          13.1,
          14.5
        ],
        "F3": [
          18.6,
          20.2
        ],
        "F4": [
          24.1,
          26.5
        ]
      },
      "A": {
        "A1": [
          1.0,
          45.0
        ],
        "A2": [
          1.0,
          61.5
        ],
        "A3": [
          2.2,
          12.2
        ],
        "A4": [
          1.1,
          10.2
        ]
      },
      "Q": {
        "Q1": [
          4.0,
          38.0
        ],
        "Q2": [
          5.0,
          17.5
        ],
        "Q3": [
          7.0,
          23.0
        ],
        "Q4": [
          5.0,
          30.0
        ]
      }
    },
    "scale_units": {
      "F_hz": "Hz",
      "A_value": "idx",
      "Q_value": "idx"
    },
    "F_norm": {
      "F1": 0.1289198606271777,
      "F2": 0.4146341463414634,
      "F3": 0.4912891986062718,
      "F4": 0.7456445993031359
    },
    "F_y_px": {
      "F1": 72,
      "F2": 154,
      "F3": 176,
      "F4": 249
    },
    "F_lane_norm": {
      "F1": 0.543859649122807,
      "F2": 0.9615384615384616,
      "F3": 0.391304347826087,
      "F4": 0.9130434782608695
    },
    "F_hz": {
      "F1": 7.747368421052632,
      "F2": 13.153846153846153,
      "F3": 19.57391304347826,
      "F4": 24.308695652173913
    },
    "A_norm": {
      "A1": 0.0313588850174216,
      "A2": 0.32752613240418116,
      "A3": 0.5714285714285714,
      "A4": 0.818815331010453
    },
    "A_y_px": {
      "A1": 44,
      "A2": 129,
      "A3": 199,
      "A4": 270
    },
    "A_lane_norm": {
      "A1": 0.0,
      "A2": 0.37755102040816324,
      "A3": 0.44329896907216493,
      "A4": 0.43956043956043955
    },
    "A_value": {
      "A1": 45.0,
      "A2": 38.65816326530613,
      "A3": 7.76701030927835,
      "A4": 6.199999999999999
    },
    "Q_norm": {
      "Q1": 0.2264808362369338,
      "Q2": 0.3344947735191638,
      "Q3": 0.7073170731707317,
      "Q4": 0.7491289198606271
    },
    "Q_y_px": {
      "Q1": 100,
      "Q2": 131,
      "Q3": 238,
      "Q4": 250
    },
    "Q_lane_norm": {
      "Q1": 0.5730337078651685,
      "Q2": 0.27835051546391754,
      "Q3": 0.7961165048543689,
      "Q4": 0.16470588235294117
    },
    "Q_value": {
      "Q1": 18.516853932584272,
      "Q2": 14.02061855670103,
      "Q3": 10.262135922330097,
      "Q4": 25.88235294117647
    }
  },
  "debug": {
    "F": {
      "x_day0": 59,
      "x_day1": 363,
      "x_day2": 667,
      "day_w": 304.0,
      "x_day0_time": 59,
      "x_day1_time": 351,
      "x_day2_time": 643,
      "day_w_time": 292.0,
      "x_plot_end": 935,
      "x1_static": 936,
      "x1_dyn": 935,
      "x1_dyn_used": true,
      "pph": 12.166666666666666,
      "pph_source": "day_width (tick-mismatch-fallback)",
      "pph_tick": 19.0,
      "tick_pph_rel_err": 0.5616438356164384,
      "tick_pph_valid": false,
      "tick_count": 50,
      "tick_quality": 0.6944444444444444,
      "tick_used": false,
      "x_frontier": 800,
      "frontier_method": "activity_scan",
      "frontier_activity_thr": 0.48365922570228576,
      "frontier_activity_right_tail": 0.14566396176815033,
      "frontier_activity_run_px": 8,
      "guard_px": 4,
      "left_guard": 645,
      "right_guard": 796,
      "x_time": 800,
      "x_ideal": 800,
      "x_now": 800,
      "x_now_method": "ideal",
      "hour_now_tsst": 12.936388888888889,
      "rollover_hour_min": 3.0,
      "rollover_hour_max": 8.5,
      "delta_min_to_guard": -19.726027397260275,
      "delta_min_to_frontier": 0.0,
      "frontier_day_fill": 0.5376712328767124,
      "rollover_candidate": false,
      "bias_minutes_applied": 0.0,
      "measured_bias_minutes": null,
      "age_hours": null,
      "status": "ok",
      "x_pick": 799,
      "x_pick_edge": 800,
      "x_pick_safe_right": 923,
      "x_overlay": 800,
      "f1_path_x_range": [
        786,
        800
      ],
      "f1_path_target_col": 13,
      "f1_path_y_px": 69,
      "f4_path_x_range": [
        786,
        800
      ],
      "f4_path_target_col": 13,
      "f4_path_y_px": 250,
      "f1_path2_x_range": [
        790,
        800
      ],
      "f1_path2_target_col": 9,
      "f1_path2_y_px": 69,
      "f1_path2_y_direct_px": 83,
      "f1_path2_direct_used": false,
      "f1_path2_direct_allowed": false,
      "f1_path2_left_weight": 0.35,
      "f1_path2_right_weight": 1.0,
      "f2_path2_x_range": [
        790,
        800
      ],
      "f2_path2_target_col": 9,
      "f2_path2_y_px": 151,
      "f2_path2_y_direct_px": 118,
      "f2_path2_direct_used": false,
      "f2_path2_direct_allowed": false,
      "f2_path2_left_weight": 0.4,
      "f2_path2_right_weight": 1.0,
      "f4_path2_x_range": [
        790,
        800
      ],
      "f4_path2_target_col": 9,
      "f4_path2_y_px": 250,
      "f4_path2_y_direct_px": 247,
      "f4_path2_direct_used": false,
      "f4_path2_direct_allowed": false,
      "f4_path2_left_weight": 0.4,
      "f4_path2_right_weight": 1.0,
      "f1_local_snap_x": 800,
      "f1_local_snap_y_px": 72,
      "f1_local_snap_search_px": 8,
      "f1_local_snap_search_up_px": 4,
      "f1_local_snap_search_down_px": 12,
      "f1_local_snap_prefer_lower_weight": 0.02,
      "f3_local_snap_x": 800,
      "f3_local_snap_y_px": 176,
      "f3_local_snap_search_px": 6,
      "f3_local_snap_search_up_px": 6,
      "f3_local_snap_search_down_px": 6,
      "f3_local_snap_prefer_lower_weight": 0.0,
      "f4_local_snap_x": 800,
      "f4_local_snap_y_px": 249,
      "f4_local_snap_search_px": 8,
      "f4_local_snap_search_up_px": 6,
      "f4_local_snap_search_down_px": 14,
      "f4_local_snap_prefer_lower_weight": 0.05,
      "f2_local_snap_x": 800,
      "f2_local_snap_y_px": 150,
      "f2_local_snap_search_px": 8,
      "f2_local_snap_search_up_px": 14,
      "f2_local_snap_search_down_px": 2,
      "f2_local_snap_prefer_lower_weight": 0.0,
      "f2_consensus_x_range": [
        794,
        800
      ],
      "f2_consensus_y_px": 154,
      "f2_consensus_anchor_y_px": 150,
      "f2_consensus_seed_y_px": 154,
      "f2_consensus_support_cols": 5,
      "f2_consensus_support_ratio": 0.6295482914285178,
      "f2_consensus_jump_px": 4,
      "f2_consensus_tol_px": 5,
      "f2_consensus_reason": "accepted",
      "f2_consensus_applied": true,
      "f3_consensus_applied": false,
      "f3_consensus_x_range": [
        794,
        800
      ],
      "f3_consensus_y_px": 204,
      "f3_consensus_anchor_y_px": 176,
      "f3_consensus_seed_y_px": 204,
      "f3_consensus_support_cols": 3,
      "f3_consensus_support_ratio": 0.5060485086777706,
      "f3_consensus_jump_px": 28,
      "f3_consensus_tol_px": 5,
      "f3_consensus_reason": "low_support",
      "f4_consensus_x_range": [
        794,
        800
      ],
      "f4_consensus_y_px": 249,
      "f4_consensus_anchor_y_px": 249,
      "f4_consensus_seed_y_px": 252,
      "f4_consensus_support_cols": 6,
      "f4_consensus_support_ratio": 0.9123553421368548,
      "f4_consensus_jump_px": 0,
      "f4_consensus_tol_px": 6,
      "f4_consensus_reason": "accepted",
      "f4_consensus_applied": true,
      "scale_ranges": {
        "F1": [
          7.2,
          8.4
        ],
        "F2": [
          13.1,
          14.5
        ],
        "F3": [
          18.6,
          20.2
        ],
        "F4": [
          24.1,
          26.5
        ]
      }
    },
    "A": {
      "x_day0": 59,
      "x_day1": 372,
      "x_day2": 685,
      "day_w": 313.0,
      "x_day0_time": 59,
      "x_day1_time": 351,
      "x_day2_time": 643,
      "day_w_time": 292.0,
      "x_plot_end": 935,
      "x1_static": 936,
      "x1_dyn": 935,
      "x1_dyn_used": true,
      "pph": 12.166666666666666,