{
  "saved_at_utc": "2026-03-22T09:33:57.002548+00:00",
  "source": "tomsk_sos70_param_charts",
  "freq_max_hz": 40.0,
  "values": {
    "scale_ranges": {
      "F": {
        "F1": [
          7.2,
          8.4
        ],
        "F2": [
          13.1,
          14.5
        ],
        "F3": [
          18.6,
          20.2
        ],
        "F4": [
          24.1,
          26.5
        ]
      },
      "A": {
        "A1": [
          1.0,
          45.0
        ],
        "A2": [
          1.0,
          61.5
        ],
        "A3": [
          2.2,
          12.2
        ],
        "A4": [
          1.1,
          10.2
        ]
      },
      "Q": {
        "Q1": [
          4.0,
          38.0
        ],
        "Q2": [
          5.0,
          17.5
        ],
        "Q3": [
          7.0,
          23.0
        ],
        "Q4": [
          5.0,
          30.0
        ]
      }
    },
    "scale_units": {
      "F_hz": "Hz",
      "A_value": "idx",
      "Q_value": "idx"
    },
    "F_norm": {
      "F1": 0.12195121951219512,
      "F2": 0.40418118466898956,
      "F3": 0.4912891986062718,
      "F4": 0.7630662020905923
    },
    "F_y_px": {
      "F1": 70,
      "F2": 151,
      "F3": 176,
      "F4": 254
    },
    "F_lane_norm": {
      "F1": 0.5087719298245614,
      "F2": 0.9038461538461539,
      "F3": 0.391304347826087,
      "F4": 1.0
    },
    "F_hz": {
      "F1": 7.7894736842105265,
      "F2": 13.234615384615385,
      "F3": 19.57391304347826,
      "F4": 24.1
    },
    "A_norm": {
      "A1": 0.27526132404181186,
      "A2": 0.4425087108013937,
      "A3": 0.6655052264808362,
      "A4": 0.8954703832752613
    },
    "A_y_px": {
      "A1": 114,
      "A2": 162,
      "A3": 226,
      "A4": 292
    },
    "A_lane_norm": {
      "A1": 0.8433734939759037,
      "A2": 0.7142857142857143,
      "A3": 0.7216494845360825,
      "A4": 0.6813186813186813
    },
    "A_value": {
      "A1": 7.891566265060241,
      "A2": 18.285714285714285,
      "A3": 4.983505154639174,
      "A4": 3.999999999999999
    },
    "Q_norm": {
      "Q1": 0.3240418118466899,
      "Q2": 0.3170731707317073,
      "Q3": 0.6968641114982579,
      "Q4": 0.9337979094076655
    },
    "Q_y_px": {
      "Q1": 128,
      "Q2": 126,
      "Q3": 235,
      "Q4": 303
    },
    "Q_lane_norm": {
      "Q1": 0.8876404494382022,
      "Q2": 0.2268041237113402,
      "Q3": 0.7669902912621359,
      "Q4": 0.788235294117647
    },
    "Q_value": {
      "Q1": 7.820224719101127,
      "Q2": 14.664948453608247,
      "Q3": 10.728155339805825,
      "Q4": 10.294117647058822
    }
  },
  "debug": {
    "F": {
      "x_day0": 59,
      "x_day1": 356,
      "x_day2": 654,
      "day_w": 297.5,
      "x_day0_time": 59,
      "x_day1_time": 351,
      "x_day2_time": 643,
      "day_w_time": 292.0,
      "x_plot_end": 935,
      "x1_static": 936,
      "x1_dyn": 935,
      "x1_dyn_used": true,
      "pph": 12.166666666666666,
      "pph_source": "day_width (tick-mismatch-fallback)",
      "pph_tick": 19.0,
      "tick_pph_rel_err": 0.5616438356164384,
      "tick_pph_valid": false,
      "tick_count": 50,
      "tick_quality": 0.6944444444444444,
      "tick_used": false,
      "x_frontier": 856,
      "frontier_method": "activity_scan",
      "frontier_activity_thr": 0.40141689479351045,
      "frontier_activity_right_tail": 0.0756586417555809,
      "frontier_activity_run_px": 8,
      "guard_px": 4,
      "left_guard": 645,
      "right_guard": 852,
      "x_time": 845,
      "x_ideal": 845,
      "x_now": 845,
      "x_now_method": "ideal",
      "hour_now_tsst": 16.565555555555555,
      "rollover_hour_min": 3.0,
      "rollover_hour_max": 8.5,
      "delta_min_to_guard": 34.520547945205486,
      "delta_min_to_frontier": 54.24657534246576,
      "frontier_day_fill": 0.7294520547945206,
      "rollover_candidate": false,
      "bias_minutes_applied": 0.0,
      "measured_bias_minutes": null,
      "age_hours": null,
      "status": "ok",
      "x_pick": 844,
      "x_pick_edge": 845,
      "x_pick_safe_right": 923,
      "x_overlay": 845,
      "f1_path_x_range": [
        831,
        845
      ],
      "f1_path_target_col": 13,
      "f1_path_y_px": 70,
      "f4_path_x_range": [
        831,
        845
      ],
      "f4_path_target_col": 13,
      "f4_path_y_px": 252,
      "f1_path2_x_range": [
        835,
        845
      ],
      "f1_path2_target_col": 9,
      "f1_path2_y_px": 69,
      "f1_path2_y_direct_px": 69,
      "f1_path2_direct_used": false,
      "f1_path2_direct_allowed": false,
      "f1_path2_left_weight": 0.35,
      "f1_path2_right_weight": 1.0,
      "f2_path2_x_range": [
        835,
        845
      ],
      "f2_path2_target_col": 9,
      "f2_path2_y_px": 150,
      "f2_path2_y_direct_px": 135,
      "f2_path2_direct_used": false,
      "f2_path2_direct_allowed": false,
      "f2_path2_left_weight": 0.4,
      "f2_path2_right_weight": 1.0,
      "f4_path2_x_range": [
        835,
        845
      ],
      "f4_path2_target_col": 9,
      "f4_path2_y_px": 253,
      "f4_path2_y_direct_px": 251,
      "f4_path2_direct_used": false,
      "f4_path2_direct_allowed": false,
      "f4_path2_left_weight": 0.4,
      "f4_path2_right_weight": 1.0,
      "f1_local_snap_x": 845,
      "f1_local_snap_y_px": 70,
      "f1_local_snap_search_px": 8,
      "f1_local_snap_search_up_px": 4,
      "f1_local_snap_search_down_px": 12,
      "f1_local_snap_prefer_lower_weight": 0.02,
      "f3_local_snap_x": 845,
      "f3_local_snap_y_px": 176,
      "f3_local_snap_search_px": 6,
      "f3_local_snap_search_up_px": 6,
      "f3_local_snap_search_down_px": 6,
      "f3_local_snap_prefer_lower_weight": 0.0,
      "f4_local_snap_x": 845,
      "f4_local_snap_y_px": 259,
      "f4_local_snap_search_px": 8,
      "f4_local_snap_search_up_px": 6,
      "f4_local_snap_search_down_px": 14,
      "f4_local_snap_prefer_lower_weight": 0.05,
      "f2_local_snap_x": 845,
      "f2_local_snap_y_px": 151,
      "f2_local_snap_search_px": 8,
      "f2_local_snap_search_up_px": 14,
      "f2_local_snap_search_down_px": 2,
      "f2_local_snap_prefer_lower_weight": 0.0,
      "f2_consensus_applied": false,
      "f2_consensus_x_range": [
        839,
        845
      ],
      "f2_consensus_y_px": 130,
      "f2_consensus_anchor_y_px": 151,
      "f2_consensus_seed_y_px": 130,
      "f2_consensus_support_cols": 4,
      "f2_consensus_support_ratio": 0.6223058692318416,
      "f2_consensus_jump_px": 21,
      "f2_consensus_tol_px": 5,
      "f2_consensus_reason": "excessive_jump",
      "f3_consensus_applied": false,
      "f3_consensus_x_range": [
        839,
        845
      ],
      "f3_consensus_y_px": 201,
      "f3_consensus_anchor_y_px": 176,
      "f3_consensus_seed_y_px": 198,
      "f3_consensus_support_cols": 4,
      "f3_consensus_support_ratio": 0.6653958004167525,
      "f3_consensus_jump_px": 25,
      "f3_consensus_tol_px": 5,
      "f3_consensus_reason": "excessive_jump",
      "f4_consensus_x_range": [
        839,
        845
      ],
      "f4_consensus_y_px": 254,
      "f4_consensus_anchor_y_px": 259,
      "f4_consensus_seed_y_px": 258,
      "f4_consensus_support_cols": 6,
      "f4_consensus_support_ratio": 0.8136960987644614,
      "f4_consensus_jump_px": 5,
      "f4_consensus_tol_px": 6,
      "f4_consensus_reason": "accepted",
      "f4_consensus_applied": true,
      "scale_ranges": {
        "F1": [
          7.2,
          8.4
        ],
        "F2": [
          13.1,
          14.5
        ],
        "F3": [
          18.6,
          20.2
        ],
        "F4": [
          24.1,
          26.5
        ]
      }
    },
    "A": {
      "x_day0": 59,
      "x_day1": 380,
      "x_day2": 702,
      "day_w": 321.5,
      "x_day0_time": 59,
      "x_day1_time": 351,
      "x_day2_time": 643,
      "day_w_time": 292.0,
      "x_plot_end": 935,
      "x1_static": 936,
      "x1_dyn": 935,
      "x1_dyn_used": true,
      "pph": 12.166666666666666,