{
  "saved_at_utc": "2026-03-08T12:49:25.933932+00:00",
  "source": "tomsk_sos70_param_charts",
  "freq_max_hz": 40.0,
  "values": {
    "scale_ranges": {
      "F": {
        "F1": [
          7.2,
          8.4
        ],
        "F2": [
          13.1,
          14.5
        ],
        "F3": [
          18.6,
          20.2
        ],
        "F4": [
          24.1,
          26.5
        ]
      },
      "A": {
        "A1": [
          1.0,
          45.0
        ],
        "A2": [
          1.0,
          61.5
        ],
        "A3": [
          2.2,
          12.2
        ],
        "A4": [
          1.1,
          10.2
        ]
      },
      "Q": {
        "Q1": [
          4.0,
          38.0
        ],
        "Q2": [
          5.0,
          17.5
        ],
        "Q3": [
          7.0,
          23.0
        ],
        "Q4": [
          5.0,
          30.0
        ]
      }
    },
    "scale_units": {
      "F_hz": "Hz",
      "A_value": "idx",
      "Q_value": "idx"
    },
    "F_norm": {
      "F1": 0.18815331010452963,
      "F2": 0.2613240418118467,
      "F3": 0.5261324041811847,
      "F4": 0.7526132404181185
    },
    "F_y_px": {
      "F1": 89,
      "F2": 110,
      "F3": 186,
      "F4": 251
    },
    "F_lane_norm": {
      "F1": 0.8421052631578947,
      "F2": 0.11538461538461539,
      "F3": 0.6086956521739131,
      "F4": 0.9565217391304348
    },
    "F_hz": {
      "F1": 7.389473684210527,
      "F2": 14.338461538461539,
      "F3": 19.22608695652174,
      "F4": 24.20434782608696
    },
    "A_norm": {
      "A1": 0.3170731707317073,
      "A2": 0.5296167247386759,
      "A3": 0.7073170731707317,
      "A4": 0.7491289198606271
    },
    "A_y_px": {
      "A1": 126,
      "A2": 187,
      "A3": 238,
      "A4": 250
    },
    "A_lane_norm": {
      "A1": 0.9879518072289156,
      "A2": 0.9693877551020408,
      "A3": 0.845360824742268,
      "A4": 0.21978021978021978
    },
    "A_value": {
      "A1": 1.5301204819277103,
      "A2": 2.852040816326536,
      "A3": 3.7463917525773187,
      "A4": 8.2
    },
    "Q_norm": {
      "Q1": 0.31010452961672474,
      "Q2": 0.4912891986062718,
      "Q3": 0.7282229965156795,
      "Q4": 0.9198606271777003
    },
    "Q_y_px": {
      "Q1": 124,
      "Q2": 176,
      "Q3": 244,
      "Q4": 299
    },
    "Q_lane_norm": {
      "Q1": 0.8426966292134831,
      "Q2": 0.7422680412371134,
      "Q3": 0.8543689320388349,
      "Q4": 0.7411764705882353
    },
    "Q_value": {
      "Q1": 9.348314606741575,
      "Q2": 8.221649484536082,
      "Q3": 9.330097087378642,
      "Q4": 11.470588235294116
    }
  },
  "debug": {
    "F": {
      "x_day0": 59,
      "x_day1": 374,
      "x_day2": 690,
      "day_w": 315.5,
      "x_day0_time": 59,
      "x_day1_time": 351,
      "x_day2_time": 643,
      "day_w_time": 292.0,
      "x_plot_end": 935,
      "x1_static": 936,
      "x1_dyn": 935,
      "x1_dyn_used": true,
      "pph": 12.166666666666666,
      "pph_source": "day_width (tick-mismatch-fallback)",
      "pph_tick": 19.0,
      "tick_pph_rel_err": 0.5616438356164384,
      "tick_pph_valid": false,
      "tick_count": 50,
      "tick_quality": 0.6944444444444444,
      "tick_used": false,
      "x_frontier": 916,
      "frontier_method": "activity_scan",
      "frontier_activity_thr": 0.3886191815137863,
      "frontier_activity_right_tail": 0.10161691904067993,
      "frontier_activity_run_px": 8,
      "guard_px": 4,
      "left_guard": 645,
      "right_guard": 912,
      "x_time": 884,
      "x_ideal": 884,
      "x_now": 884,
      "x_now_method": "ideal",
      "hour_now_tsst": 19.82361111111111,
      "rollover_hour_min": 3.0,
      "rollover_hour_max": 8.5,
      "delta_min_to_guard": 138.08219178082194,
      "frontier_day_fill": 0.934931506849315,
      "rollover_candidate": false,
      "bias_minutes_applied": 0.0,
      "measured_bias_minutes": null,
      "age_hours": null,
      "status": "ok",
      "x_pick": 883,
      "x_pick_edge": 884,
      "x_pick_safe_right": 923,
      "x_overlay": 884,
      "f1_path_x_range": [
        870,
        884
      ],
      "f1_path_target_col": 13,
      "f1_path_y_px": 45,
      "f4_path_x_range": [
        870,
        884
      ],
      "f4_path_target_col": 13,
      "f4_path_y_px": 257,
      "f1_path2_x_range": [
        874,
        884
      ],
      "f1_path2_target_col": 9,
      "f1_path2_y_px": 79,
      "f1_path2_y_direct_px": 80,
      "f1_path2_direct_used": false,
      "f1_path2_direct_allowed": false,
      "f1_path2_left_weight": 0.35,
      "f1_path2_right_weight": 1.0,
      "f2_path2_x_range": [
        874,
        884
      ],
      "f2_path2_target_col": 9,
      "f2_path2_y_px": 119,
      "f2_path2_y_direct_px": 116,
      "f2_path2_direct_used": false,
      "f2_path2_direct_allowed": false,
      "f2_path2_left_weight": 0.4,
      "f2_path2_right_weight": 1.0,
      "f4_path2_x_range": [
        874,
        884
      ],
      "f4_path2_target_col": 9,
      "f4_path2_y_px": 257,
      "f4_path2_y_direct_px": 230,
      "f4_path2_direct_used": false,
      "f4_path2_direct_allowed": false,
      "f4_path2_left_weight": 0.4,
      "f4_path2_right_weight": 1.0,
      "f1_local_snap_x": 884,
      "f1_local_snap_y_px": 89,
      "f1_local_snap_search_px": 8,
      "f1_local_snap_search_up_px": 4,
      "f1_local_snap_search_down_px": 12,
      "f1_local_snap_prefer_lower_weight": 0.02,
      "f3_local_snap_x": 884,
      "f3_local_snap_y_px": 186,
      "f3_local_snap_search_px": 6,
      "f3_local_snap_search_up_px": 6,
      "f3_local_snap_search_down_px": 6,
      "f3_local_snap_prefer_lower_weight": 0.0,
      "f4_local_snap_x": 884,
      "f4_local_snap_y_px": 251,
      "f4_local_snap_search_px": 8,
      "f4_local_snap_search_up_px": 6,
      "f4_local_snap_search_down_px": 14,
      "f4_local_snap_prefer_lower_weight": 0.05,
      "f2_local_snap_x": 884,
      "f2_local_snap_y_px": 110,
      "f2_local_snap_search_px": 8,
      "f2_local_snap_search_up_px": 14,
      "f2_local_snap_search_down_px": 2,
      "f2_local_snap_prefer_lower_weight": 0.0,
      "scale_ranges": {
        "F1": [
          7.2,
          8.4
        ],
        "F2": [
          13.1,
          14.5
        ],
        "F3": [
          18.6,
          20.2
        ],
        "F4": [
          24.1,
          26.5
        ]
      }
    },
    "A": {
      "x_day0": 59,
      "x_day1": 368,
      "x_day2": 678,
      "day_w": 309.5,
      "x_day0_time": 59,
      "x_day1_time": 351,
      "x_day2_time": 643,
      "day_w_time": 292.0,
      "x_plot_end": 935,
      "x1_static": 936,
      "x1_dyn": 935,
      "x1_dyn_used": true,
      "pph": 12.166666666666666,
      "pph_source": "day_width (tick-mismatch-fallback)",
      "pph_tick": 19.0,
      "tick_pph_rel_err": 0.5616438356164384,
      "tick_pph_valid": false,
      "tick_count": 50,
      "tick_quality": 0.6944444444444444,
      "tick_used": false,
      "x_frontier": 934,
      "frontier_method": "activity_scan",
      "frontier_activity_thr": 0.28325924575328826,
      "frontier_activity_right_tail": 0.1961069107055664,
      "frontier_activity_run_px": 8,
      "guard_px": 6,
      "left_guard": 645,
      "right_guard": 928,
      "x_time": 884,
      "x_ideal": 884,
      "x_now": 884,
      "x_now_method": "ideal",
      "hour_now_tsst": 19.82361111111111,
      "rollover_hour_min": 3.0,
      "rollover_hour_max": 8.5,
      "delta_min_to_guard": 216.98630136986304,
      "frontier_day_fill": 0.9965753424657534,
      "rollover_candidate": false,
      "bias_minutes_applied": 0.0,
      "measured_bias_minutes": null,
      "age_hours": null,
      "status": "ok",
      "x_pick": 880,
      "x_pick_safe_right": 911,
      "x_overlay": 880,
      "a2_path2_x_range": [
        870,
        880
      ],
      "a2_path2_target_col": 9,
      "a2_path2_y_px": 186,
      "a2_path2_y_direct_px": 186,
      "a2_path2_direct_used": false,