{
  "saved_at_utc": "2026-03-07T07:32:47.932604+00:00",
  "source": "tomsk_sos70_param_charts",
  "freq_max_hz": 40.0,
  "values": {
    "scale_ranges": {
      "F": {
        "F1": [
          7.2,
          8.4
        ],
        "F2": [
          13.1,
          14.5
        ],
        "F3": [
          18.6,
          20.2
        ],
        "F4": [
          24.1,
          26.5
        ]
      },
      "A": {
        "A1": [
          1.0,
          45.0
        ],
        "A2": [
          1.0,
          61.5
        ],
        "A3": [
          2.2,
          12.2
        ],
        "A4": [
          1.1,
          10.2
        ]
      },
      "Q": {
        "Q1": [
          4.0,
          38.0
        ],
        "Q2": [
          5.0,
          17.5
        ],
        "Q3": [
          7.0,
          23.0
        ],
        "Q4": [
          5.0,
          30.0
        ]
      }
    },
    "scale_units": {
      "F_hz": "Hz",
      "A_value": "idx",
      "Q_value": "idx"
    },
    "F_norm": {
      "F1": 0.18466898954703834,
      "F2": 0.2961672473867596,
      "F3": 0.519163763066202,
      "F4": 0.7526132404181185
    },
    "F_y_px": {
      "F1": 88,
      "F2": 120,
      "F3": 184,
      "F4": 251
    },
    "F_lane_norm": {
      "F1": 0.8245614035087719,
      "F2": 0.3076923076923077,
      "F3": 0.5652173913043478,
      "F4": 0.9565217391304348
    },
    "F_hz": {
      "F1": 7.410526315789474,
      "F2": 14.069230769230769,
      "F3": 19.295652173913044,
      "F4": 24.20434782608696
    },
    "A_norm": {
      "A1": 0.313588850174216,
      "A2": 0.5365853658536586,
      "A3": 0.7073170731707317,
      "A4": 0.9233449477351916
    },
    "A_y_px": {
      "A1": 125,
      "A2": 189,
      "A3": 238,
      "A4": 300
    },
    "A_lane_norm": {
      "A1": 0.9759036144578314,
      "A2": 0.9897959183673469,
      "A3": 0.845360824742268,
      "A4": 0.7692307692307693
    },
    "A_value": {
      "A1": 2.0602409638554207,
      "A2": 1.617346938775512,
      "A3": 3.7463917525773187,
      "A4": 3.1999999999999993
    },
    "Q_norm": {
      "Q1": 0.289198606271777,
      "Q2": 0.2613240418118467,
      "Q3": 0.6515679442508711,
      "Q4": 0.9163763066202091
    },
    "Q_y_px": {
      "Q1": 118,
      "Q2": 110,
      "Q3": 222,
      "Q4": 298
    },
    "Q_lane_norm": {
      "Q1": 0.7752808988764045,
      "Q2": 0.061855670103092786,
      "Q3": 0.6407766990291263,
      "Q4": 0.7294117647058823
    },
    "Q_value": {
      "Q1": 11.640449438202246,
      "Q2": 16.72680412371134,
      "Q3": 12.74757281553398,
      "Q4": 11.764705882352942
    }
  },
  "debug": {
    "F": {
      "x_day0": 59,
      "x_day1": 369,
      "x_day2": 679,
      "day_w": 310.0,
      "x_day0_time": 59,
      "x_day1_time": 351,
      "x_day2_time": 643,
      "day_w_time": 292.0,
      "x_plot_end": 935,
      "x1_static": 936,
      "x1_dyn": 935,
      "x1_dyn_used": true,
      "pph": 12.166666666666666,
      "pph_source": "day_width (tick-mismatch-fallback)",
      "pph_tick": 19.0,
      "tick_pph_rel_err": 0.5616438356164384,
      "tick_pph_valid": false,
      "tick_count": 50,
      "tick_quality": 0.6944444444444444,
      "tick_used": false,
      "x_frontier": 916,
      "frontier_method": "activity_scan",
      "frontier_activity_thr": 0.4010679468512535,
      "frontier_activity_right_tail": 0.1442839503288269,
      "frontier_activity_run_px": 8,
      "guard_px": 4,
      "left_guard": 645,
      "right_guard": 912,
      "x_time": 820,
      "x_ideal": 820,
      "x_now": 820,
      "x_now_method": "ideal",
      "hour_now_tsst": 14.546388888888888,
      "delta_min_to_guard": 453.6986301369863,
      "frontier_day_fill": 0.934931506849315,
      "rollover_candidate": false,
      "bias_minutes_applied": 0.0,
      "measured_bias_minutes": null,
      "age_hours": null,
      "status": "ok",
      "x_pick": 819,
      "x_pick_edge": 820,
      "x_pick_safe_right": 923,
      "x_overlay": 820,
      "f1_path_x_range": [
        806,
        820
      ],
      "f1_path_target_col": 13,
      "f1_path_y_px": 90,
      "f4_path_x_range": [
        806,
        820
      ],
      "f4_path_target_col": 13,
      "f4_path_y_px": 251,
      "f1_path2_x_range": [
        810,
        820
      ],
      "f1_path2_target_col": 9,
      "f1_path2_y_px": 90,
      "f1_path2_y_direct_px": 44,
      "f1_path2_direct_used": false,
      "f1_path2_direct_allowed": false,
      "f1_path2_left_weight": 0.35,
      "f1_path2_right_weight": 1.0,
      "f2_path2_x_range": [
        810,
        820
      ],
      "f2_path2_target_col": 9,
      "f2_path2_y_px": 122,
      "f2_path2_y_direct_px": 121,
      "f2_path2_direct_used": false,
      "f2_path2_direct_allowed": false,
      "f2_path2_left_weight": 0.4,
      "f2_path2_right_weight": 1.0,
      "f4_path2_x_range": [
        810,
        820
      ],
      "f4_path2_target_col": 9,
      "f4_path2_y_px": 251,
      "f4_path2_y_direct_px": 231,
      "f4_path2_direct_used": false,
      "f4_path2_direct_allowed": false,
      "f4_path2_left_weight": 0.4,
      "f4_path2_right_weight": 1.0,
      "f1_local_snap_x": 820,
      "f1_local_snap_y_px": 88,
      "f1_local_snap_search_px": 8,
      "f1_local_snap_search_up_px": 4,
      "f1_local_snap_search_down_px": 12,
      "f1_local_snap_prefer_lower_weight": 0.02,
      "f3_local_snap_x": 820,
      "f3_local_snap_y_px": 184,
      "f3_local_snap_search_px": 6,
      "f3_local_snap_search_up_px": 6,
      "f3_local_snap_search_down_px": 6,
      "f3_local_snap_prefer_lower_weight": 0.0,
      "f4_local_snap_x": 820,
      "f4_local_snap_y_px": 251,
      "f4_local_snap_search_px": 8,
      "f4_local_snap_search_up_px": 6,
      "f4_local_snap_search_down_px": 14,
      "f4_local_snap_prefer_lower_weight": 0.05,
      "f2_local_snap_x": 820,
      "f2_local_snap_y_px": 120,
      "f2_local_snap_search_px": 8,
      "f2_local_snap_search_up_px": 14,
      "f2_local_snap_search_down_px": 2,
      "f2_local_snap_prefer_lower_weight": 0.0,
      "scale_ranges": {
        "F1": [
          7.2,
          8.4
        ],
        "F2": [
          13.1,
          14.5
        ],
        "F3": [
          18.6,
          20.2
        ],
        "F4": [
          24.1,
          26.5
        ]
      }
    },
    "A": {
      "x_day0": 59,
      "x_day1": 368,
      "x_day2": 678,
      "day_w": 309.5,
      "x_day0_time": 59,
      "x_day1_time": 351,
      "x_day2_time": 643,
      "day_w_time": 292.0,
      "x_plot_end": 935,
      "x1_static": 936,
      "x1_dyn": 935,
      "x1_dyn_used": true,
      "pph": 12.166666666666666,
      "pph_source": "day_width (tick-mismatch-fallback)",
      "pph_tick": 19.0,
      "tick_pph_rel_err": 0.5616438356164384,
      "tick_pph_valid": false,
      "tick_count": 50,
      "tick_quality": 0.6944444444444444,
      "tick_used": false,
      "x_frontier": 934,
      "frontier_method": "activity_scan",
      "frontier_activity_thr": 0.269976070523262,
      "frontier_activity_right_tail": 0.2122170478105545,
      "frontier_activity_run_px": 8,
      "guard_px": 6,
      "left_guard": 645,
      "right_guard": 928,
      "x_time": 820,
      "x_ideal": 820,
      "x_now": 820,
      "x_now_method": "ideal",
      "hour_now_tsst": 14.546388888888888,
      "delta_min_to_guard": 532.6027397260274,
      "frontier_day_fill": 0.9965753424657534,
      "rollover_candidate": false,
      "bias_minutes_applied": 0.0,
      "measured_bias_minutes": null,
      "age_hours": null,
      "status": "ok",
      "x_pick": 816,
      "x_pick_safe_right": 911,
      "x_overlay": 816,
      "a2_path2_x_range": [
        806,
        816
      ],
      "a2_path2_target_col": 9,
      "a2_path2_y_px": 188,
      "a2_path2_y_direct_px": 188,
      "a2_path2_direct_used": false,
      "a2_path2_direct_allowed": true,
      "a2_path2_left_weight": 0.45,
      "a2_path2_right_weight": 1.0,
      "a1_local_snap_x": 816,