{
  "saved_at_utc": "2026-06-15T23:41:56.498365+00:00",
  "source": "tomsk_sos70_param_charts",
  "freq_max_hz": 40.0,
  "values": {
    "scale_ranges": {
      "F": {
        "F1": [
          7.2,
          8.4
        ],
        "F2": [
          13.1,
          14.5
        ],
        "F3": [
          18.6,
          20.2
        ],
        "F4": [
          24.1,
          26.5
        ]
      },
      "A": {
        "A1": [
          1.0,
          45.0
        ],
        "A2": [
          1.0,
          61.5
        ],
        "A3": [
          2.2,
          12.2
        ],
        "A4": [
          1.1,
          10.2
        ]
      },
      "Q": {
        "Q1": [
          4.0,
          38.0
        ],
        "Q2": [
          5.0,
          17.5
        ],
        "Q3": [
          7.0,
          23.0
        ],
        "Q4": [
          5.0,
          30.0
        ]
      }
    },
    "scale_units": {
      "F_hz": "Hz",
      "A_value": "idx",
      "Q_value": "idx"
    },
    "F_norm": {
      "F1": 0.027874564459930314,
      "F2": 0.2613240418118467,
      "F3": 0.5853658536585366,
      "F4": 0.7560975609756098
    },
    "F_y_px": {
      "F1": 43,
      "F2": 110,
      "F3": 203,
      "F4": 252
    },
    "F_lane_norm": {
      "F1": 0.03508771929824561,
      "F2": 0.11538461538461539,
      "F3": 0.9782608695652174,
      "F4": 0.9782608695652174
    },
    "F_hz": {
      "F1": 8.357894736842105,
      "F2": 14.338461538461539,
      "F3": 18.634782608695655,
      "F4": 24.15217391304348
    },
    "A_norm": {
      "A1": 0.2857142857142857,
      "A2": 0.519163763066202,
      "A3": 0.6759581881533101,
      "A4": 0.8954703832752613
    },
    "A_y_px": {
      "A1": 117,
      "A2": 184,
      "A3": 229,
      "A4": 292
    },
    "A_lane_norm": {
      "A1": 0.8795180722891566,
      "A2": 0.9387755102040817,
      "A3": 0.7525773195876289,
      "A4": 0.6813186813186813
    },
    "A_value": {
      "A1": 6.30120481927711,
      "A2": 4.7040816326530575,
      "A3": 4.674226804123711,
      "A4": 3.999999999999999
    },
    "Q_norm": {
      "Q1": 0.30662020905923343,
      "Q2": 0.5261324041811847,
      "Q3": 0.6550522648083623,
      "Q4": 0.867595818815331
    },
    "Q_y_px": {
      "Q1": 123,
      "Q2": 186,
      "Q3": 223,
      "Q4": 284
    },
    "Q_lane_norm": {
      "Q1": 0.8314606741573034,
      "Q2": 0.845360824742268,
      "Q3": 0.6504854368932039,
      "Q4": 0.5647058823529412
    },
    "Q_value": {
      "Q1": 9.730337078651683,
      "Q2": 6.93298969072165,
      "Q3": 12.592233009708737,
      "Q4": 15.882352941176471
    }
  },
  "debug": {
    "F": {
      "x_day0": 59,
      "x_day1": 392,
      "x_day2": 726,
      "day_w": 333.5,
      "x_day0_time": 59,
      "x_day1_time": 351,
      "x_day2_time": 643,
      "day_w_time": 292.0,
      "x_plot_end": 935,
      "x1_static": 936,
      "x1_dyn": 935,
      "x1_dyn_used": true,
      "pph": 12.166666666666666,
      "pph_source": "day_width (tick-mismatch-fallback)",
      "pph_tick": 19.0,
      "tick_pph_rel_err": 0.5616438356164384,
      "tick_pph_valid": false,
      "tick_count": 50,
      "tick_quality": 0.6944444444444444,
      "tick_used": false,
      "x_frontier": 724,
      "frontier_method": "activity_scan",
      "frontier_activity_thr": 0.5047025471925736,
      "frontier_activity_right_tail": 0.18769437074661255,
      "frontier_activity_run_px": 8,
      "guard_px": 4,
      "left_guard": 645,
      "right_guard": 720,
      "x_time": 725,
      "x_ideal": 725,
      "x_now": 725,
      "x_now_method": "harmonized_pair_cluster",
      "hour_now_tsst": 6.698888888888889,
      "rollover_hour_min": 3.0,
      "rollover_hour_max": 8.5,
      "delta_min_to_guard": -24.657534246575345,
      "delta_min_to_frontier": -4.931506849315069,
      "frontier_day_fill": 0.2773972602739726,
      "rollover_candidate": false,
      "bias_minutes_applied": 0.0,
      "measured_bias_minutes": null,
      "age_hours": null,
      "status": "ok",
      "x_now_before_harmonize": 725,
      "x_pick": 724,
      "x_pick_edge": 725,
      "x_pick_safe_right": 923,
      "x_overlay": 725,
      "f1_path_x_range": [
        711,
        725
      ],
      "f1_path_target_col": 13,
      "f1_path_y_px": 43,
      "f4_path_x_range": [
        711,
        725
      ],
      "f4_path_target_col": 13,
      "f4_path_y_px": 251,
      "f1_path2_x_range": [
        715,
        725
      ],
      "f1_path2_target_col": 9,
      "f1_path2_y_px": 44,
      "f1_path2_y_direct_px": 44,
      "f1_path2_direct_used": false,
      "f1_path2_direct_allowed": false,
      "f1_path2_left_weight": 0.35,
      "f1_path2_right_weight": 1.0,
      "f2_path2_x_range": [
        715,
        725
      ],
      "f2_path2_target_col": 9,
      "f2_path2_y_px": 131,
      "f2_path2_y_direct_px": 138,
      "f2_path2_direct_used": false,
      "f2_path2_direct_allowed": false,
      "f2_path2_left_weight": 0.4,
      "f2_path2_right_weight": 1.0,
      "f4_path2_x_range": [
        715,
        725
      ],
      "f4_path2_target_col": 9,
      "f4_path2_y_px": 251,
      "f4_path2_y_direct_px": 251,
      "f4_path2_direct_used": false,
      "f4_path2_direct_allowed": false,
      "f4_path2_left_weight": 0.4,
      "f4_path2_right_weight": 1.0,
      "f1_local_snap_x": 725,
      "f1_local_snap_y_px": 43,
      "f1_local_snap_search_px": 8,
      "f1_local_snap_search_up_px": 4,
      "f1_local_snap_search_down_px": 12,
      "f1_local_snap_prefer_lower_weight": 0.02,
      "f3_local_snap_x": 725,
      "f3_local_snap_y_px": 203,
      "f3_local_snap_search_px": 6,
      "f3_local_snap_search_up_px": 6,
      "f3_local_snap_search_down_px": 6,
      "f3_local_snap_prefer_lower_weight": 0.0,
      "f4_local_snap_x": 725,
      "f4_local_snap_y_px": 251,
      "f4_local_snap_search_px": 8,
      "f4_local_snap_search_up_px": 6,
      "f4_local_snap_search_down_px": 14,
      "f4_local_snap_prefer_lower_weight": 0.05,
      "f2_local_snap_x": 725,
      "f2_local_snap_y_px": 131,
      "f2_local_snap_search_px": 8,
      "f2_local_snap_search_up_px": 14,
      "f2_local_snap_search_down_px": 2,
      "f2_local_snap_prefer_lower_weight": 0.0,
      "f2_consensus_x_range": [
        719,
        725
      ],
      "f2_consensus_y_px": 110,
      "f2_consensus_anchor_y_px": 131,
      "f2_consensus_seed_y_px": 110,
      "f2_consensus_support_cols": 6,
      "f2_consensus_support_ratio": 0.7914396887159534,
      "f2_consensus_jump_px": 21,
      "f2_consensus_tol_px": 5,
      "f2_consensus_reason": "accepted",
      "f2_consensus_applied": true,
      "f3_consensus_x_range": [
        719,
        725
      ],
      "f3_consensus_y_px": 203,
      "f3_consensus_anchor_y_px": 203,
      "f3_consensus_seed_y_px": 200,
      "f3_consensus_support_cols": 6,
      "f3_consensus_support_ratio": 0.8062223032319067,
      "f3_consensus_jump_px": 0,
      "f3_consensus_tol_px": 5,
      "f3_consensus_reason": "accepted",
      "f3_consensus_applied": true,
      "f4_consensus_x_range": [
        719,
        725
      ],
      "f4_consensus_y_px": 252,
      "f4_consensus_anchor_y_px": 251,
      "f4_consensus_seed_y_px": 252,
      "f4_consensus_support_cols": 7,
      "f4_consensus_support_ratio": 1.0,
      "f4_consensus_jump_px": 1,
      "f4_consensus_tol_px": 6,
      "f4_consensus_reason": "accepted",
      "f4_consensus_applied": true,
      "scale_ranges": {
        "F1": [
          7.2,
          8.4
        ],
        "F2": [
          13.1,
          14.5
        ],
        "F3": [
          18.6,
          20.2
        ],
        "F4": [
          24.1,
          26.5
        ]
      }
    },
    "A": {
      "x_day0": 59,
      "x_day1": 392,
      "x_day2": 726,
      "day_w": 333.5,
      "x_day0_time": 59,
      "x_day1_time": 351,
      "x_day2_time": 643,
      "day_w_time": 292.0,
      "x_plot_end": 935,
      "x1_static": 936,
      "x1_dyn": 935,