{
  "saved_at_utc": "2026-05-10T06:05:44.996524+00:00",
  "source": "tomsk_sos70_param_charts",
  "freq_max_hz": 40.0,
  "values": {
    "scale_ranges": {
      "F": {
        "F1": [
          7.2,
          8.4
        ],
        "F2": [
          13.1,
          14.5
        ],
        "F3": [
          18.6,
          20.2
        ],
        "F4": [
          24.1,
          26.5
        ]
      },
      "A": {
        "A1": [
          1.0,
          45.0
        ],
        "A2": [
          1.0,
          61.5
        ],
        "A3": [
          2.2,
          12.2
        ],
        "A4": [
          1.1,
          10.2
        ]
      },
      "Q": {
        "Q1": [
          4.0,
          38.0
        ],
        "Q2": [
          5.0,
          17.5
        ],
        "Q3": [
          7.0,
          23.0
        ],
        "Q4": [
          5.0,
          30.0
        ]
      }
    },
    "scale_units": {
      "F_hz": "Hz",
      "A_value": "idx",
      "Q_value": "idx"
    },
    "F_norm": {
      "F1": 0.16376306620209058,
      "F2": 0.3867595818815331,
      "F3": 0.5226480836236934,
      "F4": 0.6794425087108014
    },
    "F_y_px": {
      "F1": 82,
      "F2": 146,
      "F3": 185,
      "F4": 230
    },
    "F_lane_norm": {
      "F1": 0.7192982456140351,
      "F2": 0.8076923076923077,
      "F3": 0.5869565217391305,
      "F4": 0.5
    },
    "F_hz": {
      "F1": 7.536842105263158,
      "F2": 13.36923076923077,
      "F3": 19.26086956521739,
      "F4": 25.3
    },
    "A_norm": {
      "A1": 0.313588850174216,
      "A2": 0.5156794425087108,
      "A3": 0.7317073170731707,
      "A4": 0.9581881533101045
    },
    "A_y_px": {
      "A1": 125,
      "A2": 183,
      "A3": 245,
      "A4": 310
    },
    "A_lane_norm": {
      "A1": 0.9759036144578314,
      "A2": 0.9285714285714286,
      "A3": 0.9175257731958762,
      "A4": 0.8791208791208791
    },
    "A_value": {
      "A1": 2.0602409638554207,
      "A2": 5.321428571428569,
      "A3": 3.024742268041237,
      "A4": 2.2
    },
    "Q_norm": {
      "Q1": 0.26480836236933797,
      "Q2": 0.4529616724738676,
      "Q3": 0.6550522648083623,
      "Q4": 0.9581881533101045
    },
    "Q_y_px": {
      "Q1": 111,
      "Q2": 165,
      "Q3": 223,
      "Q4": 310
    },
    "Q_lane_norm": {
      "Q1": 0.6966292134831461,
      "Q2": 0.6288659793814433,
      "Q3": 0.6504854368932039,
      "Q4": 0.8705882352941177
    },
    "Q_value": {
      "Q1": 14.314606741573034,
      "Q2": 9.63917525773196,
      "Q3": 12.592233009708737,
      "Q4": 8.235294117647058
    }
  },
  "debug": {
    "F": {
      "x_day0": 59,
      "x_day1": 372,
      "x_day2": 685,
      "day_w": 313.0,
      "x_day0_time": 59,
      "x_day1_time": 351,
      "x_day2_time": 643,
      "day_w_time": 292.0,
      "x_plot_end": 935,
      "x1_static": 936,
      "x1_dyn": 935,
      "x1_dyn_used": true,
      "pph": 12.166666666666666,
      "pph_source": "day_width (tick-mismatch-fallback)",
      "pph_tick": 19.0,
      "tick_pph_rel_err": 0.5616438356164384,
      "tick_pph_valid": false,
      "tick_count": 50,
      "tick_quality": 0.6944444444444444,
      "tick_used": false,
      "x_frontier": 802,
      "frontier_method": "activity_scan",
      "frontier_activity_thr": 0.4867030143737793,
      "frontier_activity_right_tail": 0.14874881505966187,
      "frontier_activity_run_px": 8,
      "guard_px": 4,
      "left_guard": 645,
      "right_guard": 798,
      "x_time": 802,
      "x_ideal": 802,
      "x_now": 802,
      "x_now_method": "ideal",
      "hour_now_tsst": 13.095555555555556,
      "rollover_hour_min": 3.0,
      "rollover_hour_max": 8.5,
      "delta_min_to_guard": -19.726027397260275,
      "delta_min_to_frontier": 0.0,
      "frontier_day_fill": 0.5445205479452054,
      "rollover_candidate": false,
      "bias_minutes_applied": 0.0,
      "measured_bias_minutes": null,
      "age_hours": null,
      "status": "ok",
      "x_pick": 801,
      "x_pick_edge": 802,
      "x_pick_safe_right": 923,
      "x_overlay": 802,
      "f1_path_x_range": [
        788,
        802
      ],
      "f1_path_target_col": 13,
      "f1_path_y_px": 59,
      "f4_path_x_range": [
        788,
        802
      ],
      "f4_path_target_col": 13,
      "f4_path_y_px": 230,
      "f1_path2_x_range": [
        792,
        802
      ],
      "f1_path2_target_col": 9,
      "f1_path2_y_px": 70,
      "f1_path2_y_direct_px": 44,
      "f1_path2_direct_used": false,
      "f1_path2_direct_allowed": false,
      "f1_path2_left_weight": 0.35,
      "f1_path2_right_weight": 1.0,
      "f2_path2_x_range": [
        792,
        802
      ],
      "f2_path2_target_col": 9,
      "f2_path2_y_px": 157,
      "f2_path2_y_direct_px": 144,
      "f2_path2_direct_used": false,
      "f2_path2_direct_allowed": false,
      "f2_path2_left_weight": 0.4,
      "f2_path2_right_weight": 1.0,
      "f4_path2_x_range": [
        792,
        802
      ],
      "f4_path2_target_col": 9,
      "f4_path2_y_px": 230,
      "f4_path2_y_direct_px": 230,
      "f4_path2_direct_used": false,
      "f4_path2_direct_allowed": false,
      "f4_path2_left_weight": 0.4,
      "f4_path2_right_weight": 1.0,
      "f1_local_snap_x": 802,
      "f1_local_snap_y_px": 82,
      "f1_local_snap_search_px": 8,
      "f1_local_snap_search_up_px": 4,
      "f1_local_snap_search_down_px": 12,
      "f1_local_snap_prefer_lower_weight": 0.02,
      "f3_local_snap_x": 802,
      "f3_local_snap_y_px": 187,
      "f3_local_snap_search_px": 6,
      "f3_local_snap_search_up_px": 6,
      "f3_local_snap_search_down_px": 6,
      "f3_local_snap_prefer_lower_weight": 0.0,
      "f4_local_snap_x": 802,
      "f4_local_snap_y_px": 229,
      "f4_local_snap_search_px": 8,
      "f4_local_snap_search_up_px": 6,
      "f4_local_snap_search_down_px": 14,
      "f4_local_snap_prefer_lower_weight": 0.05,
      "f2_local_snap_x": 802,
      "f2_local_snap_y_px": 146,
      "f2_local_snap_search_px": 8,
      "f2_local_snap_search_up_px": 14,
      "f2_local_snap_search_down_px": 2,
      "f2_local_snap_prefer_lower_weight": 0.0,
      "f2_consensus_applied": false,
      "f2_consensus_x_range": [
        796,
        802
      ],
      "f2_consensus_y_px": 146,
      "f2_consensus_anchor_y_px": 146,
      "f2_consensus_seed_y_px": 146,
      "f2_consensus_support_cols": 3,
      "f2_consensus_support_ratio": 0.5398193034529604,
      "f2_consensus_jump_px": 0,
      "f2_consensus_tol_px": 5,
      "f2_consensus_reason": "low_support",
      "f3_consensus_x_range": [
        796,
        802
      ],
      "f3_consensus_y_px": 185,
      "f3_consensus_anchor_y_px": 187,
      "f3_consensus_seed_y_px": 181,
      "f3_consensus_support_cols": 6,
      "f3_consensus_support_ratio": 0.8158973596448372,
      "f3_consensus_jump_px": 2,
      "f3_consensus_tol_px": 5,
      "f3_consensus_reason": "accepted",
      "f3_consensus_applied": true,
      "f4_consensus_x_range": [
        796,
        802
      ],
      "f4_consensus_y_px": 230,
      "f4_consensus_anchor_y_px": 229,
      "f4_consensus_seed_y_px": 232,
      "f4_consensus_support_cols": 7,
      "f4_consensus_support_ratio": 1.0,
      "f4_consensus_jump_px": 1,
      "f4_consensus_tol_px": 6,
      "f4_consensus_reason": "accepted",
      "f4_consensus_applied": true,
      "scale_ranges": {
        "F1": [
          7.2,
          8.4
        ],
        "F2": [
          13.1,
          14.5
        ],
        "F3": [
          18.6,
          20.2
        ],
        "F4": [
          24.1,
          26.5
        ]
      }
    },
    "A": {
      "x_day0": 59,
      "x_day1": 392,
      "x_day2": 726,
      "day_w": 333.5,
      "x_day0_time": 59,
      "x_day1_time": 351,
      "x_day2_time": 644,
      "day_w_time": 292.3333333333333,
      "x_plot_end": 936,
      "x1_static": 936,
      "x1_dyn": 977,
      "x1_dyn_used": false,
      "pph": 12.180555555555555,