{
  "saved_at_utc": "2026-04-02T19:09:37.382367+00:00",
  "source": "tomsk_sos70_param_charts",
  "freq_max_hz": 40.0,
  "values": {
    "scale_ranges": {
      "F": {
        "F1": [
          7.2,
          8.4
        ],
        "F2": [
          13.1,
          14.5
        ],
        "F3": [
          18.6,
          20.2
        ],
        "F4": [
          24.1,
          26.5
        ]
      },
      "A": {
        "A1": [
          1.0,
          45.0
        ],
        "A2": [
          1.0,
          61.5
        ],
        "A3": [
          2.2,
          12.2
        ],
        "A4": [
          1.1,
          10.2
        ]
      },
      "Q": {
        "Q1": [
          4.0,
          38.0
        ],
        "Q2": [
          5.0,
          17.5
        ],
        "Q3": [
          7.0,
          23.0
        ],
        "Q4": [
          5.0,
          30.0
        ]
      }
    },
    "scale_units": {
      "F_hz": "Hz",
      "A_value": "idx",
      "Q_value": "idx"
    },
    "F_norm": {
      "F1": 0.04878048780487805,
      "F2": 0.2787456445993031,
      "F3": 0.519163763066202,
      "F4": 0.7491289198606271
    },
    "F_y_px": {
      "F1": 49,
      "F2": 115,
      "F3": 184,
      "F4": 250
    },
    "F_lane_norm": {
      "F1": 0.14035087719298245,
      "F2": 0.21153846153846154,
      "F3": 0.5652173913043478,
      "F4": 0.9347826086956522
    },
    "F_hz": {
      "F1": 8.23157894736842,
      "F2": 14.203846153846154,
      "F3": 19.295652173913044,
      "F4": 24.256521739130434
    },
    "A_norm": {
      "A1": 0.20905923344947736,
      "A2": 0.397212543554007,
      "A3": 0.5679442508710801,
      "A4": 0.9024390243902439
    },
    "A_y_px": {
      "A1": 95,
      "A2": 149,
      "A3": 198,
      "A4": 294
    },
    "A_lane_norm": {
      "A1": 0.6144578313253012,
      "A2": 0.5816326530612245,
      "A3": 0.4329896907216495,
      "A4": 0.7032967032967034
    },
    "A_value": {
      "A1": 17.96385542168675,
      "A2": 26.31122448979592,
      "A3": 7.870103092783504,
      "A4": 3.799999999999999
    },
    "Q_norm": {
      "Q1": 0.2682926829268293,
      "Q2": 0.49477351916376305,
      "Q3": 0.6689895470383276,
      "Q4": 0.926829268292683
    },
    "Q_y_px": {
      "Q1": 112,
      "Q2": 177,
      "Q3": 227,
      "Q4": 301
    },
    "Q_lane_norm": {
      "Q1": 0.7078651685393258,
      "Q2": 0.7525773195876289,
      "Q3": 0.6893203883495146,
      "Q4": 0.7647058823529411
    },
    "Q_value": {
      "Q1": 13.932584269662922,
      "Q2": 8.092783505154639,
      "Q3": 11.970873786407767,
      "Q4": 10.882352941176471
    }
  },
  "debug": {
    "F": {
      "x_day0": 59,
      "x_day1": 372,
      "x_day2": 684,
      "day_w": 312.5,
      "x_day0_time": 59,
      "x_day1_time": 351,
      "x_day2_time": 643,
      "day_w_time": 292.0,
      "x_plot_end": 935,
      "x1_static": 936,
      "x1_dyn": 935,
      "x1_dyn_used": true,
      "pph": 12.166666666666666,
      "pph_source": "day_width (tick-mismatch-fallback)",
      "pph_tick": 19.0,
      "tick_pph_rel_err": 0.5616438356164384,
      "tick_pph_valid": false,
      "tick_count": 50,
      "tick_quality": 0.6944444444444444,
      "tick_used": false,
      "x_frontier": 674,
      "frontier_method": "activity_scan",
      "frontier_activity_thr": 0.49130132496356965,
      "frontier_activity_right_tail": 0.18139725923538208,
      "frontier_activity_run_px": 8,
      "guard_px": 4,
      "left_guard": 645,
      "right_guard": 670,
      "x_time": 669,
      "x_ideal": 669,
      "x_now": 669,
      "x_now_method": "harmonized_pair_cluster",
      "hour_now_tsst": 2.1602777777777775,
      "rollover_hour_min": 3.0,
      "rollover_hour_max": 8.5,
      "delta_min_to_guard": 4.931506849315069,
      "delta_min_to_frontier": 24.657534246575345,
      "frontier_day_fill": 0.10616438356164383,
      "rollover_candidate": false,
      "bias_minutes_applied": 0.0,
      "measured_bias_minutes": null,
      "age_hours": null,
      "status": "ok",
      "x_now_before_harmonize": 669,
      "x_pick": 668,
      "x_pick_edge": 669,
      "x_pick_safe_right": 923,
      "x_overlay": 669,
      "f1_path_x_range": [
        655,
        669
      ],
      "f1_path_target_col": 13,
      "f1_path_y_px": 45,
      "f4_path_x_range": [
        655,
        669
      ],
      "f4_path_target_col": 13,
      "f4_path_y_px": 251,
      "f1_path2_x_range": [
        659,
        669
      ],
      "f1_path2_target_col": 9,
      "f1_path2_y_px": 47,
      "f1_path2_y_direct_px": 48,
      "f1_path2_direct_used": false,
      "f1_path2_direct_allowed": false,
      "f1_path2_left_weight": 0.35,
      "f1_path2_right_weight": 1.0,
      "f2_path2_x_range": [
        659,
        669
      ],
      "f2_path2_target_col": 9,
      "f2_path2_y_px": 113,
      "f2_path2_y_direct_px": 126,
      "f2_path2_direct_used": false,
      "f2_path2_direct_allowed": false,
      "f2_path2_left_weight": 0.4,
      "f2_path2_right_weight": 1.0,
      "f4_path2_x_range": [
        659,
        669
      ],
      "f4_path2_target_col": 9,
      "f4_path2_y_px": 251,
      "f4_path2_y_direct_px": 241,
      "f4_path2_direct_used": false,
      "f4_path2_direct_allowed": false,
      "f4_path2_left_weight": 0.4,
      "f4_path2_right_weight": 1.0,
      "f1_local_snap_x": 669,
      "f1_local_snap_y_px": 49,
      "f1_local_snap_search_px": 8,
      "f1_local_snap_search_up_px": 4,
      "f1_local_snap_search_down_px": 12,
      "f1_local_snap_prefer_lower_weight": 0.02,
      "f3_local_snap_x": 669,
      "f3_local_snap_y_px": 186,
      "f3_local_snap_search_px": 6,
      "f3_local_snap_search_up_px": 6,
      "f3_local_snap_search_down_px": 6,
      "f3_local_snap_prefer_lower_weight": 0.0,
      "f4_local_snap_x": 669,
      "f4_local_snap_y_px": 248,
      "f4_local_snap_search_px": 8,
      "f4_local_snap_search_up_px": 6,
      "f4_local_snap_search_down_px": 14,
      "f4_local_snap_prefer_lower_weight": 0.05,
      "f2_local_snap_x": 669,
      "f2_local_snap_y_px": 115,
      "f2_local_snap_search_px": 8,
      "f2_local_snap_search_up_px": 14,
      "f2_local_snap_search_down_px": 2,
      "f2_local_snap_prefer_lower_weight": 0.0,
      "f2_consensus_applied": false,
      "f2_consensus_x_range": [
        663,
        669
      ],
      "f2_consensus_y_px": 123,
      "f2_consensus_anchor_y_px": 115,
      "f2_consensus_seed_y_px": 122,
      "f2_consensus_support_cols": 3,
      "f2_consensus_support_ratio": 0.5366320393657736,
      "f2_consensus_jump_px": 8,
      "f2_consensus_tol_px": 5,
      "f2_consensus_reason": "low_support",
      "f3_consensus_x_range": [
        663,
        669
      ],
      "f3_consensus_y_px": 184,
      "f3_consensus_anchor_y_px": 186,
      "f3_consensus_seed_y_px": 182,
      "f3_consensus_support_cols": 5,
      "f3_consensus_support_ratio": 0.6526243991165389,
      "f3_consensus_jump_px": 2,
      "f3_consensus_tol_px": 5,
      "f3_consensus_reason": "accepted",
      "f3_consensus_applied": true,
      "f4_consensus_x_range": [
        663,
        669
      ],
      "f4_consensus_y_px": 250,
      "f4_consensus_anchor_y_px": 248,
      "f4_consensus_seed_y_px": 253,
      "f4_consensus_support_cols": 7,
      "f4_consensus_support_ratio": 1.0,
      "f4_consensus_jump_px": 2,
      "f4_consensus_tol_px": 6,
      "f4_consensus_reason": "accepted",
      "f4_consensus_applied": true,
      "scale_ranges": {
        "F1": [
          7.2,
          8.4
        ],
        "F2": [
          13.1,
          14.5
        ],
        "F3": [
          18.6,
          20.2
        ],
        "F4": [
          24.1,
          26.5
        ]
      }
    },
    "A": {
      "x_day0": 59,
      "x_day1": 372,
      "x_day2": 684,
      "day_w": 312.5,
      "x_day0_time": 59,
      "x_day1_time": 351,
      "x_day2_time": 643,
      "day_w_time": 292.0,
      "x_plot_end": 935,
      "x1_static": 936,
      "x1_dyn": 935,