{
  "saved_at_utc": "2026-04-04T09:48:27.384941+00:00",
  "source": "tomsk_sos70_param_charts",
  "freq_max_hz": 40.0,
  "values": {
    "scale_ranges": {
      "F": {
        "F1": [
          7.2,
          8.4
        ],
        "F2": [
          13.1,
          14.5
        ],
        "F3": [
          18.6,
          20.2
        ],
        "F4": [
          24.1,
          26.5
        ]
      },
      "A": {
        "A1": [
          1.0,
          45.0
        ],
        "A2": [
          1.0,
          61.5
        ],
        "A3": [
          2.2,
          12.2
        ],
        "A4": [
          1.1,
          10.2
        ]
      },
      "Q": {
        "Q1": [
          4.0,
          38.0
        ],
        "Q2": [
          5.0,
          17.5
        ],
        "Q3": [
          7.0,
          23.0
        ],
        "Q4": [
          5.0,
          30.0
        ]
      }
    },
    "scale_units": {
      "F_hz": "Hz",
      "A_value": "idx",
      "Q_value": "idx"
    },
    "F_norm": {
      "F1": 0.14285714285714285,
      "F2": 0.37630662020905925,
      "F3": 0.5818815331010453,
      "F4": 0.7700348432055749
    },
    "F_y_px": {
      "F1": 76,
      "F2": 143,
      "F3": 202,
      "F4": 256
    },
    "F_lane_norm": {
      "F1": 0.6140350877192983,
      "F2": 0.75,
      "F3": 0.9565217391304348,
      "F4": 1.0
    },
    "F_hz": {
      "F1": 7.663157894736842,
      "F2": 13.45,
      "F3": 18.669565217391305,
      "F4": 24.1
    },
    "A_norm": {
      "A1": 0.2857142857142857,
      "A2": 0.5052264808362369,
      "A3": 0.7317073170731707,
      "A4": 0.9512195121951219
    },
    "A_y_px": {
      "A1": 117,
      "A2": 180,
      "A3": 245,
      "A4": 308
    },
    "A_lane_norm": {
      "A1": 0.8795180722891566,
      "A2": 0.8979591836734694,
      "A3": 0.9175257731958762,
      "A4": 0.8571428571428571
    },
    "A_value": {
      "A1": 6.30120481927711,
      "A2": 7.173469387755105,
      "A3": 3.024742268041237,
      "A4": 2.4000000000000004
    },
    "Q_norm": {
      "Q1": 0.1986062717770035,
      "Q2": 0.49825783972125437,
      "Q3": 0.4564459930313589,
      "Q4": 0.8850174216027874
    },
    "Q_y_px": {
      "Q1": 92,
      "Q2": 178,
      "Q3": 166,
      "Q4": 289
    },
    "Q_lane_norm": {
      "Q1": 0.48314606741573035,
      "Q2": 0.7628865979381443,
      "Q3": 0.0970873786407767,
      "Q4": 0.6235294117647059
    },
    "Q_value": {
      "Q1": 21.573033707865168,
      "Q2": 7.963917525773196,
      "Q3": 21.446601941747574,
      "Q4": 14.411764705882353
    }
  },
  "debug": {
    "F": {
      "x_day0": 59,
      "x_day1": 392,
      "x_day2": 726,
      "day_w": 333.5,
      "x_day0_time": 59,
      "x_day1_time": 351,
      "x_day2_time": 643,
      "day_w_time": 292.0,
      "x_plot_end": 935,
      "x1_static": 936,
      "x1_dyn": 935,
      "x1_dyn_used": true,
      "pph": 12.166666666666666,
      "pph_source": "day_width (tick-mismatch-fallback)",
      "pph_tick": 19.0,
      "tick_pph_rel_err": 0.5616438356164384,
      "tick_pph_valid": false,
      "tick_count": 50,
      "tick_quality": 0.6944444444444444,
      "tick_used": false,
      "x_frontier": 847,
      "frontier_method": "activity_scan",
      "frontier_activity_thr": 0.4431255847215652,
      "frontier_activity_right_tail": 0.0631730705499649,
      "frontier_activity_run_px": 8,
      "guard_px": 4,
      "left_guard": 645,
      "right_guard": 843,
      "x_time": 847,
      "x_ideal": 847,
      "x_now": 847,
      "x_now_method": "ideal",
      "hour_now_tsst": 16.8075,
      "rollover_hour_min": 3.0,
      "rollover_hour_max": 8.5,
      "delta_min_to_guard": -19.726027397260275,
      "delta_min_to_frontier": 0.0,
      "frontier_day_fill": 0.6986301369863014,
      "rollover_candidate": false,
      "bias_minutes_applied": 0.0,
      "measured_bias_minutes": null,
      "age_hours": null,
      "status": "ok",
      "x_pick": 846,
      "x_pick_edge": 847,
      "x_pick_safe_right": 923,
      "x_overlay": 847,
      "f1_path_x_range": [
        833,
        847
      ],
      "f1_path_target_col": 13,
      "f1_path_y_px": 74,
      "f4_path_x_range": [
        833,
        847
      ],
      "f4_path_target_col": 13,
      "f4_path_y_px": 253,
      "f1_path2_x_range": [
        837,
        847
      ],
      "f1_path2_target_col": 9,
      "f1_path2_y_px": 74,
      "f1_path2_y_direct_px": 78,
      "f1_path2_direct_used": false,
      "f1_path2_direct_allowed": false,
      "f1_path2_left_weight": 0.35,
      "f1_path2_right_weight": 1.0,
      "f2_path2_x_range": [
        837,
        847
      ],
      "f2_path2_target_col": 9,
      "f2_path2_y_px": 147,
      "f2_path2_y_direct_px": 148,
      "f2_path2_direct_used": false,
      "f2_path2_direct_allowed": false,
      "f2_path2_left_weight": 0.4,
      "f2_path2_right_weight": 1.0,
      "f4_path2_x_range": [
        837,
        847
      ],
      "f4_path2_target_col": 9,
      "f4_path2_y_px": 253,
      "f4_path2_y_direct_px": 249,
      "f4_path2_direct_used": false,
      "f4_path2_direct_allowed": false,
      "f4_path2_left_weight": 0.4,
      "f4_path2_right_weight": 1.0,
      "f1_local_snap_x": 847,
      "f1_local_snap_y_px": 76,
      "f1_local_snap_search_px": 8,
      "f1_local_snap_search_up_px": 4,
      "f1_local_snap_search_down_px": 12,
      "f1_local_snap_prefer_lower_weight": 0.02,
      "f3_local_snap_x": 847,
      "f3_local_snap_y_px": 202,
      "f3_local_snap_search_px": 6,
      "f3_local_snap_search_up_px": 6,
      "f3_local_snap_search_down_px": 6,
      "f3_local_snap_prefer_lower_weight": 0.0,
      "f4_local_snap_x": 847,
      "f4_local_snap_y_px": 256,
      "f4_local_snap_search_px": 8,
      "f4_local_snap_search_up_px": 6,
      "f4_local_snap_search_down_px": 14,
      "f4_local_snap_prefer_lower_weight": 0.05,
      "f2_local_snap_x": 847,
      "f2_local_snap_y_px": 148,
      "f2_local_snap_search_px": 8,
      "f2_local_snap_search_up_px": 14,
      "f2_local_snap_search_down_px": 2,
      "f2_local_snap_prefer_lower_weight": 0.0,
      "f2_consensus_x_range": [
        841,
        847
      ],
      "f2_consensus_y_px": 143,
      "f2_consensus_anchor_y_px": 148,
      "f2_consensus_seed_y_px": 143,
      "f2_consensus_support_cols": 6,
      "f2_consensus_support_ratio": 0.8606562582213713,
      "f2_consensus_jump_px": 5,
      "f2_consensus_tol_px": 5,
      "f2_consensus_reason": "accepted",
      "f2_consensus_applied": true,
      "f3_consensus_applied": false,
      "f3_consensus_x_range": [
        841,
        847
      ],
      "f3_consensus_y_px": 202,
      "f3_consensus_anchor_y_px": 202,
      "f3_consensus_seed_y_px": 204,
      "f3_consensus_support_cols": 4,
      "f3_consensus_support_ratio": 0.5259808409441082,
      "f3_consensus_jump_px": 0,
      "f3_consensus_tol_px": 5,
      "f3_consensus_reason": "low_support",
      "f4_consensus_applied": false,
      "f4_consensus_x_range": [
        841,
        847
      ],
      "f4_consensus_y_px": 250,
      "f4_consensus_anchor_y_px": 256,
      "f4_consensus_seed_y_px": 252,
      "f4_consensus_support_cols": 4,
      "f4_consensus_support_ratio": 0.5384200073272786,
      "f4_consensus_jump_px": 6,
      "f4_consensus_tol_px": 6,
      "f4_consensus_reason": "low_support",
      "scale_ranges": {
        "F1": [
          7.2,
          8.4
        ],
        "F2": [
          13.1,
          14.5
        ],
        "F3": [
          18.6,
          20.2
        ],
        "F4": [
          24.1,
          26.5
        ]
      }
    },
    "A": {
      "x_day0": 59,
      "x_day1": 392,
      "x_day2": 726,
      "day_w": 333.5,
      "x_day0_time": 59,
      "x_day1_time": 351,
      "x_day2_time": 643,
      "day_w_time": 292.0,
      "x_plot_end": 935,
      "x1_static": 936,
      "x1_dyn": 935,
      "x1_dyn_used": true,
      "pph": 12.166666666666666,
      "pph_source": "day_width (tick-mismatch-fallback)",