{
  "saved_at_utc": "2026-04-15T06:21:29.204037+00:00",
  "source": "tomsk_sos70_param_charts",
  "freq_max_hz": 40.0,
  "values": {
    "scale_ranges": {
      "F": {
        "F1": [
          7.2,
          8.4
        ],
        "F2": [
          13.1,
          14.5
        ],
        "F3": [
          18.6,
          20.2
        ],
        "F4": [
          24.1,
          26.5
        ]
      },
      "A": {
        "A1": [
          1.0,
          45.0
        ],
        "A2": [
          1.0,
          61.5
        ],
        "A3": [
          2.2,
          12.2
        ],
        "A4": [
          1.1,
          10.2
        ]
      },
      "Q": {
        "Q1": [
          4.0,
          38.0
        ],
        "Q2": [
          5.0,
          17.5
        ],
        "Q3": [
          7.0,
          23.0
        ],
        "Q4": [
          5.0,
          30.0
        ]
      }
    },
    "scale_units": {
      "F_hz": "Hz",
      "A_value": "idx",
      "Q_value": "idx"
    },
    "F_norm": {
      "F1": 0.04529616724738676,
      "F2": 0.40069686411149824,
      "F3": 0.4738675958188153,
      "F4": 0.6794425087108014
    },
    "F_y_px": {
      "F1": 48,
      "F2": 150,
      "F3": 171,
      "F4": 230
    },
    "F_lane_norm": {
      "F1": 0.12280701754385964,
      "F2": 0.8846153846153846,
      "F3": 0.2826086956521739,
      "F4": 0.5
    },
    "F_hz": {
      "F1": 8.25263157894737,
      "F2": 13.26153846153846,
      "F3": 19.747826086956522,
      "F4": 25.3
    },
    "A_norm": {
      "A1": 0.313588850174216,
      "A2": 0.5156794425087108,
      "A3": 0.7317073170731707,
      "A4": 0.9372822299651568
    },
    "A_y_px": {
      "A1": 125,
      "A2": 183,
      "A3": 245,
      "A4": 304
    },
    "A_lane_norm": {
      "A1": 0.9759036144578314,
      "A2": 0.9285714285714286,
      "A3": 0.9175257731958762,
      "A4": 0.8131868131868132
    },
    "A_value": {
      "A1": 2.0602409638554207,
      "A2": 5.321428571428569,
      "A3": 3.024742268041237,
      "A4": 2.8
    },
    "Q_norm": {
      "Q1": 0.1986062717770035,
      "Q2": 0.519163763066202,
      "Q3": 0.6515679442508711,
      "Q4": 0.9547038327526133
    },
    "Q_y_px": {
      "Q1": 92,
      "Q2": 184,
      "Q3": 222,
      "Q4": 309
    },
    "Q_lane_norm": {
      "Q1": 0.48314606741573035,
      "Q2": 0.8247422680412371,
      "Q3": 0.6407766990291263,
      "Q4": 0.8588235294117647
    },
    "Q_value": {
      "Q1": 21.573033707865168,
      "Q2": 7.190721649484537,
      "Q3": 12.74757281553398,
      "Q4": 8.529411764705884
    }
  },
  "debug": {
    "F": {
      "x_day0": 59,
      "x_day1": 381,
      "x_day2": 703,
      "day_w": 322.0,
      "x_day0_time": 59,
      "x_day1_time": 351,
      "x_day2_time": 643,
      "day_w_time": 292.0,
      "x_plot_end": 935,
      "x1_static": 936,
      "x1_dyn": 935,
      "x1_dyn_used": true,
      "pph": 12.166666666666666,
      "pph_source": "day_width (tick-mismatch-fallback)",
      "pph_tick": 19.0,
      "tick_pph_rel_err": 0.5616438356164384,
      "tick_pph_valid": false,
      "tick_count": 50,
      "tick_quality": 0.6944444444444444,
      "tick_used": false,
      "x_frontier": 801,
      "frontier_method": "activity_scan",
      "frontier_activity_thr": 0.4649066746234894,
      "frontier_activity_right_tail": 0.1481589823961258,
      "frontier_activity_run_px": 8,
      "guard_px": 4,
      "left_guard": 645,
      "right_guard": 797,
      "x_time": 806,
      "x_ideal": 806,
      "x_now": 806,
      "x_now_method": "ideal",
      "hour_now_tsst": 13.358055555555556,
      "rollover_hour_min": 3.0,
      "rollover_hour_max": 8.5,
      "delta_min_to_guard": -44.38356164383562,
      "delta_min_to_frontier": -24.657534246575345,
      "frontier_day_fill": 0.541095890410959,
      "rollover_candidate": false,
      "bias_minutes_applied": 0.0,
      "measured_bias_minutes": null,
      "age_hours": null,
      "status": "ok",
      "x_pick": 805,
      "x_pick_edge": 806,
      "x_pick_safe_right": 923,
      "x_overlay": 806,
      "f1_path_x_range": [
        792,
        806
      ],
      "f1_path_target_col": 13,
      "f1_path_y_px": 70,
      "f4_path_x_range": [
        792,
        806
      ],
      "f4_path_target_col": 13,
      "f4_path_y_px": 230,
      "f1_path2_x_range": [
        796,
        806
      ],
      "f1_path2_target_col": 9,
      "f1_path2_y_px": 52,
      "f1_path2_y_direct_px": 45,
      "f1_path2_direct_used": false,
      "f1_path2_direct_allowed": false,
      "f1_path2_left_weight": 0.35,
      "f1_path2_right_weight": 1.0,
      "f2_path2_x_range": [
        796,
        806
      ],
      "f2_path2_target_col": 9,
      "f2_path2_y_px": 160,
      "f2_path2_y_direct_px": 150,
      "f2_path2_direct_used": false,
      "f2_path2_direct_allowed": false,
      "f2_path2_left_weight": 0.4,
      "f2_path2_right_weight": 1.0,
      "f4_path2_x_range": [
        796,
        806
      ],
      "f4_path2_target_col": 9,
      "f4_path2_y_px": 230,
      "f4_path2_y_direct_px": 230,
      "f4_path2_direct_used": false,
      "f4_path2_direct_allowed": false,
      "f4_path2_left_weight": 0.4,
      "f4_path2_right_weight": 1.0,
      "f1_local_snap_x": 806,
      "f1_local_snap_y_px": 48,
      "f1_local_snap_search_px": 8,
      "f1_local_snap_search_up_px": 4,
      "f1_local_snap_search_down_px": 12,
      "f1_local_snap_prefer_lower_weight": 0.02,
      "f3_local_snap_x": 806,
      "f3_local_snap_y_px": 163,
      "f3_local_snap_search_px": 6,
      "f3_local_snap_search_up_px": 6,
      "f3_local_snap_search_down_px": 6,
      "f3_local_snap_prefer_lower_weight": 0.0,
      "f4_local_snap_x": 806,
      "f4_local_snap_y_px": 230,
      "f4_local_snap_search_px": 8,
      "f4_local_snap_search_up_px": 6,
      "f4_local_snap_search_down_px": 14,
      "f4_local_snap_prefer_lower_weight": 0.05,
      "f2_local_snap_x": 806,
      "f2_local_snap_y_px": 150,
      "f2_local_snap_search_px": 8,
      "f2_local_snap_search_up_px": 14,
      "f2_local_snap_search_down_px": 2,
      "f2_local_snap_prefer_lower_weight": 0.0,
      "f2_consensus_applied": false,
      "f2_consensus_x_range": [
        800,
        806
      ],
      "f2_consensus_y_px": 110,
      "f2_consensus_anchor_y_px": 150,
      "f2_consensus_seed_y_px": 110,
      "f2_consensus_support_cols": 3,
      "f2_consensus_support_ratio": 0.4073659020603514,
      "f2_consensus_jump_px": 40,
      "f2_consensus_tol_px": 5,
      "f2_consensus_reason": "low_support",
      "f3_consensus_x_range": [
        800,
        806
      ],
      "f3_consensus_y_px": 171,
      "f3_consensus_anchor_y_px": 163,
      "f3_consensus_seed_y_px": 171,
      "f3_consensus_support_cols": 4,
      "f3_consensus_support_ratio": 0.6304149491618575,
      "f3_consensus_jump_px": 8,
      "f3_consensus_tol_px": 5,
      "f3_consensus_reason": "accepted",
      "f3_consensus_applied": true,
      "f4_consensus_applied": false,
      "f4_consensus_x_range": [
        800,
        806
      ],
      "f4_consensus_y_px": 260,
      "f4_consensus_anchor_y_px": 230,
      "f4_consensus_seed_y_px": 262,
      "f4_consensus_support_cols": 4,
      "f4_consensus_support_ratio": 0.459124513618677,
      "f4_consensus_jump_px": 30,
      "f4_consensus_tol_px": 6,
      "f4_consensus_reason": "low_support",
      "scale_ranges": {
        "F1": [
          7.2,
          8.4
        ],
        "F2": [
          13.1,
          14.5
        ],
        "F3": [
          18.6,
          20.2
        ],
        "F4": [
          24.1,
          26.5
        ]
      }
    },
    "A": {
      "x_day0": 59,
      "x_day1": 372,
      "x_day2": 684,
      "day_w": 312.5,
      "x_day0_time": 59,
      "x_day1_time": 351,
      "x_day2_time": 643,
      "day_w_time": 292.0,
      "x_plot_end": 935,
      "x1_static": 936,
      "x1_dyn": 935,
      "x1_dyn_used": true,
      "pph": 12.166666666666666,