{
  "saved_at_utc": "2026-04-17T08:17:27.869191+00:00",
  "source": "tomsk_sos70_param_charts",
  "freq_max_hz": 40.0,
  "values": {
    "scale_ranges": {
      "F": {
        "F1": [
          7.2,
          8.4
        ],
        "F2": [
          13.1,
          14.5
        ],
        "F3": [
          18.6,
          20.2
        ],
        "F4": [
          24.1,
          26.5
        ]
      },
      "A": {
        "A1": [
          1.0,
          45.0
        ],
        "A2": [
          1.0,
          61.5
        ],
        "A3": [
          2.2,
          12.2
        ],
        "A4": [
          1.1,
          10.2
        ]
      },
      "Q": {
        "Q1": [
          4.0,
          38.0
        ],
        "Q2": [
          5.0,
          17.5
        ],
        "Q3": [
          7.0,
          23.0
        ],
        "Q4": [
          5.0,
          30.0
        ]
      }
    },
    "scale_units": {
      "F_hz": "Hz",
      "A_value": "idx",
      "Q_value": "idx"
    },
    "F_norm": {
      "F1": 0.0313588850174216,
      "F2": 0.397212543554007,
      "F3": 0.4634146341463415,
      "F4": 0.662020905923345
    },
    "F_y_px": {
      "F1": 44,
      "F2": 149,
      "F3": 168,
      "F4": 225
    },
    "F_lane_norm": {
      "F1": 0.05263157894736842,
      "F2": 0.8653846153846154,
      "F3": 0.21739130434782608,
      "F4": 0.391304347826087
    },
    "F_hz": {
      "F1": 8.336842105263159,
      "F2": 13.288461538461538,
      "F3": 19.85217391304348,
      "F4": 25.56086956521739
    },
    "A_norm": {
      "A1": 0.289198606271777,
      "A2": 0.5052264808362369,
      "A3": 0.710801393728223,
      "A4": 0.89198606271777
    },
    "A_y_px": {
      "A1": 118,
      "A2": 180,
      "A3": 239,
      "A4": 291
    },
    "A_lane_norm": {
      "A1": 0.891566265060241,
      "A2": 0.8979591836734694,
      "A3": 0.8556701030927835,
      "A4": 0.6703296703296703
    },
    "A_value": {
      "A1": 5.7710843373494,
      "A2": 7.173469387755105,
      "A3": 3.6432989690721644,
      "A4": 4.1
    },
    "Q_norm": {
      "Q1": 0.2857142857142857,
      "Q2": 0.5331010452961672,
      "Q3": 0.7317073170731707,
      "Q4": 0.8571428571428571
    },
    "Q_y_px": {
      "Q1": 117,
      "Q2": 188,
      "Q3": 245,
      "Q4": 281
    },
    "Q_lane_norm": {
      "Q1": 0.7640449438202247,
      "Q2": 0.865979381443299,
      "Q3": 0.8640776699029126,
      "Q4": 0.5294117647058824
    },
    "Q_value": {
      "Q1": 12.022471910112362,
      "Q2": 6.675257731958762,
      "Q3": 9.174757281553399,
      "Q4": 16.764705882352942
    }
  },
  "debug": {
    "F": {
      "x_day0": 59,
      "x_day1": 366,
      "x_day2": 673,
      "day_w": 307.0,
      "x_day0_time": 59,
      "x_day1_time": 351,
      "x_day2_time": 643,
      "day_w_time": 292.0,
      "x_plot_end": 935,
      "x1_static": 936,
      "x1_dyn": 935,
      "x1_dyn_used": true,
      "pph": 12.166666666666666,
      "pph_source": "day_width (tick-mismatch-fallback)",
      "pph_tick": 19.0,
      "tick_pph_rel_err": 0.5616438356164384,
      "tick_pph_valid": false,
      "tick_count": 50,
      "tick_quality": 0.6944444444444444,
      "tick_used": false,
      "x_frontier": 829,
      "frontier_method": "activity_scan",
      "frontier_activity_thr": 0.42815752923488615,
      "frontier_activity_right_tail": 0.10193775594234467,
      "frontier_activity_run_px": 8,
      "guard_px": 4,
      "left_guard": 645,
      "right_guard": 825,
      "x_time": 829,
      "x_ideal": 829,
      "x_now": 829,
      "x_now_method": "ideal",
      "hour_now_tsst": 15.290833333333333,
      "rollover_hour_min": 3.0,
      "rollover_hour_max": 8.5,
      "delta_min_to_guard": -19.726027397260275,
      "delta_min_to_frontier": 0.0,
      "frontier_day_fill": 0.636986301369863,
      "rollover_candidate": false,
      "bias_minutes_applied": 0.0,
      "measured_bias_minutes": null,
      "age_hours": null,
      "status": "ok",
      "x_pick": 828,
      "x_pick_edge": 829,
      "x_pick_safe_right": 923,
      "x_overlay": 829,
      "f1_path_x_range": [
        815,
        829
      ],
      "f1_path_target_col": 13,
      "f1_path_y_px": 43,
      "f4_path_x_range": [
        815,
        829
      ],
      "f4_path_target_col": 13,
      "f4_path_y_px": 251,
      "f1_path2_x_range": [
        819,
        829
      ],
      "f1_path2_target_col": 9,
      "f1_path2_y_px": 44,
      "f1_path2_y_direct_px": 44,
      "f1_path2_direct_used": false,
      "f1_path2_direct_allowed": false,
      "f1_path2_left_weight": 0.35,
      "f1_path2_right_weight": 1.0,
      "f2_path2_x_range": [
        819,
        829
      ],
      "f2_path2_target_col": 9,
      "f2_path2_y_px": 147,
      "f2_path2_y_direct_px": 137,
      "f2_path2_direct_used": false,
      "f2_path2_direct_allowed": false,
      "f2_path2_left_weight": 0.4,
      "f2_path2_right_weight": 1.0,
      "f4_path2_x_range": [
        819,
        829
      ],
      "f4_path2_target_col": 9,
      "f4_path2_y_px": 251,
      "f4_path2_y_direct_px": 225,
      "f4_path2_direct_used": false,
      "f4_path2_direct_allowed": false,
      "f4_path2_left_weight": 0.4,
      "f4_path2_right_weight": 1.0,
      "f1_local_snap_x": 829,
      "f1_local_snap_y_px": 44,
      "f1_local_snap_search_px": 8,
      "f1_local_snap_search_up_px": 4,
      "f1_local_snap_search_down_px": 12,
      "f1_local_snap_prefer_lower_weight": 0.02,
      "f3_local_snap_x": 829,
      "f3_local_snap_y_px": 168,
      "f3_local_snap_search_px": 6,
      "f3_local_snap_search_up_px": 6,
      "f3_local_snap_search_down_px": 6,
      "f3_local_snap_prefer_lower_weight": 0.0,
      "f4_local_snap_x": 829,
      "f4_local_snap_y_px": 251,
      "f4_local_snap_search_px": 8,
      "f4_local_snap_search_up_px": 6,
      "f4_local_snap_search_down_px": 14,
      "f4_local_snap_prefer_lower_weight": 0.05,
      "f2_local_snap_x": 829,
      "f2_local_snap_y_px": 149,
      "f2_local_snap_search_px": 8,
      "f2_local_snap_search_up_px": 14,
      "f2_local_snap_search_down_px": 2,
      "f2_local_snap_prefer_lower_weight": 0.0,
      "f2_consensus_applied": false,
      "f2_consensus_x_range": [
        823,
        829
      ],
      "f2_consensus_y_px": 147,
      "f2_consensus_anchor_y_px": 149,
      "f2_consensus_seed_y_px": 147,
      "f2_consensus_support_cols": 3,
      "f2_consensus_support_ratio": 0.5346730673024727,
      "f2_consensus_jump_px": 2,
      "f2_consensus_tol_px": 5,
      "f2_consensus_reason": "low_support",
      "f3_consensus_applied": false,
      "f3_consensus_x_range": [
        823,
        829
      ],
      "f3_consensus_y_px": 201,
      "f3_consensus_anchor_y_px": 168,
      "f3_consensus_seed_y_px": 202,
      "f3_consensus_support_cols": 3,
      "f3_consensus_support_ratio": 0.5189743818023994,
      "f3_consensus_jump_px": 33,
      "f3_consensus_tol_px": 5,
      "f3_consensus_reason": "low_support",
      "f4_consensus_x_range": [
        823,
        829
      ],
      "f4_consensus_y_px": 225,
      "f4_consensus_anchor_y_px": 251,
      "f4_consensus_seed_y_px": 227,
      "f4_consensus_support_cols": 6,
      "f4_consensus_support_ratio": 0.9070982614542311,
      "f4_consensus_jump_px": 26,
      "f4_consensus_tol_px": 6,
      "f4_consensus_reason": "accepted",
      "f4_consensus_applied": true,
      "scale_ranges": {
        "F1": [
          7.2,
          8.4
        ],
        "F2": [
          13.1,
          14.5
        ],
        "F3": [
          18.6,
          20.2
        ],
        "F4": [
          24.1,
          26.5
        ]
      }
    },
    "A": {
      "x_day0": 59,
      "x_day1": 368,
      "x_day2": 678,
      "day_w": 309.5,
      "x_day0_time": 59,
      "x_day1_time": 351,
      "x_day2_time": 643,
      "day_w_time": 292.0,
      "x_plot_end": 935,
      "x1_static": 936,
      "x1_dyn": 935,
      "x1_dyn_used": true,
      "pph": 12.166666666666666,