{
  "saved_at_utc": "2026-03-19T06:56:14.539302+00:00",
  "source": "tomsk_sos70_param_charts",
  "freq_max_hz": 40.0,
  "values": {
    "scale_ranges": {
      "F": {
        "F1": [
          7.2,
          8.4
        ],
        "F2": [
          13.1,
          14.5
        ],
        "F3": [
          18.6,
          20.2
        ],
        "F4": [
          24.1,
          26.5
        ]
      },
      "A": {
        "A1": [
          1.0,
          45.0
        ],
        "A2": [
          1.0,
          61.5
        ],
        "A3": [
          2.2,
          12.2
        ],
        "A4": [
          1.1,
          10.2
        ]
      },
      "Q": {
        "Q1": [
          4.0,
          38.0
        ],
        "Q2": [
          5.0,
          17.5
        ],
        "Q3": [
          7.0,
          23.0
        ],
        "Q4": [
          5.0,
          30.0
        ]
      }
    },
    "scale_units": {
      "F_hz": "Hz",
      "A_value": "idx",
      "Q_value": "idx"
    },
    "F_norm": {
      "F1": 0.15331010452961671,
      "F2": 0.3344947735191638,
      "F3": 0.42857142857142855,
      "F4": 0.6829268292682927
    },
    "F_y_px": {
      "F1": 79,
      "F2": 131,
      "F3": 158,
      "F4": 231
    },
    "F_lane_norm": {
      "F1": 0.6666666666666666,
      "F2": 0.5192307692307693,
      "F3": 0.0,
      "F4": 0.5217391304347826
    },
    "F_hz": {
      "F1": 7.6000000000000005,
      "F2": 13.773076923076923,
      "F3": 20.2,
      "F4": 25.247826086956522
    },
    "A_norm": {
      "A1": 0.11498257839721254,
      "A2": 0.47038327526132406,
      "A3": 0.7317073170731707,
      "A4": 0.9512195121951219
    },
    "A_y_px": {
      "A1": 68,
      "A2": 170,
      "A3": 245,
      "A4": 308
    },
    "A_lane_norm": {
      "A1": 0.2891566265060241,
      "A2": 0.7959183673469388,
      "A3": 0.9175257731958762,
      "A4": 0.8571428571428571
    },
    "A_value": {
      "A1": 32.27710843373494,
      "A2": 13.346938775510203,
      "A3": 3.024742268041237,
      "A4": 2.4000000000000004
    },
    "Q_norm": {
      "Q1": 0.28222996515679444,
      "Q2": 0.5365853658536586,
      "Q3": 0.6515679442508711,
      "Q4": 0.9616724738675958
    },
    "Q_y_px": {
      "Q1": 116,
      "Q2": 189,
      "Q3": 222,
      "Q4": 311
    },
    "Q_lane_norm": {
      "Q1": 0.7528089887640449,
      "Q2": 0.8762886597938144,
      "Q3": 0.6407766990291263,
      "Q4": 0.8823529411764706
    },
    "Q_value": {
      "Q1": 12.404494382022474,
      "Q2": 6.546391752577319,
      "Q3": 12.74757281553398,
      "Q4": 7.9411764705882355
    }
  },
  "debug": {
    "F": {
      "x_day0": 59,
      "x_day1": 362,
      "x_day2": 666,
      "day_w": 303.5,
      "x_day0_time": 59,
      "x_day1_time": 351,
      "x_day2_time": 643,
      "day_w_time": 292.0,
      "x_plot_end": 935,
      "x1_static": 936,
      "x1_dyn": 935,
      "x1_dyn_used": true,
      "pph": 12.166666666666666,
      "pph_source": "day_width (tick-mismatch-fallback)",
      "pph_tick": 19.0,
      "tick_pph_rel_err": 0.5616438356164384,
      "tick_pph_valid": false,
      "tick_count": 50,
      "tick_quality": 0.6944444444444444,
      "tick_used": false,
      "x_frontier": 798,
      "frontier_method": "activity_scan",
      "frontier_activity_thr": 0.45048502981662747,
      "frontier_activity_right_tail": 0.12477704137563705,
      "frontier_activity_run_px": 8,
      "guard_px": 4,
      "left_guard": 645,
      "right_guard": 794,
      "x_time": 813,
      "x_ideal": 813,
      "x_now": 814,
      "x_now_method": "harmonized_pair_cluster",
      "hour_now_tsst": 13.937222222222223,
      "rollover_hour_min": 3.0,
      "rollover_hour_max": 8.5,
      "delta_min_to_guard": -93.69863013698631,
      "delta_min_to_frontier": -73.97260273972603,
      "frontier_day_fill": 0.5308219178082192,
      "rollover_candidate": false,
      "bias_minutes_applied": 0.0,
      "measured_bias_minutes": null,
      "age_hours": null,
      "status": "ok",
      "x_now_before_harmonize": 794,
      "x_pick": 813,
      "x_pick_edge": 814,
      "x_pick_safe_right": 923,
      "x_overlay": 814,
      "f1_path_x_range": [
        800,
        814
      ],
      "f1_path_target_col": 13,
      "f1_path_y_px": 70,
      "f4_path_x_range": [
        800,
        814
      ],
      "f4_path_target_col": 13,
      "f4_path_y_px": 232,
      "f1_path2_x_range": [
        804,
        814
      ],
      "f1_path2_target_col": 9,
      "f1_path2_y_px": 70,
      "f1_path2_y_direct_px": 70,
      "f1_path2_direct_used": false,
      "f1_path2_direct_allowed": false,
      "f1_path2_left_weight": 0.35,
      "f1_path2_right_weight": 1.0,
      "f2_path2_x_range": [
        804,
        814
      ],
      "f2_path2_target_col": 9,
      "f2_path2_y_px": 123,
      "f2_path2_y_direct_px": 142,
      "f2_path2_direct_used": false,
      "f2_path2_direct_allowed": false,
      "f2_path2_left_weight": 0.4,
      "f2_path2_right_weight": 1.0,
      "f4_path2_x_range": [
        804,
        814
      ],
      "f4_path2_target_col": 9,
      "f4_path2_y_px": 232,
      "f4_path2_y_direct_px": 250,
      "f4_path2_direct_used": false,
      "f4_path2_direct_allowed": false,
      "f4_path2_left_weight": 0.4,
      "f4_path2_right_weight": 1.0,
      "f1_local_snap_x": 814,
      "f1_local_snap_y_px": 79,
      "f1_local_snap_search_px": 8,
      "f1_local_snap_search_up_px": 4,
      "f1_local_snap_search_down_px": 12,
      "f1_local_snap_prefer_lower_weight": 0.02,
      "f3_local_snap_x": 814,
      "f3_local_snap_y_px": 158,
      "f3_local_snap_search_px": 6,
      "f3_local_snap_search_up_px": 6,
      "f3_local_snap_search_down_px": 6,
      "f3_local_snap_prefer_lower_weight": 0.0,
      "f4_local_snap_x": 814,
      "f4_local_snap_y_px": 230,
      "f4_local_snap_search_px": 8,
      "f4_local_snap_search_up_px": 6,
      "f4_local_snap_search_down_px": 14,
      "f4_local_snap_prefer_lower_weight": 0.05,
      "f2_local_snap_x": 814,
      "f2_local_snap_y_px": 125,
      "f2_local_snap_search_px": 8,
      "f2_local_snap_search_up_px": 14,
      "f2_local_snap_search_down_px": 2,
      "f2_local_snap_prefer_lower_weight": 0.0,
      "f2_consensus_x_range": [
        808,
        814
      ],
      "f2_consensus_y_px": 131,
      "f2_consensus_anchor_y_px": 125,
      "f2_consensus_seed_y_px": 128,
      "f2_consensus_support_cols": 5,
      "f2_consensus_support_ratio": 0.6736894747640542,
      "f2_consensus_jump_px": 6,
      "f2_consensus_tol_px": 5,
      "f2_consensus_reason": "accepted",
      "f2_consensus_applied": true,
      "f3_consensus_applied": false,
      "f3_consensus_x_range": [
        808,
        814
      ],
      "f3_consensus_y_px": 191,
      "f3_consensus_anchor_y_px": 158,
      "f3_consensus_seed_y_px": 191,
      "f3_consensus_support_cols": 5,
      "f3_consensus_support_ratio": 0.6692683670248086,
      "f3_consensus_jump_px": 33,
      "f3_consensus_tol_px": 5,
      "f3_consensus_reason": "excessive_jump",
      "f4_consensus_x_range": [
        808,
        814
      ],
      "f4_consensus_y_px": 231,
      "f4_consensus_anchor_y_px": 230,
      "f4_consensus_seed_y_px": 232,
      "f4_consensus_support_cols": 4,
      "f4_consensus_support_ratio": 0.6036542846912045,
      "f4_consensus_jump_px": 1,
      "f4_consensus_tol_px": 6,
      "f4_consensus_reason": "accepted",
      "f4_consensus_applied": true,
      "scale_ranges": {
        "F1": [
          7.2,
          8.4
        ],
        "F2": [
          13.1,
          14.5
        ],
        "F3": [
          18.6,
          20.2
        ],
        "F4": [
          24.1,
          26.5
        ]
      }
    },
    "A": {
      "x_day0": 59,
      "x_day1": 392,
      "x_day2": 726,
      "day_w": 333.5,
      "x_day0_time": 59,
      "x_day1_time": 351,
      "x_day2_time": 644,
      "day_w_time": 292.3333333333333,
      "x_plot_end": 936,
      "x1_static": 936,