{
  "saved_at_utc": "2026-03-06T04:49:29.717018+00:00",
  "source": "tomsk_sos70_param_charts",
  "freq_max_hz": 40.0,
  "values": {
    "scale_ranges": {
      "F": {
        "F1": [
          7.2,
          8.4
        ],
        "F2": [
          13.1,
          14.5
        ],
        "F3": [
          18.6,
          20.2
        ],
        "F4": [
          24.1,
          26.5
        ]
      },
      "A": {
        "A1": [
          1.0,
          45.0
        ],
        "A2": [
          1.0,
          61.5
        ],
        "A3": [
          2.2,
          12.2
        ],
        "A4": [
          1.1,
          10.2
        ]
      },
      "Q": {
        "Q1": [
          4.0,
          38.0
        ],
        "Q2": [
          5.0,
          17.5
        ],
        "Q3": [
          7.0,
          23.0
        ],
        "Q4": [
          5.0,
          30.0
        ]
      }
    },
    "scale_units": {
      "F_hz": "Hz",
      "A_value": "idx",
      "Q_value": "idx"
    },
    "F_norm": {
      "F1": 0.04529616724738676,
      "F2": 0.3344947735191638,
      "F3": 0.5261324041811847,
      "F4": 0.7526132404181185
    },
    "F_y_px": {
      "F1": 48,
      "F2": 131,
      "F3": 186,
      "F4": 251
    },
    "F_lane_norm": {
      "F1": 0.12280701754385964,
      "F2": 0.5192307692307693,
      "F3": 0.6086956521739131,
      "F4": 0.9565217391304348
    },
    "F_hz": {
      "F1": 8.25263157894737,
      "F2": 13.773076923076923,
      "F3": 19.22608695652174,
      "F4": 24.20434782608696
    },
    "A_norm": {
      "A1": 0.31010452961672474,
      "A2": 0.49477351916376305,
      "A3": 0.7142857142857143,
      "A4": 0.9512195121951219
    },
    "A_y_px": {
      "A1": 124,
      "A2": 177,
      "A3": 240,
      "A4": 308
    },
    "A_lane_norm": {
      "A1": 0.963855421686747,
      "A2": 0.8673469387755102,
      "A3": 0.865979381443299,
      "A4": 0.8571428571428571
    },
    "A_value": {
      "A1": 2.590361445783131,
      "A2": 9.025510204081634,
      "A3": 3.5402061855670084,
      "A4": 2.4000000000000004
    },
    "Q_norm": {
      "Q1": 0.2613240418118467,
      "Q2": 0.3310104529616725,
      "Q3": 0.7073170731707317,
      "Q4": 0.9616724738675958
    },
    "Q_y_px": {
      "Q1": 110,
      "Q2": 130,
      "Q3": 238,
      "Q4": 311
    },
    "Q_lane_norm": {
      "Q1": 0.6853932584269663,
      "Q2": 0.26804123711340205,
      "Q3": 0.7961165048543689,
      "Q4": 0.8823529411764706
    },
    "Q_value": {
      "Q1": 14.696629213483146,
      "Q2": 14.149484536082474,
      "Q3": 10.262135922330097,
      "Q4": 7.9411764705882355
    }
  },
  "debug": {
    "F": {
      "x_day0": 59,
      "x_day1": 359,
      "x_day2": 659,
      "day_w": 300.0,
      "x_day0_time": 59,
      "x_day1_time": 351,
      "x_day2_time": 643,
      "day_w_time": 292.0,
      "x_plot_end": 935,
      "x1_static": 936,
      "x1_dyn": 935,
      "x1_dyn_used": true,
      "pph": 12.166666666666666,
      "pph_source": "day_width (tick-mismatch-fallback)",
      "pph_tick": 19.0,
      "tick_pph_rel_err": 0.5616438356164384,
      "tick_pph_valid": false,
      "tick_count": 50,
      "tick_quality": 0.6944444444444444,
      "tick_used": false,
      "x_frontier": 916,
      "frontier_method": "activity_scan",
      "frontier_activity_thr": 0.437039577960968,
      "frontier_activity_right_tail": 0.17677509784698486,
      "frontier_activity_run_px": 8,
      "guard_px": 4,
      "left_guard": 645,
      "right_guard": 912,
      "x_time": 787,
      "x_ideal": 787,
      "x_now": 787,
      "x_now_method": "ideal",
      "delta_min_to_guard": 616.4383561643837,
      "bias_minutes_applied": 0.0,
      "measured_bias_minutes": null,
      "age_hours": null,
      "status": "ok",
      "x_pick": 786,
      "x_pick_edge": 787,
      "x_pick_safe_right": 923,
      "x_overlay": 787,
      "f1_path_x_range": [
        773,
        787
      ],
      "f1_path_target_col": 13,
      "f1_path_y_px": 45,
      "f4_path_x_range": [
        773,
        787
      ],
      "f4_path_target_col": 13,
      "f4_path_y_px": 251,
      "f1_local_snap_x": 787,
      "f1_local_snap_y_px": 48,
      "f1_local_snap_search_px": 8,
      "f1_local_snap_search_up_px": 1,
      "f1_local_snap_search_down_px": 18,
      "f1_local_snap_prefer_lower_weight": 0.1,
      "f3_local_snap_x": 787,
      "f3_local_snap_y_px": 186,
      "f3_local_snap_search_px": 6,
      "f3_local_snap_search_up_px": 6,
      "f3_local_snap_search_down_px": 6,
      "f3_local_snap_prefer_lower_weight": 0.0,
      "f4_local_snap_x": 787,
      "f4_local_snap_y_px": 251,
      "f4_local_snap_search_px": 5,
      "f4_local_snap_search_up_px": 3,
      "f4_local_snap_search_down_px": 12,
      "f4_local_snap_prefer_lower_weight": 0.06,
      "f2_local_snap_x": 787,
      "f2_local_snap_y_px": 131,
      "f2_local_snap_search_px": 8,
      "f2_local_snap_search_up_px": 4,
      "f2_local_snap_search_down_px": 12,
      "f2_local_snap_prefer_lower_weight": 0.05,
      "scale_ranges": {
        "F1": [
          7.2,
          8.4
        ],
        "F2": [
          13.1,
          14.5
        ],
        "F3": [
          18.6,
          20.2
        ],
        "F4": [
          24.1,
          26.5
        ]
      }
    },
    "A": {
      "x_day0": 59,
      "x_day1": 372,
      "x_day2": 684,
      "day_w": 312.5,
      "x_day0_time": 59,
      "x_day1_time": 351,
      "x_day2_time": 643,
      "day_w_time": 292.0,
      "x_plot_end": 935,
      "x1_static": 936,
      "x1_dyn": 935,
      "x1_dyn_used": true,
      "pph": 12.166666666666666,
      "pph_source": "day_width (tick-mismatch-fallback)",
      "pph_tick": 19.0,
      "tick_pph_rel_err": 0.5616438356164384,
      "tick_pph_valid": false,
      "tick_count": 50,
      "tick_quality": 0.6944444444444444,
      "tick_used": false,
      "x_frontier": 934,
      "frontier_method": "activity_scan",
      "frontier_activity_thr": 0.2929930567741394,
      "frontier_activity_right_tail": 0.22534486651420593,
      "frontier_activity_run_px": 8,
      "guard_px": 6,
      "left_guard": 645,
      "right_guard": 928,
      "x_time": 787,
      "x_ideal": 787,
      "x_now": 787,
      "x_now_method": "ideal",
      "delta_min_to_guard": 695.3424657534247,
      "bias_minutes_applied": 0.0,
      "measured_bias_minutes": null,
      "age_hours": null,
      "status": "ok",
      "x_pick": 783,
      "x_pick_safe_right": 911,
      "x_overlay": 783,
      "a1_local_snap_x": 783,
      "a1_local_snap_y_px": 124,
      "a1_local_snap_search_px": 6,
      "a1_local_snap_search_up_px": 6,
      "a1_local_snap_search_down_px": 6,
      "a1_local_snap_prefer_lower_weight": 0.0,
      "a2_local_snap_x": 783,
      "a2_local_snap_y_px": 177,
      "a2_local_snap_search_px": 8,
      "a2_local_snap_search_up_px": 4,
      "a2_local_snap_search_down_px": 10,
      "a2_local_snap_prefer_lower_weight": 0.0,
      "a3_local_snap_x": 783,
      "a3_local_snap_y_px": 240,
      "a3_local_snap_search_px": 12,
      "a3_local_snap_search_up_px": 6,
      "a3_local_snap_search_down_px": 32,
      "a3_local_snap_prefer_lower_weight": 0.0,
      "a4_local_snap_x": 783,
      "a4_local_snap_y_px": 308,
      "a4_local_snap_search_px": 10,
      "a4_local_snap_search_up_px": 4,
      "a4_local_snap_search_down_px": 42,
      "a4_local_snap_prefer_lower_weight": 0.06,
      "scale_ranges": {
        "A1": [
          1.0,
          45.0
        ],
        "A2": [
          1.0,
          61.5
        ],
        "A3": [
          2.2,
          12.2
        ],
        "A4": [
          1.1,
          10.2
        ]
      }
    },
    "Q": {
      "x_day0": 59,
      "x_day1": 371,
      "x_day2": 683,
      "day_w": 312.0,
      "x_day0_time": 59,
      "x_day1_time": 351,
      "x_day2_time": 643,
      "day_w_time": 292.0,
      "x_plot_end": 935,
      "x1_static": 936,
      "x1_dyn": 935,
      "x1_dyn_used": true,