{
  "saved_at_utc": "2026-05-25T21:31:40.724328+00:00",
  "source": "tomsk_sos70_param_charts",
  "freq_max_hz": 40.0,
  "values": {
    "scale_ranges": {
      "F": {
        "F1": [
          7.2,
          8.4
        ],
        "F2": [
          13.1,
          14.5
        ],
        "F3": [
          18.6,
          20.2
        ],
        "F4": [
          24.1,
          26.5
        ]
      },
      "A": {
        "A1": [
          1.0,
          45.0
        ],
        "A2": [
          1.0,
          61.5
        ],
        "A3": [
          2.2,
          12.2
        ],
        "A4": [
          1.1,
          10.2
        ]
      },
      "Q": {
        "Q1": [
          4.0,
          38.0
        ],
        "Q2": [
          5.0,
          17.5
        ],
        "Q3": [
          7.0,
          23.0
        ],
        "Q4": [
          5.0,
          30.0
        ]
      }
    },
    "scale_units": {
      "F_hz": "Hz",
      "A_value": "idx",
      "Q_value": "idx"
    },
    "F_norm": {
      "F1": 0.1254355400696864,
      "F2": 0.37282229965156793,
      "F3": 0.5156794425087108,
      "F4": 0.7770034843205574
    },
    "F_y_px": {
      "F1": 71,
      "F2": 142,
      "F3": 183,
      "F4": 258
    },
    "F_lane_norm": {
      "F1": 0.5263157894736842,
      "F2": 0.7307692307692307,
      "F3": 0.5434782608695652,
      "F4": 1.0
    },
    "F_hz": {
      "F1": 7.768421052631579,
      "F2": 13.476923076923077,
      "F3": 19.330434782608695,
      "F4": 24.1
    },
    "A_norm": {
      "A1": 0.3170731707317073,
      "A2": 0.5121951219512195,
      "A3": 0.7177700348432056,
      "A4": 0.9059233449477352
    },
    "A_y_px": {
      "A1": 126,
      "A2": 182,
      "A3": 241,
      "A4": 295
    },
    "A_lane_norm": {
      "A1": 0.9879518072289156,
      "A2": 0.9183673469387755,
      "A3": 0.8762886597938144,
      "A4": 0.7142857142857143
    },
    "A_value": {
      "A1": 1.5301204819277103,
      "A2": 5.938775510204081,
      "A3": 3.437113402061854,
      "A4": 3.6999999999999993
    },
    "Q_norm": {
      "Q1": 0.289198606271777,
      "Q2": 0.4912891986062718,
      "Q3": 0.7212543554006968,
      "Q4": 0.9094076655052264
    },
    "Q_y_px": {
      "Q1": 118,
      "Q2": 176,
      "Q3": 242,
      "Q4": 296
    },
    "Q_lane_norm": {
      "Q1": 0.7752808988764045,
      "Q2": 0.7422680412371134,
      "Q3": 0.8349514563106796,
      "Q4": 0.7058823529411765
    },
    "Q_value": {
      "Q1": 11.640449438202246,
      "Q2": 8.221649484536082,
      "Q3": 9.640776699029127,
      "Q4": 12.352941176470587
    }
  },
  "debug": {
    "F": {
      "x_day0": 59,
      "x_day1": 392,
      "x_day2": 726,
      "day_w": 333.5,
      "x_day0_time": 59,
      "x_day1_time": 351,
      "x_day2_time": 643,
      "day_w_time": 292.0,
      "x_plot_end": 935,
      "x1_static": 936,
      "x1_dyn": 935,
      "x1_dyn_used": true,
      "pph": 12.166666666666666,
      "pph_source": "day_width (tick-mismatch-fallback)",
      "pph_tick": 19.0,
      "tick_pph_rel_err": 0.5616438356164384,
      "tick_pph_valid": false,
      "tick_count": 50,
      "tick_quality": 0.6944444444444444,
      "tick_used": false,
      "x_frontier": 701,
      "frontier_method": "activity_scan",
      "frontier_activity_thr": 0.4886131465435028,
      "frontier_activity_right_tail": 0.1983281672000885,
      "frontier_activity_run_px": 8,
      "guard_px": 4,
      "left_guard": 645,
      "right_guard": 697,
      "x_time": 698,
      "x_ideal": 698,
      "x_now": 698,
      "x_now_method": "harmonized_prefer_non_rollover",
      "hour_now_tsst": 4.527777777777778,
      "rollover_hour_min": 3.0,
      "rollover_hour_max": 8.5,
      "delta_min_to_guard": -4.931506849315069,
      "delta_min_to_frontier": 14.794520547945206,
      "frontier_day_fill": 0.19863013698630136,
      "rollover_candidate": false,
      "bias_minutes_applied": 0.0,
      "measured_bias_minutes": null,
      "age_hours": null,
      "status": "ok",
      "x_now_before_harmonize": 698,
      "x_pick": 697,
      "x_pick_edge": 698,
      "x_pick_safe_right": 923,
      "x_overlay": 698,
      "f1_path_x_range": [
        684,
        698
      ],
      "f1_path_target_col": 13,
      "f1_path_y_px": 73,
      "f4_path_x_range": [
        684,
        698
      ],
      "f4_path_target_col": 13,
      "f4_path_y_px": 251,
      "f1_path2_x_range": [
        688,
        698
      ],
      "f1_path2_target_col": 9,
      "f1_path2_y_px": 73,
      "f1_path2_y_direct_px": 73,
      "f1_path2_direct_used": false,
      "f1_path2_direct_allowed": false,
      "f1_path2_left_weight": 0.35,
      "f1_path2_right_weight": 1.0,
      "f2_path2_x_range": [
        688,
        698
      ],
      "f2_path2_target_col": 9,
      "f2_path2_y_px": 142,
      "f2_path2_y_direct_px": 142,
      "f2_path2_direct_used": false,
      "f2_path2_direct_allowed": false,
      "f2_path2_left_weight": 0.4,
      "f2_path2_right_weight": 1.0,
      "f4_path2_x_range": [
        688,
        698
      ],
      "f4_path2_target_col": 9,
      "f4_path2_y_px": 251,
      "f4_path2_y_direct_px": 262,
      "f4_path2_direct_used": false,
      "f4_path2_direct_allowed": false,
      "f4_path2_left_weight": 0.4,
      "f4_path2_right_weight": 1.0,
      "f1_local_snap_x": 698,
      "f1_local_snap_y_px": 71,
      "f1_local_snap_search_px": 8,
      "f1_local_snap_search_up_px": 4,
      "f1_local_snap_search_down_px": 12,
      "f1_local_snap_prefer_lower_weight": 0.02,
      "f3_local_snap_x": 698,
      "f3_local_snap_y_px": 183,
      "f3_local_snap_search_px": 6,
      "f3_local_snap_search_up_px": 6,
      "f3_local_snap_search_down_px": 6,
      "f3_local_snap_prefer_lower_weight": 0.0,
      "f4_local_snap_x": 698,
      "f4_local_snap_y_px": 250,
      "f4_local_snap_search_px": 8,
      "f4_local_snap_search_up_px": 6,
      "f4_local_snap_search_down_px": 14,
      "f4_local_snap_prefer_lower_weight": 0.05,
      "f2_local_snap_x": 698,
      "f2_local_snap_y_px": 143,
      "f2_local_snap_search_px": 8,
      "f2_local_snap_search_up_px": 14,
      "f2_local_snap_search_down_px": 2,
      "f2_local_snap_prefer_lower_weight": 0.0,
      "f2_consensus_x_range": [
        692,
        698
      ],
      "f2_consensus_y_px": 142,
      "f2_consensus_anchor_y_px": 143,
      "f2_consensus_seed_y_px": 144,
      "f2_consensus_support_cols": 7,
      "f2_consensus_support_ratio": 1.0,
      "f2_consensus_jump_px": 1,
      "f2_consensus_tol_px": 5,
      "f2_consensus_reason": "accepted",
      "f2_consensus_applied": true,
      "f3_consensus_x_range": [
        692,
        698
      ],
      "f3_consensus_y_px": 183,
      "f3_consensus_anchor_y_px": 183,
      "f3_consensus_seed_y_px": 178,
      "f3_consensus_support_cols": 7,
      "f3_consensus_support_ratio": 1.0,
      "f3_consensus_jump_px": 0,
      "f3_consensus_tol_px": 5,
      "f3_consensus_reason": "accepted",
      "f3_consensus_applied": true,
      "f4_consensus_x_range": [
        692,
        698
      ],
      "f4_consensus_y_px": 258,
      "f4_consensus_anchor_y_px": 250,
      "f4_consensus_seed_y_px": 258,
      "f4_consensus_support_cols": 6,
      "f4_consensus_support_ratio": 0.8021172638436481,
      "f4_consensus_jump_px": 8,
      "f4_consensus_tol_px": 6,
      "f4_consensus_reason": "accepted",
      "f4_consensus_applied": true,
      "scale_ranges": {
        "F1": [
          7.2,
          8.4
        ],
        "F2": [
          13.1,
          14.5
        ],
        "F3": [
          18.6,
          20.2
        ],
        "F4": [
          24.1,
          26.5
        ]
      }
    },
    "A": {
      "x_day0": 59,
      "x_day1": 392,
      "x_day2": 726,
      "day_w": 333.5,
      "x_day0_time": 59,
      "x_day1_time": 351,
      "x_day2_time": 643,
      "day_w_time": 292.0,
      "x_plot_end": 935,
      "x1_static": 936,
      "x1_dyn": 935,
      "x1_dyn_used": true,