{
  "saved_at_utc": "2026-05-09T23:22:57.170688+00:00",
  "source": "tomsk_sos70_param_charts",
  "freq_max_hz": 40.0,
  "values": {
    "scale_ranges": {
      "F": {
        "F1": [
          7.2,
          8.4
        ],
        "F2": [
          13.1,
          14.5
        ],
        "F3": [
          18.6,
          20.2
        ],
        "F4": [
          24.1,
          26.5
        ]
      },
      "A": {
        "A1": [
          1.0,
          45.0
        ],
        "A2": [
          1.0,
          61.5
        ],
        "A3": [
          2.2,
          12.2
        ],
        "A4": [
          1.1,
          10.2
        ]
      },
      "Q": {
        "Q1": [
          4.0,
          38.0
        ],
        "Q2": [
          5.0,
          17.5
        ],
        "Q3": [
          7.0,
          23.0
        ],
        "Q4": [
          5.0,
          30.0
        ]
      }
    },
    "scale_units": {
      "F_hz": "Hz",
      "A_value": "idx",
      "Q_value": "idx"
    },
    "F_norm": {
      "F1": 0.1986062717770035,
      "F2": 0.40069686411149824,
      "F3": 0.47038327526132406,
      "F4": 0.7526132404181185
    },
    "F_y_px": {
      "F1": 92,
      "F2": 150,
      "F3": 170,
      "F4": 251
    },
    "F_lane_norm": {
      "F1": 0.8947368421052632,
      "F2": 0.8846153846153846,
      "F3": 0.2608695652173913,
      "F4": 0.9565217391304348
    },
    "F_hz": {
      "F1": 7.326315789473684,
      "F2": 13.26153846153846,
      "F3": 19.782608695652172,
      "F4": 24.20434782608696
    },
    "A_norm": {
      "A1": 0.18815331010452963,
      "A2": 0.45993031358885017,
      "A3": 0.6933797909407665,
      "A4": 0.8989547038327527
    },
    "A_y_px": {
      "A1": 89,
      "A2": 167,
      "A3": 234,
      "A4": 293
    },
    "A_lane_norm": {
      "A1": 0.5421686746987951,
      "A2": 0.7653061224489796,
      "A3": 0.8041237113402062,
      "A4": 0.6923076923076923
    },
    "A_value": {
      "A1": 21.144578313253014,
      "A2": 15.19897959183674,
      "A3": 4.158762886597938,
      "A4": 3.8999999999999995
    },
    "Q_norm": {
      "Q1": 0.28222996515679444,
      "Q2": 0.47038327526132406,
      "Q3": 0.6306620209059234,
      "Q4": 0.9163763066202091
    },
    "Q_y_px": {
      "Q1": 116,
      "Q2": 170,
      "Q3": 216,
      "Q4": 298
    },
    "Q_lane_norm": {
      "Q1": 0.7528089887640449,
      "Q2": 0.6804123711340206,
      "Q3": 0.5825242718446602,
      "Q4": 0.7294117647058823
    },
    "Q_value": {
      "Q1": 12.404494382022474,
      "Q2": 8.994845360824742,
      "Q3": 13.679611650485437,
      "Q4": 11.764705882352942
    }
  },
  "debug": {
    "F": {
      "x_day0": 59,
      "x_day1": 392,
      "x_day2": 726,
      "day_w": 333.5,
      "x_day0_time": 59,
      "x_day1_time": 351,
      "x_day2_time": 643,
      "day_w_time": 292.0,
      "x_plot_end": 935,
      "x1_static": 936,
      "x1_dyn": 935,
      "x1_dyn_used": true,
      "pph": 12.166666666666666,
      "pph_source": "day_width (tick-mismatch-fallback)",
      "pph_tick": 19.0,
      "tick_pph_rel_err": 0.5616438356164384,
      "tick_pph_valid": false,
      "tick_count": 50,
      "tick_quality": 0.6944444444444444,
      "tick_used": false,
      "x_frontier": 724,
      "frontier_method": "activity_scan",
      "frontier_activity_thr": 0.5210873186588287,
      "frontier_activity_right_tail": 0.19800366461277008,
      "frontier_activity_run_px": 8,
      "guard_px": 4,
      "left_guard": 645,
      "right_guard": 720,
      "x_time": 721,
      "x_ideal": 721,
      "x_now": 721,
      "x_now_method": "harmonized_prefer_non_rollover",
      "hour_now_tsst": 6.382499999999999,
      "rollover_hour_min": 3.0,
      "rollover_hour_max": 8.5,
      "delta_min_to_guard": -4.931506849315069,
      "delta_min_to_frontier": 14.794520547945206,
      "frontier_day_fill": 0.2773972602739726,
      "rollover_candidate": false,
      "bias_minutes_applied": 0.0,
      "measured_bias_minutes": null,
      "age_hours": null,
      "status": "ok",
      "x_now_before_harmonize": 721,
      "x_pick": 720,
      "x_pick_edge": 721,
      "x_pick_safe_right": 923,
      "x_overlay": 721,
      "f1_path_x_range": [
        707,
        721
      ],
      "f1_path_target_col": 13,
      "f1_path_y_px": 68,
      "f4_path_x_range": [
        707,
        721
      ],
      "f4_path_target_col": 13,
      "f4_path_y_px": 251,
      "f1_path2_x_range": [
        711,
        721
      ],
      "f1_path2_target_col": 9,
      "f1_path2_y_px": 80,
      "f1_path2_y_direct_px": 81,
      "f1_path2_direct_used": false,
      "f1_path2_direct_allowed": false,
      "f1_path2_left_weight": 0.35,
      "f1_path2_right_weight": 1.0,
      "f2_path2_x_range": [
        711,
        721
      ],
      "f2_path2_target_col": 9,
      "f2_path2_y_px": 151,
      "f2_path2_y_direct_px": 145,
      "f2_path2_direct_used": false,
      "f2_path2_direct_allowed": false,
      "f2_path2_left_weight": 0.4,
      "f2_path2_right_weight": 1.0,
      "f4_path2_x_range": [
        711,
        721
      ],
      "f4_path2_target_col": 9,
      "f4_path2_y_px": 251,
      "f4_path2_y_direct_px": 253,
      "f4_path2_direct_used": false,
      "f4_path2_direct_allowed": false,
      "f4_path2_left_weight": 0.4,
      "f4_path2_right_weight": 1.0,
      "f1_local_snap_x": 721,
      "f1_local_snap_y_px": 92,
      "f1_local_snap_search_px": 8,
      "f1_local_snap_search_up_px": 4,
      "f1_local_snap_search_down_px": 12,
      "f1_local_snap_prefer_lower_weight": 0.02,
      "f3_local_snap_x": 721,
      "f3_local_snap_y_px": 167,
      "f3_local_snap_search_px": 6,
      "f3_local_snap_search_up_px": 6,
      "f3_local_snap_search_down_px": 6,
      "f3_local_snap_prefer_lower_weight": 0.0,
      "f4_local_snap_x": 721,
      "f4_local_snap_y_px": 251,
      "f4_local_snap_search_px": 8,
      "f4_local_snap_search_up_px": 6,
      "f4_local_snap_search_down_px": 14,
      "f4_local_snap_prefer_lower_weight": 0.05,
      "f2_local_snap_x": 721,
      "f2_local_snap_y_px": 150,
      "f2_local_snap_search_px": 8,
      "f2_local_snap_search_up_px": 14,
      "f2_local_snap_search_down_px": 2,
      "f2_local_snap_prefer_lower_weight": 0.0,
      "f2_consensus_applied": false,
      "f2_consensus_x_range": [
        715,
        721
      ],
      "f2_consensus_y_px": 111,
      "f2_consensus_anchor_y_px": 150,
      "f2_consensus_seed_y_px": 110,
      "f2_consensus_support_cols": 5,
      "f2_consensus_support_ratio": 0.6519564336039796,
      "f2_consensus_jump_px": 39,
      "f2_consensus_tol_px": 5,
      "f2_consensus_reason": "excessive_jump",
      "f3_consensus_x_range": [
        715,
        721
      ],
      "f3_consensus_y_px": 170,
      "f3_consensus_anchor_y_px": 167,
      "f3_consensus_seed_y_px": 170,
      "f3_consensus_support_cols": 6,
      "f3_consensus_support_ratio": 0.81257981074621,
      "f3_consensus_jump_px": 3,
      "f3_consensus_tol_px": 5,
      "f3_consensus_reason": "accepted",
      "f3_consensus_applied": true,
      "f4_consensus_x_range": [
        715,
        721
      ],
      "f4_consensus_y_px": 251,
      "f4_consensus_anchor_y_px": 251,
      "f4_consensus_seed_y_px": 251,
      "f4_consensus_support_cols": 5,
      "f4_consensus_support_ratio": 0.6276622161098695,
      "f4_consensus_jump_px": 0,
      "f4_consensus_tol_px": 6,
      "f4_consensus_reason": "accepted",
      "f4_consensus_applied": true,
      "scale_ranges": {
        "F1": [
          7.2,
          8.4
        ],
        "F2": [
          13.1,
          14.5
        ],
        "F3": [
          18.6,
          20.2
        ],
        "F4": [
          24.1,
          26.5
        ]
      }
    },
    "A": {
      "x_day0": 59,
      "x_day1": 392,
      "x_day2": 726,
      "day_w": 333.5,
      "x_day0_time": 59,
      "x_day1_time": 351,
      "x_day2_time": 644,
      "day_w_time": 292.3333333333333,
      "x_plot_end": 936,