{
  "saved_at_utc": "2026-04-07T09:46:52.122457+00:00",
  "source": "tomsk_sos70_param_charts",
  "freq_max_hz": 40.0,
  "values": {
    "scale_ranges": {
      "F": {
        "F1": [
          7.2,
          8.4
        ],
        "F2": [
          13.1,
          14.5
        ],
        "F3": [
          18.6,
          20.2
        ],
        "F4": [
          24.1,
          26.5
        ]
      },
      "A": {
        "A1": [
          1.0,
          45.0
        ],
        "A2": [
          1.0,
          61.5
        ],
        "A3": [
          2.2,
          12.2
        ],
        "A4": [
          1.1,
          10.2
        ]
      },
      "Q": {
        "Q1": [
          4.0,
          38.0
        ],
        "Q2": [
          5.0,
          17.5
        ],
        "Q3": [
          7.0,
          23.0
        ],
        "Q4": [
          5.0,
          30.0
        ]
      }
    },
    "scale_units": {
      "F_hz": "Hz",
      "A_value": "idx",
      "Q_value": "idx"
    },
    "F_norm": {
      "F1": 0.11498257839721254,
      "F2": 0.3240418118466899,
      "F3": 0.45993031358885017,
      "F4": 0.7735191637630662
    },
    "F_y_px": {
      "F1": 68,
      "F2": 128,
      "F3": 167,
      "F4": 257
    },
    "F_lane_norm": {
      "F1": 0.47368421052631576,
      "F2": 0.46153846153846156,
      "F3": 0.1956521739130435,
      "F4": 1.0
    },
    "F_hz": {
      "F1": 7.831578947368421,
      "F2": 13.853846153846154,
      "F3": 19.88695652173913,
      "F4": 24.1
    },
    "A_norm": {
      "A1": 0.30313588850174217,
      "A2": 0.43902439024390244,
      "A3": 0.49825783972125437,
      "A4": 0.818815331010453
    },
    "A_y_px": {
      "A1": 122,
      "A2": 161,
      "A3": 178,
      "A4": 270
    },
    "A_lane_norm": {
      "A1": 0.9397590361445783,
      "A2": 0.7040816326530612,
      "A3": 0.2268041237113402,
      "A4": 0.43956043956043955
    },
    "A_value": {
      "A1": 3.6506024096385516,
      "A2": 18.903061224489797,
      "A3": 9.931958762886598,
      "A4": 6.199999999999999
    },
    "Q_norm": {
      "Q1": 0.313588850174216,
      "Q2": 0.5017421602787456,
      "Q3": 0.6689895470383276,
      "Q4": 0.9094076655052264
    },
    "Q_y_px": {
      "Q1": 125,
      "Q2": 179,
      "Q3": 227,
      "Q4": 296
    },
    "Q_lane_norm": {
      "Q1": 0.8539325842696629,
      "Q2": 0.7731958762886598,
      "Q3": 0.6893203883495146,
      "Q4": 0.7058823529411765
    },
    "Q_value": {
      "Q1": 8.966292134831463,
      "Q2": 7.835051546391751,
      "Q3": 11.970873786407767,
      "Q4": 12.352941176470587
    }
  },
  "debug": {
    "F": {
      "x_day0": 59,
      "x_day1": 374,
      "x_day2": 690,
      "day_w": 315.5,
      "x_day0_time": 59,
      "x_day1_time": 351,
      "x_day2_time": 643,
      "day_w_time": 292.0,
      "x_plot_end": 935,
      "x1_static": 936,
      "x1_dyn": 935,
      "x1_dyn_used": true,
      "pph": 12.166666666666666,
      "pph_source": "day_width (tick-mismatch-fallback)",
      "pph_tick": 19.0,
      "tick_pph_rel_err": 0.5616438356164384,
      "tick_pph_valid": false,
      "tick_count": 50,
      "tick_quality": 0.6944444444444444,
      "tick_used": false,
      "x_frontier": 847,
      "frontier_method": "activity_scan",
      "frontier_activity_thr": 0.3972602218389511,
      "frontier_activity_right_tail": 0.09105957299470901,
      "frontier_activity_run_px": 8,
      "guard_px": 4,
      "left_guard": 645,
      "right_guard": 843,
      "x_time": 847,
      "x_ideal": 847,
      "x_now": 847,
      "x_now_method": "ideal",
      "hour_now_tsst": 16.780833333333334,
      "rollover_hour_min": 3.0,
      "rollover_hour_max": 8.5,
      "delta_min_to_guard": -19.726027397260275,
      "delta_min_to_frontier": 0.0,
      "frontier_day_fill": 0.6986301369863014,
      "rollover_candidate": false,
      "bias_minutes_applied": 0.0,
      "measured_bias_minutes": null,
      "age_hours": null,
      "status": "ok",
      "x_pick": 846,
      "x_pick_edge": 847,
      "x_pick_safe_right": 923,
      "x_overlay": 847,
      "f1_path_x_range": [
        833,
        847
      ],
      "f1_path_target_col": 13,
      "f1_path_y_px": 65,
      "f4_path_x_range": [
        833,
        847
      ],
      "f4_path_target_col": 13,
      "f4_path_y_px": 252,
      "f1_path2_x_range": [
        837,
        847
      ],
      "f1_path2_target_col": 9,
      "f1_path2_y_px": 65,
      "f1_path2_y_direct_px": 66,
      "f1_path2_direct_used": false,
      "f1_path2_direct_allowed": false,
      "f1_path2_left_weight": 0.35,
      "f1_path2_right_weight": 1.0,
      "f2_path2_x_range": [
        837,
        847
      ],
      "f2_path2_target_col": 9,
      "f2_path2_y_px": 129,
      "f2_path2_y_direct_px": 126,
      "f2_path2_direct_used": false,
      "f2_path2_direct_allowed": false,
      "f2_path2_left_weight": 0.4,
      "f2_path2_right_weight": 1.0,
      "f4_path2_x_range": [
        837,
        847
      ],
      "f4_path2_target_col": 9,
      "f4_path2_y_px": 254,
      "f4_path2_y_direct_px": 254,
      "f4_path2_direct_used": false,
      "f4_path2_direct_allowed": false,
      "f4_path2_left_weight": 0.4,
      "f4_path2_right_weight": 1.0,
      "f1_local_snap_x": 847,
      "f1_local_snap_y_px": 68,
      "f1_local_snap_search_px": 8,
      "f1_local_snap_search_up_px": 4,
      "f1_local_snap_search_down_px": 12,
      "f1_local_snap_prefer_lower_weight": 0.02,
      "f3_local_snap_x": 847,
      "f3_local_snap_y_px": 164,
      "f3_local_snap_search_px": 6,
      "f3_local_snap_search_up_px": 6,
      "f3_local_snap_search_down_px": 6,
      "f3_local_snap_prefer_lower_weight": 0.0,
      "f4_local_snap_x": 847,
      "f4_local_snap_y_px": 252,
      "f4_local_snap_search_px": 8,
      "f4_local_snap_search_up_px": 6,
      "f4_local_snap_search_down_px": 14,
      "f4_local_snap_prefer_lower_weight": 0.05,
      "f2_local_snap_x": 847,
      "f2_local_snap_y_px": 127,
      "f2_local_snap_search_px": 8,
      "f2_local_snap_search_up_px": 14,
      "f2_local_snap_search_down_px": 2,
      "f2_local_snap_prefer_lower_weight": 0.0,
      "f2_consensus_x_range": [
        841,
        847
      ],
      "f2_consensus_y_px": 128,
      "f2_consensus_anchor_y_px": 127,
      "f2_consensus_seed_y_px": 130,
      "f2_consensus_support_cols": 7,
      "f2_consensus_support_ratio": 1.0,
      "f2_consensus_jump_px": 1,
      "f2_consensus_tol_px": 5,
      "f2_consensus_reason": "accepted",
      "f2_consensus_applied": true,
      "f3_consensus_x_range": [
        841,
        847
      ],
      "f3_consensus_y_px": 167,
      "f3_consensus_anchor_y_px": 164,
      "f3_consensus_seed_y_px": 167,
      "f3_consensus_support_cols": 6,
      "f3_consensus_support_ratio": 0.8011708609846963,
      "f3_consensus_jump_px": 3,
      "f3_consensus_tol_px": 5,
      "f3_consensus_reason": "accepted",
      "f3_consensus_applied": true,
      "f4_consensus_x_range": [
        841,
        847
      ],
      "f4_consensus_y_px": 257,
      "f4_consensus_anchor_y_px": 252,
      "f4_consensus_seed_y_px": 257,
      "f4_consensus_support_cols": 5,
      "f4_consensus_support_ratio": 0.6248136170871981,
      "f4_consensus_jump_px": 5,
      "f4_consensus_tol_px": 6,
      "f4_consensus_reason": "accepted",
      "f4_consensus_applied": true,
      "scale_ranges": {
        "F1": [
          7.2,
          8.4
        ],
        "F2": [
          13.1,
          14.5
        ],
        "F3": [
          18.6,
          20.2
        ],
        "F4": [
          24.1,
          26.5
        ]
      }
    },
    "A": {
      "x_day0": 59,
      "x_day1": 392,
      "x_day2": 726,
      "day_w": 333.5,
      "x_day0_time": 59,
      "x_day1_time": 351,
      "x_day2_time": 643,
      "day_w_time": 292.0,
      "x_plot_end": 935,
      "x1_static": 936,
      "x1_dyn": 935,
      "x1_dyn_used": true,
      "pph": 12.166666666666666,