{
  "saved_at_utc": "2026-06-14T23:13:08.601462+00:00",
  "source": "tomsk_sos70_param_charts",
  "freq_max_hz": 40.0,
  "values": {
    "scale_ranges": {
      "F": {
        "F1": [
          7.2,
          8.4
        ],
        "F2": [
          13.1,
          14.5
        ],
        "F3": [
          18.6,
          20.2
        ],
        "F4": [
          24.1,
          26.5
        ]
      },
      "A": {
        "A1": [
          1.0,
          45.0
        ],
        "A2": [
          1.0,
          61.5
        ],
        "A3": [
          2.2,
          12.2
        ],
        "A4": [
          1.1,
          10.2
        ]
      },
      "Q": {
        "Q1": [
          4.0,
          38.0
        ],
        "Q2": [
          5.0,
          17.5
        ],
        "Q3": [
          7.0,
          23.0
        ],
        "Q4": [
          5.0,
          30.0
        ]
      }
    },
    "scale_units": {
      "F_hz": "Hz",
      "A_value": "idx",
      "Q_value": "idx"
    },
    "F_norm": {
      "F1": 0.059233449477351915,
      "F2": 0.2613240418118467,
      "F3": 0.47735191637630664,
      "F4": 0.6724738675958188
    },
    "F_y_px": {
      "F1": 52,
      "F2": 110,
      "F3": 172,
      "F4": 228
    },
    "F_lane_norm": {
      "F1": 0.19298245614035087,
      "F2": 0.11538461538461539,
      "F3": 0.30434782608695654,
      "F4": 0.45652173913043476
    },
    "F_hz": {
      "F1": 8.16842105263158,
      "F2": 14.338461538461539,
      "F3": 19.713043478260868,
      "F4": 25.40434782608696
    },
    "A_norm": {
      "A1": 0.289198606271777,
      "A2": 0.5087108013937283,
      "A3": 0.686411149825784,
      "A4": 0.9094076655052264
    },
    "A_y_px": {
      "A1": 118,
      "A2": 181,
      "A3": 232,
      "A4": 296
    },
    "A_lane_norm": {
      "A1": 0.891566265060241,
      "A2": 0.9081632653061225,
      "A3": 0.7835051546391752,
      "A4": 0.7252747252747253
    },
    "A_value": {
      "A1": 5.7710843373494,
      "A2": 6.556122448979593,
      "A3": 4.364948453608247,
      "A4": 3.5999999999999996
    },
    "Q_norm": {
      "Q1": 0.31010452961672474,
      "Q2": 0.49825783972125437,
      "Q3": 0.6445993031358885,
      "Q4": 0.8885017421602788
    },
    "Q_y_px": {
      "Q1": 124,
      "Q2": 178,
      "Q3": 220,
      "Q4": 290
    },
    "Q_lane_norm": {
      "Q1": 0.8426966292134831,
      "Q2": 0.7628865979381443,
      "Q3": 0.6213592233009708,
      "Q4": 0.6352941176470588
    },
    "Q_value": {
      "Q1": 9.348314606741575,
      "Q2": 7.963917525773196,
      "Q3": 13.058252427184467,
      "Q4": 14.11764705882353
    }
  },
  "debug": {
    "F": {
      "x_day0": 59,
      "x_day1": 392,
      "x_day2": 726,
      "day_w": 333.5,
      "x_day0_time": 59,
      "x_day1_time": 351,
      "x_day2_time": 643,
      "day_w_time": 292.0,
      "x_plot_end": 935,
      "x1_static": 936,
      "x1_dyn": 935,
      "x1_dyn_used": true,
      "pph": 12.166666666666666,
      "pph_source": "day_width (tick-mismatch-fallback)",
      "pph_tick": 19.0,
      "tick_pph_rel_err": 0.5616438356164384,
      "tick_pph_valid": false,
      "tick_count": 50,
      "tick_quality": 0.6944444444444444,
      "tick_used": false,
      "x_frontier": 707,
      "frontier_method": "activity_scan",
      "frontier_activity_thr": 0.49612975120544434,
      "frontier_activity_right_tail": 0.1880940943956375,
      "frontier_activity_run_px": 8,
      "guard_px": 4,
      "left_guard": 645,
      "right_guard": 703,
      "x_time": 719,
      "x_ideal": 719,
      "x_now": 700,
      "x_now_method": "harmonized_pair_cluster",
      "hour_now_tsst": 6.218888888888889,
      "rollover_hour_min": 3.0,
      "rollover_hour_max": 8.5,
      "delta_min_to_guard": -78.9041095890411,
      "delta_min_to_frontier": -59.178082191780824,
      "frontier_day_fill": 0.2191780821917808,
      "rollover_candidate": false,
      "bias_minutes_applied": 0.0,
      "measured_bias_minutes": null,
      "age_hours": null,
      "status": "ok",
      "x_now_before_harmonize": 703,
      "x_pick": 699,
      "x_pick_edge": 700,
      "x_pick_safe_right": 923,
      "x_overlay": 700,
      "f1_path_x_range": [
        686,
        700
      ],
      "f1_path_target_col": 13,
      "f1_path_y_px": 50,
      "f4_path_x_range": [
        686,
        700
      ],
      "f4_path_target_col": 13,
      "f4_path_y_px": 230,
      "f1_path2_x_range": [
        690,
        700
      ],
      "f1_path2_target_col": 9,
      "f1_path2_y_px": 50,
      "f1_path2_y_direct_px": 53,
      "f1_path2_direct_used": false,
      "f1_path2_direct_allowed": false,
      "f1_path2_left_weight": 0.35,
      "f1_path2_right_weight": 1.0,
      "f2_path2_x_range": [
        690,
        700
      ],
      "f2_path2_target_col": 9,
      "f2_path2_y_px": 118,
      "f2_path2_y_direct_px": 133,
      "f2_path2_direct_used": false,
      "f2_path2_direct_allowed": false,
      "f2_path2_left_weight": 0.4,
      "f2_path2_right_weight": 1.0,
      "f4_path2_x_range": [
        690,
        700
      ],
      "f4_path2_target_col": 9,
      "f4_path2_y_px": 230,
      "f4_path2_y_direct_px": 246,
      "f4_path2_direct_used": false,
      "f4_path2_direct_allowed": false,
      "f4_path2_left_weight": 0.4,
      "f4_path2_right_weight": 1.0,
      "f1_local_snap_x": 700,
      "f1_local_snap_y_px": 52,
      "f1_local_snap_search_px": 8,
      "f1_local_snap_search_up_px": 4,
      "f1_local_snap_search_down_px": 12,
      "f1_local_snap_prefer_lower_weight": 0.02,
      "f3_local_snap_x": 700,
      "f3_local_snap_y_px": 172,
      "f3_local_snap_search_px": 6,
      "f3_local_snap_search_up_px": 6,
      "f3_local_snap_search_down_px": 6,
      "f3_local_snap_prefer_lower_weight": 0.0,
      "f4_local_snap_x": 700,
      "f4_local_snap_y_px": 228,
      "f4_local_snap_search_px": 8,
      "f4_local_snap_search_up_px": 6,
      "f4_local_snap_search_down_px": 14,
      "f4_local_snap_prefer_lower_weight": 0.05,
      "f2_local_snap_x": 700,
      "f2_local_snap_y_px": 110,
      "f2_local_snap_search_px": 8,
      "f2_local_snap_search_up_px": 14,
      "f2_local_snap_search_down_px": 2,
      "f2_local_snap_prefer_lower_weight": 0.0,
      "f2_consensus_x_range": [
        694,
        700
      ],
      "f2_consensus_y_px": 110,
      "f2_consensus_anchor_y_px": 110,
      "f2_consensus_seed_y_px": 115,
      "f2_consensus_support_cols": 7,
      "f2_consensus_support_ratio": 1.0,
      "f2_consensus_jump_px": 0,
      "f2_consensus_tol_px": 5,
      "f2_consensus_reason": "accepted",
      "f2_consensus_applied": true,
      "f3_consensus_x_range": [
        694,
        700
      ],
      "f3_consensus_y_px": 172,
      "f3_consensus_anchor_y_px": 172,
      "f3_consensus_seed_y_px": 172,
      "f3_consensus_support_cols": 7,
      "f3_consensus_support_ratio": 1.0,
      "f3_consensus_jump_px": 0,
      "f3_consensus_tol_px": 5,
      "f3_consensus_reason": "accepted",
      "f3_consensus_applied": true,
      "f4_consensus_applied": false,
      "f4_consensus_x_range": [
        694,
        700
      ],
      "f4_consensus_y_px": 245,
      "f4_consensus_anchor_y_px": 228,
      "f4_consensus_seed_y_px": 244,
      "f4_consensus_support_cols": 4,
      "f4_consensus_support_ratio": 0.6094639367938152,
      "f4_consensus_jump_px": 17,
      "f4_consensus_tol_px": 6,
      "f4_consensus_reason": "excessive_jump",
      "scale_ranges": {
        "F1": [
          7.2,
          8.4
        ],
        "F2": [
          13.1,
          14.5
        ],
        "F3": [
          18.6,
          20.2
        ],
        "F4": [
          24.1,
          26.5
        ]
      }
    },
    "A": {
      "x_day0": 59,
      "x_day1": 392,
      "x_day2": 726,
      "day_w": 333.5,
      "x_day0_time": 59,
      "x_day1_time": 351,
      "x_day2_time": 643,
      "day_w_time": 292.0,
      "x_plot_end": 935,
      "x1_static": 936,
      "x1_dyn": 935,