{
  "saved_at_utc": "2026-06-07T09:41:03.651996+00:00",
  "source": "tomsk_sos70_param_charts",
  "freq_max_hz": 40.0,
  "values": {
    "scale_ranges": {
      "F": {
        "F1": [
          7.2,
          8.4
        ],
        "F2": [
          13.1,
          14.5
        ],
        "F3": [
          18.6,
          20.2
        ],
        "F4": [
          24.1,
          26.5
        ]
      },
      "A": {
        "A1": [
          1.0,
          45.0
        ],
        "A2": [
          1.0,
          61.5
        ],
        "A3": [
          2.2,
          12.2
        ],
        "A4": [
          1.1,
          10.2
        ]
      },
      "Q": {
        "Q1": [
          4.0,
          38.0
        ],
        "Q2": [
          5.0,
          17.5
        ],
        "Q3": [
          7.0,
          23.0
        ],
        "Q4": [
          5.0,
          30.0
        ]
      }
    },
    "scale_units": {
      "F_hz": "Hz",
      "A_value": "idx",
      "Q_value": "idx"
    },
    "F_norm": {
      "F1": 0.1986062717770035,
      "F2": 0.3344947735191638,
      "F3": 0.5818815331010453,
      "F4": 0.6759581881533101
    },
    "F_y_px": {
      "F1": 92,
      "F2": 131,
      "F3": 202,
      "F4": 229
    },
    "F_lane_norm": {
      "F1": 0.8947368421052632,
      "F2": 0.5192307692307693,
      "F3": 0.9565217391304348,
      "F4": 0.4782608695652174
    },
    "F_hz": {
      "F1": 7.326315789473684,
      "F2": 13.773076923076923,
      "F3": 18.669565217391305,
      "F4": 25.35217391304348
    },
    "A_norm": {
      "A1": 0.1916376306620209,
      "A2": 0.3832752613240418,
      "A3": 0.5435540069686411,
      "A4": 0.7317073170731707
    },
    "A_y_px": {
      "A1": 90,
      "A2": 145,
      "A3": 191,
      "A4": 245
    },
    "A_lane_norm": {
      "A1": 0.5542168674698795,
      "A2": 0.5408163265306123,
      "A3": 0.36082474226804123,
      "A4": 0.16483516483516483
    },
    "A_value": {
      "A1": 20.6144578313253,
      "A2": 28.78061224489796,
      "A3": 8.591752577319587,
      "A4": 8.7
    },
    "Q_norm": {
      "Q1": 0.1986062717770035,
      "Q2": 0.3344947735191638,
      "Q3": 0.7177700348432056,
      "Q4": 0.89198606271777
    },
    "Q_y_px": {
      "Q1": 92,
      "Q2": 131,
      "Q3": 241,
      "Q4": 291
    },
    "Q_lane_norm": {
      "Q1": 0.48314606741573035,
      "Q2": 0.27835051546391754,
      "Q3": 0.8252427184466019,
      "Q4": 0.6470588235294118
    },
    "Q_value": {
      "Q1": 21.573033707865168,
      "Q2": 14.02061855670103,
      "Q3": 9.79611650485437,
      "Q4": 13.823529411764707
    }
  },
  "debug": {
    "F": {
      "x_day0": 59,
      "x_day1": 393,
      "x_day2": 727,
      "day_w": 334.0,
      "x_day0_time": 59,
      "x_day1_time": 351,
      "x_day2_time": 643,
      "day_w_time": 292.0,
      "x_plot_end": 935,
      "x1_static": 936,
      "x1_dyn": 935,
      "x1_dyn_used": true,
      "pph": 12.166666666666666,
      "pph_source": "day_width (tick-mismatch-fallback)",
      "pph_tick": 19.0,
      "tick_pph_rel_err": 0.5616438356164384,
      "tick_pph_valid": false,
      "tick_count": 50,
      "tick_quality": 0.6944444444444444,
      "tick_used": false,
      "x_frontier": 845,
      "frontier_method": "activity_scan",
      "frontier_activity_thr": 0.5101444125175476,
      "frontier_activity_right_tail": 0.2069261074066162,
      "frontier_activity_run_px": 8,
      "guard_px": 4,
      "left_guard": 645,
      "right_guard": 841,
      "x_time": 846,
      "x_ideal": 846,
      "x_now": 846,
      "x_now_method": "ideal",
      "hour_now_tsst": 16.684166666666666,
      "rollover_hour_min": 3.0,
      "rollover_hour_max": 8.5,
      "delta_min_to_guard": -24.657534246575345,
      "delta_min_to_frontier": -4.931506849315069,
      "frontier_day_fill": 0.6917808219178082,
      "rollover_candidate": false,
      "bias_minutes_applied": 0.0,
      "measured_bias_minutes": null,
      "age_hours": null,
      "status": "ok",
      "x_pick": 845,
      "x_pick_edge": 846,
      "x_pick_safe_right": 923,
      "x_overlay": 846,
      "f1_path_x_range": [
        832,
        846
      ],
      "f1_path_target_col": 13,
      "f1_path_y_px": 90,
      "f4_path_x_range": [
        832,
        846
      ],
      "f4_path_target_col": 13,
      "f4_path_y_px": 250,
      "f1_path2_x_range": [
        836,
        846
      ],
      "f1_path2_target_col": 9,
      "f1_path2_y_px": 90,
      "f1_path2_y_direct_px": 65,
      "f1_path2_direct_used": false,
      "f1_path2_direct_allowed": false,
      "f1_path2_left_weight": 0.35,
      "f1_path2_right_weight": 1.0,
      "f2_path2_x_range": [
        836,
        846
      ],
      "f2_path2_target_col": 9,
      "f2_path2_y_px": 132,
      "f2_path2_y_direct_px": 159,
      "f2_path2_direct_used": false,
      "f2_path2_direct_allowed": false,
      "f2_path2_left_weight": 0.4,
      "f2_path2_right_weight": 1.0,
      "f4_path2_x_range": [
        836,
        846
      ],
      "f4_path2_target_col": 9,
      "f4_path2_y_px": 230,
      "f4_path2_y_direct_px": 230,
      "f4_path2_direct_used": false,
      "f4_path2_direct_allowed": false,
      "f4_path2_left_weight": 0.4,
      "f4_path2_right_weight": 1.0,
      "f1_local_snap_x": 846,
      "f1_local_snap_y_px": 92,
      "f1_local_snap_search_px": 8,
      "f1_local_snap_search_up_px": 4,
      "f1_local_snap_search_down_px": 12,
      "f1_local_snap_prefer_lower_weight": 0.02,
      "f3_local_snap_x": 846,
      "f3_local_snap_y_px": 202,
      "f3_local_snap_search_px": 6,
      "f3_local_snap_search_up_px": 6,
      "f3_local_snap_search_down_px": 6,
      "f3_local_snap_prefer_lower_weight": 0.0,
      "f4_local_snap_x": 846,
      "f4_local_snap_y_px": 229,
      "f4_local_snap_search_px": 8,
      "f4_local_snap_search_up_px": 6,
      "f4_local_snap_search_down_px": 14,
      "f4_local_snap_prefer_lower_weight": 0.05,
      "f2_local_snap_x": 846,
      "f2_local_snap_y_px": 131,
      "f2_local_snap_search_px": 8,
      "f2_local_snap_search_up_px": 14,
      "f2_local_snap_search_down_px": 2,
      "f2_local_snap_prefer_lower_weight": 0.0,
      "f2_consensus_x_range": [
        840,
        846
      ],
      "f2_consensus_y_px": 131,
      "f2_consensus_anchor_y_px": 131,
      "f2_consensus_seed_y_px": 131,
      "f2_consensus_support_cols": 7,
      "f2_consensus_support_ratio": 1.0,
      "f2_consensus_jump_px": 0,
      "f2_consensus_tol_px": 5,
      "f2_consensus_reason": "accepted",
      "f2_consensus_applied": true,
      "f3_consensus_applied": false,
      "f3_consensus_x_range": [
        840,
        846
      ],
      "f3_consensus_y_px": 204,
      "f3_consensus_anchor_y_px": 202,
      "f3_consensus_seed_y_px": 204,
      "f3_consensus_support_cols": 3,
      "f3_consensus_support_ratio": 0.4164059007599464,
      "f3_consensus_jump_px": 2,
      "f3_consensus_tol_px": 5,
      "f3_consensus_reason": "low_support",
      "f4_consensus_applied": false,
      "f4_consensus_x_range": [
        840,
        846
      ],
      "f4_consensus_y_px": 229,
      "f4_consensus_anchor_y_px": 229,
      "f4_consensus_seed_y_px": 229,
      "f4_consensus_support_cols": 3,
      "f4_consensus_support_ratio": 0.482447923205439,
      "f4_consensus_jump_px": 0,
      "f4_consensus_tol_px": 6,
      "f4_consensus_reason": "low_support",
      "scale_ranges": {
        "F1": [
          7.2,
          8.4
        ],
        "F2": [
          13.1,
          14.5
        ],
        "F3": [
          18.6,
          20.2
        ],
        "F4": [
          24.1,
          26.5
        ]
      }
    },
    "A": {
      "x_day0": 59,
      "x_day1": 384,
      "x_day2": 709,
      "day_w": 325.0,
      "x_day0_time": 59,
      "x_day1_time": 351,
      "x_day2_time": 643,
      "day_w_time": 292.0,
      "x_plot_end": 935,
      "x1_static": 936,
      "x1_dyn": 935,
      "x1_dyn_used": true,
      "pph": 12.166666666666666,