{
  "saved_at_utc": "2026-04-10T10:11:04.151272+00:00",
  "source": "tomsk_sos70_param_charts",
  "freq_max_hz": 40.0,
  "values": {
    "scale_ranges": {
      "F": {
        "F1": [
          7.2,
          8.4
        ],
        "F2": [
          13.1,
          14.5
        ],
        "F3": [
          18.6,
          20.2
        ],
        "F4": [
          24.1,
          26.5
        ]
      },
      "A": {
        "A1": [
          1.0,
          45.0
        ],
        "A2": [
          1.0,
          61.5
        ],
        "A3": [
          2.2,
          12.2
        ],
        "A4": [
          1.1,
          10.2
        ]
      },
      "Q": {
        "Q1": [
          4.0,
          38.0
        ],
        "Q2": [
          5.0,
          17.5
        ],
        "Q3": [
          7.0,
          23.0
        ],
        "Q4": [
          5.0,
          30.0
        ]
      }
    },
    "scale_units": {
      "F_hz": "Hz",
      "A_value": "idx",
      "Q_value": "idx"
    },
    "F_norm": {
      "F1": 0.16376306620209058,
      "F2": 0.4355400696864111,
      "F3": 0.5714285714285714,
      "F4": 0.7526132404181185
    },
    "F_y_px": {
      "F1": 82,
      "F2": 160,
      "F3": 199,
      "F4": 251
    },
    "F_lane_norm": {
      "F1": 0.7192982456140351,
      "F2": 1.0,
      "F3": 0.8913043478260869,
      "F4": 0.9565217391304348
    },
    "F_hz": {
      "F1": 7.536842105263158,
      "F2": 13.1,
      "F3": 18.773913043478263,
      "F4": 24.20434782608696
    },
    "A_norm": {
      "A1": 0.3170731707317073,
      "A2": 0.5296167247386759,
      "A3": 0.7386759581881533,
      "A4": 0.9512195121951219
    },
    "A_y_px": {
      "A1": 126,
      "A2": 187,
      "A3": 247,
      "A4": 308
    },
    "A_lane_norm": {
      "A1": 0.9879518072289156,
      "A2": 0.9693877551020408,
      "A3": 0.9381443298969072,
      "A4": 0.8571428571428571
    },
    "A_value": {
      "A1": 1.5301204819277103,
      "A2": 2.852040816326536,
      "A3": 2.8185567010309267,
      "A4": 2.4000000000000004
    },
    "Q_norm": {
      "Q1": 0.1986062717770035,
      "Q2": 0.3344947735191638,
      "Q3": 0.710801393728223,
      "Q4": 0.9547038327526133
    },
    "Q_y_px": {
      "Q1": 92,
      "Q2": 131,
      "Q3": 239,
      "Q4": 309
    },
    "Q_lane_norm": {
      "Q1": 0.48314606741573035,
      "Q2": 0.27835051546391754,
      "Q3": 0.8058252427184466,
      "Q4": 0.8588235294117647
    },
    "Q_value": {
      "Q1": 21.573033707865168,
      "Q2": 14.02061855670103,
      "Q3": 10.106796116504855,
      "Q4": 8.529411764705884
    }
  },
  "debug": {
    "F": {
      "x_day0": 59,
      "x_day1": 393,
      "x_day2": 727,
      "day_w": 334.0,
      "x_day0_time": 59,
      "x_day1_time": 351,
      "x_day2_time": 643,
      "day_w_time": 292.0,
      "x_plot_end": 935,
      "x1_static": 936,
      "x1_dyn": 935,
      "x1_dyn_used": true,
      "pph": 12.166666666666666,
      "pph_source": "day_width (tick-mismatch-fallback)",
      "pph_tick": 19.0,
      "tick_pph_rel_err": 0.5616438356164384,
      "tick_pph_valid": false,
      "tick_count": 50,
      "tick_quality": 0.6944444444444444,
      "tick_used": false,
      "x_frontier": 847,
      "frontier_method": "activity_scan",
      "frontier_activity_thr": 0.39518989026546475,
      "frontier_activity_right_tail": 0.07667599618434906,
      "frontier_activity_run_px": 8,
      "guard_px": 4,
      "left_guard": 645,
      "right_guard": 843,
      "x_time": 852,
      "x_ideal": 852,
      "x_now": 852,
      "x_now_method": "ideal",
      "hour_now_tsst": 17.184166666666666,
      "rollover_hour_min": 3.0,
      "rollover_hour_max": 8.5,
      "delta_min_to_guard": -44.38356164383562,
      "delta_min_to_frontier": -24.657534246575345,
      "frontier_day_fill": 0.6986301369863014,
      "rollover_candidate": false,
      "bias_minutes_applied": 0.0,
      "measured_bias_minutes": null,
      "age_hours": null,
      "status": "ok",
      "x_pick": 851,
      "x_pick_edge": 852,
      "x_pick_safe_right": 923,
      "x_overlay": 852,
      "f1_path_x_range": [
        838,
        852
      ],
      "f1_path_target_col": 13,
      "f1_path_y_px": 70,
      "f4_path_x_range": [
        838,
        852
      ],
      "f4_path_target_col": 13,
      "f4_path_y_px": 251,
      "f1_path2_x_range": [
        842,
        852
      ],
      "f1_path2_target_col": 9,
      "f1_path2_y_px": 81,
      "f1_path2_y_direct_px": 79,
      "f1_path2_direct_used": false,
      "f1_path2_direct_allowed": false,
      "f1_path2_left_weight": 0.35,
      "f1_path2_right_weight": 1.0,
      "f2_path2_x_range": [
        842,
        852
      ],
      "f2_path2_target_col": 9,
      "f2_path2_y_px": 160,
      "f2_path2_y_direct_px": 161,
      "f2_path2_direct_used": false,
      "f2_path2_direct_allowed": false,
      "f2_path2_left_weight": 0.4,
      "f2_path2_right_weight": 1.0,
      "f4_path2_x_range": [
        842,
        852
      ],
      "f4_path2_target_col": 9,
      "f4_path2_y_px": 251,
      "f4_path2_y_direct_px": 250,
      "f4_path2_direct_used": false,
      "f4_path2_direct_allowed": false,
      "f4_path2_left_weight": 0.4,
      "f4_path2_right_weight": 1.0,
      "f1_local_snap_x": 852,
      "f1_local_snap_y_px": 82,
      "f1_local_snap_search_px": 8,
      "f1_local_snap_search_up_px": 4,
      "f1_local_snap_search_down_px": 12,
      "f1_local_snap_prefer_lower_weight": 0.02,
      "f3_local_snap_x": 852,
      "f3_local_snap_y_px": 199,
      "f3_local_snap_search_px": 6,
      "f3_local_snap_search_up_px": 6,
      "f3_local_snap_search_down_px": 6,
      "f3_local_snap_prefer_lower_weight": 0.0,
      "f4_local_snap_x": 852,
      "f4_local_snap_y_px": 251,
      "f4_local_snap_search_px": 8,
      "f4_local_snap_search_up_px": 6,
      "f4_local_snap_search_down_px": 14,
      "f4_local_snap_prefer_lower_weight": 0.05,
      "f2_local_snap_x": 852,
      "f2_local_snap_y_px": 161,
      "f2_local_snap_search_px": 8,
      "f2_local_snap_search_up_px": 14,
      "f2_local_snap_search_down_px": 2,
      "f2_local_snap_prefer_lower_weight": 0.0,
      "f2_consensus_x_range": [
        846,
        852
      ],
      "f2_consensus_y_px": 160,
      "f2_consensus_anchor_y_px": 161,
      "f2_consensus_seed_y_px": 156,
      "f2_consensus_support_cols": 6,
      "f2_consensus_support_ratio": 0.8104250339507064,
      "f2_consensus_jump_px": 1,
      "f2_consensus_tol_px": 5,
      "f2_consensus_reason": "accepted",
      "f2_consensus_applied": true,
      "f3_consensus_x_range": [
        846,
        852
      ],
      "f3_consensus_y_px": 199,
      "f3_consensus_anchor_y_px": 199,
      "f3_consensus_seed_y_px": 195,
      "f3_consensus_support_cols": 6,
      "f3_consensus_support_ratio": 0.805296721010138,
      "f3_consensus_jump_px": 0,
      "f3_consensus_tol_px": 5,
      "f3_consensus_reason": "accepted",
      "f3_consensus_applied": true,
      "f4_consensus_applied": false,
      "f4_consensus_x_range": [
        846,
        852
      ],
      "f4_consensus_y_px": 252,
      "f4_consensus_anchor_y_px": 251,
      "f4_consensus_seed_y_px": 252,
      "f4_consensus_support_cols": 4,
      "f4_consensus_support_ratio": 0.5158200623243543,
      "f4_consensus_jump_px": 1,
      "f4_consensus_tol_px": 6,
      "f4_consensus_reason": "low_support",
      "scale_ranges": {
        "F1": [
          7.2,
          8.4
        ],
        "F2": [
          13.1,
          14.5
        ],
        "F3": [
          18.6,
          20.2
        ],
        "F4": [
          24.1,
          26.5
        ]
      }
    },
    "A": {
      "x_day0": 59,
      "x_day1": 372,
      "x_day2": 684,
      "day_w": 312.5,
      "x_day0_time": 59,
      "x_day1_time": 351,
      "x_day2_time": 644,
      "day_w_time": 292.3333333333333,
      "x_plot_end": 936,
      "x1_static": 936,
      "x1_dyn": 977,
      "x1_dyn_used": false,