{
  "saved_at_utc": "2026-04-12T20:14:51.282191+00:00",
  "source": "tomsk_sos70_param_charts",
  "freq_max_hz": 40.0,
  "values": {
    "scale_ranges": {
      "F": {
        "F1": [
          7.2,
          8.4
        ],
        "F2": [
          13.1,
          14.5
        ],
        "F3": [
          18.6,
          20.2
        ],
        "F4": [
          24.1,
          26.5
        ]
      },
      "A": {
        "A1": [
          1.0,
          45.0
        ],
        "A2": [
          1.0,
          61.5
        ],
        "A3": [
          2.2,
          12.2
        ],
        "A4": [
          1.1,
          10.2
        ]
      },
      "Q": {
        "Q1": [
          4.0,
          38.0
        ],
        "Q2": [
          5.0,
          17.5
        ],
        "Q3": [
          7.0,
          23.0
        ],
        "Q4": [
          5.0,
          30.0
        ]
      }
    },
    "scale_units": {
      "F_hz": "Hz",
      "A_value": "idx",
      "Q_value": "idx"
    },
    "F_norm": {
      "F1": 0.0313588850174216,
      "F2": 0.3344947735191638,
      "F3": 0.49825783972125437,
      "F4": 0.8013937282229965
    },
    "F_y_px": {
      "F1": 44,
      "F2": 131,
      "F3": 178,
      "F4": 265
    },
    "F_lane_norm": {
      "F1": 0.05263157894736842,
      "F2": 0.5192307692307693,
      "F3": 0.43478260869565216,
      "F4": 1.0
    },
    "F_hz": {
      "F1": 8.336842105263159,
      "F2": 13.773076923076923,
      "F3": 19.504347826086956,
      "F4": 24.1
    },
    "A_norm": {
      "A1": 0.2787456445993031,
      "A2": 0.3344947735191638,
      "A3": 0.5296167247386759,
      "A4": 0.7421602787456446
    },
    "A_y_px": {
      "A1": 115,
      "A2": 131,
      "A3": 187,
      "A4": 248
    },
    "A_lane_norm": {
      "A1": 0.8554216867469879,
      "A2": 0.3979591836734694,
      "A3": 0.31958762886597936,
      "A4": 0.1978021978021978
    },
    "A_value": {
      "A1": 7.361445783132531,
      "A2": 37.423469387755105,
      "A3": 9.004123711340206,
      "A4": 8.399999999999999
    },
    "Q_norm": {
      "Q1": 0.31010452961672474,
      "Q2": 0.4878048780487805,
      "Q3": 0.6724738675958188,
      "Q4": 0.8641114982578397
    },
    "Q_y_px": {
      "Q1": 124,
      "Q2": 175,
      "Q3": 228,
      "Q4": 283
    },
    "Q_lane_norm": {
      "Q1": 0.8426966292134831,
      "Q2": 0.7319587628865979,
      "Q3": 0.6990291262135923,
      "Q4": 0.5529411764705883
    },
    "Q_value": {
      "Q1": 9.348314606741575,
      "Q2": 8.350515463917526,
      "Q3": 11.815533980582524,
      "Q4": 16.176470588235293
    }
  },
  "debug": {
    "F": {
      "x_day0": 59,
      "x_day1": 392,
      "x_day2": 726,
      "day_w": 333.5,
      "x_day0_time": 59,
      "x_day1_time": 351,
      "x_day2_time": 643,
      "day_w_time": 292.0,
      "x_plot_end": 935,
      "x1_static": 936,
      "x1_dyn": 935,
      "x1_dyn_used": true,
      "pph": 12.166666666666666,
      "pph_source": "day_width (tick-mismatch-fallback)",
      "pph_tick": 19.0,
      "tick_pph_rel_err": 0.5616438356164384,
      "tick_pph_valid": false,
      "tick_count": 50,
      "tick_quality": 0.6944444444444444,
      "tick_used": false,
      "x_frontier": 684,
      "frontier_method": "activity_scan",
      "frontier_activity_thr": 0.504052022099495,
      "frontier_activity_right_tail": 0.19724740087985992,
      "frontier_activity_run_px": 8,
      "guard_px": 4,
      "left_guard": 645,
      "right_guard": 680,
      "x_time": 683,
      "x_ideal": 683,
      "x_now": 683,
      "x_now_method": "harmonized_pair_cluster",
      "hour_now_tsst": 3.2475,
      "rollover_hour_min": 3.0,
      "rollover_hour_max": 8.5,
      "delta_min_to_guard": -14.794520547945206,
      "delta_min_to_frontier": 4.931506849315069,
      "frontier_day_fill": 0.1404109589041096,
      "rollover_candidate": false,
      "bias_minutes_applied": 0.0,
      "measured_bias_minutes": null,
      "age_hours": null,
      "status": "ok",
      "x_now_before_harmonize": 683,
      "x_pick": 682,
      "x_pick_edge": 683,
      "x_pick_safe_right": 923,
      "x_overlay": 683,
      "f1_path_x_range": [
        669,
        683
      ],
      "f1_path_target_col": 13,
      "f1_path_y_px": 80,
      "f4_path_x_range": [
        669,
        683
      ],
      "f4_path_target_col": 13,
      "f4_path_y_px": 251,
      "f1_path2_x_range": [
        673,
        683
      ],
      "f1_path2_target_col": 9,
      "f1_path2_y_px": 44,
      "f1_path2_y_direct_px": 69,
      "f1_path2_direct_used": false,
      "f1_path2_direct_allowed": false,
      "f1_path2_left_weight": 0.35,
      "f1_path2_right_weight": 1.0,
      "f2_path2_x_range": [
        673,
        683
      ],
      "f2_path2_target_col": 9,
      "f2_path2_y_px": 131,
      "f2_path2_y_direct_px": 150,
      "f2_path2_direct_used": false,
      "f2_path2_direct_allowed": false,
      "f2_path2_left_weight": 0.4,
      "f2_path2_right_weight": 1.0,
      "f4_path2_x_range": [
        673,
        683
      ],
      "f4_path2_target_col": 9,
      "f4_path2_y_px": 251,
      "f4_path2_y_direct_px": 262,
      "f4_path2_direct_used": false,
      "f4_path2_direct_allowed": false,
      "f4_path2_left_weight": 0.4,
      "f4_path2_right_weight": 1.0,
      "f1_local_snap_x": 683,
      "f1_local_snap_y_px": 44,
      "f1_local_snap_search_px": 8,
      "f1_local_snap_search_up_px": 4,
      "f1_local_snap_search_down_px": 12,
      "f1_local_snap_prefer_lower_weight": 0.02,
      "f3_local_snap_x": 683,
      "f3_local_snap_y_px": 179,
      "f3_local_snap_search_px": 6,
      "f3_local_snap_search_up_px": 6,
      "f3_local_snap_search_down_px": 6,
      "f3_local_snap_prefer_lower_weight": 0.0,
      "f4_local_snap_x": 683,
      "f4_local_snap_y_px": 251,
      "f4_local_snap_search_px": 8,
      "f4_local_snap_search_up_px": 6,
      "f4_local_snap_search_down_px": 14,
      "f4_local_snap_prefer_lower_weight": 0.05,
      "f2_local_snap_x": 683,
      "f2_local_snap_y_px": 131,
      "f2_local_snap_search_px": 8,
      "f2_local_snap_search_up_px": 14,
      "f2_local_snap_search_down_px": 2,
      "f2_local_snap_prefer_lower_weight": 0.0,
      "f2_consensus_applied": false,
      "f2_consensus_x_range": [
        677,
        683
      ],
      "f2_consensus_y_px": 110,
      "f2_consensus_anchor_y_px": 131,
      "f2_consensus_seed_y_px": 110,
      "f2_consensus_support_cols": 4,
      "f2_consensus_support_ratio": 0.6534126666285257,
      "f2_consensus_jump_px": 21,
      "f2_consensus_tol_px": 5,
      "f2_consensus_reason": "excessive_jump",
      "f3_consensus_x_range": [
        677,
        683
      ],
      "f3_consensus_y_px": 178,
      "f3_consensus_anchor_y_px": 179,
      "f3_consensus_seed_y_px": 178,
      "f3_consensus_support_cols": 7,
      "f3_consensus_support_ratio": 1.0,
      "f3_consensus_jump_px": 1,
      "f3_consensus_tol_px": 5,
      "f3_consensus_reason": "accepted",
      "f3_consensus_applied": true,
      "f4_consensus_x_range": [
        677,
        683
      ],
      "f4_consensus_y_px": 265,
      "f4_consensus_anchor_y_px": 251,
      "f4_consensus_seed_y_px": 265,
      "f4_consensus_support_cols": 5,
      "f4_consensus_support_ratio": 0.702280912364946,
      "f4_consensus_jump_px": 14,
      "f4_consensus_tol_px": 6,
      "f4_consensus_reason": "accepted",
      "f4_consensus_applied": true,
      "scale_ranges": {
        "F1": [
          7.2,
          8.4
        ],
        "F2": [
          13.1,
          14.5
        ],
        "F3": [
          18.6,
          20.2
        ],
        "F4": [
          24.1,
          26.5
        ]
      }
    },
    "A": {
      "x_day0": 59,
      "x_day1": 392,
      "x_day2": 726,
      "day_w": 333.5,
      "x_day0_time": 59,
      "x_day1_time": 351,
      "x_day2_time": 643,
      "day_w_time": 292.0,
      "x_plot_end": 935,
      "x1_static": 936,
      "x1_dyn": 935,
      "x1_dyn_used": true,