{
  "saved_at_utc": "2026-05-17T21:06:32.865173+00:00",
  "source": "tomsk_sos70_param_charts",
  "freq_max_hz": 40.0,
  "values": {
    "scale_ranges": {
      "F": {
        "F1": [
          7.2,
          8.4
        ],
        "F2": [
          13.1,
          14.5
        ],
        "F3": [
          18.6,
          20.2
        ],
        "F4": [
          24.1,
          26.5
        ]
      },
      "A": {
        "A1": [
          1.0,
          45.0
        ],
        "A2": [
          1.0,
          61.5
        ],
        "A3": [
          2.2,
          12.2
        ],
        "A4": [
          1.1,
          10.2
        ]
      },
      "Q": {
        "Q1": [
          4.0,
          38.0
        ],
        "Q2": [
          5.0,
          17.5
        ],
        "Q3": [
          7.0,
          23.0
        ],
        "Q4": [
          5.0,
          30.0
        ]
      }
    },
    "scale_units": {
      "F_hz": "Hz",
      "A_value": "idx",
      "Q_value": "idx"
    },
    "F_norm": {
      "F1": 0.06968641114982578,
      "F2": 0.30662020905923343,
      "F3": 0.4843205574912892,
      "F4": 0.7526132404181185
    },
    "F_y_px": {
      "F1": 55,
      "F2": 123,
      "F3": 174,
      "F4": 251
    },
    "F_lane_norm": {
      "F1": 0.24561403508771928,
      "F2": 0.36538461538461536,
      "F3": 0.34782608695652173,
      "F4": 0.9565217391304348
    },
    "F_hz": {
      "F1": 8.105263157894736,
      "F2": 13.988461538461538,
      "F3": 19.643478260869564,
      "F4": 24.20434782608696
    },
    "A_norm": {
      "A1": 0.3170731707317073,
      "A2": 0.5331010452961672,
      "A3": 0.7386759581881533,
      "A4": 0.9547038327526133
    },
    "A_y_px": {
      "A1": 126,
      "A2": 188,
      "A3": 247,
      "A4": 309
    },
    "A_lane_norm": {
      "A1": 0.9879518072289156,
      "A2": 0.9795918367346939,
      "A3": 0.9381443298969072,
      "A4": 0.8681318681318682
    },
    "A_value": {
      "A1": 1.5301204819277103,
      "A2": 2.234693877551024,
      "A3": 2.8185567010309267,
      "A4": 2.299999999999999
    },
    "Q_norm": {
      "Q1": 0.30662020905923343,
      "Q2": 0.4634146341463415,
      "Q3": 0.6689895470383276,
      "Q4": 0.8222996515679443
    },
    "Q_y_px": {
      "Q1": 123,
      "Q2": 168,
      "Q3": 227,
      "Q4": 271
    },
    "Q_lane_norm": {
      "Q1": 0.8314606741573034,
      "Q2": 0.6597938144329897,
      "Q3": 0.6893203883495146,
      "Q4": 0.4117647058823529
    },
    "Q_value": {
      "Q1": 9.730337078651683,
      "Q2": 9.25257731958763,
      "Q3": 11.970873786407767,
      "Q4": 19.705882352941178
    }
  },
  "debug": {
    "F": {
      "x_day0": 59,
      "x_day1": 392,
      "x_day2": 726,
      "day_w": 333.5,
      "x_day0_time": 59,
      "x_day1_time": 351,
      "x_day2_time": 643,
      "day_w_time": 292.0,
      "x_plot_end": 935,
      "x1_static": 936,
      "x1_dyn": 935,
      "x1_dyn_used": true,
      "pph": 12.166666666666666,
      "pph_source": "day_width (tick-mismatch-fallback)",
      "pph_tick": 19.0,
      "tick_pph_rel_err": 0.5616438356164384,
      "tick_pph_valid": false,
      "tick_count": 50,
      "tick_quality": 0.6944444444444444,
      "tick_used": false,
      "x_frontier": 698,
      "frontier_method": "activity_scan",
      "frontier_activity_thr": 0.4915528208017349,
      "frontier_activity_right_tail": 0.18381106853485107,
      "frontier_activity_run_px": 8,
      "guard_px": 4,
      "left_guard": 645,
      "right_guard": 694,
      "x_time": 693,
      "x_ideal": 693,
      "x_now": 693,
      "x_now_method": "harmonized_prefer_non_rollover",
      "hour_now_tsst": 4.108888888888888,
      "rollover_hour_min": 3.0,
      "rollover_hour_max": 8.5,
      "delta_min_to_guard": 4.931506849315069,
      "delta_min_to_frontier": 24.657534246575345,
      "frontier_day_fill": 0.18835616438356165,
      "rollover_candidate": false,
      "bias_minutes_applied": 0.0,
      "measured_bias_minutes": null,
      "age_hours": null,
      "status": "ok",
      "x_now_before_harmonize": 693,
      "x_pick": 692,
      "x_pick_edge": 693,
      "x_pick_safe_right": 923,
      "x_overlay": 693,
      "f1_path_x_range": [
        679,
        693
      ],
      "f1_path_target_col": 13,
      "f1_path_y_px": 55,
      "f4_path_x_range": [
        679,
        693
      ],
      "f4_path_target_col": 13,
      "f4_path_y_px": 251,
      "f1_path2_x_range": [
        683,
        693
      ],
      "f1_path2_target_col": 9,
      "f1_path2_y_px": 54,
      "f1_path2_y_direct_px": 88,
      "f1_path2_direct_used": false,
      "f1_path2_direct_allowed": false,
      "f1_path2_left_weight": 0.35,
      "f1_path2_right_weight": 1.0,
      "f2_path2_x_range": [
        683,
        693
      ],
      "f2_path2_target_col": 9,
      "f2_path2_y_px": 151,
      "f2_path2_y_direct_px": 121,
      "f2_path2_direct_used": false,
      "f2_path2_direct_allowed": false,
      "f2_path2_left_weight": 0.4,
      "f2_path2_right_weight": 1.0,
      "f4_path2_x_range": [
        683,
        693
      ],
      "f4_path2_target_col": 9,
      "f4_path2_y_px": 251,
      "f4_path2_y_direct_px": 251,
      "f4_path2_direct_used": false,
      "f4_path2_direct_allowed": false,
      "f4_path2_left_weight": 0.4,
      "f4_path2_right_weight": 1.0,
      "f1_local_snap_x": 693,
      "f1_local_snap_y_px": 55,
      "f1_local_snap_search_px": 8,
      "f1_local_snap_search_up_px": 4,
      "f1_local_snap_search_down_px": 12,
      "f1_local_snap_prefer_lower_weight": 0.02,
      "f3_local_snap_x": 693,
      "f3_local_snap_y_px": 168,
      "f3_local_snap_search_px": 6,
      "f3_local_snap_search_up_px": 6,
      "f3_local_snap_search_down_px": 6,
      "f3_local_snap_prefer_lower_weight": 0.0,
      "f4_local_snap_x": 693,
      "f4_local_snap_y_px": 251,
      "f4_local_snap_search_px": 8,
      "f4_local_snap_search_up_px": 6,
      "f4_local_snap_search_down_px": 14,
      "f4_local_snap_prefer_lower_weight": 0.05,
      "f2_local_snap_x": 693,
      "f2_local_snap_y_px": 151,
      "f2_local_snap_search_px": 8,
      "f2_local_snap_search_up_px": 14,
      "f2_local_snap_search_down_px": 2,
      "f2_local_snap_prefer_lower_weight": 0.0,
      "f2_consensus_x_range": [
        687,
        693
      ],
      "f2_consensus_y_px": 123,
      "f2_consensus_anchor_y_px": 151,
      "f2_consensus_seed_y_px": 123,
      "f2_consensus_support_cols": 6,
      "f2_consensus_support_ratio": 0.9035402717554409,
      "f2_consensus_jump_px": 28,
      "f2_consensus_tol_px": 5,
      "f2_consensus_reason": "accepted",
      "f2_consensus_applied": true,
      "f3_consensus_x_range": [
        687,
        693
      ],
      "f3_consensus_y_px": 174,
      "f3_consensus_anchor_y_px": 168,
      "f3_consensus_seed_y_px": 174,
      "f3_consensus_support_cols": 6,
      "f3_consensus_support_ratio": 0.8108026651453667,
      "f3_consensus_jump_px": 6,
      "f3_consensus_tol_px": 5,
      "f3_consensus_reason": "accepted",
      "f3_consensus_applied": true,
      "f4_consensus_applied": false,
      "f4_consensus_x_range": [
        687,
        693
      ],
      "f4_consensus_y_px": 265,
      "f4_consensus_anchor_y_px": 251,
      "f4_consensus_seed_y_px": 265,
      "f4_consensus_support_cols": 4,
      "f4_consensus_support_ratio": 0.4632992886380797,
      "f4_consensus_jump_px": 14,
      "f4_consensus_tol_px": 6,
      "f4_consensus_reason": "low_support",
      "scale_ranges": {
        "F1": [
          7.2,
          8.4
        ],
        "F2": [
          13.1,
          14.5
        ],
        "F3": [
          18.6,
          20.2
        ],
        "F4": [
          24.1,
          26.5
        ]
      }
    },
    "A": {
      "x_day0": 59,
      "x_day1": 392,
      "x_day2": 726,
      "day_w": 333.5,
      "x_day0_time": 59,
      "x_day1_time": 351,
      "x_day2_time": 644,
      "day_w_time": 292.3333333333333,
      "x_plot_end": 936,