{
  "saved_at_utc": "2026-05-04T16:59:02.746245+00:00",
  "source": "tomsk_sos70_param_charts",
  "freq_max_hz": 40.0,
  "values": {
    "scale_ranges": {
      "F": {
        "F1": [
          7.2,
          8.4
        ],
        "F2": [
          13.1,
          14.5
        ],
        "F3": [
          18.6,
          20.2
        ],
        "F4": [
          24.1,
          26.5
        ]
      },
      "A": {
        "A1": [
          1.0,
          45.0
        ],
        "A2": [
          1.0,
          61.5
        ],
        "A3": [
          2.2,
          12.2
        ],
        "A4": [
          1.1,
          10.2
        ]
      },
      "Q": {
        "Q1": [
          4.0,
          38.0
        ],
        "Q2": [
          5.0,
          17.5
        ],
        "Q3": [
          7.0,
          23.0
        ],
        "Q4": [
          5.0,
          30.0
        ]
      }
    },
    "scale_units": {
      "F_hz": "Hz",
      "A_value": "idx",
      "Q_value": "idx"
    },
    "F_norm": {
      "F1": 0.0975609756097561,
      "F2": 0.3205574912891986,
      "F3": 0.4738675958188153,
      "F4": 0.7979094076655052
    },
    "F_y_px": {
      "F1": 63,
      "F2": 127,
      "F3": 171,
      "F4": 264
    },
    "F_lane_norm": {
      "F1": 0.38596491228070173,
      "F2": 0.4423076923076923,
      "F3": 0.2826086956521739,
      "F4": 1.0
    },
    "F_hz": {
      "F1": 7.936842105263159,
      "F2": 13.88076923076923,
      "F3": 19.747826086956522,
      "F4": 24.1
    },
    "A_norm": {
      "A1": 0.3170731707317073,
      "A2": 0.5226480836236934,
      "A3": 0.7317073170731707,
      "A4": 0.9616724738675958
    },
    "A_y_px": {
      "A1": 126,
      "A2": 185,
      "A3": 245,
      "A4": 311
    },
    "A_lane_norm": {
      "A1": 0.9879518072289156,
      "A2": 0.9489795918367347,
      "A3": 0.9175257731958762,
      "A4": 0.8901098901098901
    },
    "A_value": {
      "A1": 1.5301204819277103,
      "A2": 4.0867346938775455,
      "A3": 3.024742268041237,
      "A4": 2.0999999999999996
    },
    "Q_norm": {
      "Q1": 0.2961672473867596,
      "Q2": 0.5052264808362369,
      "Q3": 0.7003484320557491,
      "Q4": 0.9616724738675958
    },
    "Q_y_px": {
      "Q1": 120,
      "Q2": 180,
      "Q3": 236,
      "Q4": 311
    },
    "Q_lane_norm": {
      "Q1": 0.797752808988764,
      "Q2": 0.7835051546391752,
      "Q3": 0.7766990291262136,
      "Q4": 0.8823529411764706
    },
    "Q_value": {
      "Q1": 10.876404494382022,
      "Q2": 7.7061855670103085,
      "Q3": 10.572815533980583,
      "Q4": 7.9411764705882355
    }
  },
  "debug": {
    "F": {
      "x_day0": 59,
      "x_day1": 360,
      "x_day2": 660,
      "day_w": 300.5,
      "x_day0_time": 59,
      "x_day1_time": 351,
      "x_day2_time": 644,
      "day_w_time": 292.3333333333333,
      "x_plot_end": 936,
      "x1_static": 936,
      "x1_dyn": 1006,
      "x1_dyn_used": false,
      "pph": 12.180555555555555,
      "pph_source": "day_width (tick-mismatch-fallback)",
      "pph_tick": 19.0,
      "tick_pph_rel_err": 0.5598631698973775,
      "tick_pph_valid": false,
      "tick_count": 50,
      "tick_quality": 0.6944444444444444,
      "tick_used": false,
      "x_frontier": 917,
      "frontier_method": "activity_scan",
      "frontier_activity_thr": 0.3809637576341629,
      "frontier_activity_right_tail": 0.17797629535198212,
      "frontier_activity_run_px": 8,
      "guard_px": 4,
      "left_guard": 646,
      "right_guard": 913,
      "x_time": 936,
      "x_ideal": 936,
      "x_now": 936,
      "x_now_method": "harmonized_pair_cluster",
      "hour_now_tsst": 23.983888888888888,
      "rollover_hour_min": 3.0,
      "rollover_hour_max": 8.5,
      "delta_min_to_guard": -113.29532497149373,
      "delta_min_to_frontier": -93.59179019384266,
      "frontier_day_fill": 0.9338654503990879,
      "rollover_candidate": false,
      "bias_minutes_applied": 0.0,
      "measured_bias_minutes": null,
      "age_hours": null,
      "status": "ok",
      "x_now_before_harmonize": 913,
      "x_pick": 924,
      "x_pick_edge": 924,
      "x_pick_safe_right": 924,
      "x_overlay": 924,
      "f1_path_x_range": [
        910,
        924
      ],
      "f1_path_target_col": 13,
      "f1_path_y_px": 62,
      "f4_path_x_range": [
        910,
        924
      ],
      "f4_path_target_col": 13,
      "f4_path_y_px": 251,
      "f1_path2_x_range": [
        914,
        924
      ],
      "f1_path2_target_col": 9,
      "f1_path2_y_px": 62,
      "f1_path2_y_direct_px": 62,
      "f1_path2_direct_used": false,
      "f1_path2_direct_allowed": false,
      "f1_path2_left_weight": 0.35,
      "f1_path2_right_weight": 1.0,
      "f2_path2_x_range": [
        914,
        924
      ],
      "f2_path2_target_col": 9,
      "f2_path2_y_px": 127,
      "f2_path2_y_direct_px": 128,
      "f2_path2_direct_used": false,
      "f2_path2_direct_allowed": false,
      "f2_path2_left_weight": 0.4,
      "f2_path2_right_weight": 1.0,
      "f4_path2_x_range": [
        914,
        924
      ],
      "f4_path2_target_col": 9,
      "f4_path2_y_px": 251,
      "f4_path2_y_direct_px": 262,
      "f4_path2_direct_used": false,
      "f4_path2_direct_allowed": false,
      "f4_path2_left_weight": 0.4,
      "f4_path2_right_weight": 1.0,
      "f1_local_snap_x": 924,
      "f1_local_snap_y_px": 63,
      "f1_local_snap_search_px": 8,
      "f1_local_snap_search_up_px": 4,
      "f1_local_snap_search_down_px": 12,
      "f1_local_snap_prefer_lower_weight": 0.02,
      "f3_local_snap_x": 924,
      "f3_local_snap_y_px": 172,
      "f3_local_snap_search_px": 6,
      "f3_local_snap_search_up_px": 6,
      "f3_local_snap_search_down_px": 6,
      "f3_local_snap_prefer_lower_weight": 0.0,
      "f4_local_snap_x": 924,
      "f4_local_snap_y_px": 264,
      "f4_local_snap_search_px": 8,
      "f4_local_snap_search_up_px": 6,
      "f4_local_snap_search_down_px": 14,
      "f4_local_snap_prefer_lower_weight": 0.05,
      "f2_local_snap_x": 924,
      "f2_local_snap_y_px": 126,
      "f2_local_snap_search_px": 8,
      "f2_local_snap_search_up_px": 14,
      "f2_local_snap_search_down_px": 2,
      "f2_local_snap_prefer_lower_weight": 0.0,
      "f2_consensus_x_range": [
        918,
        924
      ],
      "f2_consensus_y_px": 127,
      "f2_consensus_anchor_y_px": 126,
      "f2_consensus_seed_y_px": 125,
      "f2_consensus_support_cols": 7,
      "f2_consensus_support_ratio": 1.0,
      "f2_consensus_jump_px": 1,
      "f2_consensus_tol_px": 5,
      "f2_consensus_reason": "accepted",
      "f2_consensus_applied": true,
      "f3_consensus_x_range": [
        918,
        924
      ],
      "f3_consensus_y_px": 171,
      "f3_consensus_anchor_y_px": 172,
      "f3_consensus_seed_y_px": 170,
      "f3_consensus_support_cols": 7,
      "f3_consensus_support_ratio": 1.0,
      "f3_consensus_jump_px": 1,
      "f3_consensus_tol_px": 5,
      "f3_consensus_reason": "accepted",
      "f3_consensus_applied": true,
      "f4_consensus_applied": false,
      "f4_consensus_x_range": [
        918,
        924
      ],
      "f4_consensus_y_px": 265,
      "f4_consensus_anchor_y_px": 264,
      "f4_consensus_seed_y_px": 265,
      "f4_consensus_support_cols": 3,
      "f4_consensus_support_ratio": 0.5128539272598033,
      "f4_consensus_jump_px": 1,
      "f4_consensus_tol_px": 6,
      "f4_consensus_reason": "low_support",
      "scale_ranges": {
        "F1": [
          7.2,
          8.4
        ],
        "F2": [
          13.1,
          14.5
        ],
        "F3": [
          18.6,
          20.2
        ],
        "F4": [
          24.1,
          26.5
        ]
      }
    },
    "A": {
      "x_day0": 59,
      "x_day1": 368,
      "x_day2": 678,
      "day_w": 309.5,
      "x_day0_time": 59,
      "x_day1_time": 351,
      "x_day2_time": 644,
      "day_w_time": 292.3333333333333,
      "x_plot_end": 936,
      "x1_static": 936,
      "x1_dyn": 977,