{
  "saved_at_utc": "2026-04-11T12:50:14.022256+00:00",
  "source": "tomsk_sos70_param_charts",
  "freq_max_hz": 40.0,
  "values": {
    "scale_ranges": {
      "F": {
        "F1": [
          7.2,
          8.4
        ],
        "F2": [
          13.1,
          14.5
        ],
        "F3": [
          18.6,
          20.2
        ],
        "F4": [
          24.1,
          26.5
        ]
      },
      "A": {
        "A1": [
          1.0,
          45.0
        ],
        "A2": [
          1.0,
          61.5
        ],
        "A3": [
          2.2,
          12.2
        ],
        "A4": [
          1.1,
          10.2
        ]
      },
      "Q": {
        "Q1": [
          4.0,
          38.0
        ],
        "Q2": [
          5.0,
          17.5
        ],
        "Q3": [
          7.0,
          23.0
        ],
        "Q4": [
          5.0,
          30.0
        ]
      }
    },
    "scale_units": {
      "F_hz": "Hz",
      "A_value": "idx",
      "Q_value": "idx"
    },
    "F_norm": {
      "F1": 0.16376306620209058,
      "F2": 0.3588850174216028,
      "F3": 0.5888501742160279,
      "F4": 0.7526132404181185
    },
    "F_y_px": {
      "F1": 82,
      "F2": 138,
      "F3": 204,
      "F4": 251
    },
    "F_lane_norm": {
      "F1": 0.7192982456140351,
      "F2": 0.6538461538461539,
      "F3": 1.0,
      "F4": 0.9565217391304348
    },
    "F_hz": {
      "F1": 7.536842105263158,
      "F2": 13.584615384615384,
      "F3": 18.6,
      "F4": 24.20434782608696
    },
    "A_norm": {
      "A1": 0.2961672473867596,
      "A2": 0.5156794425087108,
      "A3": 0.7073170731707317,
      "A4": 0.9407665505226481
    },
    "A_y_px": {
      "A1": 120,
      "A2": 183,
      "A3": 238,
      "A4": 305
    },
    "A_lane_norm": {
      "A1": 0.9156626506024096,
      "A2": 0.9285714285714286,
      "A3": 0.845360824742268,
      "A4": 0.8241758241758241
    },
    "A_value": {
      "A1": 4.710843373493979,
      "A2": 5.321428571428569,
      "A3": 3.7463917525773187,
      "A4": 2.7
    },
    "Q_norm": {
      "Q1": 0.30662020905923343,
      "Q2": 0.519163763066202,
      "Q3": 0.7038327526132404,
      "Q4": 0.8466898954703833
    },
    "Q_y_px": {
      "Q1": 123,
      "Q2": 184,
      "Q3": 237,
      "Q4": 278
    },
    "Q_lane_norm": {
      "Q1": 0.8314606741573034,
      "Q2": 0.8247422680412371,
      "Q3": 0.7864077669902912,
      "Q4": 0.49411764705882355
    },
    "Q_value": {
      "Q1": 9.730337078651683,
      "Q2": 7.190721649484537,
      "Q3": 10.41747572815534,
      "Q4": 17.647058823529413
    }
  },
  "debug": {
    "F": {
      "x_day0": 59,
      "x_day1": 384,
      "x_day2": 709,
      "day_w": 325.0,
      "x_day0_time": 59,
      "x_day1_time": 351,
      "x_day2_time": 643,
      "day_w_time": 292.0,
      "x_plot_end": 935,
      "x1_static": 936,
      "x1_dyn": 935,
      "x1_dyn_used": true,
      "pph": 12.166666666666666,
      "pph_source": "day_width (tick-mismatch-fallback)",
      "pph_tick": 19.0,
      "tick_pph_rel_err": 0.5616438356164384,
      "tick_pph_valid": false,
      "tick_count": 50,
      "tick_quality": 0.6944444444444444,
      "tick_used": false,
      "x_frontier": 870,
      "frontier_method": "activity_scan",
      "frontier_activity_thr": 0.396526101231575,
      "frontier_activity_right_tail": 0.0631730705499649,
      "frontier_activity_run_px": 8,
      "guard_px": 4,
      "left_guard": 645,
      "right_guard": 866,
      "x_time": 884,
      "x_ideal": 884,
      "x_now": 866,
      "x_now_method": "harmonized_pair_cluster",
      "hour_now_tsst": 19.836944444444445,
      "rollover_hour_min": 3.0,
      "rollover_hour_max": 8.5,
      "delta_min_to_guard": -88.76712328767124,
      "delta_min_to_frontier": -69.04109589041097,
      "frontier_day_fill": 0.7773972602739726,
      "rollover_candidate": false,
      "bias_minutes_applied": 0.0,
      "measured_bias_minutes": null,
      "age_hours": null,
      "status": "ok",
      "x_now_before_harmonize": 866,
      "x_pick": 865,
      "x_pick_edge": 866,
      "x_pick_safe_right": 923,
      "x_overlay": 866,
      "f1_path_x_range": [
        852,
        866
      ],
      "f1_path_target_col": 13,
      "f1_path_y_px": 81,
      "f4_path_x_range": [
        852,
        866
      ],
      "f4_path_target_col": 13,
      "f4_path_y_px": 250,
      "f1_path2_x_range": [
        856,
        866
      ],
      "f1_path2_target_col": 9,
      "f1_path2_y_px": 81,
      "f1_path2_y_direct_px": 81,
      "f1_path2_direct_used": false,
      "f1_path2_direct_allowed": false,
      "f1_path2_left_weight": 0.35,
      "f1_path2_right_weight": 1.0,
      "f2_path2_x_range": [
        856,
        866
      ],
      "f2_path2_target_col": 9,
      "f2_path2_y_px": 139,
      "f2_path2_y_direct_px": 138,
      "f2_path2_direct_used": false,
      "f2_path2_direct_allowed": false,
      "f2_path2_left_weight": 0.4,
      "f2_path2_right_weight": 1.0,
      "f4_path2_x_range": [
        856,
        866
      ],
      "f4_path2_target_col": 9,
      "f4_path2_y_px": 250,
      "f4_path2_y_direct_px": 251,
      "f4_path2_direct_used": false,
      "f4_path2_direct_allowed": false,
      "f4_path2_left_weight": 0.4,
      "f4_path2_right_weight": 1.0,
      "f1_local_snap_x": 866,
      "f1_local_snap_y_px": 82,
      "f1_local_snap_search_px": 8,
      "f1_local_snap_search_up_px": 4,
      "f1_local_snap_search_down_px": 12,
      "f1_local_snap_prefer_lower_weight": 0.02,
      "f3_local_snap_x": 866,
      "f3_local_snap_y_px": 204,
      "f3_local_snap_search_px": 6,
      "f3_local_snap_search_up_px": 6,
      "f3_local_snap_search_down_px": 6,
      "f3_local_snap_prefer_lower_weight": 0.0,
      "f4_local_snap_x": 866,
      "f4_local_snap_y_px": 252,
      "f4_local_snap_search_px": 8,
      "f4_local_snap_search_up_px": 6,
      "f4_local_snap_search_down_px": 14,
      "f4_local_snap_prefer_lower_weight": 0.05,
      "f2_local_snap_x": 866,
      "f2_local_snap_y_px": 137,
      "f2_local_snap_search_px": 8,
      "f2_local_snap_search_up_px": 14,
      "f2_local_snap_search_down_px": 2,
      "f2_local_snap_prefer_lower_weight": 0.0,
      "f2_consensus_x_range": [
        860,
        866
      ],
      "f2_consensus_y_px": 138,
      "f2_consensus_anchor_y_px": 137,
      "f2_consensus_seed_y_px": 141,
      "f2_consensus_support_cols": 7,
      "f2_consensus_support_ratio": 1.0,
      "f2_consensus_jump_px": 1,
      "f2_consensus_tol_px": 5,
      "f2_consensus_reason": "accepted",
      "f2_consensus_applied": true,
      "f3_consensus_x_range": [
        860,
        866
      ],
      "f3_consensus_y_px": 204,
      "f3_consensus_anchor_y_px": 204,
      "f3_consensus_seed_y_px": 204,
      "f3_consensus_support_cols": 6,
      "f3_consensus_support_ratio": 0.8669390270344293,
      "f3_consensus_jump_px": 0,
      "f3_consensus_tol_px": 5,
      "f3_consensus_reason": "accepted",
      "f3_consensus_applied": true,
      "f4_consensus_x_range": [
        860,
        866
      ],
      "f4_consensus_y_px": 251,
      "f4_consensus_anchor_y_px": 252,
      "f4_consensus_seed_y_px": 251,
      "f4_consensus_support_cols": 7,
      "f4_consensus_support_ratio": 1.0,
      "f4_consensus_jump_px": 1,
      "f4_consensus_tol_px": 6,
      "f4_consensus_reason": "accepted",
      "f4_consensus_applied": true,
      "scale_ranges": {
        "F1": [
          7.2,
          8.4
        ],
        "F2": [
          13.1,
          14.5
        ],
        "F3": [
          18.6,
          20.2
        ],
        "F4": [
          24.1,
          26.5
        ]
      }
    },
    "A": {
      "x_day0": 59,
      "x_day1": 372,
      "x_day2": 684,
      "day_w": 312.5,
      "x_day0_time": 59,
      "x_day1_time": 351,
      "x_day2_time": 643,
      "day_w_time": 292.0,
      "x_plot_end": 935,
      "x1_static": 936,
      "x1_dyn": 935,
      "x1_dyn_used": true,
      "pph": 12.166666666666666,