{
  "saved_at_utc": "2026-05-30T13:17:29.363452+00:00",
  "source": "tomsk_sos70_param_charts",
  "freq_max_hz": 40.0,
  "values": {
    "scale_ranges": {
      "F": {
        "F1": [
          7.2,
          8.4
        ],
        "F2": [
          13.1,
          14.5
        ],
        "F3": [
          18.6,
          20.2
        ],
        "F4": [
          24.1,
          26.5
        ]
      },
      "A": {
        "A1": [
          1.0,
          45.0
        ],
        "A2": [
          1.0,
          61.5
        ],
        "A3": [
          2.2,
          12.2
        ],
        "A4": [
          1.1,
          10.2
        ]
      },
      "Q": {
        "Q1": [
          4.0,
          38.0
        ],
        "Q2": [
          5.0,
          17.5
        ],
        "Q3": [
          7.0,
          23.0
        ],
        "Q4": [
          5.0,
          30.0
        ]
      }
    },
    "scale_units": {
      "F_hz": "Hz",
      "A_value": "idx",
      "Q_value": "idx"
    },
    "F_norm": {
      "F1": 0.11846689895470383,
      "F2": 0.397212543554007,
      "F3": 0.5365853658536586,
      "F4": 0.7456445993031359
    },
    "F_y_px": {
      "F1": 69,
      "F2": 149,
      "F3": 189,
      "F4": 249
    },
    "F_lane_norm": {
      "F1": 0.49122807017543857,
      "F2": 0.8653846153846154,
      "F3": 0.6739130434782609,
      "F4": 0.9130434782608695
    },
    "F_hz": {
      "F1": 7.810526315789474,
      "F2": 13.288461538461538,
      "F3": 19.121739130434783,
      "F4": 24.308695652173913
    },
    "A_norm": {
      "A1": 0.3170731707317073,
      "A2": 0.5226480836236934,
      "A3": 0.7386759581881533,
      "A4": 0.9581881533101045
    },
    "A_y_px": {
      "A1": 126,
      "A2": 185,
      "A3": 247,
      "A4": 310
    },
    "A_lane_norm": {
      "A1": 0.9879518072289156,
      "A2": 0.9489795918367347,
      "A3": 0.9381443298969072,
      "A4": 0.8791208791208791
    },
    "A_value": {
      "A1": 1.5301204819277103,
      "A2": 4.0867346938775455,
      "A3": 2.8185567010309267,
      "A4": 2.2
    },
    "Q_norm": {
      "Q1": 0.1254355400696864,
      "Q2": 0.3344947735191638,
      "Q3": 0.710801393728223,
      "Q4": 0.8641114982578397
    },
    "Q_y_px": {
      "Q1": 71,
      "Q2": 131,
      "Q3": 239,
      "Q4": 283
    },
    "Q_lane_norm": {
      "Q1": 0.24719101123595505,
      "Q2": 0.27835051546391754,
      "Q3": 0.8058252427184466,
      "Q4": 0.5529411764705883
    },
    "Q_value": {
      "Q1": 29.59550561797753,
      "Q2": 14.02061855670103,
      "Q3": 10.106796116504855,
      "Q4": 16.176470588235293
    }
  },
  "debug": {
    "F": {
      "x_day0": 59,
      "x_day1": 387,
      "x_day2": 715,
      "day_w": 328.0,
      "x_day0_time": 59,
      "x_day1_time": 351,
      "x_day2_time": 643,
      "day_w_time": 292.0,
      "x_plot_end": 935,
      "x1_static": 936,
      "x1_dyn": 935,
      "x1_dyn_used": true,
      "pph": 12.166666666666666,
      "pph_source": "day_width (tick-mismatch-fallback)",
      "pph_tick": 19.0,
      "tick_pph_rel_err": 0.5616438356164384,
      "tick_pph_valid": false,
      "tick_count": 50,
      "tick_quality": 0.6944444444444444,
      "tick_used": false,
      "x_frontier": 870,
      "frontier_method": "activity_scan",
      "frontier_activity_thr": 0.4589255928993225,
      "frontier_activity_right_tail": 0.05684874579310417,
      "frontier_activity_run_px": 8,
      "guard_px": 4,
      "left_guard": 645,
      "right_guard": 866,
      "x_time": 890,
      "x_ideal": 890,
      "x_now": 890,
      "x_now_method": "harmonized_pair_cluster",
      "hour_now_tsst": 20.29138888888889,
      "rollover_hour_min": 3.0,
      "rollover_hour_max": 8.5,
      "delta_min_to_guard": -118.35616438356165,
      "delta_min_to_frontier": -98.63013698630138,
      "frontier_day_fill": 0.7773972602739726,
      "rollover_candidate": false,
      "bias_minutes_applied": 0.0,
      "measured_bias_minutes": null,
      "age_hours": null,
      "status": "ok",
      "x_now_before_harmonize": 866,
      "x_pick": 889,
      "x_pick_edge": 890,
      "x_pick_safe_right": 923,
      "x_overlay": 890,
      "f1_path_x_range": [
        876,
        890
      ],
      "f1_path_target_col": 13,
      "f1_path_y_px": 78,
      "f4_path_x_range": [
        876,
        890
      ],
      "f4_path_target_col": 13,
      "f4_path_y_px": 250,
      "f1_path2_x_range": [
        880,
        890
      ],
      "f1_path2_target_col": 9,
      "f1_path2_y_px": 68,
      "f1_path2_y_direct_px": 69,
      "f1_path2_direct_used": false,
      "f1_path2_direct_allowed": false,
      "f1_path2_left_weight": 0.35,
      "f1_path2_right_weight": 1.0,
      "f2_path2_x_range": [
        880,
        890
      ],
      "f2_path2_target_col": 9,
      "f2_path2_y_px": 150,
      "f2_path2_y_direct_px": 131,
      "f2_path2_direct_used": false,
      "f2_path2_direct_allowed": false,
      "f2_path2_left_weight": 0.4,
      "f2_path2_right_weight": 1.0,
      "f4_path2_x_range": [
        880,
        890
      ],
      "f4_path2_target_col": 9,
      "f4_path2_y_px": 250,
      "f4_path2_y_direct_px": 248,
      "f4_path2_direct_used": false,
      "f4_path2_direct_allowed": false,
      "f4_path2_left_weight": 0.4,
      "f4_path2_right_weight": 1.0,
      "f1_local_snap_x": 890,
      "f1_local_snap_y_px": 69,
      "f1_local_snap_search_px": 8,
      "f1_local_snap_search_up_px": 4,
      "f1_local_snap_search_down_px": 12,
      "f1_local_snap_prefer_lower_weight": 0.02,
      "f3_local_snap_x": 890,
      "f3_local_snap_y_px": 195,
      "f3_local_snap_search_px": 6,
      "f3_local_snap_search_up_px": 6,
      "f3_local_snap_search_down_px": 6,
      "f3_local_snap_prefer_lower_weight": 0.0,
      "f4_local_snap_x": 890,
      "f4_local_snap_y_px": 250,
      "f4_local_snap_search_px": 8,
      "f4_local_snap_search_up_px": 6,
      "f4_local_snap_search_down_px": 14,
      "f4_local_snap_prefer_lower_weight": 0.05,
      "f2_local_snap_x": 890,
      "f2_local_snap_y_px": 149,
      "f2_local_snap_search_px": 8,
      "f2_local_snap_search_up_px": 14,
      "f2_local_snap_search_down_px": 2,
      "f2_local_snap_prefer_lower_weight": 0.0,
      "f2_consensus_applied": false,
      "f2_consensus_x_range": [
        884,
        890
      ],
      "f2_consensus_y_px": 130,
      "f2_consensus_anchor_y_px": 149,
      "f2_consensus_seed_y_px": 131,
      "f2_consensus_support_cols": 3,
      "f2_consensus_support_ratio": 0.5338076016876403,
      "f2_consensus_jump_px": 19,
      "f2_consensus_tol_px": 5,
      "f2_consensus_reason": "low_support",
      "f3_consensus_x_range": [
        884,
        890
      ],
      "f3_consensus_y_px": 189,
      "f3_consensus_anchor_y_px": 195,
      "f3_consensus_seed_y_px": 190,
      "f3_consensus_support_cols": 5,
      "f3_consensus_support_ratio": 0.672516523947514,
      "f3_consensus_jump_px": 6,
      "f3_consensus_tol_px": 5,
      "f3_consensus_reason": "accepted",
      "f3_consensus_applied": true,
      "f4_consensus_x_range": [
        884,
        890
      ],
      "f4_consensus_y_px": 249,
      "f4_consensus_anchor_y_px": 250,
      "f4_consensus_seed_y_px": 254,
      "f4_consensus_support_cols": 7,
      "f4_consensus_support_ratio": 1.0,
      "f4_consensus_jump_px": 1,
      "f4_consensus_tol_px": 6,
      "f4_consensus_reason": "accepted",
      "f4_consensus_applied": true,
      "scale_ranges": {
        "F1": [
          7.2,
          8.4
        ],
        "F2": [
          13.1,
          14.5
        ],
        "F3": [
          18.6,
          20.2
        ],
        "F4": [
          24.1,
          26.5
        ]
      }
    },
    "A": {
      "x_day0": 59,
      "x_day1": 372,
      "x_day2": 684,
      "day_w": 312.5,
      "x_day0_time": 59,
      "x_day1_time": 351,
      "x_day2_time": 644,
      "day_w_time": 292.3333333333333,
      "x_plot_end": 936,
      "x1_static": 936,
      "x1_dyn": 977,