{
  "saved_at_utc": "2026-05-02T19:53:14.730399+00:00",
  "source": "tomsk_sos70_param_charts",
  "freq_max_hz": 40.0,
  "values": {
    "scale_ranges": {
      "F": {
        "F1": [
          7.2,
          8.4
        ],
        "F2": [
          13.1,
          14.5
        ],
        "F3": [
          18.6,
          20.2
        ],
        "F4": [
          24.1,
          26.5
        ]
      },
      "A": {
        "A1": [
          1.0,
          45.0
        ],
        "A2": [
          1.0,
          61.5
        ],
        "A3": [
          2.2,
          12.2
        ],
        "A4": [
          1.1,
          10.2
        ]
      },
      "Q": {
        "Q1": [
          4.0,
          38.0
        ],
        "Q2": [
          5.0,
          17.5
        ],
        "Q3": [
          7.0,
          23.0
        ],
        "Q4": [
          5.0,
          30.0
        ]
      }
    },
    "scale_units": {
      "F_hz": "Hz",
      "A_value": "idx",
      "Q_value": "idx"
    },
    "F_norm": {
      "F1": 0.0313588850174216,
      "F2": 0.3344947735191638,
      "F3": 0.5087108013937283,
      "F4": 0.7526132404181185
    },
    "F_y_px": {
      "F1": 44,
      "F2": 131,
      "F3": 181,
      "F4": 251
    },
    "F_lane_norm": {
      "F1": 0.05263157894736842,
      "F2": 0.5192307692307693,
      "F3": 0.5,
      "F4": 0.9565217391304348
    },
    "F_hz": {
      "F1": 8.336842105263159,
      "F2": 13.773076923076923,
      "F3": 19.4,
      "F4": 24.20434782608696
    },
    "A_norm": {
      "A1": 0.28222996515679444,
      "A2": 0.4355400696864111,
      "A3": 0.6655052264808362,
      "A4": 0.9163763066202091
    },
    "A_y_px": {
      "A1": 116,
      "A2": 160,
      "A3": 226,
      "A4": 298
    },
    "A_lane_norm": {
      "A1": 0.8674698795180723,
      "A2": 0.6938775510204082,
      "A3": 0.7216494845360825,
      "A4": 0.7472527472527473
    },
    "A_value": {
      "A1": 6.831325301204821,
      "A2": 19.52040816326531,
      "A3": 4.983505154639174,
      "A4": 3.3999999999999995
    },
    "Q_norm": {
      "Q1": 0.2961672473867596,
      "Q2": 0.4843205574912892,
      "Q3": 0.6968641114982579,
      "Q4": 0.7526132404181185
    },
    "Q_y_px": {
      "Q1": 120,
      "Q2": 174,
      "Q3": 235,
      "Q4": 251
    },
    "Q_lane_norm": {
      "Q1": 0.797752808988764,
      "Q2": 0.7216494845360825,
      "Q3": 0.7669902912621359,
      "Q4": 0.17647058823529413
    },
    "Q_value": {
      "Q1": 10.876404494382022,
      "Q2": 8.47938144329897,
      "Q3": 10.728155339805825,
      "Q4": 25.588235294117645
    }
  },
  "debug": {
    "F": {
      "x_day0": 59,
      "x_day1": 392,
      "x_day2": 726,
      "day_w": 333.5,
      "x_day0_time": 59,
      "x_day1_time": 351,
      "x_day2_time": 643,
      "day_w_time": 292.0,
      "x_plot_end": 935,
      "x1_static": 936,
      "x1_dyn": 935,
      "x1_dyn_used": true,
      "pph": 12.166666666666666,
      "pph_source": "day_width (tick-mismatch-fallback)",
      "pph_tick": 19.0,
      "tick_pph_rel_err": 0.5616438356164384,
      "tick_pph_valid": false,
      "tick_count": 50,
      "tick_quality": 0.6944444444444444,
      "tick_used": false,
      "x_frontier": 916,
      "frontier_method": "activity_scan",
      "frontier_activity_thr": 0.4547242343425751,
      "frontier_activity_right_tail": 0.20814187824726105,
      "frontier_activity_run_px": 8,
      "guard_px": 4,
      "left_guard": 645,
      "right_guard": 912,
      "x_time": 678,
      "x_ideal": 678,
      "x_now": 678,
      "x_now_method": "ideal",
      "hour_now_tsst": 2.8872222222222224,
      "rollover_hour_min": 3.0,
      "rollover_hour_max": 8.5,
      "delta_min_to_guard": 1153.972602739726,
      "delta_min_to_frontier": 1173.6986301369864,
      "frontier_day_fill": 0.934931506849315,
      "rollover_candidate": false,
      "bias_minutes_applied": 0.0,
      "measured_bias_minutes": null,
      "age_hours": null,
      "status": "ok",
      "x_pick": 677,
      "x_pick_edge": 678,
      "x_pick_safe_right": 923,
      "x_overlay": 678,
      "f1_path_x_range": [
        664,
        678
      ],
      "f1_path_target_col": 13,
      "f1_path_y_px": 43,
      "f4_path_x_range": [
        664,
        678
      ],
      "f4_path_target_col": 13,
      "f4_path_y_px": 251,
      "f1_path2_x_range": [
        668,
        678
      ],
      "f1_path2_target_col": 9,
      "f1_path2_y_px": 44,
      "f1_path2_y_direct_px": 44,
      "f1_path2_direct_used": false,
      "f1_path2_direct_allowed": false,
      "f1_path2_left_weight": 0.35,
      "f1_path2_right_weight": 1.0,
      "f2_path2_x_range": [
        668,
        678
      ],
      "f2_path2_target_col": 9,
      "f2_path2_y_px": 131,
      "f2_path2_y_direct_px": 151,
      "f2_path2_direct_used": false,
      "f2_path2_direct_allowed": false,
      "f2_path2_left_weight": 0.4,
      "f2_path2_right_weight": 1.0,
      "f4_path2_x_range": [
        668,
        678
      ],
      "f4_path2_target_col": 9,
      "f4_path2_y_px": 251,
      "f4_path2_y_direct_px": 251,
      "f4_path2_direct_used": false,
      "f4_path2_direct_allowed": false,
      "f4_path2_left_weight": 0.4,
      "f4_path2_right_weight": 1.0,
      "f1_local_snap_x": 678,
      "f1_local_snap_y_px": 44,
      "f1_local_snap_search_px": 8,
      "f1_local_snap_search_up_px": 4,
      "f1_local_snap_search_down_px": 12,
      "f1_local_snap_prefer_lower_weight": 0.02,
      "f3_local_snap_x": 678,
      "f3_local_snap_y_px": 181,
      "f3_local_snap_search_px": 6,
      "f3_local_snap_search_up_px": 6,
      "f3_local_snap_search_down_px": 6,
      "f3_local_snap_prefer_lower_weight": 0.0,
      "f4_local_snap_x": 678,
      "f4_local_snap_y_px": 251,
      "f4_local_snap_search_px": 8,
      "f4_local_snap_search_up_px": 6,
      "f4_local_snap_search_down_px": 14,
      "f4_local_snap_prefer_lower_weight": 0.05,
      "f2_local_snap_x": 678,
      "f2_local_snap_y_px": 131,
      "f2_local_snap_search_px": 8,
      "f2_local_snap_search_up_px": 14,
      "f2_local_snap_search_down_px": 2,
      "f2_local_snap_prefer_lower_weight": 0.0,
      "f2_consensus_applied": false,
      "f2_consensus_x_range": [
        672,
        678
      ],
      "f2_consensus_y_px": 110,
      "f2_consensus_anchor_y_px": 131,
      "f2_consensus_seed_y_px": 110,
      "f2_consensus_support_cols": 4,
      "f2_consensus_support_ratio": 0.5134970873967967,
      "f2_consensus_jump_px": 21,
      "f2_consensus_tol_px": 5,
      "f2_consensus_reason": "low_support",
      "f3_consensus_x_range": [
        672,
        678
      ],
      "f3_consensus_y_px": 181,
      "f3_consensus_anchor_y_px": 181,
      "f3_consensus_seed_y_px": 179,
      "f3_consensus_support_cols": 6,
      "f3_consensus_support_ratio": 0.8191888135450449,
      "f3_consensus_jump_px": 0,
      "f3_consensus_tol_px": 5,
      "f3_consensus_reason": "accepted",
      "f3_consensus_applied": true,
      "f4_consensus_x_range": [
        672,
        678
      ],
      "f4_consensus_y_px": 251,
      "f4_consensus_anchor_y_px": 251,
      "f4_consensus_seed_y_px": 251,
      "f4_consensus_support_cols": 5,
      "f4_consensus_support_ratio": 0.6443768996960486,
      "f4_consensus_jump_px": 0,
      "f4_consensus_tol_px": 6,
      "f4_consensus_reason": "accepted",
      "f4_consensus_applied": true,
      "scale_ranges": {
        "F1": [
          7.2,
          8.4
        ],
        "F2": [
          13.1,
          14.5
        ],
        "F3": [
          18.6,
          20.2
        ],
        "F4": [
          24.1,
          26.5
        ]
      }
    },
    "A": {
      "x_day0": 59,
      "x_day1": 392,
      "x_day2": 726,
      "day_w": 333.5,
      "x_day0_time": 59,
      "x_day1_time": 351,
      "x_day2_time": 644,
      "day_w_time": 292.3333333333333,
      "x_plot_end": 936,
      "x1_static": 936,
      "x1_dyn": 977,
      "x1_dyn_used": false,
      "pph": 12.180555555555555,