{
  "saved_at_utc": "2026-04-01T16:27:43.636137+00:00",
  "source": "tomsk_sos70_param_charts",
  "freq_max_hz": 40.0,
  "values": {
    "scale_ranges": {
      "F": {
        "F1": [
          7.2,
          8.4
        ],
        "F2": [
          13.1,
          14.5
        ],
        "F3": [
          18.6,
          20.2
        ],
        "F4": [
          24.1,
          26.5
        ]
      },
      "A": {
        "A1": [
          1.0,
          45.0
        ],
        "A2": [
          1.0,
          61.5
        ],
        "A3": [
          2.2,
          12.2
        ],
        "A4": [
          1.1,
          10.2
        ]
      },
      "Q": {
        "Q1": [
          4.0,
          38.0
        ],
        "Q2": [
          5.0,
          17.5
        ],
        "Q3": [
          7.0,
          23.0
        ],
        "Q4": [
          5.0,
          30.0
        ]
      }
    },
    "scale_units": {
      "F_hz": "Hz",
      "A_value": "idx",
      "Q_value": "idx"
    },
    "F_norm": {
      "F1": 0.0313588850174216,
      "F2": 0.3170731707317073,
      "F3": 0.5714285714285714,
      "F4": 0.8013937282229965
    },
    "F_y_px": {
      "F1": 44,
      "F2": 126,
      "F3": 199,
      "F4": 265
    },
    "F_lane_norm": {
      "F1": 0.05263157894736842,
      "F2": 0.4230769230769231,
      "F3": 0.8913043478260869,
      "F4": 1.0
    },
    "F_hz": {
      "F1": 8.336842105263159,
      "F2": 13.907692307692308,
      "F3": 18.773913043478263,
      "F4": 24.1
    },
    "A_norm": {
      "A1": 0.289198606271777,
      "A2": 0.4738675958188153,
      "A3": 0.6968641114982579,
      "A4": 0.9581881533101045
    },
    "A_y_px": {
      "A1": 118,
      "A2": 171,
      "A3": 235,
      "A4": 310
    },
    "A_lane_norm": {
      "A1": 0.891566265060241,
      "A2": 0.8061224489795918,
      "A3": 0.8144329896907216,
      "A4": 0.8791208791208791
    },
    "A_value": {
      "A1": 5.7710843373494,
      "A2": 12.729591836734691,
      "A3": 4.055670103092783,
      "A4": 2.2
    },
    "Q_norm": {
      "Q1": 0.30313588850174217,
      "Q2": 0.5121951219512195,
      "Q3": 0.710801393728223,
      "Q4": 0.9512195121951219
    },
    "Q_y_px": {
      "Q1": 122,
      "Q2": 182,
      "Q3": 239,
      "Q4": 308
    },
    "Q_lane_norm": {
      "Q1": 0.8202247191011236,
      "Q2": 0.8041237113402062,
      "Q3": 0.8058252427184466,
      "Q4": 0.8470588235294118
    },
    "Q_value": {
      "Q1": 10.112359550561798,
      "Q2": 7.448453608247423,
      "Q3": 10.106796116504855,
      "Q4": 8.823529411764707
    }
  },
  "debug": {
    "F": {
      "x_day0": 59,
      "x_day1": 384,
      "x_day2": 709,
      "day_w": 325.0,
      "x_day0_time": 59,
      "x_day1_time": 351,
      "x_day2_time": 643,
      "day_w_time": 292.0,
      "x_plot_end": 935,
      "x1_static": 936,
      "x1_dyn": 935,
      "x1_dyn_used": true,
      "pph": 12.166666666666666,
      "pph_source": "day_width (tick-mismatch-fallback)",
      "pph_tick": 19.0,
      "tick_pph_rel_err": 0.5616438356164384,
      "tick_pph_valid": false,
      "tick_count": 50,
      "tick_quality": 0.6944444444444444,
      "tick_used": false,
      "x_frontier": 919,
      "frontier_method": "activity_scan",
      "frontier_activity_thr": 0.3580940514802933,
      "frontier_activity_right_tail": 0.1440863013267517,
      "frontier_activity_run_px": 8,
      "guard_px": 4,
      "left_guard": 645,
      "right_guard": 915,
      "x_time": 928,
      "x_ideal": 928,
      "x_now": 912,
      "x_now_method": "harmonized_pair_cluster",
      "hour_now_tsst": 23.461944444444445,
      "rollover_hour_min": 3.0,
      "rollover_hour_max": 8.5,
      "delta_min_to_guard": -64.10958904109589,
      "delta_min_to_frontier": -44.38356164383562,
      "frontier_day_fill": 0.9452054794520548,
      "rollover_candidate": false,
      "bias_minutes_applied": 0.0,
      "measured_bias_minutes": null,
      "age_hours": null,
      "status": "ok",
      "x_now_before_harmonize": 928,
      "x_pick": 911,
      "x_pick_edge": 912,
      "x_pick_safe_right": 923,
      "x_overlay": 912,
      "f1_path_x_range": [
        898,
        912
      ],
      "f1_path_target_col": 13,
      "f1_path_y_px": 48,
      "f4_path_x_range": [
        898,
        912
      ],
      "f4_path_target_col": 13,
      "f4_path_y_px": 251,
      "f1_path2_x_range": [
        902,
        912
      ],
      "f1_path2_target_col": 9,
      "f1_path2_y_px": 48,
      "f1_path2_y_direct_px": 48,
      "f1_path2_direct_used": false,
      "f1_path2_direct_allowed": false,
      "f1_path2_left_weight": 0.35,
      "f1_path2_right_weight": 1.0,
      "f2_path2_x_range": [
        902,
        912
      ],
      "f2_path2_target_col": 9,
      "f2_path2_y_px": 116,
      "f2_path2_y_direct_px": 127,
      "f2_path2_direct_used": false,
      "f2_path2_direct_allowed": false,
      "f2_path2_left_weight": 0.4,
      "f2_path2_right_weight": 1.0,
      "f4_path2_x_range": [
        902,
        912
      ],
      "f4_path2_target_col": 9,
      "f4_path2_y_px": 251,
      "f4_path2_y_direct_px": 251,
      "f4_path2_direct_used": false,
      "f4_path2_direct_allowed": false,
      "f4_path2_left_weight": 0.4,
      "f4_path2_right_weight": 1.0,
      "f1_local_snap_x": 912,
      "f1_local_snap_y_px": 44,
      "f1_local_snap_search_px": 8,
      "f1_local_snap_search_up_px": 4,
      "f1_local_snap_search_down_px": 12,
      "f1_local_snap_prefer_lower_weight": 0.02,
      "f3_local_snap_x": 912,
      "f3_local_snap_y_px": 199,
      "f3_local_snap_search_px": 6,
      "f3_local_snap_search_up_px": 6,
      "f3_local_snap_search_down_px": 6,
      "f3_local_snap_prefer_lower_weight": 0.0,
      "f4_local_snap_x": 912,
      "f4_local_snap_y_px": 259,
      "f4_local_snap_search_px": 8,
      "f4_local_snap_search_up_px": 6,
      "f4_local_snap_search_down_px": 14,
      "f4_local_snap_prefer_lower_weight": 0.05,
      "f2_local_snap_x": 912,
      "f2_local_snap_y_px": 110,
      "f2_local_snap_search_px": 8,
      "f2_local_snap_search_up_px": 14,
      "f2_local_snap_search_down_px": 2,
      "f2_local_snap_prefer_lower_weight": 0.0,
      "f2_consensus_x_range": [
        906,
        912
      ],
      "f2_consensus_y_px": 126,
      "f2_consensus_anchor_y_px": 110,
      "f2_consensus_seed_y_px": 125,
      "f2_consensus_support_cols": 6,
      "f2_consensus_support_ratio": 0.8018943106559555,
      "f2_consensus_jump_px": 16,
      "f2_consensus_tol_px": 5,
      "f2_consensus_reason": "accepted",
      "f2_consensus_applied": true,
      "f3_consensus_x_range": [
        906,
        912
      ],
      "f3_consensus_y_px": 199,
      "f3_consensus_anchor_y_px": 199,
      "f3_consensus_seed_y_px": 196,
      "f3_consensus_support_cols": 7,
      "f3_consensus_support_ratio": 1.0,
      "f3_consensus_jump_px": 0,
      "f3_consensus_tol_px": 5,
      "f3_consensus_reason": "accepted",
      "f3_consensus_applied": true,
      "f4_consensus_x_range": [
        906,
        912
      ],
      "f4_consensus_y_px": 265,
      "f4_consensus_anchor_y_px": 259,
      "f4_consensus_seed_y_px": 259,
      "f4_consensus_support_cols": 6,
      "f4_consensus_support_ratio": 0.835009919942574,
      "f4_consensus_jump_px": 6,
      "f4_consensus_tol_px": 6,
      "f4_consensus_reason": "accepted",
      "f4_consensus_applied": true,
      "scale_ranges": {
        "F1": [
          7.2,
          8.4
        ],
        "F2": [
          13.1,
          14.5
        ],
        "F3": [
          18.6,
          20.2
        ],
        "F4": [
          24.1,
          26.5
        ]
      }
    },
    "A": {
      "x_day0": 59,
      "x_day1": 372,
      "x_day2": 684,
      "day_w": 312.5,
      "x_day0_time": 59,
      "x_day1_time": 351,
      "x_day2_time": 643,
      "day_w_time": 292.0,
      "x_plot_end": 935,
      "x1_static": 936,
      "x1_dyn": 935,
      "x1_dyn_used": true,