{
  "saved_at_utc": "2026-03-03T03:31:20.627602+00:00",
  "source": "tomsk_sos70_param_charts",
  "freq_max_hz": 40.0,
  "values": {
    "F_norm": {
      "F1": 0.15331010452961671,
      "F2": 0.41114982578397213,
      "F3": 0.5400696864111498,
      "F4": 0.7003484320557491
    },
    "F_y_px": {
      "F1": 79,
      "F2": 153,
      "F3": 190,
      "F4": 236
    },
    "A_norm": {
      "A1": 0.13937282229965156,
      "A2": 0.5331010452961672,
      "A3": 0.519163763066202,
      "A4": 0.8885017421602788
    },
    "A_y_px": {
      "A1": 75,
      "A2": 188,
      "A3": 184,
      "A4": 290
    },
    "Q_norm": {
      "Q1": 0.21951219512195122,
      "Q2": 0.43902439024390244,
      "Q3": 0.6236933797909407,
      "Q4": 0.89198606271777
    },
    "Q_y_px": {
      "Q1": 98,
      "Q2": 161,
      "Q3": 214,
      "Q4": 291
    }
  },
  "debug": {
    "F": {
      "x_day0": 59,
      "x_day1": 393,
      "x_day2": 727,
      "day_w": 334.0,
      "x_day0_time": 59,
      "x_day1_time": 328,
      "x_day2_time": 596,
      "day_w_time": 268.6666666666667,
      "x_plot_end": 935,
      "pph": 19.0,
      "pph_source": "ticks",
      "pph_tick": 19.0,
      "tick_count": 50,
      "tick_quality": 0.6944444444444444,
      "tick_used": true,
      "x_frontier": 774,
      "frontier_method": "activity_scan",
      "frontier_activity_thr": 0.4635769486427307,
      "frontier_activity_right_tail": 0.09287303686141968,
      "frontier_activity_run_px": 8,
      "guard_px": 6,
      "left_guard": 598,
      "right_guard": 768,
      "x_time": 796,
      "x_ideal": 796,
      "x_now": 768,
      "x_now_method": "harmonized_median",
      "delta_min_to_guard": -88.42105263157895,
      "bias_minutes_applied": 0.0,
      "measured_bias_minutes": null,
      "age_hours": null,
      "status": "ok",
      "x_now_before_harmonize": 768,
      "x_pick": 767,
      "x_pick_backup": 763
    },
    "A": {
      "x_day0": 59,
      "x_day1": 384,
      "x_day2": 708,
      "day_w": 324.5,
      "x_day0_time": 59,
      "x_day1_time": 328,
      "x_day2_time": 596,
      "day_w_time": 268.6666666666667,
      "x_plot_end": 935,
      "pph": 19.0,
      "pph_source": "ticks",
      "pph_tick": 19.0,
      "tick_count": 50,
      "tick_quality": 0.6944444444444444,
      "tick_used": true,
      "x_frontier": 845,
      "frontier_method": "activity_scan",
      "frontier_activity_thr": 0.343433678150177,
      "frontier_activity_right_tail": 0.12870223820209503,
      "frontier_activity_run_px": 8,
      "guard_px": 6,
      "left_guard": 598,
      "right_guard": 839,
      "x_time": 796,
      "x_ideal": 796,
      "x_now": 768,
      "x_now_method": "harmonized_median",
      "delta_min_to_guard": 135.78947368421052,
      "bias_minutes_applied": 0.0,
      "measured_bias_minutes": null,
      "age_hours": null,
      "status": "ok",
      "x_now_before_harmonize": 839,
      "x_pick": 764
    },
    "Q": {
      "x_day0": 59,
      "x_day1": 369,
      "x_day2": 679,
      "day_w": 310.0,
      "x_day0_time": 59,
      "x_day1_time": 328,
      "x_day2_time": 596,
      "day_w_time": 268.6666666666667,
      "x_plot_end": 935,
      "pph": 19.0,
      "pph_source": "ticks",
      "pph_tick": 19.0,
      "tick_count": 50,
      "tick_quality": 0.6944444444444444,
      "tick_used": true,
      "x_frontier": 774,
      "frontier_method": "activity_scan",
      "frontier_activity_thr": 0.46089525520801544,
      "frontier_activity_right_tail": 0.10540040582418442,
      "frontier_activity_run_px": 8,
      "guard_px": 6,
      "left_guard": 598,
      "right_guard": 768,
      "x_time": 796,
      "x_ideal": 796,
      "x_now": 768,
      "x_now_method": "harmonized_median",
      "delta_min_to_guard": -88.42105263157895,
      "bias_minutes_applied": 0.0,
      "measured_bias_minutes": null,
      "age_hours": null,
      "status": "ok",
      "x_now_before_harmonize": 768,
      "x_pick": 764
    },
    "urls": {
      "F": "https://sos70.ru/provider.php?file=srf.jpg",
      "A": "https://sos70.ru/provider.php?file=sra.jpg",
      "Q": "https://sos70.ru/provider.php?file=srq.jpg"
    },
    "overlays": {
      "F": "runs/tomsk_params_f_overlay.png",
      "A": "runs/tomsk_params_a_overlay.png",
      "Q": "runs/tomsk_params_q_overlay.png"
    }
  }
}