{
  "saved_at_utc": "2026-04-07T03:46:51.406358+00:00",
  "source": "tomsk_sos70_param_charts",
  "freq_max_hz": 40.0,
  "values": {
    "scale_ranges": {
      "F": {
        "F1": [
          7.2,
          8.4
        ],
        "F2": [
          13.1,
          14.5
        ],
        "F3": [
          18.6,
          20.2
        ],
        "F4": [
          24.1,
          26.5
        ]
      },
      "A": {
        "A1": [
          1.0,
          45.0
        ],
        "A2": [
          1.0,
          61.5
        ],
        "A3": [
          2.2,
          12.2
        ],
        "A4": [
          1.1,
          10.2
        ]
      },
      "Q": {
        "Q1": [
          4.0,
          38.0
        ],
        "Q2": [
          5.0,
          17.5
        ],
        "Q3": [
          7.0,
          23.0
        ],
        "Q4": [
          5.0,
          30.0
        ]
      }
    },
    "scale_units": {
      "F_hz": "Hz",
      "A_value": "idx",
      "Q_value": "idx"
    },
    "F_norm": {
      "F1": 0.0313588850174216,
      "F2": 0.40418118466898956,
      "F3": 0.5017421602787456,
      "F4": 0.7526132404181185
    },
    "F_y_px": {
      "F1": 44,
      "F2": 151,
      "F3": 179,
      "F4": 251
    },
    "F_lane_norm": {
      "F1": 0.05263157894736842,
      "F2": 0.9038461538461539,
      "F3": 0.45652173913043476,
      "F4": 0.9565217391304348
    },
    "F_hz": {
      "F1": 8.336842105263159,
      "F2": 13.234615384615385,
      "F3": 19.469565217391306,
      "F4": 24.20434782608696
    },
    "A_norm": {
      "A1": 0.0313588850174216,
      "A2": 0.34843205574912894,
      "A3": 0.5853658536585366,
      "A4": 0.7491289198606271
    },
    "A_y_px": {
      "A1": 44,
      "A2": 135,
      "A3": 203,
      "A4": 250
    },
    "A_lane_norm": {
      "A1": 0.0,
      "A2": 0.4387755102040816,
      "A3": 0.4845360824742268,
      "A4": 0.21978021978021978
    },
    "A_value": {
      "A1": 45.0,
      "A2": 34.95408163265306,
      "A3": 7.354639175257732,
      "A4": 8.2
    },
    "Q_norm": {
      "Q1": 0.30313588850174217,
      "Q2": 0.4878048780487805,
      "Q3": 0.6933797909407665,
      "Q4": 0.8954703832752613
    },
    "Q_y_px": {
      "Q1": 122,
      "Q2": 175,
      "Q3": 234,
      "Q4": 292
    },
    "Q_lane_norm": {
      "Q1": 0.8202247191011236,
      "Q2": 0.7319587628865979,
      "Q3": 0.7572815533980582,
      "Q4": 0.6588235294117647
    },
    "Q_value": {
      "Q1": 10.112359550561798,
      "Q2": 8.350515463917526,
      "Q3": 10.883495145631068,
      "Q4": 13.529411764705884
    }
  },
  "debug": {
    "F": {
      "x_day0": 59,
      "x_day1": 374,
      "x_day2": 690,
      "day_w": 315.5,
      "x_day0_time": 59,
      "x_day1_time": 351,
      "x_day2_time": 643,
      "day_w_time": 292.0,
      "x_plot_end": 935,
      "x1_static": 936,
      "x1_dyn": 935,
      "x1_dyn_used": true,
      "pph": 12.166666666666666,
      "pph_source": "day_width (tick-mismatch-fallback)",
      "pph_tick": 19.0,
      "tick_pph_rel_err": 0.5616438356164384,
      "tick_pph_valid": false,
      "tick_count": 50,
      "tick_quality": 0.6944444444444444,
      "tick_used": false,
      "x_frontier": 774,
      "frontier_method": "activity_scan",
      "frontier_activity_thr": 0.4658926963806152,
      "frontier_activity_right_tail": 0.18318180739879608,
      "frontier_activity_run_px": 8,
      "guard_px": 4,
      "left_guard": 645,
      "right_guard": 770,
      "x_time": 774,
      "x_ideal": 774,
      "x_now": 774,
      "x_now_method": "ideal",
      "hour_now_tsst": 10.780833333333334,
      "rollover_hour_min": 3.0,
      "rollover_hour_max": 8.5,
      "delta_min_to_guard": -19.726027397260275,
      "delta_min_to_frontier": 0.0,
      "frontier_day_fill": 0.4486301369863014,
      "rollover_candidate": false,
      "bias_minutes_applied": 0.0,
      "measured_bias_minutes": null,
      "age_hours": null,
      "status": "ok",
      "x_pick": 773,
      "x_pick_edge": 774,
      "x_pick_safe_right": 923,
      "x_overlay": 774,
      "f1_path_x_range": [
        760,
        774
      ],
      "f1_path_target_col": 13,
      "f1_path_y_px": 45,
      "f4_path_x_range": [
        760,
        774
      ],
      "f4_path_target_col": 13,
      "f4_path_y_px": 231,
      "f1_path2_x_range": [
        764,
        774
      ],
      "f1_path2_target_col": 9,
      "f1_path2_y_px": 44,
      "f1_path2_y_direct_px": 44,
      "f1_path2_direct_used": false,
      "f1_path2_direct_allowed": false,
      "f1_path2_left_weight": 0.35,
      "f1_path2_right_weight": 1.0,
      "f2_path2_x_range": [
        764,
        774
      ],
      "f2_path2_target_col": 9,
      "f2_path2_y_px": 150,
      "f2_path2_y_direct_px": 151,
      "f2_path2_direct_used": false,
      "f2_path2_direct_allowed": false,
      "f2_path2_left_weight": 0.4,
      "f2_path2_right_weight": 1.0,
      "f4_path2_x_range": [
        764,
        774
      ],
      "f4_path2_target_col": 9,
      "f4_path2_y_px": 251,
      "f4_path2_y_direct_px": 251,
      "f4_path2_direct_used": false,
      "f4_path2_direct_allowed": false,
      "f4_path2_left_weight": 0.4,
      "f4_path2_right_weight": 1.0,
      "f1_local_snap_x": 774,
      "f1_local_snap_y_px": 44,
      "f1_local_snap_search_px": 8,
      "f1_local_snap_search_up_px": 4,
      "f1_local_snap_search_down_px": 12,
      "f1_local_snap_prefer_lower_weight": 0.02,
      "f3_local_snap_x": 774,
      "f3_local_snap_y_px": 195,
      "f3_local_snap_search_px": 6,
      "f3_local_snap_search_up_px": 6,
      "f3_local_snap_search_down_px": 6,
      "f3_local_snap_prefer_lower_weight": 0.0,
      "f4_local_snap_x": 774,
      "f4_local_snap_y_px": 251,
      "f4_local_snap_search_px": 8,
      "f4_local_snap_search_up_px": 6,
      "f4_local_snap_search_down_px": 14,
      "f4_local_snap_prefer_lower_weight": 0.05,
      "f2_local_snap_x": 774,
      "f2_local_snap_y_px": 151,
      "f2_local_snap_search_px": 8,
      "f2_local_snap_search_up_px": 14,
      "f2_local_snap_search_down_px": 2,
      "f2_local_snap_prefer_lower_weight": 0.0,
      "f2_consensus_applied": false,
      "f2_consensus_x_range": [
        768,
        774
      ],
      "f2_consensus_y_px": 110,
      "f2_consensus_anchor_y_px": 151,
      "f2_consensus_seed_y_px": 110,
      "f2_consensus_support_cols": 4,
      "f2_consensus_support_ratio": 0.517459719212287,
      "f2_consensus_jump_px": 41,
      "f2_consensus_tol_px": 5,
      "f2_consensus_reason": "low_support",
      "f3_consensus_x_range": [
        768,
        774
      ],
      "f3_consensus_y_px": 179,
      "f3_consensus_anchor_y_px": 195,
      "f3_consensus_seed_y_px": 176,
      "f3_consensus_support_cols": 4,
      "f3_consensus_support_ratio": 0.5575791943249162,
      "f3_consensus_jump_px": 16,
      "f3_consensus_tol_px": 5,
      "f3_consensus_reason": "accepted",
      "f3_consensus_applied": true,
      "f4_consensus_applied": false,
      "f4_consensus_x_range": [
        768,
        774
      ],
      "f4_consensus_y_px": 251,
      "f4_consensus_anchor_y_px": 251,
      "f4_consensus_seed_y_px": 251,
      "f4_consensus_support_cols": 3,
      "f4_consensus_support_ratio": 0.5247776729289982,
      "f4_consensus_jump_px": 0,
      "f4_consensus_tol_px": 6,
      "f4_consensus_reason": "low_support",
      "scale_ranges": {
        "F1": [
          7.2,
          8.4
        ],
        "F2": [
          13.1,
          14.5
        ],
        "F3": [
          18.6,
          20.2
        ],
        "F4": [
          24.1,
          26.5
        ]
      }
    },
    "A": {
      "x_day0": 59,
      "x_day1": 380,
      "x_day2": 702,
      "day_w": 321.5,
      "x_day0_time": 59,
      "x_day1_time": 351,
      "x_day2_time": 643,
      "day_w_time": 292.0,
      "x_plot_end": 935,
      "x1_static": 936,
      "x1_dyn": 935,
      "x1_dyn_used": true,
      "pph": 12.166666666666666,