{
  "saved_at_utc": "2026-03-29T15:55:56.713538+00:00",
  "source": "tomsk_sos70_param_charts",
  "freq_max_hz": 40.0,
  "values": {
    "scale_ranges": {
      "F": {
        "F1": [
          7.2,
          8.4
        ],
        "F2": [
          13.1,
          14.5
        ],
        "F3": [
          18.6,
          20.2
        ],
        "F4": [
          24.1,
          26.5
        ]
      },
      "A": {
        "A1": [
          1.0,
          45.0
        ],
        "A2": [
          1.0,
          61.5
        ],
        "A3": [
          2.2,
          12.2
        ],
        "A4": [
          1.1,
          10.2
        ]
      },
      "Q": {
        "Q1": [
          4.0,
          38.0
        ],
        "Q2": [
          5.0,
          17.5
        ],
        "Q3": [
          7.0,
          23.0
        ],
        "Q4": [
          5.0,
          30.0
        ]
      }
    },
    "scale_units": {
      "F_hz": "Hz",
      "A_value": "idx",
      "Q_value": "idx"
    },
    "F_norm": {
      "F1": 0.18466898954703834,
      "F2": 0.40418118466898956,
      "F3": 0.4878048780487805,
      "F4": 0.6829268292682927
    },
    "F_y_px": {
      "F1": 88,
      "F2": 151,
      "F3": 175,
      "F4": 231
    },
    "F_lane_norm": {
      "F1": 0.8245614035087719,
      "F2": 0.9038461538461539,
      "F3": 0.3695652173913043,
      "F4": 0.5217391304347826
    },
    "F_hz": {
      "F1": 7.410526315789474,
      "F2": 13.234615384615385,
      "F3": 19.608695652173914,
      "F4": 25.247826086956522
    },
    "A_norm": {
      "A1": 0.2961672473867596,
      "A2": 0.37630662020905925,
      "A3": 0.7247386759581882,
      "A4": 0.9930313588850174
    },
    "A_y_px": {
      "A1": 120,
      "A2": 143,
      "A3": 243,
      "A4": 320
    },
    "A_lane_norm": {
      "A1": 0.9156626506024096,
      "A2": 0.5204081632653061,
      "A3": 0.8969072164948454,
      "A4": 0.989010989010989
    },
    "A_value": {
      "A1": 4.710843373493979,
      "A2": 30.01530612244898,
      "A3": 3.2309278350515456,
      "A4": 1.1999999999999993
    },
    "Q_norm": {
      "Q1": 0.156794425087108,
      "Q2": 0.37282229965156793,
      "Q3": 0.7317073170731707,
      "Q4": 0.9512195121951219
    },
    "Q_y_px": {
      "Q1": 80,
      "Q2": 142,
      "Q3": 245,
      "Q4": 308
    },
    "Q_lane_norm": {
      "Q1": 0.34831460674157305,
      "Q2": 0.3917525773195876,
      "Q3": 0.8640776699029126,
      "Q4": 0.8470588235294118
    },
    "Q_value": {
      "Q1": 26.157303370786515,
      "Q2": 12.603092783505154,
      "Q3": 9.174757281553399,
      "Q4": 8.823529411764707
    }
  },
  "debug": {
    "F": {
      "x_day0": 59,
      "x_day1": 384,
      "x_day2": 708,
      "day_w": 324.5,
      "x_day0_time": 59,
      "x_day1_time": 351,
      "x_day2_time": 643,
      "day_w_time": 292.0,
      "x_plot_end": 935,
      "x1_static": 936,
      "x1_dyn": 935,
      "x1_dyn_used": true,
      "pph": 12.166666666666666,
      "pph_source": "day_width (tick-mismatch-fallback)",
      "pph_tick": 19.0,
      "tick_pph_rel_err": 0.5616438356164384,
      "tick_pph_valid": false,
      "tick_count": 50,
      "tick_quality": 0.6944444444444444,
      "tick_used": false,
      "x_frontier": 918,
      "frontier_method": "activity_scan",
      "frontier_activity_thr": 0.38180888295173643,
      "frontier_activity_right_tail": 0.10462768375873566,
      "frontier_activity_run_px": 8,
      "guard_px": 4,
      "left_guard": 645,
      "right_guard": 914,
      "x_time": 922,
      "x_ideal": 922,
      "x_now": 922,
      "x_now_method": "ideal",
      "hour_now_tsst": 22.932222222222222,
      "rollover_hour_min": 3.0,
      "rollover_hour_max": 8.5,
      "delta_min_to_guard": -39.45205479452055,
      "delta_min_to_frontier": -19.726027397260275,
      "frontier_day_fill": 0.9417808219178082,
      "rollover_candidate": false,
      "bias_minutes_applied": 0.0,
      "measured_bias_minutes": null,
      "age_hours": null,
      "status": "ok",
      "x_pick": 921,
      "x_pick_edge": 922,
      "x_pick_safe_right": 923,
      "x_overlay": 922,
      "f1_path_x_range": [
        908,
        922
      ],
      "f1_path_target_col": 13,
      "f1_path_y_px": 90,
      "f4_path_x_range": [
        908,
        922
      ],
      "f4_path_target_col": 13,
      "f4_path_y_px": 230,
      "f1_path2_x_range": [
        912,
        922
      ],
      "f1_path2_target_col": 9,
      "f1_path2_y_px": 90,
      "f1_path2_y_direct_px": 50,
      "f1_path2_direct_used": false,
      "f1_path2_direct_allowed": false,
      "f1_path2_left_weight": 0.35,
      "f1_path2_right_weight": 1.0,
      "f2_path2_x_range": [
        912,
        922
      ],
      "f2_path2_target_col": 9,
      "f2_path2_y_px": 151,
      "f2_path2_y_direct_px": 161,
      "f2_path2_direct_used": false,
      "f2_path2_direct_allowed": false,
      "f2_path2_left_weight": 0.4,
      "f2_path2_right_weight": 1.0,
      "f4_path2_x_range": [
        912,
        922
      ],
      "f4_path2_target_col": 9,
      "f4_path2_y_px": 230,
      "f4_path2_y_direct_px": 251,
      "f4_path2_direct_used": false,
      "f4_path2_direct_allowed": false,
      "f4_path2_left_weight": 0.4,
      "f4_path2_right_weight": 1.0,
      "f1_local_snap_x": 922,
      "f1_local_snap_y_px": 88,
      "f1_local_snap_search_px": 8,
      "f1_local_snap_search_up_px": 4,
      "f1_local_snap_search_down_px": 12,
      "f1_local_snap_prefer_lower_weight": 0.02,
      "f3_local_snap_x": 922,
      "f3_local_snap_y_px": 175,
      "f3_local_snap_search_px": 6,
      "f3_local_snap_search_up_px": 6,
      "f3_local_snap_search_down_px": 6,
      "f3_local_snap_prefer_lower_weight": 0.0,
      "f4_local_snap_x": 922,
      "f4_local_snap_y_px": 231,
      "f4_local_snap_search_px": 8,
      "f4_local_snap_search_up_px": 6,
      "f4_local_snap_search_down_px": 14,
      "f4_local_snap_prefer_lower_weight": 0.05,
      "f2_local_snap_x": 922,
      "f2_local_snap_y_px": 151,
      "f2_local_snap_search_px": 8,
      "f2_local_snap_search_up_px": 14,
      "f2_local_snap_search_down_px": 2,
      "f2_local_snap_prefer_lower_weight": 0.0,
      "f2_consensus_applied": false,
      "f2_consensus_x_range": [
        916,
        922
      ],
      "f2_consensus_y_px": 110,
      "f2_consensus_anchor_y_px": 151,
      "f2_consensus_seed_y_px": 110,
      "f2_consensus_support_cols": 3,
      "f2_consensus_support_ratio": 0.5190459238163047,
      "f2_consensus_jump_px": 41,
      "f2_consensus_tol_px": 5,
      "f2_consensus_reason": "low_support",
      "f3_consensus_x_range": [
        916,
        922
      ],
      "f3_consensus_y_px": 175,
      "f3_consensus_anchor_y_px": 175,
      "f3_consensus_seed_y_px": 176,
      "f3_consensus_support_cols": 6,
      "f3_consensus_support_ratio": 0.8028759119340048,
      "f3_consensus_jump_px": 0,
      "f3_consensus_tol_px": 5,
      "f3_consensus_reason": "accepted",
      "f3_consensus_applied": true,
      "f4_consensus_applied": false,
      "f4_consensus_x_range": [
        916,
        922
      ],
      "f4_consensus_y_px": 262,
      "f4_consensus_anchor_y_px": 231,
      "f4_consensus_seed_y_px": 261,
      "f4_consensus_support_cols": 4,
      "f4_consensus_support_ratio": 0.5083193450540389,
      "f4_consensus_jump_px": 31,
      "f4_consensus_tol_px": 6,
      "f4_consensus_reason": "low_support",
      "scale_ranges": {
        "F1": [
          7.2,
          8.4
        ],
        "F2": [
          13.1,
          14.5
        ],
        "F3": [
          18.6,
          20.2
        ],
        "F4": [
          24.1,
          26.5
        ]
      }
    },
    "A": {
      "x_day0": 59,
      "x_day1": 368,
      "x_day2": 678,
      "day_w": 309.5,
      "x_day0_time": 59,
      "x_day1_time": 351,
      "x_day2_time": 643,
      "day_w_time": 292.0,
      "x_plot_end": 935,
      "x1_static": 936,
      "x1_dyn": 935,
      "x1_dyn_used": true,