{
  "saved_at_utc": "2026-03-27T11:21:58.276305+00:00",
  "source": "tomsk_sos70_param_charts",
  "freq_max_hz": 40.0,
  "values": {
    "scale_ranges": {
      "F": {
        "F1": [
          7.2,
          8.4
        ],
        "F2": [
          13.1,
          14.5
        ],
        "F3": [
          18.6,
          20.2
        ],
        "F4": [
          24.1,
          26.5
        ]
      },
      "A": {
        "A1": [
          1.0,
          45.0
        ],
        "A2": [
          1.0,
          61.5
        ],
        "A3": [
          2.2,
          12.2
        ],
        "A4": [
          1.1,
          10.2
        ]
      },
      "Q": {
        "Q1": [
          4.0,
          38.0
        ],
        "Q2": [
          5.0,
          17.5
        ],
        "Q3": [
          7.0,
          23.0
        ],
        "Q4": [
          5.0,
          30.0
        ]
      }
    },
    "scale_units": {
      "F_hz": "Hz",
      "A_value": "idx",
      "Q_value": "idx"
    },
    "F_norm": {
      "F1": 0.11846689895470383,
      "F2": 0.2613240418118467,
      "F3": 0.5261324041811847,
      "F4": 0.6829268292682927
    },
    "F_y_px": {
      "F1": 69,
      "F2": 110,
      "F3": 186,
      "F4": 231
    },
    "F_lane_norm": {
      "F1": 0.49122807017543857,
      "F2": 0.11538461538461539,
      "F3": 0.6086956521739131,
      "F4": 0.5217391304347826
    },
    "F_hz": {
      "F1": 7.810526315789474,
      "F2": 14.338461538461539,
      "F3": 19.22608695652174,
      "F4": 25.247826086956522
    },
    "A_norm": {
      "A1": 0.3170731707317073,
      "A2": 0.5226480836236934,
      "A3": 0.6933797909407665,
      "A4": 0.9303135888501742
    },
    "A_y_px": {
      "A1": 126,
      "A2": 185,
      "A3": 234,
      "A4": 302
    },
    "A_lane_norm": {
      "A1": 0.9879518072289156,
      "A2": 0.9489795918367347,
      "A3": 0.8041237113402062,
      "A4": 0.7912087912087912
    },
    "A_value": {
      "A1": 1.5301204819277103,
      "A2": 4.0867346938775455,
      "A3": 4.158762886597938,
      "A4": 3.0
    },
    "Q_norm": {
      "Q1": 0.30313588850174217,
      "Q2": 0.5261324041811847,
      "Q3": 0.7247386759581882,
      "Q4": 0.9512195121951219
    },
    "Q_y_px": {
      "Q1": 122,
      "Q2": 186,
      "Q3": 243,
      "Q4": 308
    },
    "Q_lane_norm": {
      "Q1": 0.8202247191011236,
      "Q2": 0.845360824742268,
      "Q3": 0.8446601941747572,
      "Q4": 0.8470588235294118
    },
    "Q_value": {
      "Q1": 10.112359550561798,
      "Q2": 6.93298969072165,
      "Q3": 9.485436893203884,
      "Q4": 8.823529411764707
    }
  },
  "debug": {
    "F": {
      "x_day0": 59,
      "x_day1": 369,
      "x_day2": 679,
      "day_w": 310.0,
      "x_day0_time": 59,
      "x_day1_time": 351,
      "x_day2_time": 643,
      "day_w_time": 292.0,
      "x_plot_end": 935,
      "x1_static": 936,
      "x1_dyn": 935,
      "x1_dyn_used": true,
      "pph": 12.166666666666666,
      "pph_source": "day_width (tick-mismatch-fallback)",
      "pph_tick": 19.0,
      "tick_pph_rel_err": 0.5616438356164384,
      "tick_pph_valid": false,
      "tick_count": 50,
      "tick_quality": 0.6944444444444444,
      "tick_used": false,
      "x_frontier": 868,
      "frontier_method": "activity_scan",
      "frontier_activity_thr": 0.39153818488121034,
      "frontier_activity_right_tail": 0.07293538749217987,
      "frontier_activity_run_px": 8,
      "guard_px": 4,
      "left_guard": 645,
      "right_guard": 864,
      "x_time": 866,
      "x_ideal": 866,
      "x_now": 866,
      "x_now_method": "harmonized_pair_cluster",
      "hour_now_tsst": 18.366111111111113,
      "rollover_hour_min": 3.0,
      "rollover_hour_max": 8.5,
      "delta_min_to_guard": -9.863013698630137,
      "delta_min_to_frontier": 9.863013698630137,
      "frontier_day_fill": 0.7705479452054794,
      "rollover_candidate": false,
      "bias_minutes_applied": 0.0,
      "measured_bias_minutes": null,
      "age_hours": null,
      "status": "ok",
      "x_now_before_harmonize": 866,
      "x_pick": 865,
      "x_pick_edge": 866,
      "x_pick_safe_right": 923,
      "x_overlay": 866,
      "f1_path_x_range": [
        852,
        866
      ],
      "f1_path_target_col": 13,
      "f1_path_y_px": 60,
      "f4_path_x_range": [
        852,
        866
      ],
      "f4_path_target_col": 13,
      "f4_path_y_px": 231,
      "f1_path2_x_range": [
        856,
        866
      ],
      "f1_path2_target_col": 9,
      "f1_path2_y_px": 64,
      "f1_path2_y_direct_px": 44,
      "f1_path2_direct_used": false,
      "f1_path2_direct_allowed": false,
      "f1_path2_left_weight": 0.35,
      "f1_path2_right_weight": 1.0,
      "f2_path2_x_range": [
        856,
        866
      ],
      "f2_path2_target_col": 9,
      "f2_path2_y_px": 115,
      "f2_path2_y_direct_px": 138,
      "f2_path2_direct_used": false,
      "f2_path2_direct_allowed": false,
      "f2_path2_left_weight": 0.4,
      "f2_path2_right_weight": 1.0,
      "f4_path2_x_range": [
        856,
        866
      ],
      "f4_path2_target_col": 9,
      "f4_path2_y_px": 230,
      "f4_path2_y_direct_px": 230,
      "f4_path2_direct_used": false,
      "f4_path2_direct_allowed": false,
      "f4_path2_left_weight": 0.4,
      "f4_path2_right_weight": 1.0,
      "f1_local_snap_x": 866,
      "f1_local_snap_y_px": 69,
      "f1_local_snap_search_px": 8,
      "f1_local_snap_search_up_px": 4,
      "f1_local_snap_search_down_px": 12,
      "f1_local_snap_prefer_lower_weight": 0.02,
      "f3_local_snap_x": 866,
      "f3_local_snap_y_px": 187,
      "f3_local_snap_search_px": 6,
      "f3_local_snap_search_up_px": 6,
      "f3_local_snap_search_down_px": 6,
      "f3_local_snap_prefer_lower_weight": 0.0,
      "f4_local_snap_x": 866,
      "f4_local_snap_y_px": 231,
      "f4_local_snap_search_px": 8,
      "f4_local_snap_search_up_px": 6,
      "f4_local_snap_search_down_px": 14,
      "f4_local_snap_prefer_lower_weight": 0.05,
      "f2_local_snap_x": 866,
      "f2_local_snap_y_px": 110,
      "f2_local_snap_search_px": 8,
      "f2_local_snap_search_up_px": 14,
      "f2_local_snap_search_down_px": 2,
      "f2_local_snap_prefer_lower_weight": 0.0,
      "f2_consensus_x_range": [
        860,
        866
      ],
      "f2_consensus_y_px": 110,
      "f2_consensus_anchor_y_px": 110,
      "f2_consensus_seed_y_px": 111,
      "f2_consensus_support_cols": 5,
      "f2_consensus_support_ratio": 0.6858649322159468,
      "f2_consensus_jump_px": 0,
      "f2_consensus_tol_px": 5,
      "f2_consensus_reason": "accepted",
      "f2_consensus_applied": true,
      "f3_consensus_x_range": [
        860,
        866
      ],
      "f3_consensus_y_px": 186,
      "f3_consensus_anchor_y_px": 187,
      "f3_consensus_seed_y_px": 184,
      "f3_consensus_support_cols": 6,
      "f3_consensus_support_ratio": 0.8135808125472814,
      "f3_consensus_jump_px": 1,
      "f3_consensus_tol_px": 5,
      "f3_consensus_reason": "accepted",
      "f3_consensus_applied": true,
      "f4_consensus_x_range": [
        860,
        866
      ],
      "f4_consensus_y_px": 231,
      "f4_consensus_anchor_y_px": 231,
      "f4_consensus_seed_y_px": 230,
      "f4_consensus_support_cols": 7,
      "f4_consensus_support_ratio": 1.0,
      "f4_consensus_jump_px": 0,
      "f4_consensus_tol_px": 6,
      "f4_consensus_reason": "accepted",
      "f4_consensus_applied": true,
      "scale_ranges": {
        "F1": [
          7.2,
          8.4
        ],
        "F2": [
          13.1,
          14.5
        ],
        "F3": [
          18.6,
          20.2
        ],
        "F4": [
          24.1,
          26.5
        ]
      }
    },
    "A": {
      "x_day0": 59,
      "x_day1": 372,
      "x_day2": 684,
      "day_w": 312.5,
      "x_day0_time": 59,
      "x_day1_time": 351,
      "x_day2_time": 643,
      "day_w_time": 292.0,
      "x_plot_end": 935,
      "x1_static": 936,
      "x1_dyn": 935,