{
  "saved_at_utc": "2026-04-02T10:52:51.676479+00:00",
  "source": "tomsk_sos70_param_charts",
  "freq_max_hz": 40.0,
  "values": {
    "scale_ranges": {
      "F": {
        "F1": [
          7.2,
          8.4
        ],
        "F2": [
          13.1,
          14.5
        ],
        "F3": [
          18.6,
          20.2
        ],
        "F4": [
          24.1,
          26.5
        ]
      },
      "A": {
        "A1": [
          1.0,
          45.0
        ],
        "A2": [
          1.0,
          61.5
        ],
        "A3": [
          2.2,
          12.2
        ],
        "A4": [
          1.1,
          10.2
        ]
      },
      "Q": {
        "Q1": [
          4.0,
          38.0
        ],
        "Q2": [
          5.0,
          17.5
        ],
        "Q3": [
          7.0,
          23.0
        ],
        "Q4": [
          5.0,
          30.0
        ]
      }
    },
    "scale_units": {
      "F_hz": "Hz",
      "A_value": "idx",
      "Q_value": "idx"
    },
    "F_norm": {
      "F1": 0.04529616724738676,
      "F2": 0.3344947735191638,
      "F3": 0.43902439024390244,
      "F4": 0.6759581881533101
    },
    "F_y_px": {
      "F1": 48,
      "F2": 131,
      "F3": 161,
      "F4": 229
    },
    "F_lane_norm": {
      "F1": 0.12280701754385964,
      "F2": 0.5192307692307693,
      "F3": 0.06521739130434782,
      "F4": 0.4782608695652174
    },
    "F_hz": {
      "F1": 8.25263157894737,
      "F2": 13.773076923076923,
      "F3": 20.09565217391304,
      "F4": 25.35217391304348
    },
    "A_norm": {
      "A1": 0.25435540069686413,
      "A2": 0.4529616724738676,
      "A3": 0.662020905923345,
      "A4": 0.9094076655052264
    },
    "A_y_px": {
      "A1": 108,
      "A2": 165,
      "A3": 225,
      "A4": 296
    },
    "A_lane_norm": {
      "A1": 0.7710843373493976,
      "A2": 0.7448979591836735,
      "A3": 0.711340206185567,
      "A4": 0.7252747252747253
    },
    "A_value": {
      "A1": 11.072289156626503,
      "A2": 16.43367346938775,
      "A3": 5.086597938144329,
      "A4": 3.5999999999999996
    },
    "Q_norm": {
      "Q1": 0.3170731707317073,
      "Q2": 0.5052264808362369,
      "Q3": 0.7177700348432056,
      "Q4": 0.9581881533101045
    },
    "Q_y_px": {
      "Q1": 126,
      "Q2": 180,
      "Q3": 241,
      "Q4": 310
    },
    "Q_lane_norm": {
      "Q1": 0.8651685393258427,
      "Q2": 0.7835051546391752,
      "Q3": 0.8252427184466019,
      "Q4": 0.8705882352941177
    },
    "Q_value": {
      "Q1": 8.584269662921347,
      "Q2": 7.7061855670103085,
      "Q3": 9.79611650485437,
      "Q4": 8.235294117647058
    }
  },
  "debug": {
    "F": {
      "x_day0": 59,
      "x_day1": 381,
      "x_day2": 703,
      "day_w": 322.0,
      "x_day0_time": 59,
      "x_day1_time": 351,
      "x_day2_time": 643,
      "day_w_time": 292.0,
      "x_plot_end": 935,
      "x1_static": 936,
      "x1_dyn": 935,
      "x1_dyn_used": true,
      "pph": 12.166666666666666,
      "pph_source": "day_width (tick-mismatch-fallback)",
      "pph_tick": 19.0,
      "tick_pph_rel_err": 0.5616438356164384,
      "tick_pph_valid": false,
      "tick_count": 50,
      "tick_quality": 0.6944444444444444,
      "tick_used": false,
      "x_frontier": 855,
      "frontier_method": "activity_scan",
      "frontier_activity_thr": 0.36101001501083374,
      "frontier_activity_right_tail": 0.07862360030412674,
      "frontier_activity_run_px": 8,
      "guard_px": 4,
      "left_guard": 645,
      "right_guard": 851,
      "x_time": 861,
      "x_ideal": 861,
      "x_now": 861,
      "x_now_method": "ideal",
      "hour_now_tsst": 17.880833333333335,
      "rollover_hour_min": 3.0,
      "rollover_hour_max": 8.5,
      "delta_min_to_guard": -49.31506849315069,
      "delta_min_to_frontier": -29.589041095890412,
      "frontier_day_fill": 0.726027397260274,
      "rollover_candidate": false,
      "bias_minutes_applied": 0.0,
      "measured_bias_minutes": null,
      "age_hours": null,
      "status": "ok",
      "x_pick": 860,
      "x_pick_edge": 861,
      "x_pick_safe_right": 923,
      "x_overlay": 861,
      "f1_path_x_range": [
        847,
        861
      ],
      "f1_path_target_col": 13,
      "f1_path_y_px": 44,
      "f4_path_x_range": [
        847,
        861
      ],
      "f4_path_target_col": 13,
      "f4_path_y_px": 229,
      "f1_path2_x_range": [
        851,
        861
      ],
      "f1_path2_target_col": 9,
      "f1_path2_y_px": 44,
      "f1_path2_y_direct_px": 89,
      "f1_path2_direct_used": false,
      "f1_path2_direct_allowed": false,
      "f1_path2_left_weight": 0.35,
      "f1_path2_right_weight": 1.0,
      "f2_path2_x_range": [
        851,
        861
      ],
      "f2_path2_target_col": 9,
      "f2_path2_y_px": 141,
      "f2_path2_y_direct_px": 114,
      "f2_path2_direct_used": false,
      "f2_path2_direct_allowed": false,
      "f2_path2_left_weight": 0.4,
      "f2_path2_right_weight": 1.0,
      "f4_path2_x_range": [
        851,
        861
      ],
      "f4_path2_target_col": 9,
      "f4_path2_y_px": 229,
      "f4_path2_y_direct_px": 258,
      "f4_path2_direct_used": false,
      "f4_path2_direct_allowed": false,
      "f4_path2_left_weight": 0.4,
      "f4_path2_right_weight": 1.0,
      "f1_local_snap_x": 861,
      "f1_local_snap_y_px": 48,
      "f1_local_snap_search_px": 8,
      "f1_local_snap_search_up_px": 4,
      "f1_local_snap_search_down_px": 12,
      "f1_local_snap_prefer_lower_weight": 0.02,
      "f3_local_snap_x": 861,
      "f3_local_snap_y_px": 161,
      "f3_local_snap_search_px": 6,
      "f3_local_snap_search_up_px": 6,
      "f3_local_snap_search_down_px": 6,
      "f3_local_snap_prefer_lower_weight": 0.0,
      "f4_local_snap_x": 861,
      "f4_local_snap_y_px": 229,
      "f4_local_snap_search_px": 8,
      "f4_local_snap_search_up_px": 6,
      "f4_local_snap_search_down_px": 14,
      "f4_local_snap_prefer_lower_weight": 0.05,
      "f2_local_snap_x": 861,
      "f2_local_snap_y_px": 131,
      "f2_local_snap_search_px": 8,
      "f2_local_snap_search_up_px": 14,
      "f2_local_snap_search_down_px": 2,
      "f2_local_snap_prefer_lower_weight": 0.0,
      "f2_consensus_applied": false,
      "f2_consensus_x_range": [
        855,
        861
      ],
      "f2_consensus_y_px": 138,
      "f2_consensus_anchor_y_px": 131,
      "f2_consensus_seed_y_px": 141,
      "f2_consensus_support_cols": 4,
      "f2_consensus_support_ratio": 0.4687635261866974,
      "f2_consensus_jump_px": 7,
      "f2_consensus_tol_px": 5,
      "f2_consensus_reason": "low_support",
      "f3_consensus_applied": false,
      "f3_consensus_x_range": [
        855,
        861
      ],
      "f3_consensus_y_px": 199,
      "f3_consensus_anchor_y_px": 161,
      "f3_consensus_seed_y_px": 200,
      "f3_consensus_support_cols": 3,
      "f3_consensus_support_ratio": 0.5268958249248846,
      "f3_consensus_jump_px": 38,
      "f3_consensus_tol_px": 5,
      "f3_consensus_reason": "low_support",
      "f4_consensus_applied": false,
      "f4_consensus_x_range": [
        855,
        861
      ],
      "f4_consensus_y_px": 258,
      "f4_consensus_anchor_y_px": 229,
      "f4_consensus_seed_y_px": 252,
      "f4_consensus_support_cols": 3,
      "f4_consensus_support_ratio": 0.45879550070301517,
      "f4_consensus_jump_px": 29,
      "f4_consensus_tol_px": 6,
      "f4_consensus_reason": "low_support",
      "scale_ranges": {
        "F1": [
          7.2,
          8.4
        ],
        "F2": [
          13.1,
          14.5
        ],
        "F3": [
          18.6,
          20.2
        ],
        "F4": [
          24.1,
          26.5
        ]
      }
    },
    "A": {
      "x_day0": 59,
      "x_day1": 372,
      "x_day2": 684,
      "day_w": 312.5,
      "x_day0_time": 59,
      "x_day1_time": 351,
      "x_day2_time": 643,
      "day_w_time": 292.0,
      "x_plot_end": 935,
      "x1_static": 936,
      "x1_dyn": 935,
      "x1_dyn_used": true,