{
  "saved_at_utc": "2026-04-22T19:45:43.055216+00:00",
  "source": "tomsk_sos70_param_charts",
  "freq_max_hz": 40.0,
  "values": {
    "scale_ranges": {
      "F": {
        "F1": [
          7.2,
          8.4
        ],
        "F2": [
          13.1,
          14.5
        ],
        "F3": [
          18.6,
          20.2
        ],
        "F4": [
          24.1,
          26.5
        ]
      },
      "A": {
        "A1": [
          1.0,
          45.0
        ],
        "A2": [
          1.0,
          61.5
        ],
        "A3": [
          2.2,
          12.2
        ],
        "A4": [
          1.1,
          10.2
        ]
      },
      "Q": {
        "Q1": [
          4.0,
          38.0
        ],
        "Q2": [
          5.0,
          17.5
        ],
        "Q3": [
          7.0,
          23.0
        ],
        "Q4": [
          5.0,
          30.0
        ]
      }
    },
    "scale_units": {
      "F_hz": "Hz",
      "A_value": "idx",
      "Q_value": "idx"
    },
    "F_norm": {
      "F1": 0.0313588850174216,
      "F2": 0.40418118466898956,
      "F3": 0.4564459930313589,
      "F4": 0.7456445993031359
    },
    "F_y_px": {
      "F1": 44,
      "F2": 151,
      "F3": 166,
      "F4": 249
    },
    "F_lane_norm": {
      "F1": 0.05263157894736842,
      "F2": 0.9038461538461539,
      "F3": 0.17391304347826086,
      "F4": 0.9130434782608695
    },
    "F_hz": {
      "F1": 8.336842105263159,
      "F2": 13.234615384615385,
      "F3": 19.921739130434784,
      "F4": 24.308695652173913
    },
    "A_norm": {
      "A1": 0.2961672473867596,
      "A2": 0.49477351916376305,
      "A3": 0.7421602787456446,
      "A4": 0.9303135888501742
    },
    "A_y_px": {
      "A1": 120,
      "A2": 177,
      "A3": 248,
      "A4": 302
    },
    "A_lane_norm": {
      "A1": 0.9156626506024096,
      "A2": 0.8673469387755102,
      "A3": 0.9484536082474226,
      "A4": 0.7912087912087912
    },
    "A_value": {
      "A1": 4.710843373493979,
      "A2": 9.025510204081634,
      "A3": 2.7154639175257724,
      "A4": 3.0
    },
    "Q_norm": {
      "Q1": 0.28222996515679444,
      "Q2": 0.5087108013937283,
      "Q3": 0.5958188153310104,
      "Q4": 0.9547038327526133
    },
    "Q_y_px": {
      "Q1": 116,
      "Q2": 181,
      "Q3": 206,
      "Q4": 309
    },
    "Q_lane_norm": {
      "Q1": 0.7528089887640449,
      "Q2": 0.7938144329896907,
      "Q3": 0.4854368932038835,
      "Q4": 0.8588235294117647
    },
    "Q_value": {
      "Q1": 12.404494382022474,
      "Q2": 7.577319587628866,
      "Q3": 15.233009708737864,
      "Q4": 8.529411764705884
    }
  },
  "debug": {
    "F": {
      "x_day0": 59,
      "x_day1": 392,
      "x_day2": 726,
      "day_w": 333.5,
      "x_day0_time": 59,
      "x_day1_time": 351,
      "x_day2_time": 643,
      "day_w_time": 292.0,
      "x_plot_end": 935,
      "x1_static": 936,
      "x1_dyn": 935,
      "x1_dyn_used": true,
      "pph": 12.166666666666666,
      "pph_source": "day_width (tick-mismatch-fallback)",
      "pph_tick": 19.0,
      "tick_pph_rel_err": 0.5616438356164384,
      "tick_pph_valid": false,
      "tick_count": 50,
      "tick_quality": 0.6944444444444444,
      "tick_used": false,
      "x_frontier": 679,
      "frontier_method": "activity_scan",
      "frontier_activity_thr": 0.5143154740333556,
      "frontier_activity_right_tail": 0.17914779484272003,
      "frontier_activity_run_px": 8,
      "guard_px": 4,
      "left_guard": 645,
      "right_guard": 675,
      "x_time": 677,
      "x_ideal": 677,
      "x_now": 677,
      "x_now_method": "ideal",
      "hour_now_tsst": 2.7616666666666667,
      "rollover_hour_min": 3.0,
      "rollover_hour_max": 8.5,
      "delta_min_to_guard": -9.863013698630137,
      "delta_min_to_frontier": 9.863013698630137,
      "frontier_day_fill": 0.1232876712328767,
      "rollover_candidate": false,
      "bias_minutes_applied": 0.0,
      "measured_bias_minutes": null,
      "age_hours": null,
      "status": "ok",
      "x_pick": 676,
      "x_pick_edge": 677,
      "x_pick_safe_right": 923,
      "x_overlay": 677,
      "f1_path_x_range": [
        663,
        677
      ],
      "f1_path_target_col": 13,
      "f1_path_y_px": 90,
      "f4_path_x_range": [
        663,
        677
      ],
      "f4_path_target_col": 13,
      "f4_path_y_px": 259,
      "f1_path2_x_range": [
        667,
        677
      ],
      "f1_path2_target_col": 9,
      "f1_path2_y_px": 44,
      "f1_path2_y_direct_px": 96,
      "f1_path2_direct_used": false,
      "f1_path2_direct_allowed": false,
      "f1_path2_left_weight": 0.35,
      "f1_path2_right_weight": 1.0,
      "f2_path2_x_range": [
        667,
        677
      ],
      "f2_path2_target_col": 9,
      "f2_path2_y_px": 155,
      "f2_path2_y_direct_px": 156,
      "f2_path2_direct_used": false,
      "f2_path2_direct_allowed": false,
      "f2_path2_left_weight": 0.4,
      "f2_path2_right_weight": 1.0,
      "f4_path2_x_range": [
        667,
        677
      ],
      "f4_path2_target_col": 9,
      "f4_path2_y_px": 259,
      "f4_path2_y_direct_px": 250,
      "f4_path2_direct_used": false,
      "f4_path2_direct_allowed": false,
      "f4_path2_left_weight": 0.4,
      "f4_path2_right_weight": 1.0,
      "f1_local_snap_x": 677,
      "f1_local_snap_y_px": 44,
      "f1_local_snap_search_px": 8,
      "f1_local_snap_search_up_px": 4,
      "f1_local_snap_search_down_px": 12,
      "f1_local_snap_prefer_lower_weight": 0.02,
      "f3_local_snap_x": 677,
      "f3_local_snap_y_px": 162,
      "f3_local_snap_search_px": 6,
      "f3_local_snap_search_up_px": 6,
      "f3_local_snap_search_down_px": 6,
      "f3_local_snap_prefer_lower_weight": 0.0,
      "f4_local_snap_x": 677,
      "f4_local_snap_y_px": 253,
      "f4_local_snap_search_px": 8,
      "f4_local_snap_search_up_px": 6,
      "f4_local_snap_search_down_px": 14,
      "f4_local_snap_prefer_lower_weight": 0.05,
      "f2_local_snap_x": 677,
      "f2_local_snap_y_px": 151,
      "f2_local_snap_search_px": 8,
      "f2_local_snap_search_up_px": 14,
      "f2_local_snap_search_down_px": 2,
      "f2_local_snap_prefer_lower_weight": 0.0,
      "f2_consensus_applied": false,
      "f2_consensus_x_range": [
        671,
        677
      ],
      "f2_consensus_y_px": 152,
      "f2_consensus_anchor_y_px": 151,
      "f2_consensus_seed_y_px": 152,
      "f2_consensus_support_cols": 3,
      "f2_consensus_support_ratio": 0.44813551864481355,
      "f2_consensus_jump_px": 1,
      "f2_consensus_tol_px": 5,
      "f2_consensus_reason": "low_support",
      "f3_consensus_x_range": [
        671,
        677
      ],
      "f3_consensus_y_px": 166,
      "f3_consensus_anchor_y_px": 162,
      "f3_consensus_seed_y_px": 166,
      "f3_consensus_support_cols": 5,
      "f3_consensus_support_ratio": 0.6390498861519354,
      "f3_consensus_jump_px": 4,
      "f3_consensus_tol_px": 5,
      "f3_consensus_reason": "accepted",
      "f3_consensus_applied": true,
      "f4_consensus_x_range": [
        671,
        677
      ],
      "f4_consensus_y_px": 249,
      "f4_consensus_anchor_y_px": 253,
      "f4_consensus_seed_y_px": 252,
      "f4_consensus_support_cols": 4,
      "f4_consensus_support_ratio": 0.6315543754194508,
      "f4_consensus_jump_px": 4,
      "f4_consensus_tol_px": 6,
      "f4_consensus_reason": "accepted",
      "f4_consensus_applied": true,
      "scale_ranges": {
        "F1": [
          7.2,
          8.4
        ],
        "F2": [
          13.1,
          14.5
        ],
        "F3": [
          18.6,
          20.2
        ],
        "F4": [
          24.1,
          26.5
        ]
      }
    },
    "A": {
      "x_day0": 59,
      "x_day1": 372,
      "x_day2": 684,
      "day_w": 312.5,
      "x_day0_time": 59,
      "x_day1_time": 351,
      "x_day2_time": 643,
      "day_w_time": 292.0,
      "x_plot_end": 935,
      "x1_static": 936,
      "x1_dyn": 935,
      "x1_dyn_used": true,