{
  "saved_at_utc": "2026-06-12T18:25:30.943584+00:00",
  "source": "tomsk_sos70_param_charts",
  "freq_max_hz": 40.0,
  "values": {
    "scale_ranges": {
      "F": {
        "F1": [
          7.2,
          8.4
        ],
        "F2": [
          13.1,
          14.5
        ],
        "F3": [
          18.6,
          20.2
        ],
        "F4": [
          24.1,
          26.5
        ]
      },
      "A": {
        "A1": [
          1.0,
          45.0
        ],
        "A2": [
          1.0,
          61.5
        ],
        "A3": [
          2.2,
          12.2
        ],
        "A4": [
          1.1,
          10.2
        ]
      },
      "Q": {
        "Q1": [
          4.0,
          38.0
        ],
        "Q2": [
          5.0,
          17.5
        ],
        "Q3": [
          7.0,
          23.0
        ],
        "Q4": [
          5.0,
          30.0
        ]
      }
    },
    "scale_units": {
      "F_hz": "Hz",
      "A_value": "idx",
      "Q_value": "idx"
    },
    "F_norm": {
      "F1": 0.1986062717770035,
      "F2": 0.3310104529616725,
      "F3": 0.445993031358885,
      "F4": 0.7317073170731707
    },
    "F_y_px": {
      "F1": 92,
      "F2": 130,
      "F3": 163,
      "F4": 245
    },
    "F_lane_norm": {
      "F1": 0.8947368421052632,
      "F2": 0.5,
      "F3": 0.10869565217391304,
      "F4": 0.8260869565217391
    },
    "F_hz": {
      "F1": 7.326315789473684,
      "F2": 13.8,
      "F3": 20.026086956521738,
      "F4": 24.51739130434783
    },
    "A_norm": {
      "A1": 0.2857142857142857,
      "A2": 0.4843205574912892,
      "A3": 0.7142857142857143,
      "A4": 0.926829268292683
    },
    "A_y_px": {
      "A1": 117,
      "A2": 174,
      "A3": 240,
      "A4": 301
    },
    "A_lane_norm": {
      "A1": 0.8795180722891566,
      "A2": 0.8367346938775511,
      "A3": 0.865979381443299,
      "A4": 0.7802197802197802
    },
    "A_value": {
      "A1": 6.30120481927711,
      "A2": 10.877551020408163,
      "A3": 3.5402061855670084,
      "A4": 3.0999999999999996
    },
    "Q_norm": {
      "Q1": 0.30662020905923343,
      "Q2": 0.519163763066202,
      "Q3": 0.7282229965156795,
      "Q4": 0.9372822299651568
    },
    "Q_y_px": {
      "Q1": 123,
      "Q2": 184,
      "Q3": 244,
      "Q4": 304
    },
    "Q_lane_norm": {
      "Q1": 0.8314606741573034,
      "Q2": 0.8247422680412371,
      "Q3": 0.8543689320388349,
      "Q4": 0.8
    },
    "Q_value": {
      "Q1": 9.730337078651683,
      "Q2": 7.190721649484537,
      "Q3": 9.330097087378642,
      "Q4": 10.0
    }
  },
  "debug": {
    "F": {
      "x_day0": 59,
      "x_day1": 372,
      "x_day2": 684,
      "day_w": 312.5,
      "x_day0_time": 59,
      "x_day1_time": 351,
      "x_day2_time": 643,
      "day_w_time": 292.0,
      "x_plot_end": 935,
      "x1_static": 936,
      "x1_dyn": 935,
      "x1_dyn_used": true,
      "pph": 12.166666666666666,
      "pph_source": "day_width (tick-mismatch-fallback)",
      "pph_tick": 19.0,
      "tick_pph_rel_err": 0.5616438356164384,
      "tick_pph_valid": false,
      "tick_count": 50,
      "tick_quality": 0.6944444444444444,
      "tick_used": false,
      "x_frontier": 658,
      "frontier_method": "activity_scan",
      "frontier_activity_thr": 0.48049465417861936,
      "frontier_activity_right_tail": 0.2074226588010788,
      "frontier_activity_run_px": 8,
      "guard_px": 4,
      "left_guard": 645,
      "right_guard": 654,
      "x_time": 660,
      "x_ideal": 660,
      "x_now": 654,
      "x_now_method": "guard_invalid",
      "hour_now_tsst": 1.425,
      "rollover_hour_min": 3.0,
      "rollover_hour_max": 8.5,
      "delta_min_to_guard": -29.589041095890412,
      "delta_min_to_frontier": -9.863013698630137,
      "frontier_day_fill": 0.05136986301369863,
      "rollover_candidate": false,
      "bias_minutes_applied": 0.0,
      "measured_bias_minutes": null,
      "age_hours": null,
      "status": "no_recent_data",
      "x_pick": 653,
      "x_pick_edge": 654,
      "x_pick_safe_right": 923,
      "x_overlay": 654,
      "f1_path_x_range": [
        640,
        654
      ],
      "f1_path_target_col": 13,
      "f1_path_y_px": 70,
      "f4_path_x_range": [
        640,
        654
      ],
      "f4_path_target_col": 13,
      "f4_path_y_px": 250,
      "f1_path2_x_range": [
        644,
        654
      ],
      "f1_path2_target_col": 9,
      "f1_path2_y_px": 95,
      "f1_path2_y_direct_px": 95,
      "f1_path2_direct_used": false,
      "f1_path2_direct_allowed": false,
      "f1_path2_left_weight": 0.35,
      "f1_path2_right_weight": 1.0,
      "f2_path2_x_range": [
        644,
        654
      ],
      "f2_path2_target_col": 9,
      "f2_path2_y_px": 129,
      "f2_path2_y_direct_px": 126,
      "f2_path2_direct_used": false,
      "f2_path2_direct_allowed": false,
      "f2_path2_left_weight": 0.4,
      "f2_path2_right_weight": 1.0,
      "f4_path2_x_range": [
        644,
        654
      ],
      "f4_path2_target_col": 9,
      "f4_path2_y_px": 245,
      "f4_path2_y_direct_px": 244,
      "f4_path2_direct_used": false,
      "f4_path2_direct_allowed": false,
      "f4_path2_left_weight": 0.4,
      "f4_path2_right_weight": 1.0,
      "f1_local_snap_x": 654,
      "f1_local_snap_y_px": 92,
      "f1_local_snap_search_px": 8,
      "f1_local_snap_search_up_px": 4,
      "f1_local_snap_search_down_px": 12,
      "f1_local_snap_prefer_lower_weight": 0.02,
      "f3_local_snap_x": 654,
      "f3_local_snap_y_px": 162,
      "f3_local_snap_search_px": 6,
      "f3_local_snap_search_up_px": 6,
      "f3_local_snap_search_down_px": 6,
      "f3_local_snap_prefer_lower_weight": 0.0,
      "f4_local_snap_x": 654,
      "f4_local_snap_y_px": 243,
      "f4_local_snap_search_px": 8,
      "f4_local_snap_search_up_px": 6,
      "f4_local_snap_search_down_px": 14,
      "f4_local_snap_prefer_lower_weight": 0.05,
      "f2_local_snap_x": 654,
      "f2_local_snap_y_px": 119,
      "f2_local_snap_search_px": 8,
      "f2_local_snap_search_up_px": 14,
      "f2_local_snap_search_down_px": 2,
      "f2_local_snap_prefer_lower_weight": 0.0,
      "f2_consensus_x_range": [
        648,
        654
      ],
      "f2_consensus_y_px": 130,
      "f2_consensus_anchor_y_px": 119,
      "f2_consensus_seed_y_px": 131,
      "f2_consensus_support_cols": 6,
      "f2_consensus_support_ratio": 0.8134349843953336,
      "f2_consensus_jump_px": 11,
      "f2_consensus_tol_px": 5,
      "f2_consensus_reason": "accepted",
      "f2_consensus_applied": true,
      "f3_consensus_x_range": [
        648,
        654
      ],
      "f3_consensus_y_px": 163,
      "f3_consensus_anchor_y_px": 162,
      "f3_consensus_seed_y_px": 166,
      "f3_consensus_support_cols": 7,
      "f3_consensus_support_ratio": 1.0,
      "f3_consensus_jump_px": 1,
      "f3_consensus_tol_px": 5,
      "f3_consensus_reason": "accepted",
      "f3_consensus_applied": true,
      "f4_consensus_x_range": [
        648,
        654
      ],
      "f4_consensus_y_px": 245,
      "f4_consensus_anchor_y_px": 243,
      "f4_consensus_seed_y_px": 244,
      "f4_consensus_support_cols": 7,
      "f4_consensus_support_ratio": 1.0,
      "f4_consensus_jump_px": 2,
      "f4_consensus_tol_px": 6,
      "f4_consensus_reason": "accepted",
      "f4_consensus_applied": true,
      "scale_ranges": {
        "F1": [
          7.2,
          8.4
        ],
        "F2": [
          13.1,
          14.5
        ],
        "F3": [
          18.6,
          20.2
        ],
        "F4": [
          24.1,
          26.5
        ]
      }
    },
    "A": {
      "x_day0": 59,
      "x_day1": 372,
      "x_day2": 684,
      "day_w": 312.5,
      "x_day0_time": 59,
      "x_day1_time": 351,
      "x_day2_time": 643,
      "day_w_time": 292.0,
      "x_plot_end": 935,
      "x1_static": 936,
      "x1_dyn": 935,
      "x1_dyn_used": true,
      "pph": 12.166666666666666,
      "pph_source": "day_width (tick-mismatch-fallback)",