{
  "saved_at_utc": "2026-03-30T02:43:33.274234+00:00",
  "source": "tomsk_sos70_param_charts",
  "freq_max_hz": 40.0,
  "values": {
    "scale_ranges": {
      "F": {
        "F1": [
          7.2,
          8.4
        ],
        "F2": [
          13.1,
          14.5
        ],
        "F3": [
          18.6,
          20.2
        ],
        "F4": [
          24.1,
          26.5
        ]
      },
      "A": {
        "A1": [
          1.0,
          45.0
        ],
        "A2": [
          1.0,
          61.5
        ],
        "A3": [
          2.2,
          12.2
        ],
        "A4": [
          1.1,
          10.2
        ]
      },
      "Q": {
        "Q1": [
          4.0,
          38.0
        ],
        "Q2": [
          5.0,
          17.5
        ],
        "Q3": [
          7.0,
          23.0
        ],
        "Q4": [
          5.0,
          30.0
        ]
      }
    },
    "scale_units": {
      "F_hz": "Hz",
      "A_value": "idx",
      "Q_value": "idx"
    },
    "F_norm": {
      "F1": 0.11498257839721254,
      "F2": 0.3554006968641115,
      "F3": 0.4529616724738676,
      "F4": 0.6759581881533101
    },
    "F_y_px": {
      "F1": 68,
      "F2": 137,
      "F3": 165,
      "F4": 229
    },
    "F_lane_norm": {
      "F1": 0.47368421052631576,
      "F2": 0.6346153846153846,
      "F3": 0.15217391304347827,
      "F4": 0.4782608695652174
    },
    "F_hz": {
      "F1": 7.831578947368421,
      "F2": 13.611538461538462,
      "F3": 19.956521739130434,
      "F4": 25.35217391304348
    },
    "A_norm": {
      "A1": 0.2961672473867596,
      "A2": 0.47038327526132406,
      "A3": 0.7386759581881533,
      "A4": 0.9512195121951219
    },
    "A_y_px": {
      "A1": 120,
      "A2": 170,
      "A3": 247,
      "A4": 308
    },
    "A_lane_norm": {
      "A1": 0.9156626506024096,
      "A2": 0.7959183673469388,
      "A3": 0.9381443298969072,
      "A4": 0.8571428571428571
    },
    "A_value": {
      "A1": 4.710843373493979,
      "A2": 13.346938775510203,
      "A3": 2.8185567010309267,
      "A4": 2.4000000000000004
    },
    "Q_norm": {
      "Q1": 0.1986062717770035,
      "Q2": 0.3344947735191638,
      "Q3": 0.710801393728223,
      "Q4": 0.8885017421602788
    },
    "Q_y_px": {
      "Q1": 92,
      "Q2": 131,
      "Q3": 239,
      "Q4": 290
    },
    "Q_lane_norm": {
      "Q1": 0.48314606741573035,
      "Q2": 0.27835051546391754,
      "Q3": 0.8058252427184466,
      "Q4": 0.6352941176470588
    },
    "Q_value": {
      "Q1": 21.573033707865168,
      "Q2": 14.02061855670103,
      "Q3": 10.106796116504855,
      "Q4": 14.11764705882353
    }
  },
  "debug": {
    "F": {
      "x_day0": 59,
      "x_day1": 392,
      "x_day2": 726,
      "day_w": 333.5,
      "x_day0_time": 59,
      "x_day1_time": 351,
      "x_day2_time": 643,
      "day_w_time": 292.0,
      "x_plot_end": 935,
      "x1_static": 936,
      "x1_dyn": 935,
      "x1_dyn_used": true,
      "pph": 12.166666666666666,
      "pph_source": "day_width (tick-mismatch-fallback)",
      "pph_tick": 19.0,
      "tick_pph_rel_err": 0.5616438356164384,
      "tick_pph_valid": false,
      "tick_count": 50,
      "tick_quality": 0.6944444444444444,
      "tick_used": false,
      "x_frontier": 753,
      "frontier_method": "activity_scan",
      "frontier_activity_thr": 0.48358404040336606,
      "frontier_activity_right_tail": 0.18126043677330017,
      "frontier_activity_run_px": 8,
      "guard_px": 4,
      "left_guard": 645,
      "right_guard": 749,
      "x_time": 761,
      "x_ideal": 761,
      "x_now": 761,
      "x_now_method": "ideal",
      "hour_now_tsst": 9.725833333333334,
      "rollover_hour_min": 3.0,
      "rollover_hour_max": 8.5,
      "delta_min_to_guard": -59.178082191780824,
      "delta_min_to_frontier": -39.45205479452055,
      "frontier_day_fill": 0.3767123287671233,
      "rollover_candidate": false,
      "bias_minutes_applied": 0.0,
      "measured_bias_minutes": null,
      "age_hours": null,
      "status": "ok",
      "x_pick": 760,
      "x_pick_edge": 761,
      "x_pick_safe_right": 923,
      "x_overlay": 761,
      "f1_path_x_range": [
        747,
        761
      ],
      "f1_path_target_col": 13,
      "f1_path_y_px": 60,
      "f4_path_x_range": [
        747,
        761
      ],
      "f4_path_target_col": 13,
      "f4_path_y_px": 250,
      "f1_path2_x_range": [
        751,
        761
      ],
      "f1_path2_target_col": 9,
      "f1_path2_y_px": 60,
      "f1_path2_y_direct_px": 76,
      "f1_path2_direct_used": false,
      "f1_path2_direct_allowed": false,
      "f1_path2_left_weight": 0.35,
      "f1_path2_right_weight": 1.0,
      "f2_path2_x_range": [
        751,
        761
      ],
      "f2_path2_target_col": 9,
      "f2_path2_y_px": 129,
      "f2_path2_y_direct_px": 125,
      "f2_path2_direct_used": false,
      "f2_path2_direct_allowed": false,
      "f2_path2_left_weight": 0.4,
      "f2_path2_right_weight": 1.0,
      "f4_path2_x_range": [
        751,
        761
      ],
      "f4_path2_target_col": 9,
      "f4_path2_y_px": 250,
      "f4_path2_y_direct_px": 251,
      "f4_path2_direct_used": false,
      "f4_path2_direct_allowed": false,
      "f4_path2_left_weight": 0.4,
      "f4_path2_right_weight": 1.0,
      "f1_local_snap_x": 761,
      "f1_local_snap_y_px": 68,
      "f1_local_snap_search_px": 8,
      "f1_local_snap_search_up_px": 4,
      "f1_local_snap_search_down_px": 12,
      "f1_local_snap_prefer_lower_weight": 0.02,
      "f3_local_snap_x": 761,
      "f3_local_snap_y_px": 177,
      "f3_local_snap_search_px": 6,
      "f3_local_snap_search_up_px": 6,
      "f3_local_snap_search_down_px": 6,
      "f3_local_snap_prefer_lower_weight": 0.0,
      "f4_local_snap_x": 761,
      "f4_local_snap_y_px": 251,
      "f4_local_snap_search_px": 8,
      "f4_local_snap_search_up_px": 6,
      "f4_local_snap_search_down_px": 14,
      "f4_local_snap_prefer_lower_weight": 0.05,
      "f2_local_snap_x": 761,
      "f2_local_snap_y_px": 131,
      "f2_local_snap_search_px": 8,
      "f2_local_snap_search_up_px": 14,
      "f2_local_snap_search_down_px": 2,
      "f2_local_snap_prefer_lower_weight": 0.0,
      "f2_consensus_x_range": [
        755,
        761
      ],
      "f2_consensus_y_px": 137,
      "f2_consensus_anchor_y_px": 131,
      "f2_consensus_seed_y_px": 134,
      "f2_consensus_support_cols": 4,
      "f2_consensus_support_ratio": 0.5579923461878128,
      "f2_consensus_jump_px": 6,
      "f2_consensus_tol_px": 5,
      "f2_consensus_reason": "accepted",
      "f2_consensus_applied": true,
      "f3_consensus_x_range": [
        755,
        761
      ],
      "f3_consensus_y_px": 165,
      "f3_consensus_anchor_y_px": 177,
      "f3_consensus_seed_y_px": 164,
      "f3_consensus_support_cols": 5,
      "f3_consensus_support_ratio": 0.6903620195129515,
      "f3_consensus_jump_px": 12,
      "f3_consensus_tol_px": 5,
      "f3_consensus_reason": "accepted",
      "f3_consensus_applied": true,
      "f4_consensus_x_range": [
        755,
        761
      ],
      "f4_consensus_y_px": 229,
      "f4_consensus_anchor_y_px": 251,
      "f4_consensus_seed_y_px": 231,
      "f4_consensus_support_cols": 5,
      "f4_consensus_support_ratio": 0.7355143757761009,
      "f4_consensus_jump_px": 22,
      "f4_consensus_tol_px": 6,
      "f4_consensus_reason": "accepted",
      "f4_consensus_applied": true,
      "scale_ranges": {
        "F1": [
          7.2,
          8.4
        ],
        "F2": [
          13.1,
          14.5
        ],
        "F3": [
          18.6,
          20.2
        ],
        "F4": [
          24.1,
          26.5
        ]
      }
    },
    "A": {
      "x_day0": 59,
      "x_day1": 372,
      "x_day2": 685,
      "day_w": 313.0,
      "x_day0_time": 59,
      "x_day1_time": 351,
      "x_day2_time": 643,
      "day_w_time": 292.0,
      "x_plot_end": 935,
      "x1_static": 936,
      "x1_dyn": 935,
      "x1_dyn_used": true,