{
  "saved_at_utc": "2026-04-14T21:06:23.009066+00:00",
  "source": "tomsk_sos70_param_charts",
  "freq_max_hz": 40.0,
  "values": {
    "scale_ranges": {
      "F": {
        "F1": [
          7.2,
          8.4
        ],
        "F2": [
          13.1,
          14.5
        ],
        "F3": [
          18.6,
          20.2
        ],
        "F4": [
          24.1,
          26.5
        ]
      },
      "A": {
        "A1": [
          1.0,
          45.0
        ],
        "A2": [
          1.0,
          61.5
        ],
        "A3": [
          2.2,
          12.2
        ],
        "A4": [
          1.1,
          10.2
        ]
      },
      "Q": {
        "Q1": [
          4.0,
          38.0
        ],
        "Q2": [
          5.0,
          17.5
        ],
        "Q3": [
          7.0,
          23.0
        ],
        "Q4": [
          5.0,
          30.0
        ]
      }
    },
    "scale_units": {
      "F_hz": "Hz",
      "A_value": "idx",
      "Q_value": "idx"
    },
    "F_norm": {
      "F1": 0.024390243902439025,
      "F2": 0.313588850174216,
      "F3": 0.47735191637630664,
      "F4": 0.7909407665505227
    },
    "F_y_px": {
      "F1": 42,
      "F2": 125,
      "F3": 172,
      "F4": 262
    },
    "F_lane_norm": {
      "F1": 0.017543859649122806,
      "F2": 0.40384615384615385,
      "F3": 0.30434782608695654,
      "F4": 1.0
    },
    "F_hz": {
      "F1": 8.378947368421054,
      "F2": 13.934615384615384,
      "F3": 19.713043478260868,
      "F4": 24.1
    },
    "A_norm": {
      "A1": 0.3170731707317073,
      "A2": 0.5365853658536586,
      "A3": 0.7421602787456446,
      "A4": 0.9547038327526133
    },
    "A_y_px": {
      "A1": 126,
      "A2": 189,
      "A3": 248,
      "A4": 309
    },
    "A_lane_norm": {
      "A1": 0.9879518072289156,
      "A2": 0.9897959183673469,
      "A3": 0.9484536082474226,
      "A4": 0.8681318681318682
    },
    "A_value": {
      "A1": 1.5301204819277103,
      "A2": 1.617346938775512,
      "A3": 2.7154639175257724,
      "A4": 2.299999999999999
    },
    "Q_norm": {
      "Q1": 0.059233449477351915,
      "Q2": 0.3344947735191638,
      "Q3": 0.5679442508710801,
      "Q4": 0.8432055749128919
    },
    "Q_y_px": {
      "Q1": 52,
      "Q2": 131,
      "Q3": 198,
      "Q4": 277
    },
    "Q_lane_norm": {
      "Q1": 0.033707865168539325,
      "Q2": 0.27835051546391754,
      "Q3": 0.4077669902912621,
      "Q4": 0.4823529411764706
    },
    "Q_value": {
      "Q1": 36.853932584269664,
      "Q2": 14.02061855670103,
      "Q3": 16.475728155339805,
      "Q4": 17.941176470588236
    }
  },
  "debug": {
    "F": {
      "x_day0": 59,
      "x_day1": 392,
      "x_day2": 726,
      "day_w": 333.5,
      "x_day0_time": 59,
      "x_day1_time": 351,
      "x_day2_time": 643,
      "day_w_time": 292.0,
      "x_plot_end": 935,
      "x1_static": 936,
      "x1_dyn": 935,
      "x1_dyn_used": true,
      "pph": 12.166666666666666,
      "pph_source": "day_width (tick-mismatch-fallback)",
      "pph_tick": 19.0,
      "tick_pph_rel_err": 0.5616438356164384,
      "tick_pph_valid": false,
      "tick_count": 50,
      "tick_quality": 0.6944444444444444,
      "tick_used": false,
      "x_frontier": 697,
      "frontier_method": "activity_scan",
      "frontier_activity_thr": 0.48532931208610536,
      "frontier_activity_right_tail": 0.2036181390285492,
      "frontier_activity_run_px": 8,
      "guard_px": 4,
      "left_guard": 645,
      "right_guard": 693,
      "x_time": 693,
      "x_ideal": 693,
      "x_now": 693,
      "x_now_method": "harmonized_pair_cluster",
      "hour_now_tsst": 4.106111111111111,
      "rollover_hour_min": 3.0,
      "rollover_hour_max": 8.5,
      "delta_min_to_guard": 0.0,
      "delta_min_to_frontier": 19.726027397260275,
      "frontier_day_fill": 0.18493150684931506,
      "rollover_candidate": false,
      "bias_minutes_applied": 0.0,
      "measured_bias_minutes": null,
      "age_hours": null,
      "status": "ok",
      "x_now_before_harmonize": 693,
      "x_pick": 692,
      "x_pick_edge": 693,
      "x_pick_safe_right": 923,
      "x_overlay": 693,
      "f1_path_x_range": [
        679,
        693
      ],
      "f1_path_target_col": 13,
      "f1_path_y_px": 46,
      "f4_path_x_range": [
        679,
        693
      ],
      "f4_path_target_col": 13,
      "f4_path_y_px": 251,
      "f1_path2_x_range": [
        683,
        693
      ],
      "f1_path2_target_col": 9,
      "f1_path2_y_px": 46,
      "f1_path2_y_direct_px": 88,
      "f1_path2_direct_used": false,
      "f1_path2_direct_allowed": false,
      "f1_path2_left_weight": 0.35,
      "f1_path2_right_weight": 1.0,
      "f2_path2_x_range": [
        683,
        693
      ],
      "f2_path2_target_col": 9,
      "f2_path2_y_px": 125,
      "f2_path2_y_direct_px": 125,
      "f2_path2_direct_used": false,
      "f2_path2_direct_allowed": false,
      "f2_path2_left_weight": 0.4,
      "f2_path2_right_weight": 1.0,
      "f4_path2_x_range": [
        683,
        693
      ],
      "f4_path2_target_col": 9,
      "f4_path2_y_px": 251,
      "f4_path2_y_direct_px": 257,
      "f4_path2_direct_used": false,
      "f4_path2_direct_allowed": false,
      "f4_path2_left_weight": 0.4,
      "f4_path2_right_weight": 1.0,
      "f1_local_snap_x": 693,
      "f1_local_snap_y_px": 42,
      "f1_local_snap_search_px": 8,
      "f1_local_snap_search_up_px": 4,
      "f1_local_snap_search_down_px": 12,
      "f1_local_snap_prefer_lower_weight": 0.02,
      "f3_local_snap_x": 693,
      "f3_local_snap_y_px": 172,
      "f3_local_snap_search_px": 6,
      "f3_local_snap_search_up_px": 6,
      "f3_local_snap_search_down_px": 6,
      "f3_local_snap_prefer_lower_weight": 0.0,
      "f4_local_snap_x": 693,
      "f4_local_snap_y_px": 257,
      "f4_local_snap_search_px": 8,
      "f4_local_snap_search_up_px": 6,
      "f4_local_snap_search_down_px": 14,
      "f4_local_snap_prefer_lower_weight": 0.05,
      "f2_local_snap_x": 693,
      "f2_local_snap_y_px": 126,
      "f2_local_snap_search_px": 8,
      "f2_local_snap_search_up_px": 14,
      "f2_local_snap_search_down_px": 2,
      "f2_local_snap_prefer_lower_weight": 0.0,
      "f2_consensus_x_range": [
        687,
        693
      ],
      "f2_consensus_y_px": 125,
      "f2_consensus_anchor_y_px": 126,
      "f2_consensus_seed_y_px": 125,
      "f2_consensus_support_cols": 5,
      "f2_consensus_support_ratio": 0.6335907929371529,
      "f2_consensus_jump_px": 1,
      "f2_consensus_tol_px": 5,
      "f2_consensus_reason": "accepted",
      "f2_consensus_applied": true,
      "f3_consensus_x_range": [
        687,
        693
      ],
      "f3_consensus_y_px": 172,
      "f3_consensus_anchor_y_px": 172,
      "f3_consensus_seed_y_px": 172,
      "f3_consensus_support_cols": 5,
      "f3_consensus_support_ratio": 0.645215247821111,
      "f3_consensus_jump_px": 0,
      "f3_consensus_tol_px": 5,
      "f3_consensus_reason": "accepted",
      "f3_consensus_applied": true,
      "f4_consensus_x_range": [
        687,
        693
      ],
      "f4_consensus_y_px": 262,
      "f4_consensus_anchor_y_px": 257,
      "f4_consensus_seed_y_px": 258,
      "f4_consensus_support_cols": 7,
      "f4_consensus_support_ratio": 1.0,
      "f4_consensus_jump_px": 5,
      "f4_consensus_tol_px": 6,
      "f4_consensus_reason": "accepted",
      "f4_consensus_applied": true,
      "scale_ranges": {
        "F1": [
          7.2,
          8.4
        ],
        "F2": [
          13.1,
          14.5
        ],
        "F3": [
          18.6,
          20.2
        ],
        "F4": [
          24.1,
          26.5
        ]
      }
    },
    "A": {
      "x_day0": 59,
      "x_day1": 392,
      "x_day2": 726,
      "day_w": 333.5,
      "x_day0_time": 59,
      "x_day1_time": 351,
      "x_day2_time": 643,
      "day_w_time": 292.0,
      "x_plot_end": 935,
      "x1_static": 936,
      "x1_dyn": 935,
      "x1_dyn_used": true,