{
  "saved_at_utc": "2026-05-17T22:06:26.192975+00:00",
  "source": "tomsk_sos70_param_charts",
  "freq_max_hz": 40.0,
  "values": {
    "scale_ranges": {
      "F": {
        "F1": [
          7.2,
          8.4
        ],
        "F2": [
          13.1,
          14.5
        ],
        "F3": [
          18.6,
          20.2
        ],
        "F4": [
          24.1,
          26.5
        ]
      },
      "A": {
        "A1": [
          1.0,
          45.0
        ],
        "A2": [
          1.0,
          61.5
        ],
        "A3": [
          2.2,
          12.2
        ],
        "A4": [
          1.1,
          10.2
        ]
      },
      "Q": {
        "Q1": [
          4.0,
          38.0
        ],
        "Q2": [
          5.0,
          17.5
        ],
        "Q3": [
          7.0,
          23.0
        ],
        "Q4": [
          5.0,
          30.0
        ]
      }
    },
    "scale_units": {
      "F_hz": "Hz",
      "A_value": "idx",
      "Q_value": "idx"
    },
    "F_norm": {
      "F1": 0.08362369337979095,
      "F2": 0.33797909407665505,
      "F3": 0.45993031358885017,
      "F4": 0.8013937282229965
    },
    "F_y_px": {
      "F1": 59,
      "F2": 132,
      "F3": 167,
      "F4": 265
    },
    "F_lane_norm": {
      "F1": 0.3157894736842105,
      "F2": 0.5384615384615384,
      "F3": 0.1956521739130435,
      "F4": 1.0
    },
    "F_hz": {
      "F1": 8.021052631578948,
      "F2": 13.746153846153845,
      "F3": 19.88695652173913,
      "F4": 24.1
    },
    "A_norm": {
      "A1": 0.30662020905923343,
      "A2": 0.5296167247386759,
      "A3": 0.735191637630662,
      "A4": 0.9547038327526133
    },
    "A_y_px": {
      "A1": 123,
      "A2": 187,
      "A3": 246,
      "A4": 309
    },
    "A_lane_norm": {
      "A1": 0.9518072289156626,
      "A2": 0.9693877551020408,
      "A3": 0.9278350515463918,
      "A4": 0.8681318681318682
    },
    "A_value": {
      "A1": 3.1204819277108484,
      "A2": 2.852040816326536,
      "A3": 2.921649484536081,
      "A4": 2.299999999999999
    },
    "Q_norm": {
      "Q1": 0.313588850174216,
      "Q2": 0.4529616724738676,
      "Q3": 0.7177700348432056,
      "Q4": 0.818815331010453
    },
    "Q_y_px": {
      "Q1": 125,
      "Q2": 165,
      "Q3": 241,
      "Q4": 270
    },
    "Q_lane_norm": {
      "Q1": 0.8539325842696629,
      "Q2": 0.6288659793814433,
      "Q3": 0.8252427184466019,
      "Q4": 0.4
    },
    "Q_value": {
      "Q1": 8.966292134831463,
      "Q2": 9.63917525773196,
      "Q3": 9.79611650485437,
      "Q4": 20.0
    }
  },
  "debug": {
    "F": {
      "x_day0": 59,
      "x_day1": 392,
      "x_day2": 726,
      "day_w": 333.5,
      "x_day0_time": 59,
      "x_day1_time": 351,
      "x_day2_time": 643,
      "day_w_time": 292.0,
      "x_plot_end": 935,
      "x1_static": 936,
      "x1_dyn": 935,
      "x1_dyn_used": true,
      "pph": 12.166666666666666,
      "pph_source": "day_width (tick-mismatch-fallback)",
      "pph_tick": 19.0,
      "tick_pph_rel_err": 0.5616438356164384,
      "tick_pph_valid": false,
      "tick_count": 50,
      "tick_quality": 0.6944444444444444,
      "tick_used": false,
      "x_frontier": 703,
      "frontier_method": "activity_scan",
      "frontier_activity_thr": 0.49044920802116393,
      "frontier_activity_right_tail": 0.18192151188850403,
      "frontier_activity_run_px": 8,
      "guard_px": 4,
      "left_guard": 645,
      "right_guard": 699,
      "x_time": 705,
      "x_ideal": 705,
      "x_now": 705,
      "x_now_method": "harmonized_prefer_non_rollover",
      "hour_now_tsst": 5.107222222222222,
      "rollover_hour_min": 3.0,
      "rollover_hour_max": 8.5,
      "delta_min_to_guard": -29.589041095890412,
      "delta_min_to_frontier": -9.863013698630137,
      "frontier_day_fill": 0.2054794520547945,
      "rollover_candidate": false,
      "bias_minutes_applied": 0.0,
      "measured_bias_minutes": null,
      "age_hours": null,
      "status": "ok",
      "x_now_before_harmonize": 705,
      "x_pick": 704,
      "x_pick_edge": 705,
      "x_pick_safe_right": 923,
      "x_overlay": 705,
      "f1_path_x_range": [
        691,
        705
      ],
      "f1_path_target_col": 13,
      "f1_path_y_px": 58,
      "f4_path_x_range": [
        691,
        705
      ],
      "f4_path_target_col": 13,
      "f4_path_y_px": 230,
      "f1_path2_x_range": [
        695,
        705
      ],
      "f1_path2_target_col": 9,
      "f1_path2_y_px": 57,
      "f1_path2_y_direct_px": 57,
      "f1_path2_direct_used": false,
      "f1_path2_direct_allowed": false,
      "f1_path2_left_weight": 0.35,
      "f1_path2_right_weight": 1.0,
      "f2_path2_x_range": [
        695,
        705
      ],
      "f2_path2_target_col": 9,
      "f2_path2_y_px": 134,
      "f2_path2_y_direct_px": 135,
      "f2_path2_direct_used": false,
      "f2_path2_direct_allowed": false,
      "f2_path2_left_weight": 0.4,
      "f2_path2_right_weight": 1.0,
      "f4_path2_x_range": [
        695,
        705
      ],
      "f4_path2_target_col": 9,
      "f4_path2_y_px": 260,
      "f4_path2_y_direct_px": 230,
      "f4_path2_direct_used": false,
      "f4_path2_direct_allowed": false,
      "f4_path2_left_weight": 0.4,
      "f4_path2_right_weight": 1.0,
      "f1_local_snap_x": 705,
      "f1_local_snap_y_px": 59,
      "f1_local_snap_search_px": 8,
      "f1_local_snap_search_up_px": 4,
      "f1_local_snap_search_down_px": 12,
      "f1_local_snap_prefer_lower_weight": 0.02,
      "f3_local_snap_x": 705,
      "f3_local_snap_y_px": 166,
      "f3_local_snap_search_px": 6,
      "f3_local_snap_search_up_px": 6,
      "f3_local_snap_search_down_px": 6,
      "f3_local_snap_prefer_lower_weight": 0.0,
      "f4_local_snap_x": 705,
      "f4_local_snap_y_px": 256,
      "f4_local_snap_search_px": 8,
      "f4_local_snap_search_up_px": 6,
      "f4_local_snap_search_down_px": 14,
      "f4_local_snap_prefer_lower_weight": 0.05,
      "f2_local_snap_x": 705,
      "f2_local_snap_y_px": 131,
      "f2_local_snap_search_px": 8,
      "f2_local_snap_search_up_px": 14,
      "f2_local_snap_search_down_px": 2,
      "f2_local_snap_prefer_lower_weight": 0.0,
      "f2_consensus_x_range": [
        699,
        705
      ],
      "f2_consensus_y_px": 132,
      "f2_consensus_anchor_y_px": 131,
      "f2_consensus_seed_y_px": 132,
      "f2_consensus_support_cols": 5,
      "f2_consensus_support_ratio": 0.7283579223605466,
      "f2_consensus_jump_px": 1,
      "f2_consensus_tol_px": 5,
      "f2_consensus_reason": "accepted",
      "f2_consensus_applied": true,
      "f3_consensus_x_range": [
        699,
        705
      ],
      "f3_consensus_y_px": 167,
      "f3_consensus_anchor_y_px": 166,
      "f3_consensus_seed_y_px": 166,
      "f3_consensus_support_cols": 7,
      "f3_consensus_support_ratio": 1.0,
      "f3_consensus_jump_px": 1,
      "f3_consensus_tol_px": 5,
      "f3_consensus_reason": "accepted",
      "f3_consensus_applied": true,
      "f4_consensus_x_range": [
        699,
        705
      ],
      "f4_consensus_y_px": 265,
      "f4_consensus_anchor_y_px": 256,
      "f4_consensus_seed_y_px": 265,
      "f4_consensus_support_cols": 5,
      "f4_consensus_support_ratio": 0.6182354347652825,
      "f4_consensus_jump_px": 9,
      "f4_consensus_tol_px": 6,
      "f4_consensus_reason": "accepted",
      "f4_consensus_applied": true,
      "scale_ranges": {
        "F1": [
          7.2,
          8.4
        ],
        "F2": [
          13.1,
          14.5
        ],
        "F3": [
          18.6,
          20.2
        ],
        "F4": [
          24.1,
          26.5
        ]
      }
    },
    "A": {
      "x_day0": 59,
      "x_day1": 392,
      "x_day2": 726,
      "day_w": 333.5,
      "x_day0_time": 59,
      "x_day1_time": 351,
      "x_day2_time": 644,
      "day_w_time": 292.3333333333333,
      "x_plot_end": 936,
      "x1_static": 936,
      "x1_dyn": 977,
      "x1_dyn_used": false,