{
  "saved_at_utc": "2026-03-09T21:14:16.158746+00:00",
  "source": "tomsk_sos70_param_charts",
  "freq_max_hz": 40.0,
  "values": {
    "scale_ranges": {
      "F": {
        "F1": [
          7.2,
          8.4
        ],
        "F2": [
          13.1,
          14.5
        ],
        "F3": [
          18.6,
          20.2
        ],
        "F4": [
          24.1,
          26.5
        ]
      },
      "A": {
        "A1": [
          1.0,
          45.0
        ],
        "A2": [
          1.0,
          61.5
        ],
        "A3": [
          2.2,
          12.2
        ],
        "A4": [
          1.1,
          10.2
        ]
      },
      "Q": {
        "Q1": [
          4.0,
          38.0
        ],
        "Q2": [
          5.0,
          17.5
        ],
        "Q3": [
          7.0,
          23.0
        ],
        "Q4": [
          5.0,
          30.0
        ]
      }
    },
    "scale_units": {
      "F_hz": "Hz",
      "A_value": "idx",
      "Q_value": "idx"
    },
    "F_norm": {
      "F1": 0.11498257839721254,
      "F2": 0.27526132404181186,
      "F3": 0.445993031358885,
      "F4": 0.7526132404181185
    },
    "F_y_px": {
      "F1": 68,
      "F2": 114,
      "F3": 163,
      "F4": 251
    },
    "F_lane_norm": {
      "F1": 0.47368421052631576,
      "F2": 0.19230769230769232,
      "F3": 0.10869565217391304,
      "F4": 0.9565217391304348
    },
    "F_hz": {
      "F1": 7.831578947368421,
      "F2": 14.23076923076923,
      "F3": 20.026086956521738,
      "F4": 24.20434782608696
    },
    "A_norm": {
      "A1": 0.289198606271777,
      "A2": 0.5226480836236934,
      "A3": 0.7038327526132404,
      "A4": 0.89198606271777
    },
    "A_y_px": {
      "A1": 118,
      "A2": 185,
      "A3": 237,
      "A4": 291
    },
    "A_lane_norm": {
      "A1": 0.891566265060241,
      "A2": 0.9489795918367347,
      "A3": 0.8350515463917526,
      "A4": 0.6703296703296703
    },
    "A_value": {
      "A1": 5.7710843373494,
      "A2": 4.0867346938775455,
      "A3": 3.849484536082473,
      "A4": 4.1
    },
    "Q_norm": {
      "Q1": 0.30662020905923343,
      "Q2": 0.4843205574912892,
      "Q3": 0.7038327526132404,
      "Q4": 0.9547038327526133
    },
    "Q_y_px": {
      "Q1": 123,
      "Q2": 174,
      "Q3": 237,
      "Q4": 309
    },
    "Q_lane_norm": {
      "Q1": 0.8314606741573034,
      "Q2": 0.7216494845360825,
      "Q3": 0.7864077669902912,
      "Q4": 0.8588235294117647
    },
    "Q_value": {
      "Q1": 9.730337078651683,
      "Q2": 8.47938144329897,
      "Q3": 10.41747572815534,
      "Q4": 8.529411764705884
    }
  },
  "debug": {
    "F": {
      "x_day0": 59,
      "x_day1": 392,
      "x_day2": 726,
      "day_w": 333.5,
      "x_day0_time": 59,
      "x_day1_time": 351,
      "x_day2_time": 643,
      "day_w_time": 292.0,
      "x_plot_end": 935,
      "x1_static": 936,
      "x1_dyn": 935,
      "x1_dyn_used": true,
      "pph": 12.166666666666666,
      "pph_source": "day_width (tick-mismatch-fallback)",
      "pph_tick": 19.0,
      "tick_pph_rel_err": 0.5616438356164384,
      "tick_pph_valid": false,
      "tick_count": 50,
      "tick_quality": 0.6944444444444444,
      "tick_used": false,
      "x_frontier": 697,
      "frontier_method": "activity_scan",
      "frontier_activity_thr": 0.486458358168602,
      "frontier_activity_right_tail": 0.19870209693908691,
      "frontier_activity_run_px": 8,
      "guard_px": 4,
      "left_guard": 645,
      "right_guard": 693,
      "x_time": 695,
      "x_ideal": 695,
      "x_now": 693,
      "x_now_method": "harmonized_median",
      "hour_now_tsst": 4.2375,
      "rollover_hour_min": 3.0,
      "rollover_hour_max": 8.5,
      "delta_min_to_guard": -9.863013698630137,
      "frontier_day_fill": 0.18493150684931506,
      "rollover_candidate": false,
      "bias_minutes_applied": 0.0,
      "measured_bias_minutes": null,
      "age_hours": null,
      "status": "ok",
      "x_now_before_harmonize": 693,
      "x_pick": 692,
      "x_pick_edge": 693,
      "x_pick_safe_right": 923,
      "x_overlay": 693,
      "f1_path_x_range": [
        679,
        693
      ],
      "f1_path_target_col": 13,
      "f1_path_y_px": 70,
      "f4_path_x_range": [
        679,
        693
      ],
      "f4_path_target_col": 13,
      "f4_path_y_px": 256,
      "f1_path2_x_range": [
        683,
        693
      ],
      "f1_path2_target_col": 9,
      "f1_path2_y_px": 70,
      "f1_path2_y_direct_px": 71,
      "f1_path2_direct_used": false,
      "f1_path2_direct_allowed": false,
      "f1_path2_left_weight": 0.35,
      "f1_path2_right_weight": 1.0,
      "f2_path2_x_range": [
        683,
        693
      ],
      "f2_path2_target_col": 9,
      "f2_path2_y_px": 115,
      "f2_path2_y_direct_px": 116,
      "f2_path2_direct_used": false,
      "f2_path2_direct_allowed": false,
      "f2_path2_left_weight": 0.4,
      "f2_path2_right_weight": 1.0,
      "f4_path2_x_range": [
        683,
        693
      ],
      "f4_path2_target_col": 9,
      "f4_path2_y_px": 251,
      "f4_path2_y_direct_px": 250,
      "f4_path2_direct_used": false,
      "f4_path2_direct_allowed": false,
      "f4_path2_left_weight": 0.4,
      "f4_path2_right_weight": 1.0,
      "f1_local_snap_x": 693,
      "f1_local_snap_y_px": 68,
      "f1_local_snap_search_px": 8,
      "f1_local_snap_search_up_px": 4,
      "f1_local_snap_search_down_px": 12,
      "f1_local_snap_prefer_lower_weight": 0.02,
      "f3_local_snap_x": 693,
      "f3_local_snap_y_px": 163,
      "f3_local_snap_search_px": 6,
      "f3_local_snap_search_up_px": 6,
      "f3_local_snap_search_down_px": 6,
      "f3_local_snap_prefer_lower_weight": 0.0,
      "f4_local_snap_x": 693,
      "f4_local_snap_y_px": 251,
      "f4_local_snap_search_px": 8,
      "f4_local_snap_search_up_px": 6,
      "f4_local_snap_search_down_px": 14,
      "f4_local_snap_prefer_lower_weight": 0.05,
      "f2_local_snap_x": 693,
      "f2_local_snap_y_px": 114,
      "f2_local_snap_search_px": 8,
      "f2_local_snap_search_up_px": 14,
      "f2_local_snap_search_down_px": 2,
      "f2_local_snap_prefer_lower_weight": 0.0,
      "scale_ranges": {
        "F1": [
          7.2,
          8.4
        ],
        "F2": [
          13.1,
          14.5
        ],
        "F3": [
          18.6,
          20.2
        ],
        "F4": [
          24.1,
          26.5
        ]
      }
    },
    "A": {
      "x_day0": 59,
      "x_day1": 392,
      "x_day2": 726,
      "day_w": 333.5,
      "x_day0_time": 59,
      "x_day1_time": 351,
      "x_day2_time": 643,
      "day_w_time": 292.0,
      "x_plot_end": 935,
      "x1_static": 936,
      "x1_dyn": 935,
      "x1_dyn_used": true,
      "pph": 12.166666666666666,
      "pph_source": "day_width (tick-mismatch-fallback)",
      "pph_tick": 19.0,
      "tick_pph_rel_err": 0.5616438356164384,
      "tick_pph_valid": false,
      "tick_count": 50,
      "tick_quality": 0.6944444444444444,
      "tick_used": false,
      "x_frontier": 916,
      "frontier_method": "activity_scan",
      "frontier_activity_thr": 0.4174317181110382,
      "frontier_activity_right_tail": 0.2072116583585739,
      "frontier_activity_run_px": 8,
      "guard_px": 6,
      "left_guard": 645,
      "right_guard": 910,
      "x_time": 695,
      "x_ideal": 695,
      "x_now": 693,
      "x_now_method": "harmonized_median",
      "hour_now_tsst": 4.237777777777778,
      "rollover_hour_min": 3.0,
      "rollover_hour_max": 8.5,
      "delta_min_to_guard": 1060.2739726027398,
      "frontier_day_fill": 0.934931506849315,
      "rollover_candidate": true,
      "bias_minutes_applied": 0.0,
      "measured_bias_minutes": null,
      "age_hours": null,
      "status": "ok",
      "x_now_before_harmonize": 910,
      "x_pick": 689,
      "x_pick_safe_right": 911,
      "x_overlay": 689,
      "a2_path2_x_range": [
        679,
        689
      ],
      "a2_path2_target_col": 9,
      "a2_path2_y_px": 186,