{
  "saved_at_utc": "2026-05-27T00:13:20.539729+00:00",
  "source": "tomsk_sos70_param_charts",
  "freq_max_hz": 40.0,
  "values": {
    "scale_ranges": {
      "F": {
        "F1": [
          7.2,
          8.4
        ],
        "F2": [
          13.1,
          14.5
        ],
        "F3": [
          18.6,
          20.2
        ],
        "F4": [
          24.1,
          26.5
        ]
      },
      "A": {
        "A1": [
          1.0,
          45.0
        ],
        "A2": [
          1.0,
          61.5
        ],
        "A3": [
          2.2,
          12.2
        ],
        "A4": [
          1.1,
          10.2
        ]
      },
      "Q": {
        "Q1": [
          4.0,
          38.0
        ],
        "Q2": [
          5.0,
          17.5
        ],
        "Q3": [
          7.0,
          23.0
        ],
        "Q4": [
          5.0,
          30.0
        ]
      }
    },
    "scale_units": {
      "F_hz": "Hz",
      "A_value": "idx",
      "Q_value": "idx"
    },
    "F_norm": {
      "F1": 0.0313588850174216,
      "F2": 0.2613240418118467,
      "F3": 0.5574912891986062,
      "F4": 0.7735191637630662
    },
    "F_y_px": {
      "F1": 44,
      "F2": 110,
      "F3": 195,
      "F4": 257
    },
    "F_lane_norm": {
      "F1": 0.05263157894736842,
      "F2": 0.11538461538461539,
      "F3": 0.8043478260869565,
      "F4": 1.0
    },
    "F_hz": {
      "F1": 8.336842105263159,
      "F2": 14.338461538461539,
      "F3": 18.91304347826087,
      "F4": 24.1
    },
    "A_norm": {
      "A1": 0.28222996515679444,
      "A2": 0.445993031358885,
      "A3": 0.6933797909407665,
      "A4": 0.8954703832752613
    },
    "A_y_px": {
      "A1": 116,
      "A2": 163,
      "A3": 234,
      "A4": 292
    },
    "A_lane_norm": {
      "A1": 0.8674698795180723,
      "A2": 0.7244897959183674,
      "A3": 0.8041237113402062,
      "A4": 0.6813186813186813
    },
    "A_value": {
      "A1": 6.831325301204821,
      "A2": 17.668367346938773,
      "A3": 4.158762886597938,
      "A4": 3.999999999999999
    },
    "Q_norm": {
      "Q1": 0.2857142857142857,
      "Q2": 0.2613240418118467,
      "Q3": 0.7212543554006968,
      "Q4": 0.818815331010453
    },
    "Q_y_px": {
      "Q1": 117,
      "Q2": 110,
      "Q3": 242,
      "Q4": 270
    },
    "Q_lane_norm": {
      "Q1": 0.7640449438202247,
      "Q2": 0.061855670103092786,
      "Q3": 0.8349514563106796,
      "Q4": 0.4
    },
    "Q_value": {
      "Q1": 12.022471910112362,
      "Q2": 16.72680412371134,
      "Q3": 9.640776699029127,
      "Q4": 20.0
    }
  },
  "debug": {
    "F": {
      "x_day0": 59,
      "x_day1": 394,
      "x_day2": 729,
      "day_w": 335.0,
      "x_day0_time": 59,
      "x_day1_time": 351,
      "x_day2_time": 643,
      "day_w_time": 292.0,
      "x_plot_end": 935,
      "x1_static": 936,
      "x1_dyn": 935,
      "x1_dyn_used": true,
      "pph": 12.166666666666666,
      "pph_source": "day_width (tick-mismatch-fallback)",
      "pph_tick": 19.0,
      "tick_pph_rel_err": 0.5616438356164384,
      "tick_pph_valid": false,
      "tick_count": 50,
      "tick_quality": 0.6944444444444444,
      "tick_used": false,
      "x_frontier": 725,
      "frontier_method": "activity_scan",
      "frontier_activity_thr": 0.4881910145282745,
      "frontier_activity_right_tail": 0.1861991435289383,
      "frontier_activity_run_px": 8,
      "guard_px": 4,
      "left_guard": 645,
      "right_guard": 721,
      "x_time": 731,
      "x_ideal": 731,
      "x_now": 731,
      "x_now_method": "harmonized_prefer_non_rollover",
      "hour_now_tsst": 7.222222222222222,
      "rollover_hour_min": 3.0,
      "rollover_hour_max": 8.5,
      "delta_min_to_guard": -49.31506849315069,
      "delta_min_to_frontier": -29.589041095890412,
      "frontier_day_fill": 0.2808219178082192,
      "rollover_candidate": false,
      "bias_minutes_applied": 0.0,
      "measured_bias_minutes": null,
      "age_hours": null,
      "status": "ok",
      "x_now_before_harmonize": 731,
      "x_pick": 730,
      "x_pick_edge": 731,
      "x_pick_safe_right": 923,
      "x_overlay": 731,
      "f1_path_x_range": [
        717,
        731
      ],
      "f1_path_target_col": 13,
      "f1_path_y_px": 43,
      "f4_path_x_range": [
        717,
        731
      ],
      "f4_path_target_col": 13,
      "f4_path_y_px": 251,
      "f1_path2_x_range": [
        721,
        731
      ],
      "f1_path2_target_col": 9,
      "f1_path2_y_px": 44,
      "f1_path2_y_direct_px": 44,
      "f1_path2_direct_used": false,
      "f1_path2_direct_allowed": false,
      "f1_path2_left_weight": 0.35,
      "f1_path2_right_weight": 1.0,
      "f2_path2_x_range": [
        721,
        731
      ],
      "f2_path2_target_col": 9,
      "f2_path2_y_px": 116,
      "f2_path2_y_direct_px": 118,
      "f2_path2_direct_used": false,
      "f2_path2_direct_allowed": false,
      "f2_path2_left_weight": 0.4,
      "f2_path2_right_weight": 1.0,
      "f4_path2_x_range": [
        721,
        731
      ],
      "f4_path2_target_col": 9,
      "f4_path2_y_px": 251,
      "f4_path2_y_direct_px": 240,
      "f4_path2_direct_used": false,
      "f4_path2_direct_allowed": false,
      "f4_path2_left_weight": 0.4,
      "f4_path2_right_weight": 1.0,
      "f1_local_snap_x": 731,
      "f1_local_snap_y_px": 44,
      "f1_local_snap_search_px": 8,
      "f1_local_snap_search_up_px": 4,
      "f1_local_snap_search_down_px": 12,
      "f1_local_snap_prefer_lower_weight": 0.02,
      "f3_local_snap_x": 731,
      "f3_local_snap_y_px": 195,
      "f3_local_snap_search_px": 6,
      "f3_local_snap_search_up_px": 6,
      "f3_local_snap_search_down_px": 6,
      "f3_local_snap_prefer_lower_weight": 0.0,
      "f4_local_snap_x": 731,
      "f4_local_snap_y_px": 251,
      "f4_local_snap_search_px": 8,
      "f4_local_snap_search_up_px": 6,
      "f4_local_snap_search_down_px": 14,
      "f4_local_snap_prefer_lower_weight": 0.05,
      "f2_local_snap_x": 731,
      "f2_local_snap_y_px": 110,
      "f2_local_snap_search_px": 8,
      "f2_local_snap_search_up_px": 14,
      "f2_local_snap_search_down_px": 2,
      "f2_local_snap_prefer_lower_weight": 0.0,
      "f2_consensus_applied": false,
      "f2_consensus_x_range": [
        725,
        731
      ],
      "f2_consensus_y_px": 110,
      "f2_consensus_anchor_y_px": 110,
      "f2_consensus_seed_y_px": 110,
      "f2_consensus_support_cols": 4,
      "f2_consensus_support_ratio": 0.454853603497276,
      "f2_consensus_jump_px": 0,
      "f2_consensus_tol_px": 5,
      "f2_consensus_reason": "low_support",
      "f3_consensus_applied": false,
      "f3_consensus_x_range": [
        725,
        731
      ],
      "f3_consensus_y_px": 161,
      "f3_consensus_anchor_y_px": 195,
      "f3_consensus_seed_y_px": 161,
      "f3_consensus_support_cols": 4,
      "f3_consensus_support_ratio": 0.5145904608573154,
      "f3_consensus_jump_px": 34,
      "f3_consensus_tol_px": 5,
      "f3_consensus_reason": "low_support",
      "f4_consensus_x_range": [
        725,
        731
      ],
      "f4_consensus_y_px": 257,
      "f4_consensus_anchor_y_px": 251,
      "f4_consensus_seed_y_px": 257,
      "f4_consensus_support_cols": 5,
      "f4_consensus_support_ratio": 0.7122783735521705,
      "f4_consensus_jump_px": 6,
      "f4_consensus_tol_px": 6,
      "f4_consensus_reason": "accepted",
      "f4_consensus_applied": true,
      "scale_ranges": {
        "F1": [
          7.2,
          8.4
        ],
        "F2": [
          13.1,
          14.5
        ],
        "F3": [
          18.6,
          20.2
        ],
        "F4": [
          24.1,
          26.5
        ]
      }
    },
    "A": {
      "x_day0": 59,
      "x_day1": 392,
      "x_day2": 726,
      "day_w": 333.5,
      "x_day0_time": 59,
      "x_day1_time": 351,
      "x_day2_time": 643,
      "day_w_time": 292.0,
      "x_plot_end": 935,
      "x1_static": 936,
      "x1_dyn": 935,
      "x1_dyn_used": true,