{
  "saved_at_utc": "2026-05-05T20:32:09.710483+00:00",
  "source": "tomsk_sos70_param_charts",
  "freq_max_hz": 40.0,
  "values": {
    "scale_ranges": {
      "F": {
        "F1": [
          7.2,
          8.4
        ],
        "F2": [
          13.1,
          14.5
        ],
        "F3": [
          18.6,
          20.2
        ],
        "F4": [
          24.1,
          26.5
        ]
      },
      "A": {
        "A1": [
          1.0,
          45.0
        ],
        "A2": [
          1.0,
          61.5
        ],
        "A3": [
          2.2,
          12.2
        ],
        "A4": [
          1.1,
          10.2
        ]
      },
      "Q": {
        "Q1": [
          4.0,
          38.0
        ],
        "Q2": [
          5.0,
          17.5
        ],
        "Q3": [
          7.0,
          23.0
        ],
        "Q4": [
          5.0,
          30.0
        ]
      }
    },
    "scale_units": {
      "F_hz": "Hz",
      "A_value": "idx",
      "Q_value": "idx"
    },
    "F_norm": {
      "F1": 0.0313588850174216,
      "F2": 0.44947735191637633,
      "F3": 0.4878048780487805,
      "F4": 0.8013937282229965
    },
    "F_y_px": {
      "F1": 44,
      "F2": 164,
      "F3": 175,
      "F4": 265
    },
    "F_lane_norm": {
      "F1": 0.05263157894736842,
      "F2": 1.0,
      "F3": 0.3695652173913043,
      "F4": 1.0
    },
    "F_hz": {
      "F1": 8.336842105263159,
      "F2": 13.1,
      "F3": 19.608695652173914,
      "F4": 24.1
    },
    "A_norm": {
      "A1": 0.2787456445993031,
      "A2": 0.47735191637630664,
      "A3": 0.6933797909407665,
      "A4": 0.9059233449477352
    },
    "A_y_px": {
      "A1": 115,
      "A2": 172,
      "A3": 234,
      "A4": 295
    },
    "A_lane_norm": {
      "A1": 0.8554216867469879,
      "A2": 0.8163265306122449,
      "A3": 0.8041237113402062,
      "A4": 0.7142857142857143
    },
    "A_value": {
      "A1": 7.361445783132531,
      "A2": 12.11224489795918,
      "A3": 4.158762886597938,
      "A4": 3.6999999999999993
    },
    "Q_norm": {
      "Q1": 0.2857142857142857,
      "Q2": 0.49477351916376305,
      "Q3": 0.7212543554006968,
      "Q4": 0.7491289198606271
    },
    "Q_y_px": {
      "Q1": 117,
      "Q2": 177,
      "Q3": 242,
      "Q4": 250
    },
    "Q_lane_norm": {
      "Q1": 0.7640449438202247,
      "Q2": 0.7525773195876289,
      "Q3": 0.8349514563106796,
      "Q4": 0.16470588235294117
    },
    "Q_value": {
      "Q1": 12.022471910112362,
      "Q2": 8.092783505154639,
      "Q3": 9.640776699029127,
      "Q4": 25.88235294117647
    }
  },
  "debug": {
    "F": {
      "x_day0": 59,
      "x_day1": 392,
      "x_day2": 726,
      "day_w": 333.5,
      "x_day0_time": 59,
      "x_day1_time": 351,
      "x_day2_time": 643,
      "day_w_time": 292.0,
      "x_plot_end": 935,
      "x1_static": 936,
      "x1_dyn": 935,
      "x1_dyn_used": true,
      "pph": 12.166666666666666,
      "pph_source": "day_width (tick-mismatch-fallback)",
      "pph_tick": 19.0,
      "tick_pph_rel_err": 0.5616438356164384,
      "tick_pph_valid": false,
      "tick_count": 50,
      "tick_quality": 0.6944444444444444,
      "tick_used": false,
      "x_frontier": 687,
      "frontier_method": "activity_scan",
      "frontier_activity_thr": 0.47587567269802095,
      "frontier_activity_right_tail": 0.17951853573322296,
      "frontier_activity_run_px": 8,
      "guard_px": 4,
      "left_guard": 645,
      "right_guard": 683,
      "x_time": 686,
      "x_ideal": 686,
      "x_now": 686,
      "x_now_method": "harmonized_prefer_non_rollover",
      "hour_now_tsst": 3.535833333333333,
      "rollover_hour_min": 3.0,
      "rollover_hour_max": 8.5,
      "delta_min_to_guard": -14.794520547945206,
      "delta_min_to_frontier": 4.931506849315069,
      "frontier_day_fill": 0.1506849315068493,
      "rollover_candidate": false,
      "bias_minutes_applied": 0.0,
      "measured_bias_minutes": null,
      "age_hours": null,
      "status": "ok",
      "x_now_before_harmonize": 686,
      "x_pick": 685,
      "x_pick_edge": 686,
      "x_pick_safe_right": 923,
      "x_overlay": 686,
      "f1_path_x_range": [
        672,
        686
      ],
      "f1_path_target_col": 13,
      "f1_path_y_px": 43,
      "f4_path_x_range": [
        672,
        686
      ],
      "f4_path_target_col": 13,
      "f4_path_y_px": 251,
      "f1_path2_x_range": [
        676,
        686
      ],
      "f1_path2_target_col": 9,
      "f1_path2_y_px": 44,
      "f1_path2_y_direct_px": 44,
      "f1_path2_direct_used": false,
      "f1_path2_direct_allowed": false,
      "f1_path2_left_weight": 0.35,
      "f1_path2_right_weight": 1.0,
      "f2_path2_x_range": [
        676,
        686
      ],
      "f2_path2_target_col": 9,
      "f2_path2_y_px": 150,
      "f2_path2_y_direct_px": 140,
      "f2_path2_direct_used": false,
      "f2_path2_direct_allowed": false,
      "f2_path2_left_weight": 0.4,
      "f2_path2_right_weight": 1.0,
      "f4_path2_x_range": [
        676,
        686
      ],
      "f4_path2_target_col": 9,
      "f4_path2_y_px": 251,
      "f4_path2_y_direct_px": 252,
      "f4_path2_direct_used": false,
      "f4_path2_direct_allowed": false,
      "f4_path2_left_weight": 0.4,
      "f4_path2_right_weight": 1.0,
      "f1_local_snap_x": 686,
      "f1_local_snap_y_px": 44,
      "f1_local_snap_search_px": 8,
      "f1_local_snap_search_up_px": 4,
      "f1_local_snap_search_down_px": 12,
      "f1_local_snap_prefer_lower_weight": 0.02,
      "f3_local_snap_x": 686,
      "f3_local_snap_y_px": 175,
      "f3_local_snap_search_px": 6,
      "f3_local_snap_search_up_px": 6,
      "f3_local_snap_search_down_px": 6,
      "f3_local_snap_prefer_lower_weight": 0.0,
      "f4_local_snap_x": 686,
      "f4_local_snap_y_px": 251,
      "f4_local_snap_search_px": 8,
      "f4_local_snap_search_up_px": 6,
      "f4_local_snap_search_down_px": 14,
      "f4_local_snap_prefer_lower_weight": 0.05,
      "f2_local_snap_x": 686,
      "f2_local_snap_y_px": 150,
      "f2_local_snap_search_px": 8,
      "f2_local_snap_search_up_px": 14,
      "f2_local_snap_search_down_px": 2,
      "f2_local_snap_prefer_lower_weight": 0.0,
      "f2_consensus_x_range": [
        680,
        686
      ],
      "f2_consensus_y_px": 164,
      "f2_consensus_anchor_y_px": 150,
      "f2_consensus_seed_y_px": 164,
      "f2_consensus_support_cols": 5,
      "f2_consensus_support_ratio": 0.7644726407613005,
      "f2_consensus_jump_px": 14,
      "f2_consensus_tol_px": 5,
      "f2_consensus_reason": "accepted",
      "f2_consensus_applied": true,
      "f3_consensus_applied": false,
      "f3_consensus_x_range": [
        680,
        686
      ],
      "f3_consensus_y_px": 204,
      "f3_consensus_anchor_y_px": 175,
      "f3_consensus_seed_y_px": 204,
      "f3_consensus_support_cols": 4,
      "f3_consensus_support_ratio": 0.5675529206969603,
      "f3_consensus_jump_px": 29,
      "f3_consensus_tol_px": 5,
      "f3_consensus_reason": "excessive_jump",
      "f4_consensus_x_range": [
        680,
        686
      ],
      "f4_consensus_y_px": 265,
      "f4_consensus_anchor_y_px": 251,
      "f4_consensus_seed_y_px": 265,
      "f4_consensus_support_cols": 6,
      "f4_consensus_support_ratio": 0.798165321972932,
      "f4_consensus_jump_px": 14,
      "f4_consensus_tol_px": 6,
      "f4_consensus_reason": "accepted",
      "f4_consensus_applied": true,
      "scale_ranges": {
        "F1": [
          7.2,
          8.4
        ],
        "F2": [
          13.1,
          14.5
        ],
        "F3": [
          18.6,
          20.2
        ],
        "F4": [
          24.1,
          26.5
        ]
      }
    },
    "A": {
      "x_day0": 59,
      "x_day1": 392,
      "x_day2": 726,
      "day_w": 333.5,
      "x_day0_time": 59,
      "x_day1_time": 351,
      "x_day2_time": 644,
      "day_w_time": 292.3333333333333,
      "x_plot_end": 936,
      "x1_static": 936,
      "x1_dyn": 977,