{
  "saved_at_utc": "2026-05-08T06:55:26.426401+00:00",
  "source": "tomsk_sos70_param_charts",
  "freq_max_hz": 40.0,
  "values": {
    "scale_ranges": {
      "F": {
        "F1": [
          7.2,
          8.4
        ],
        "F2": [
          13.1,
          14.5
        ],
        "F3": [
          18.6,
          20.2
        ],
        "F4": [
          24.1,
          26.5
        ]
      },
      "A": {
        "A1": [
          1.0,
          45.0
        ],
        "A2": [
          1.0,
          61.5
        ],
        "A3": [
          2.2,
          12.2
        ],
        "A4": [
          1.1,
          10.2
        ]
      },
      "Q": {
        "Q1": [
          4.0,
          38.0
        ],
        "Q2": [
          5.0,
          17.5
        ],
        "Q3": [
          7.0,
          23.0
        ],
        "Q4": [
          5.0,
          30.0
        ]
      }
    },
    "scale_units": {
      "F_hz": "Hz",
      "A_value": "idx",
      "Q_value": "idx"
    },
    "F_norm": {
      "F1": 0.05226480836236934,
      "F2": 0.30313588850174217,
      "F3": 0.4425087108013937,
      "F4": 0.7142857142857143
    },
    "F_y_px": {
      "F1": 50,
      "F2": 122,
      "F3": 162,
      "F4": 240
    },
    "F_lane_norm": {
      "F1": 0.15789473684210525,
      "F2": 0.34615384615384615,
      "F3": 0.08695652173913043,
      "F4": 0.717391304347826
    },
    "F_hz": {
      "F1": 8.210526315789474,
      "F2": 14.015384615384615,
      "F3": 20.06086956521739,
      "F4": 24.77826086956522
    },
    "A_norm": {
      "A1": 0.31010452961672474,
      "A2": 0.4843205574912892,
      "A3": 0.7038327526132404,
      "A4": 0.9512195121951219
    },
    "A_y_px": {
      "A1": 124,
      "A2": 174,
      "A3": 237,
      "A4": 308
    },
    "A_lane_norm": {
      "A1": 0.963855421686747,
      "A2": 0.8367346938775511,
      "A3": 0.8350515463917526,
      "A4": 0.8571428571428571
    },
    "A_value": {
      "A1": 2.590361445783131,
      "A2": 10.877551020408163,
      "A3": 3.849484536082473,
      "A4": 2.4000000000000004
    },
    "Q_norm": {
      "Q1": 0.2578397212543554,
      "Q2": 0.4146341463414634,
      "Q3": 0.7177700348432056,
      "Q4": 0.9581881533101045
    },
    "Q_y_px": {
      "Q1": 109,
      "Q2": 154,
      "Q3": 241,
      "Q4": 310
    },
    "Q_lane_norm": {
      "Q1": 0.6741573033707865,
      "Q2": 0.5154639175257731,
      "Q3": 0.8252427184466019,
      "Q4": 0.8705882352941177
    },
    "Q_value": {
      "Q1": 15.078651685393258,
      "Q2": 11.056701030927837,
      "Q3": 9.79611650485437,
      "Q4": 8.235294117647058
    }
  },
  "debug": {
    "F": {
      "x_day0": 59,
      "x_day1": 393,
      "x_day2": 727,
      "day_w": 334.0,
      "x_day0_time": 59,
      "x_day1_time": 351,
      "x_day2_time": 643,
      "day_w_time": 292.0,
      "x_plot_end": 935,
      "x1_static": 936,
      "x1_dyn": 935,
      "x1_dyn_used": true,
      "pph": 12.166666666666666,
      "pph_source": "day_width (tick-mismatch-fallback)",
      "pph_tick": 19.0,
      "tick_pph_rel_err": 0.5616438356164384,
      "tick_pph_valid": false,
      "tick_count": 50,
      "tick_quality": 0.6944444444444444,
      "tick_used": false,
      "x_frontier": 916,
      "frontier_method": "activity_scan",
      "frontier_activity_thr": 0.412974202632904,
      "frontier_activity_right_tail": 0.14804980158805847,
      "frontier_activity_run_px": 8,
      "guard_px": 4,
      "left_guard": 645,
      "right_guard": 912,
      "x_time": 812,
      "x_ideal": 812,
      "x_now": 812,
      "x_now_method": "ideal",
      "hour_now_tsst": 13.923888888888888,
      "rollover_hour_min": 3.0,
      "rollover_hour_max": 8.5,
      "delta_min_to_guard": 493.15068493150693,
      "delta_min_to_frontier": 512.8767123287671,
      "frontier_day_fill": 0.934931506849315,
      "rollover_candidate": false,
      "bias_minutes_applied": 0.0,
      "measured_bias_minutes": null,
      "age_hours": null,
      "status": "ok",
      "x_pick": 811,
      "x_pick_edge": 812,
      "x_pick_safe_right": 923,
      "x_overlay": 812,
      "f1_path_x_range": [
        798,
        812
      ],
      "f1_path_target_col": 13,
      "f1_path_y_px": 51,
      "f4_path_x_range": [
        798,
        812
      ],
      "f4_path_target_col": 13,
      "f4_path_y_px": 250,
      "f1_path2_x_range": [
        802,
        812
      ],
      "f1_path2_target_col": 9,
      "f1_path2_y_px": 51,
      "f1_path2_y_direct_px": 55,
      "f1_path2_direct_used": false,
      "f1_path2_direct_allowed": false,
      "f1_path2_left_weight": 0.35,
      "f1_path2_right_weight": 1.0,
      "f2_path2_x_range": [
        802,
        812
      ],
      "f2_path2_target_col": 9,
      "f2_path2_y_px": 113,
      "f2_path2_y_direct_px": 151,
      "f2_path2_direct_used": false,
      "f2_path2_direct_allowed": false,
      "f2_path2_left_weight": 0.4,
      "f2_path2_right_weight": 1.0,
      "f4_path2_x_range": [
        802,
        812
      ],
      "f4_path2_target_col": 9,
      "f4_path2_y_px": 239,
      "f4_path2_y_direct_px": 243,
      "f4_path2_direct_used": false,
      "f4_path2_direct_allowed": false,
      "f4_path2_left_weight": 0.4,
      "f4_path2_right_weight": 1.0,
      "f1_local_snap_x": 812,
      "f1_local_snap_y_px": 50,
      "f1_local_snap_search_px": 8,
      "f1_local_snap_search_up_px": 4,
      "f1_local_snap_search_down_px": 12,
      "f1_local_snap_prefer_lower_weight": 0.02,
      "f3_local_snap_x": 812,
      "f3_local_snap_y_px": 162,
      "f3_local_snap_search_px": 6,
      "f3_local_snap_search_up_px": 6,
      "f3_local_snap_search_down_px": 6,
      "f3_local_snap_prefer_lower_weight": 0.0,
      "f4_local_snap_x": 812,
      "f4_local_snap_y_px": 242,
      "f4_local_snap_search_px": 8,
      "f4_local_snap_search_up_px": 6,
      "f4_local_snap_search_down_px": 14,
      "f4_local_snap_prefer_lower_weight": 0.05,
      "f2_local_snap_x": 812,
      "f2_local_snap_y_px": 112,
      "f2_local_snap_search_px": 8,
      "f2_local_snap_search_up_px": 14,
      "f2_local_snap_search_down_px": 2,
      "f2_local_snap_prefer_lower_weight": 0.0,
      "f2_consensus_x_range": [
        806,
        812
      ],
      "f2_consensus_y_px": 122,
      "f2_consensus_anchor_y_px": 112,
      "f2_consensus_seed_y_px": 118,
      "f2_consensus_support_cols": 5,
      "f2_consensus_support_ratio": 0.8055130905808006,
      "f2_consensus_jump_px": 10,
      "f2_consensus_tol_px": 5,
      "f2_consensus_reason": "accepted",
      "f2_consensus_applied": true,
      "f3_consensus_applied": false,
      "f3_consensus_x_range": [
        806,
        812
      ],
      "f3_consensus_y_px": 162,
      "f3_consensus_anchor_y_px": 162,
      "f3_consensus_seed_y_px": 165,
      "f3_consensus_support_cols": 3,
      "f3_consensus_support_ratio": 0.43080304042955697,
      "f3_consensus_jump_px": 0,
      "f3_consensus_tol_px": 5,
      "f3_consensus_reason": "low_support",
      "f4_consensus_x_range": [
        806,
        812
      ],
      "f4_consensus_y_px": 240,
      "f4_consensus_anchor_y_px": 242,
      "f4_consensus_seed_y_px": 237,
      "f4_consensus_support_cols": 7,
      "f4_consensus_support_ratio": 1.0,
      "f4_consensus_jump_px": 2,
      "f4_consensus_tol_px": 6,
      "f4_consensus_reason": "accepted",
      "f4_consensus_applied": true,
      "scale_ranges": {
        "F1": [
          7.2,
          8.4
        ],
        "F2": [
          13.1,
          14.5
        ],
        "F3": [
          18.6,
          20.2
        ],
        "F4": [
          24.1,
          26.5
        ]
      }
    },
    "A": {
      "x_day0": 59,
      "x_day1": 372,
      "x_day2": 684,
      "day_w": 312.5,
      "x_day0_time": 59,
      "x_day1_time": 351,
      "x_day2_time": 643,
      "day_w_time": 292.0,
      "x_plot_end": 935,
      "x1_static": 936,
      "x1_dyn": 935,
      "x1_dyn_used": true,