{
  "saved_at_utc": "2026-03-12T13:33:52.663029+00:00",
  "source": "tomsk_sos70_param_charts",
  "freq_max_hz": 40.0,
  "values": {
    "scale_ranges": {
      "F": {
        "F1": [
          7.2,
          8.4
        ],
        "F2": [
          13.1,
          14.5
        ],
        "F3": [
          18.6,
          20.2
        ],
        "F4": [
          24.1,
          26.5
        ]
      },
      "A": {
        "A1": [
          1.0,
          45.0
        ],
        "A2": [
          1.0,
          61.5
        ],
        "A3": [
          2.2,
          12.2
        ],
        "A4": [
          1.1,
          10.2
        ]
      },
      "Q": {
        "Q1": [
          4.0,
          38.0
        ],
        "Q2": [
          5.0,
          17.5
        ],
        "Q3": [
          7.0,
          23.0
        ],
        "Q4": [
          5.0,
          30.0
        ]
      }
    },
    "scale_units": {
      "F_hz": "Hz",
      "A_value": "idx",
      "Q_value": "idx"
    },
    "F_norm": {
      "F1": 0.1986062717770035,
      "F2": 0.37630662020905925,
      "F3": 0.49825783972125437,
      "F4": 0.686411149825784
    },
    "F_y_px": {
      "F1": 92,
      "F2": 143,
      "F3": 178,
      "F4": 232
    },
    "F_lane_norm": {
      "F1": 0.8947368421052632,
      "F2": 0.75,
      "F3": 0.43478260869565216,
      "F4": 0.5434782608695652
    },
    "F_hz": {
      "F1": 7.326315789473684,
      "F2": 13.45,
      "F3": 19.504347826086956,
      "F4": 25.195652173913043
    },
    "A_norm": {
      "A1": 0.1254355400696864,
      "A2": 0.4738675958188153,
      "A3": 0.7282229965156795,
      "A4": 0.9616724738675958
    },
    "A_y_px": {
      "A1": 71,
      "A2": 171,
      "A3": 244,
      "A4": 311
    },
    "A_lane_norm": {
      "A1": 0.3253012048192771,
      "A2": 0.8061224489795918,
      "A3": 0.9072164948453608,
      "A4": 0.8901098901098901
    },
    "A_value": {
      "A1": 30.686746987951807,
      "A2": 12.729591836734691,
      "A3": 3.1278350515463913,
      "A4": 2.0999999999999996
    },
    "Q_norm": {
      "Q1": 0.1289198606271777,
      "Q2": 0.3310104529616725,
      "Q3": 0.6376306620209059,
      "Q4": 0.8885017421602788
    },
    "Q_y_px": {
      "Q1": 72,
      "Q2": 130,
      "Q3": 218,
      "Q4": 290
    },
    "Q_lane_norm": {
      "Q1": 0.25842696629213485,
      "Q2": 0.26804123711340205,
      "Q3": 0.6019417475728155,
      "Q4": 0.6352941176470588
    },
    "Q_value": {
      "Q1": 29.213483146067414,
      "Q2": 14.149484536082474,
      "Q3": 13.368932038834952,
      "Q4": 14.11764705882353
    }
  },
  "debug": {
    "F": {
      "x_day0": 59,
      "x_day1": 390,
      "x_day2": 721,
      "day_w": 331.0,
      "x_day0_time": 59,
      "x_day1_time": 351,
      "x_day2_time": 643,
      "day_w_time": 292.0,
      "x_plot_end": 935,
      "x1_static": 936,
      "x1_dyn": 935,
      "x1_dyn_used": true,
      "pph": 12.166666666666666,
      "pph_source": "day_width (tick-mismatch-fallback)",
      "pph_tick": 19.0,
      "tick_pph_rel_err": 0.5616438356164384,
      "tick_pph_valid": false,
      "tick_count": 50,
      "tick_quality": 0.6944444444444444,
      "tick_used": false,
      "x_frontier": 894,
      "frontier_method": "activity_scan",
      "frontier_activity_thr": 0.3666922807693481,
      "frontier_activity_right_tail": 0.0673736035823822,
      "frontier_activity_run_px": 8,
      "guard_px": 4,
      "left_guard": 645,
      "right_guard": 890,
      "x_time": 893,
      "x_ideal": 893,
      "x_now": 893,
      "x_now_method": "ideal",
      "hour_now_tsst": 20.564444444444444,
      "rollover_hour_min": 3.0,
      "rollover_hour_max": 8.5,
      "delta_min_to_guard": -14.794520547945206,
      "delta_min_to_frontier": 4.931506849315069,
      "frontier_day_fill": 0.8595890410958904,
      "rollover_candidate": false,
      "bias_minutes_applied": 0.0,
      "measured_bias_minutes": null,
      "age_hours": null,
      "status": "ok",
      "x_pick": 892,
      "x_pick_edge": 893,
      "x_pick_safe_right": 923,
      "x_overlay": 893,
      "f1_path_x_range": [
        879,
        893
      ],
      "f1_path_target_col": 13,
      "f1_path_y_px": 70,
      "f4_path_x_range": [
        879,
        893
      ],
      "f4_path_target_col": 13,
      "f4_path_y_px": 250,
      "f1_path2_x_range": [
        883,
        893
      ],
      "f1_path2_target_col": 9,
      "f1_path2_y_px": 90,
      "f1_path2_y_direct_px": 90,
      "f1_path2_direct_used": false,
      "f1_path2_direct_allowed": false,
      "f1_path2_left_weight": 0.35,
      "f1_path2_right_weight": 1.0,
      "f2_path2_x_range": [
        883,
        893
      ],
      "f2_path2_target_col": 9,
      "f2_path2_y_px": 150,
      "f2_path2_y_direct_px": 154,
      "f2_path2_direct_used": false,
      "f2_path2_direct_allowed": false,
      "f2_path2_left_weight": 0.4,
      "f2_path2_right_weight": 1.0,
      "f4_path2_x_range": [
        883,
        893
      ],
      "f4_path2_target_col": 9,
      "f4_path2_y_px": 231,
      "f4_path2_y_direct_px": 224,
      "f4_path2_direct_used": false,
      "f4_path2_direct_allowed": false,
      "f4_path2_left_weight": 0.4,
      "f4_path2_right_weight": 1.0,
      "f1_local_snap_x": 893,
      "f1_local_snap_y_px": 92,
      "f1_local_snap_search_px": 8,
      "f1_local_snap_search_up_px": 4,
      "f1_local_snap_search_down_px": 12,
      "f1_local_snap_prefer_lower_weight": 0.02,
      "f3_local_snap_x": 893,
      "f3_local_snap_y_px": 178,
      "f3_local_snap_search_px": 6,
      "f3_local_snap_search_up_px": 6,
      "f3_local_snap_search_down_px": 6,
      "f3_local_snap_prefer_lower_weight": 0.0,
      "f4_local_snap_x": 893,
      "f4_local_snap_y_px": 232,
      "f4_local_snap_search_px": 8,
      "f4_local_snap_search_up_px": 6,
      "f4_local_snap_search_down_px": 14,
      "f4_local_snap_prefer_lower_weight": 0.05,
      "f2_local_snap_x": 893,
      "f2_local_snap_y_px": 143,
      "f2_local_snap_search_px": 8,
      "f2_local_snap_search_up_px": 14,
      "f2_local_snap_search_down_px": 2,
      "f2_local_snap_prefer_lower_weight": 0.0,
      "scale_ranges": {
        "F1": [
          7.2,
          8.4
        ],
        "F2": [
          13.1,
          14.5
        ],
        "F3": [
          18.6,
          20.2
        ],
        "F4": [
          24.1,
          26.5
        ]
      }
    },
    "A": {
      "x_day0": 59,
      "x_day1": 356,
      "x_day2": 654,
      "day_w": 297.5,
      "x_day0_time": 59,
      "x_day1_time": 351,
      "x_day2_time": 644,
      "day_w_time": 292.3333333333333,
      "x_plot_end": 936,
      "x1_static": 936,
      "x1_dyn": 977,
      "x1_dyn_used": false,
      "pph": 12.180555555555555,
      "pph_source": "day_width (tick-mismatch-fallback)",
      "pph_tick": 19.0,
      "tick_pph_rel_err": 0.5598631698973775,
      "tick_pph_valid": false,
      "tick_count": 50,
      "tick_quality": 0.6944444444444444,
      "tick_used": false,
      "x_frontier": 935,
      "frontier_method": "activity_scan",
      "frontier_activity_thr": 0.307723169028759,
      "frontier_activity_right_tail": 0.2724458575248718,
      "frontier_activity_run_px": 8,
      "guard_px": 6,
      "left_guard": 646,
      "right_guard": 929,
      "x_time": 894,
      "x_ideal": 894,
      "x_now": 894,
      "x_now_method": "ideal",
      "hour_now_tsst": 20.564444444444444,
      "rollover_hour_min": 3.0,
      "rollover_hour_max": 8.5,
      "delta_min_to_guard": 172.405929304447,
      "delta_min_to_frontier": 201.96123147092362,
      "frontier_day_fill": 0.9954389965792475,
      "rollover_candidate": false,
      "bias_minutes_applied": 0.0,
      "measured_bias_minutes": null,
      "age_hours": null,
      "status": "ok",
      "x_pick": 890,
      "x_pick_safe_right": 912,
      "x_overlay": 890,
      "a2_path2_x_range": [
        880,
        890
      ],
      "a2_path2_target_col": 9,