{
  "saved_at_utc": "2026-06-07T01:26:23.116292+00:00",
  "source": "tomsk_sos70_param_charts",
  "freq_max_hz": 40.0,
  "values": {
    "scale_ranges": {
      "F": {
        "F1": [
          7.2,
          8.4
        ],
        "F2": [
          13.1,
          14.5
        ],
        "F3": [
          18.6,
          20.2
        ],
        "F4": [
          24.1,
          26.5
        ]
      },
      "A": {
        "A1": [
          1.0,
          45.0
        ],
        "A2": [
          1.0,
          61.5
        ],
        "A3": [
          2.2,
          12.2
        ],
        "A4": [
          1.1,
          10.2
        ]
      },
      "Q": {
        "Q1": [
          4.0,
          38.0
        ],
        "Q2": [
          5.0,
          17.5
        ],
        "Q3": [
          7.0,
          23.0
        ],
        "Q4": [
          5.0,
          30.0
        ]
      }
    },
    "scale_units": {
      "F_hz": "Hz",
      "A_value": "idx",
      "Q_value": "idx"
    },
    "F_norm": {
      "F1": 0.059233449477351915,
      "F2": 0.40069686411149824,
      "F3": 0.5156794425087108,
      "F4": 0.7456445993031359
    },
    "F_y_px": {
      "F1": 52,
      "F2": 150,
      "F3": 183,
      "F4": 249
    },
    "F_lane_norm": {
      "F1": 0.19298245614035087,
      "F2": 0.8846153846153846,
      "F3": 0.5434782608695652,
      "F4": 0.9130434782608695
    },
    "F_hz": {
      "F1": 8.16842105263158,
      "F2": 13.26153846153846,
      "F3": 19.330434782608695,
      "F4": 24.308695652173913
    },
    "A_norm": {
      "A1": 0.1986062717770035,
      "A2": 0.44947735191637633,
      "A3": 0.6306620209059234,
      "A4": 0.8257839721254355
    },
    "A_y_px": {
      "A1": 92,
      "A2": 164,
      "A3": 216,
      "A4": 272
    },
    "A_lane_norm": {
      "A1": 0.5783132530120482,
      "A2": 0.7346938775510204,
      "A3": 0.6185567010309279,
      "A4": 0.46153846153846156
    },
    "A_value": {
      "A1": 19.55421686746988,
      "A2": 17.05102040816326,
      "A3": 6.014432989690721,
      "A4": 5.999999999999999
    },
    "Q_norm": {
      "Q1": 0.25435540069686413,
      "Q2": 0.4843205574912892,
      "Q3": 0.5121951219512195,
      "Q4": 0.8222996515679443
    },
    "Q_y_px": {
      "Q1": 108,
      "Q2": 174,
      "Q3": 182,
      "Q4": 271
    },
    "Q_lane_norm": {
      "Q1": 0.6629213483146067,
      "Q2": 0.7216494845360825,
      "Q3": 0.2524271844660194,
      "Q4": 0.4117647058823529
    },
    "Q_value": {
      "Q1": 15.460674157303373,
      "Q2": 8.47938144329897,
      "Q3": 18.96116504854369,
      "Q4": 19.705882352941178
    }
  },
  "debug": {
    "F": {
      "x_day0": 59,
      "x_day1": 386,
      "x_day2": 714,
      "day_w": 327.5,
      "x_day0_time": 59,
      "x_day1_time": 351,
      "x_day2_time": 643,
      "day_w_time": 292.0,
      "x_plot_end": 935,
      "x1_static": 936,
      "x1_dyn": 935,
      "x1_dyn_used": true,
      "pph": 12.166666666666666,
      "pph_source": "day_width (tick-mismatch-fallback)",
      "pph_tick": 19.0,
      "tick_pph_rel_err": 0.5616438356164384,
      "tick_pph_valid": false,
      "tick_count": 50,
      "tick_quality": 0.6944444444444444,
      "tick_used": false,
      "x_frontier": 747,
      "frontier_method": "activity_scan",
      "frontier_activity_thr": 0.499410343170166,
      "frontier_activity_right_tail": 0.21566066145896912,
      "frontier_activity_run_px": 8,
      "guard_px": 4,
      "left_guard": 645,
      "right_guard": 743,
      "x_time": 746,
      "x_ideal": 746,
      "x_now": 746,
      "x_now_method": "harmonized_prefer_non_rollover",
      "hour_now_tsst": 8.439444444444444,
      "rollover_hour_min": 3.0,
      "rollover_hour_max": 8.5,
      "delta_min_to_guard": -14.794520547945206,
      "delta_min_to_frontier": 4.931506849315069,
      "frontier_day_fill": 0.3561643835616438,
      "rollover_candidate": false,
      "bias_minutes_applied": 0.0,
      "measured_bias_minutes": null,
      "age_hours": null,
      "status": "ok",
      "x_now_before_harmonize": 746,
      "x_pick": 745,
      "x_pick_edge": 746,
      "x_pick_safe_right": 923,
      "x_overlay": 746,
      "f1_path_x_range": [
        732,
        746
      ],
      "f1_path_target_col": 13,
      "f1_path_y_px": 44,
      "f4_path_x_range": [
        732,
        746
      ],
      "f4_path_target_col": 13,
      "f4_path_y_px": 249,
      "f1_path2_x_range": [
        736,
        746
      ],
      "f1_path2_target_col": 9,
      "f1_path2_y_px": 44,
      "f1_path2_y_direct_px": 69,
      "f1_path2_direct_used": false,
      "f1_path2_direct_allowed": false,
      "f1_path2_left_weight": 0.35,
      "f1_path2_right_weight": 1.0,
      "f2_path2_x_range": [
        736,
        746
      ],
      "f2_path2_target_col": 9,
      "f2_path2_y_px": 150,
      "f2_path2_y_direct_px": 131,
      "f2_path2_direct_used": false,
      "f2_path2_direct_allowed": false,
      "f2_path2_left_weight": 0.4,
      "f2_path2_right_weight": 1.0,
      "f4_path2_x_range": [
        736,
        746
      ],
      "f4_path2_target_col": 9,
      "f4_path2_y_px": 249,
      "f4_path2_y_direct_px": 250,
      "f4_path2_direct_used": false,
      "f4_path2_direct_allowed": false,
      "f4_path2_left_weight": 0.4,
      "f4_path2_right_weight": 1.0,
      "f1_local_snap_x": 746,
      "f1_local_snap_y_px": 52,
      "f1_local_snap_search_px": 8,
      "f1_local_snap_search_up_px": 4,
      "f1_local_snap_search_down_px": 12,
      "f1_local_snap_prefer_lower_weight": 0.02,
      "f3_local_snap_x": 746,
      "f3_local_snap_y_px": 199,
      "f3_local_snap_search_px": 6,
      "f3_local_snap_search_up_px": 6,
      "f3_local_snap_search_down_px": 6,
      "f3_local_snap_prefer_lower_weight": 0.0,
      "f4_local_snap_x": 746,
      "f4_local_snap_y_px": 249,
      "f4_local_snap_search_px": 8,
      "f4_local_snap_search_up_px": 6,
      "f4_local_snap_search_down_px": 14,
      "f4_local_snap_prefer_lower_weight": 0.05,
      "f2_local_snap_x": 746,
      "f2_local_snap_y_px": 150,
      "f2_local_snap_search_px": 8,
      "f2_local_snap_search_up_px": 14,
      "f2_local_snap_search_down_px": 2,
      "f2_local_snap_prefer_lower_weight": 0.0,
      "f2_consensus_applied": false,
      "f2_consensus_x_range": [
        740,
        746
      ],
      "f2_consensus_y_px": 130,
      "f2_consensus_anchor_y_px": 150,
      "f2_consensus_seed_y_px": 133,
      "f2_consensus_support_cols": 4,
      "f2_consensus_support_ratio": 0.6492675086107921,
      "f2_consensus_jump_px": 20,
      "f2_consensus_tol_px": 5,
      "f2_consensus_reason": "excessive_jump",
      "f3_consensus_x_range": [
        740,
        746
      ],
      "f3_consensus_y_px": 183,
      "f3_consensus_anchor_y_px": 199,
      "f3_consensus_seed_y_px": 183,
      "f3_consensus_support_cols": 4,
      "f3_consensus_support_ratio": 0.6666312264100792,
      "f3_consensus_jump_px": 16,
      "f3_consensus_tol_px": 5,
      "f3_consensus_reason": "accepted",
      "f3_consensus_applied": true,
      "f4_consensus_applied": false,
      "f4_consensus_x_range": [
        740,
        746
      ],
      "f4_consensus_y_px": 265,
      "f4_consensus_anchor_y_px": 249,
      "f4_consensus_seed_y_px": 265,
      "f4_consensus_support_cols": 4,
      "f4_consensus_support_ratio": 0.45879626878973323,
      "f4_consensus_jump_px": 16,
      "f4_consensus_tol_px": 6,
      "f4_consensus_reason": "low_support",
      "scale_ranges": {
        "F1": [
          7.2,
          8.4
        ],
        "F2": [
          13.1,
          14.5
        ],
        "F3": [
          18.6,
          20.2
        ],
        "F4": [
          24.1,
          26.5
        ]
      }
    },
    "A": {
      "x_day0": 59,
      "x_day1": 384,
      "x_day2": 709,
      "day_w": 325.0,
      "x_day0_time": 59,
      "x_day1_time": 351,
      "x_day2_time": 643,
      "day_w_time": 292.0,
      "x_plot_end": 935,