{
  "saved_at_utc": "2026-04-23T13:14:06.353869+00:00",
  "source": "tomsk_sos70_param_charts",
  "freq_max_hz": 40.0,
  "values": {
    "scale_ranges": {
      "F": {
        "F1": [
          7.2,
          8.4
        ],
        "F2": [
          13.1,
          14.5
        ],
        "F3": [
          18.6,
          20.2
        ],
        "F4": [
          24.1,
          26.5
        ]
      },
      "A": {
        "A1": [
          1.0,
          45.0
        ],
        "A2": [
          1.0,
          61.5
        ],
        "A3": [
          2.2,
          12.2
        ],
        "A4": [
          1.1,
          10.2
        ]
      },
      "Q": {
        "Q1": [
          4.0,
          38.0
        ],
        "Q2": [
          5.0,
          17.5
        ],
        "Q3": [
          7.0,
          23.0
        ],
        "Q4": [
          5.0,
          30.0
        ]
      }
    },
    "scale_units": {
      "F_hz": "Hz",
      "A_value": "idx",
      "Q_value": "idx"
    },
    "F_norm": {
      "F1": 0.059233449477351915,
      "F2": 0.26480836236933797,
      "F3": 0.5888501742160279,
      "F4": 0.6550522648083623
    },
    "F_y_px": {
      "F1": 52,
      "F2": 111,
      "F3": 204,
      "F4": 223
    },
    "F_lane_norm": {
      "F1": 0.19298245614035087,
      "F2": 0.1346153846153846,
      "F3": 1.0,
      "F4": 0.34782608695652173
    },
    "F_hz": {
      "F1": 8.16842105263158,
      "F2": 14.311538461538461,
      "F3": 18.6,
      "F4": 25.66521739130435
    },
    "A_norm": {
      "A1": 0.2613240418118467,
      "A2": 0.4355400696864111,
      "A3": 0.6515679442508711,
      "A4": 0.9616724738675958
    },
    "A_y_px": {
      "A1": 110,
      "A2": 160,
      "A3": 222,
      "A4": 311
    },
    "A_lane_norm": {
      "A1": 0.7951807228915663,
      "A2": 0.6938775510204082,
      "A3": 0.6804123711340206,
      "A4": 0.8901098901098901
    },
    "A_value": {
      "A1": 10.012048192771083,
      "A2": 19.52040816326531,
      "A3": 5.395876288659792,
      "A4": 2.0999999999999996
    },
    "Q_norm": {
      "Q1": 0.11498257839721254,
      "Q2": 0.3344947735191638,
      "Q3": 0.7212543554006968,
      "Q4": 0.9616724738675958
    },
    "Q_y_px": {
      "Q1": 68,
      "Q2": 131,
      "Q3": 242,
      "Q4": 311
    },
    "Q_lane_norm": {
      "Q1": 0.21348314606741572,
      "Q2": 0.27835051546391754,
      "Q3": 0.8349514563106796,
      "Q4": 0.8823529411764706
    },
    "Q_value": {
      "Q1": 30.741573033707866,
      "Q2": 14.02061855670103,
      "Q3": 9.640776699029127,
      "Q4": 7.9411764705882355
    }
  },
  "debug": {
    "F": {
      "x_day0": 59,
      "x_day1": 392,
      "x_day2": 726,
      "day_w": 333.5,
      "x_day0_time": 59,
      "x_day1_time": 351,
      "x_day2_time": 643,
      "day_w_time": 292.0,
      "x_plot_end": 935,
      "x1_static": 936,
      "x1_dyn": 935,
      "x1_dyn_used": true,
      "pph": 12.166666666666666,
      "pph_source": "day_width (tick-mismatch-fallback)",
      "pph_tick": 19.0,
      "tick_pph_rel_err": 0.5616438356164384,
      "tick_pph_valid": false,
      "tick_count": 50,
      "tick_quality": 0.6944444444444444,
      "tick_used": false,
      "x_frontier": 887,
      "frontier_method": "activity_scan",
      "frontier_activity_thr": 0.41832639276981354,
      "frontier_activity_right_tail": 0.05554896593093872,
      "frontier_activity_run_px": 8,
      "guard_px": 4,
      "left_guard": 645,
      "right_guard": 883,
      "x_time": 889,
      "x_ideal": 889,
      "x_now": 889,
      "x_now_method": "ideal",
      "hour_now_tsst": 20.235,
      "rollover_hour_min": 3.0,
      "rollover_hour_max": 8.5,
      "delta_min_to_guard": -29.589041095890412,
      "delta_min_to_frontier": -9.863013698630137,
      "frontier_day_fill": 0.8356164383561644,
      "rollover_candidate": false,
      "bias_minutes_applied": 0.0,
      "measured_bias_minutes": null,
      "age_hours": null,
      "status": "ok",
      "x_pick": 888,
      "x_pick_edge": 889,
      "x_pick_safe_right": 923,
      "x_overlay": 889,
      "f1_path_x_range": [
        875,
        889
      ],
      "f1_path_target_col": 13,
      "f1_path_y_px": 68,
      "f4_path_x_range": [
        875,
        889
      ],
      "f4_path_target_col": 13,
      "f4_path_y_px": 235,
      "f1_path2_x_range": [
        879,
        889
      ],
      "f1_path2_target_col": 9,
      "f1_path2_y_px": 55,
      "f1_path2_y_direct_px": 65,
      "f1_path2_direct_used": false,
      "f1_path2_direct_allowed": false,
      "f1_path2_left_weight": 0.35,
      "f1_path2_right_weight": 1.0,
      "f2_path2_x_range": [
        879,
        889
      ],
      "f2_path2_target_col": 9,
      "f2_path2_y_px": 117,
      "f2_path2_y_direct_px": 132,
      "f2_path2_direct_used": false,
      "f2_path2_direct_allowed": false,
      "f2_path2_left_weight": 0.4,
      "f2_path2_right_weight": 1.0,
      "f4_path2_x_range": [
        879,
        889
      ],
      "f4_path2_target_col": 9,
      "f4_path2_y_px": 235,
      "f4_path2_y_direct_px": 223,
      "f4_path2_direct_used": false,
      "f4_path2_direct_allowed": false,
      "f4_path2_left_weight": 0.4,
      "f4_path2_right_weight": 1.0,
      "f1_local_snap_x": 889,
      "f1_local_snap_y_px": 52,
      "f1_local_snap_search_px": 8,
      "f1_local_snap_search_up_px": 4,
      "f1_local_snap_search_down_px": 12,
      "f1_local_snap_prefer_lower_weight": 0.02,
      "f3_local_snap_x": 889,
      "f3_local_snap_y_px": 204,
      "f3_local_snap_search_px": 6,
      "f3_local_snap_search_up_px": 6,
      "f3_local_snap_search_down_px": 6,
      "f3_local_snap_prefer_lower_weight": 0.0,
      "f4_local_snap_x": 889,
      "f4_local_snap_y_px": 230,
      "f4_local_snap_search_px": 8,
      "f4_local_snap_search_up_px": 6,
      "f4_local_snap_search_down_px": 14,
      "f4_local_snap_prefer_lower_weight": 0.05,
      "f2_local_snap_x": 889,
      "f2_local_snap_y_px": 111,
      "f2_local_snap_search_px": 8,
      "f2_local_snap_search_up_px": 14,
      "f2_local_snap_search_down_px": 2,
      "f2_local_snap_prefer_lower_weight": 0.0,
      "f2_consensus_applied": false,
      "f2_consensus_x_range": [
        883,
        889
      ],
      "f2_consensus_y_px": 131,
      "f2_consensus_anchor_y_px": 111,
      "f2_consensus_seed_y_px": 131,
      "f2_consensus_support_cols": 3,
      "f2_consensus_support_ratio": 0.4901168515112672,
      "f2_consensus_jump_px": 20,
      "f2_consensus_tol_px": 5,
      "f2_consensus_reason": "low_support",
      "f3_consensus_x_range": [
        883,
        889
      ],
      "f3_consensus_y_px": 204,
      "f3_consensus_anchor_y_px": 204,
      "f3_consensus_seed_y_px": 204,
      "f3_consensus_support_cols": 7,
      "f3_consensus_support_ratio": 1.0,
      "f3_consensus_jump_px": 0,
      "f3_consensus_tol_px": 5,
      "f3_consensus_reason": "accepted",
      "f3_consensus_applied": true,
      "f4_consensus_x_range": [
        883,
        889
      ],
      "f4_consensus_y_px": 223,
      "f4_consensus_anchor_y_px": 230,
      "f4_consensus_seed_y_px": 223,
      "f4_consensus_support_cols": 5,
      "f4_consensus_support_ratio": 0.7917675184509166,
      "f4_consensus_jump_px": 7,
      "f4_consensus_tol_px": 6,
      "f4_consensus_reason": "accepted",
      "f4_consensus_applied": true,
      "scale_ranges": {
        "F1": [
          7.2,
          8.4
        ],
        "F2": [
          13.1,
          14.5
        ],
        "F3": [
          18.6,
          20.2
        ],
        "F4": [
          24.1,
          26.5
        ]
      }
    },
    "A": {
      "x_day0": 59,
      "x_day1": 368,
      "x_day2": 678,
      "day_w": 309.5,
      "x_day0_time": 59,
      "x_day1_time": 351,
      "x_day2_time": 643,
      "day_w_time": 292.0,
      "x_plot_end": 935,
      "x1_static": 936,
      "x1_dyn": 935,
      "x1_dyn_used": true,
      "pph": 12.166666666666666,