{
  "saved_at_utc": "2026-03-28T08:48:57.429945+00:00",
  "source": "tomsk_sos70_param_charts",
  "freq_max_hz": 40.0,
  "values": {
    "scale_ranges": {
      "F": {
        "F1": [
          7.2,
          8.4
        ],
        "F2": [
          13.1,
          14.5
        ],
        "F3": [
          18.6,
          20.2
        ],
        "F4": [
          24.1,
          26.5
        ]
      },
      "A": {
        "A1": [
          1.0,
          45.0
        ],
        "A2": [
          1.0,
          61.5
        ],
        "A3": [
          2.2,
          12.2
        ],
        "A4": [
          1.1,
          10.2
        ]
      },
      "Q": {
        "Q1": [
          4.0,
          38.0
        ],
        "Q2": [
          5.0,
          17.5
        ],
        "Q3": [
          7.0,
          23.0
        ],
        "Q4": [
          5.0,
          30.0
        ]
      }
    },
    "scale_units": {
      "F_hz": "Hz",
      "A_value": "idx",
      "Q_value": "idx"
    },
    "F_norm": {
      "F1": 0.11498257839721254,
      "F2": 0.2961672473867596,
      "F3": 0.49477351916376305,
      "F4": 0.6341463414634146
    },
    "F_y_px": {
      "F1": 68,
      "F2": 120,
      "F3": 177,
      "F4": 217
    },
    "F_lane_norm": {
      "F1": 0.47368421052631576,
      "F2": 0.3076923076923077,
      "F3": 0.41304347826086957,
      "F4": 0.21739130434782608
    },
    "F_hz": {
      "F1": 7.831578947368421,
      "F2": 14.069230769230769,
      "F3": 19.53913043478261,
      "F4": 25.97826086956522
    },
    "A_norm": {
      "A1": 0.30313588850174217,
      "A2": 0.49825783972125437,
      "A3": 0.6968641114982579,
      "A4": 0.9198606271777003
    },
    "A_y_px": {
      "A1": 122,
      "A2": 178,
      "A3": 235,
      "A4": 299
    },
    "A_lane_norm": {
      "A1": 0.9397590361445783,
      "A2": 0.8775510204081632,
      "A3": 0.8144329896907216,
      "A4": 0.7582417582417582
    },
    "A_value": {
      "A1": 3.6506024096385516,
      "A2": 8.408163265306122,
      "A3": 4.055670103092783,
      "A4": 3.3
    },
    "Q_norm": {
      "Q1": 0.2961672473867596,
      "Q2": 0.5296167247386759,
      "Q3": 0.7247386759581882,
      "Q4": 0.9163763066202091
    },
    "Q_y_px": {
      "Q1": 120,
      "Q2": 187,
      "Q3": 243,
      "Q4": 298
    },
    "Q_lane_norm": {
      "Q1": 0.797752808988764,
      "Q2": 0.8556701030927835,
      "Q3": 0.8446601941747572,
      "Q4": 0.7294117647058823
    },
    "Q_value": {
      "Q1": 10.876404494382022,
      "Q2": 6.804123711340207,
      "Q3": 9.485436893203884,
      "Q4": 11.764705882352942
    }
  },
  "debug": {
    "F": {
      "x_day0": 59,
      "x_day1": 372,
      "x_day2": 685,
      "day_w": 313.0,
      "x_day0_time": 59,
      "x_day1_time": 351,
      "x_day2_time": 643,
      "day_w_time": 292.0,
      "x_plot_end": 935,
      "x1_static": 936,
      "x1_dyn": 935,
      "x1_dyn_used": true,
      "pph": 12.166666666666666,
      "pph_source": "day_width (tick-mismatch-fallback)",
      "pph_tick": 19.0,
      "tick_pph_rel_err": 0.5616438356164384,
      "tick_pph_valid": false,
      "tick_count": 50,
      "tick_quality": 0.6944444444444444,
      "tick_used": false,
      "x_frontier": 824,
      "frontier_method": "activity_scan",
      "frontier_activity_thr": 0.41526927947998044,
      "frontier_activity_right_tail": 0.08300140500068665,
      "frontier_activity_run_px": 8,
      "guard_px": 4,
      "left_guard": 645,
      "right_guard": 820,
      "x_time": 835,
      "x_ideal": 835,
      "x_now": 818,
      "x_now_method": "harmonized_pair_cluster",
      "hour_now_tsst": 15.815833333333334,
      "rollover_hour_min": 3.0,
      "rollover_hour_max": 8.5,
      "delta_min_to_guard": -73.97260273972603,
      "delta_min_to_frontier": -54.24657534246576,
      "frontier_day_fill": 0.6198630136986302,
      "rollover_candidate": false,
      "bias_minutes_applied": 0.0,
      "measured_bias_minutes": null,
      "age_hours": null,
      "status": "ok",
      "x_now_before_harmonize": 820,
      "x_pick": 817,
      "x_pick_edge": 818,
      "x_pick_safe_right": 923,
      "x_overlay": 818,
      "f1_path_x_range": [
        804,
        818
      ],
      "f1_path_target_col": 13,
      "f1_path_y_px": 67,
      "f4_path_x_range": [
        804,
        818
      ],
      "f4_path_target_col": 13,
      "f4_path_y_px": 229,
      "f1_path2_x_range": [
        808,
        818
      ],
      "f1_path2_target_col": 9,
      "f1_path2_y_px": 67,
      "f1_path2_y_direct_px": 79,
      "f1_path2_direct_used": false,
      "f1_path2_direct_allowed": false,
      "f1_path2_left_weight": 0.35,
      "f1_path2_right_weight": 1.0,
      "f2_path2_x_range": [
        808,
        818
      ],
      "f2_path2_target_col": 9,
      "f2_path2_y_px": 119,
      "f2_path2_y_direct_px": 120,
      "f2_path2_direct_used": false,
      "f2_path2_direct_allowed": false,
      "f2_path2_left_weight": 0.4,
      "f2_path2_right_weight": 1.0,
      "f4_path2_x_range": [
        808,
        818
      ],
      "f4_path2_target_col": 9,
      "f4_path2_y_px": 229,
      "f4_path2_y_direct_px": 216,
      "f4_path2_direct_used": false,
      "f4_path2_direct_allowed": false,
      "f4_path2_left_weight": 0.4,
      "f4_path2_right_weight": 1.0,
      "f1_local_snap_x": 818,
      "f1_local_snap_y_px": 68,
      "f1_local_snap_search_px": 8,
      "f1_local_snap_search_up_px": 4,
      "f1_local_snap_search_down_px": 12,
      "f1_local_snap_prefer_lower_weight": 0.02,
      "f3_local_snap_x": 818,
      "f3_local_snap_y_px": 177,
      "f3_local_snap_search_px": 6,
      "f3_local_snap_search_up_px": 6,
      "f3_local_snap_search_down_px": 6,
      "f3_local_snap_prefer_lower_weight": 0.0,
      "f4_local_snap_x": 818,
      "f4_local_snap_y_px": 229,
      "f4_local_snap_search_px": 8,
      "f4_local_snap_search_up_px": 6,
      "f4_local_snap_search_down_px": 14,
      "f4_local_snap_prefer_lower_weight": 0.05,
      "f2_local_snap_x": 818,
      "f2_local_snap_y_px": 120,
      "f2_local_snap_search_px": 8,
      "f2_local_snap_search_up_px": 14,
      "f2_local_snap_search_down_px": 2,
      "f2_local_snap_prefer_lower_weight": 0.0,
      "f2_consensus_x_range": [
        812,
        818
      ],
      "f2_consensus_y_px": 120,
      "f2_consensus_anchor_y_px": 120,
      "f2_consensus_seed_y_px": 117,
      "f2_consensus_support_cols": 7,
      "f2_consensus_support_ratio": 1.0,
      "f2_consensus_jump_px": 0,
      "f2_consensus_tol_px": 5,
      "f2_consensus_reason": "accepted",
      "f2_consensus_applied": true,
      "f3_consensus_x_range": [
        812,
        818
      ],
      "f3_consensus_y_px": 177,
      "f3_consensus_anchor_y_px": 177,
      "f3_consensus_seed_y_px": 175,
      "f3_consensus_support_cols": 7,
      "f3_consensus_support_ratio": 1.0,
      "f3_consensus_jump_px": 0,
      "f3_consensus_tol_px": 5,
      "f3_consensus_reason": "accepted",
      "f3_consensus_applied": true,
      "f4_consensus_x_range": [
        812,
        818
      ],
      "f4_consensus_y_px": 217,
      "f4_consensus_anchor_y_px": 229,
      "f4_consensus_seed_y_px": 222,
      "f4_consensus_support_cols": 7,
      "f4_consensus_support_ratio": 1.0,
      "f4_consensus_jump_px": 12,
      "f4_consensus_tol_px": 6,
      "f4_consensus_reason": "accepted",
      "f4_consensus_applied": true,
      "scale_ranges": {
        "F1": [
          7.2,
          8.4
        ],
        "F2": [
          13.1,
          14.5
        ],
        "F3": [
          18.6,
          20.2
        ],
        "F4": [
          24.1,
          26.5
        ]
      }
    },
    "A": {
      "x_day0": 59,
      "x_day1": 372,
      "x_day2": 685,
      "day_w": 313.0,
      "x_day0_time": 59,
      "x_day1_time": 351,
      "x_day2_time": 643,
      "day_w_time": 292.0,
      "x_plot_end": 935,
      "x1_static": 936,
      "x1_dyn": 935,
      "x1_dyn_used": true,