{
  "saved_at_utc": "2026-06-25T13:19:03.043189+00:00",
  "source": "tomsk_sos70_param_charts",
  "freq_max_hz": 40.0,
  "values": {
    "scale_ranges": {
      "F": {
        "F1": [
          7.2,
          8.4
        ],
        "F2": [
          13.1,
          14.5
        ],
        "F3": [
          18.6,
          20.2
        ],
        "F4": [
          24.1,
          26.5
        ]
      },
      "A": {
        "A1": [
          1.0,
          45.0
        ],
        "A2": [
          1.0,
          61.5
        ],
        "A3": [
          2.2,
          12.2
        ],
        "A4": [
          1.1,
          10.2
        ]
      },
      "Q": {
        "Q1": [
          4.0,
          38.0
        ],
        "Q2": [
          5.0,
          17.5
        ],
        "Q3": [
          7.0,
          23.0
        ],
        "Q4": [
          5.0,
          30.0
        ]
      }
    },
    "scale_units": {
      "F_hz": "Hz",
      "A_value": "idx",
      "Q_value": "idx"
    },
    "F_norm": {
      "F1": 0.11498257839721254,
      "F2": 0.3588850174216028,
      "F3": 0.5226480836236934,
      "F4": 0.7560975609756098
    },
    "F_y_px": {
      "F1": 68,
      "F2": 138,
      "F3": 185,
      "F4": 252
    },
    "F_lane_norm": {
      "F1": 0.47368421052631576,
      "F2": 0.6538461538461539,
      "F3": 0.5869565217391305,
      "F4": 0.9782608695652174
    },
    "F_hz": {
      "F1": 7.831578947368421,
      "F2": 13.584615384615384,
      "F3": 19.26086956521739,
      "F4": 24.15217391304348
    },
    "A_norm": {
      "A1": 0.289198606271777,
      "A2": 0.5052264808362369,
      "A3": 0.6829268292682927,
      "A4": 0.8954703832752613
    },
    "A_y_px": {
      "A1": 118,
      "A2": 180,
      "A3": 231,
      "A4": 292
    },
    "A_lane_norm": {
      "A1": 0.891566265060241,
      "A2": 0.8979591836734694,
      "A3": 0.7731958762886598,
      "A4": 0.6813186813186813
    },
    "A_value": {
      "A1": 5.7710843373494,
      "A2": 7.173469387755105,
      "A3": 4.468041237113401,
      "A4": 3.999999999999999
    },
    "Q_norm": {
      "Q1": 0.1254355400696864,
      "Q2": 0.4738675958188153,
      "Q3": 0.6898954703832753,
      "Q4": 0.89198606271777
    },
    "Q_y_px": {
      "Q1": 71,
      "Q2": 171,
      "Q3": 233,
      "Q4": 291
    },
    "Q_lane_norm": {
      "Q1": 0.24719101123595505,
      "Q2": 0.6907216494845361,
      "Q3": 0.7475728155339806,
      "Q4": 0.6470588235294118
    },
    "Q_value": {
      "Q1": 29.59550561797753,
      "Q2": 8.8659793814433,
      "Q3": 11.03883495145631,
      "Q4": 13.823529411764707
    }
  },
  "debug": {
    "F": {
      "x_day0": 59,
      "x_day1": 371,
      "x_day2": 683,
      "day_w": 312.0,
      "x_day0_time": 59,
      "x_day1_time": 351,
      "x_day2_time": 643,
      "day_w_time": 292.0,
      "x_plot_end": 935,
      "x1_static": 936,
      "x1_dyn": 935,
      "x1_dyn_used": true,
      "pph": 12.166666666666666,
      "pph_source": "day_width (tick-mismatch-fallback)",
      "pph_tick": 19.0,
      "tick_pph_rel_err": 0.5616438356164384,
      "tick_pph_valid": false,
      "tick_count": 50,
      "tick_quality": 0.6944444444444444,
      "tick_used": false,
      "x_frontier": 893,
      "frontier_method": "activity_scan",
      "frontier_activity_thr": 0.3638171017169952,
      "frontier_activity_right_tail": 0.056931816041469574,
      "frontier_activity_run_px": 8,
      "guard_px": 4,
      "left_guard": 645,
      "right_guard": 889,
      "x_time": 890,
      "x_ideal": 890,
      "x_now": 890,
      "x_now_method": "ideal",
      "hour_now_tsst": 20.31722222222222,
      "rollover_hour_min": 3.0,
      "rollover_hour_max": 8.5,
      "delta_min_to_guard": -4.931506849315069,
      "delta_min_to_frontier": 14.794520547945206,
      "frontier_day_fill": 0.8561643835616438,
      "rollover_candidate": false,
      "bias_minutes_applied": 0.0,
      "measured_bias_minutes": null,
      "age_hours": null,
      "status": "ok",
      "x_pick": 889,
      "x_pick_edge": 890,
      "x_pick_safe_right": 923,
      "x_overlay": 890,
      "f1_path_x_range": [
        876,
        890
      ],
      "f1_path_target_col": 13,
      "f1_path_y_px": 79,
      "f4_path_x_range": [
        876,
        890
      ],
      "f4_path_target_col": 13,
      "f4_path_y_px": 250,
      "f1_path2_x_range": [
        880,
        890
      ],
      "f1_path2_target_col": 9,
      "f1_path2_y_px": 67,
      "f1_path2_y_direct_px": 54,
      "f1_path2_direct_used": false,
      "f1_path2_direct_allowed": false,
      "f1_path2_left_weight": 0.35,
      "f1_path2_right_weight": 1.0,
      "f2_path2_x_range": [
        880,
        890
      ],
      "f2_path2_target_col": 9,
      "f2_path2_y_px": 137,
      "f2_path2_y_direct_px": 138,
      "f2_path2_direct_used": false,
      "f2_path2_direct_allowed": false,
      "f2_path2_left_weight": 0.4,
      "f2_path2_right_weight": 1.0,
      "f4_path2_x_range": [
        880,
        890
      ],
      "f4_path2_target_col": 9,
      "f4_path2_y_px": 252,
      "f4_path2_y_direct_px": 252,
      "f4_path2_direct_used": false,
      "f4_path2_direct_allowed": false,
      "f4_path2_left_weight": 0.4,
      "f4_path2_right_weight": 1.0,
      "f1_local_snap_x": 890,
      "f1_local_snap_y_px": 68,
      "f1_local_snap_search_px": 8,
      "f1_local_snap_search_up_px": 4,
      "f1_local_snap_search_down_px": 12,
      "f1_local_snap_prefer_lower_weight": 0.02,
      "f3_local_snap_x": 890,
      "f3_local_snap_y_px": 185,
      "f3_local_snap_search_px": 6,
      "f3_local_snap_search_up_px": 6,
      "f3_local_snap_search_down_px": 6,
      "f3_local_snap_prefer_lower_weight": 0.0,
      "f4_local_snap_x": 890,
      "f4_local_snap_y_px": 250,
      "f4_local_snap_search_px": 8,
      "f4_local_snap_search_up_px": 6,
      "f4_local_snap_search_down_px": 14,
      "f4_local_snap_prefer_lower_weight": 0.05,
      "f2_local_snap_x": 890,
      "f2_local_snap_y_px": 136,
      "f2_local_snap_search_px": 8,
      "f2_local_snap_search_up_px": 14,
      "f2_local_snap_search_down_px": 2,
      "f2_local_snap_prefer_lower_weight": 0.0,
      "f2_consensus_x_range": [
        884,
        890
      ],
      "f2_consensus_y_px": 138,
      "f2_consensus_anchor_y_px": 136,
      "f2_consensus_seed_y_px": 135,
      "f2_consensus_support_cols": 6,
      "f2_consensus_support_ratio": 0.8447478371341918,
      "f2_consensus_jump_px": 2,
      "f2_consensus_tol_px": 5,
      "f2_consensus_reason": "accepted",
      "f2_consensus_applied": true,
      "f3_consensus_x_range": [
        884,
        890
      ],
      "f3_consensus_y_px": 185,
      "f3_consensus_anchor_y_px": 185,
      "f3_consensus_seed_y_px": 189,
      "f3_consensus_support_cols": 7,
      "f3_consensus_support_ratio": 1.0,
      "f3_consensus_jump_px": 0,
      "f3_consensus_tol_px": 5,
      "f3_consensus_reason": "accepted",
      "f3_consensus_applied": true,
      "f4_consensus_x_range": [
        884,
        890
      ],
      "f4_consensus_y_px": 252,
      "f4_consensus_anchor_y_px": 250,
      "f4_consensus_seed_y_px": 254,
      "f4_consensus_support_cols": 7,
      "f4_consensus_support_ratio": 1.0,
      "f4_consensus_jump_px": 2,
      "f4_consensus_tol_px": 6,
      "f4_consensus_reason": "accepted",
      "f4_consensus_applied": true,
      "scale_ranges": {
        "F1": [
          7.2,
          8.4
        ],
        "F2": [
          13.1,
          14.5
        ],
        "F3": [
          18.6,
          20.2
        ],
        "F4": [
          24.1,
          26.5
        ]
      }
    },
    "A": {
      "x_day0": 59,
      "x_day1": 392,
      "x_day2": 726,
      "day_w": 333.5,
      "x_day0_time": 59,
      "x_day1_time": 351,
      "x_day2_time": 643,
      "day_w_time": 292.0,
      "x_plot_end": 935,
      "x1_static": 936,
      "x1_dyn": 935,
      "x1_dyn_used": true,
      "pph": 12.166666666666666,