{
  "saved_at_utc": "2026-04-20T17:40:35.667496+00:00",
  "source": "tomsk_sos70_param_charts",
  "freq_max_hz": 40.0,
  "values": {
    "scale_ranges": {
      "F": {
        "F1": [
          7.2,
          8.4
        ],
        "F2": [
          13.1,
          14.5
        ],
        "F3": [
          18.6,
          20.2
        ],
        "F4": [
          24.1,
          26.5
        ]
      },
      "A": {
        "A1": [
          1.0,
          45.0
        ],
        "A2": [
          1.0,
          61.5
        ],
        "A3": [
          2.2,
          12.2
        ],
        "A4": [
          1.1,
          10.2
        ]
      },
      "Q": {
        "Q1": [
          4.0,
          38.0
        ],
        "Q2": [
          5.0,
          17.5
        ],
        "Q3": [
          7.0,
          23.0
        ],
        "Q4": [
          5.0,
          30.0
        ]
      }
    },
    "scale_units": {
      "F_hz": "Hz",
      "A_value": "idx",
      "Q_value": "idx"
    },
    "F_norm": {
      "F1": 0.07317073170731707,
      "F2": 0.397212543554007,
      "F3": 0.5156794425087108,
      "F4": 0.7003484320557491
    },
    "F_y_px": {
      "F1": 56,
      "F2": 149,
      "F3": 183,
      "F4": 236
    },
    "F_lane_norm": {
      "F1": 0.2631578947368421,
      "F2": 0.8653846153846154,
      "F3": 0.5434782608695652,
      "F4": 0.6304347826086957
    },
    "F_hz": {
      "F1": 8.08421052631579,
      "F2": 13.288461538461538,
      "F3": 19.330434782608695,
      "F4": 24.98695652173913
    },
    "A_norm": {
      "A1": 0.1951219512195122,
      "A2": 0.5365853658536586,
      "A3": 0.7456445993031359,
      "A4": 0.9128919860627178
    },
    "A_y_px": {
      "A1": 91,
      "A2": 189,
      "A3": 249,
      "A4": 297
    },
    "A_lane_norm": {
      "A1": 0.5662650602409639,
      "A2": 0.9897959183673469,
      "A3": 0.9587628865979382,
      "A4": 0.7362637362637363
    },
    "A_value": {
      "A1": 20.08433734939759,
      "A2": 1.617346938775512,
      "A3": 2.612371134020618,
      "A4": 3.499999999999999
    },
    "Q_norm": {
      "Q1": 0.25435540069686413,
      "Q2": 0.37630662020905925,
      "Q3": 0.5261324041811847,
      "Q4": 0.818815331010453
    },
    "Q_y_px": {
      "Q1": 108,
      "Q2": 143,
      "Q3": 186,
      "Q4": 270
    },
    "Q_lane_norm": {
      "Q1": 0.6629213483146067,
      "Q2": 0.4020618556701031,
      "Q3": 0.2912621359223301,
      "Q4": 0.4
    },
    "Q_value": {
      "Q1": 15.460674157303373,
      "Q2": 12.474226804123711,
      "Q3": 18.33980582524272,
      "Q4": 20.0
    }
  },
  "debug": {
    "F": {
      "x_day0": 59,
      "x_day1": 372,
      "x_day2": 684,
      "day_w": 312.5,
      "x_day0_time": 59,
      "x_day1_time": 351,
      "x_day2_time": 643,
      "day_w_time": 292.0,
      "x_plot_end": 935,
      "x1_static": 936,
      "x1_dyn": 935,
      "x1_dyn_used": true,
      "pph": 12.166666666666666,
      "pph_source": "day_width (tick-mismatch-fallback)",
      "pph_tick": 19.0,
      "tick_pph_rel_err": 0.5616438356164384,
      "tick_pph_valid": false,
      "tick_count": 50,
      "tick_quality": 0.6944444444444444,
      "tick_used": false,
      "x_frontier": 916,
      "frontier_method": "activity_scan",
      "frontier_activity_thr": 0.4515992820262909,
      "frontier_activity_right_tail": 0.2203214466571808,
      "frontier_activity_run_px": 8,
      "guard_px": 4,
      "left_guard": 645,
      "right_guard": 912,
      "x_time": 651,
      "x_ideal": 651,
      "x_now": 651,
      "x_now_method": "ideal",
      "hour_now_tsst": 0.6763888888888888,
      "rollover_hour_min": 3.0,
      "rollover_hour_max": 8.5,
      "delta_min_to_guard": 1287.123287671233,
      "delta_min_to_frontier": 1306.8493150684933,
      "frontier_day_fill": 0.934931506849315,
      "rollover_candidate": false,
      "bias_minutes_applied": 0.0,
      "measured_bias_minutes": null,
      "age_hours": null,
      "status": "ok",
      "x_pick": 650,
      "x_pick_edge": 651,
      "x_pick_safe_right": 923,
      "x_overlay": 651,
      "f1_path_x_range": [
        637,
        651
      ],
      "f1_path_target_col": 13,
      "f1_path_y_px": 54,
      "f4_path_x_range": [
        637,
        651
      ],
      "f4_path_target_col": 13,
      "f4_path_y_px": 237,
      "f1_path2_x_range": [
        641,
        651
      ],
      "f1_path2_target_col": 9,
      "f1_path2_y_px": 54,
      "f1_path2_y_direct_px": 53,
      "f1_path2_direct_used": false,
      "f1_path2_direct_allowed": false,
      "f1_path2_left_weight": 0.35,
      "f1_path2_right_weight": 1.0,
      "f2_path2_x_range": [
        641,
        651
      ],
      "f2_path2_target_col": 9,
      "f2_path2_y_px": 148,
      "f2_path2_y_direct_px": 124,
      "f2_path2_direct_used": false,
      "f2_path2_direct_allowed": false,
      "f2_path2_left_weight": 0.4,
      "f2_path2_right_weight": 1.0,
      "f4_path2_x_range": [
        641,
        651
      ],
      "f4_path2_target_col": 9,
      "f4_path2_y_px": 237,
      "f4_path2_y_direct_px": 231,
      "f4_path2_direct_used": false,
      "f4_path2_direct_allowed": false,
      "f4_path2_left_weight": 0.4,
      "f4_path2_right_weight": 1.0,
      "f1_local_snap_x": 651,
      "f1_local_snap_y_px": 56,
      "f1_local_snap_search_px": 8,
      "f1_local_snap_search_up_px": 4,
      "f1_local_snap_search_down_px": 12,
      "f1_local_snap_prefer_lower_weight": 0.02,
      "f3_local_snap_x": 651,
      "f3_local_snap_y_px": 187,
      "f3_local_snap_search_px": 6,
      "f3_local_snap_search_up_px": 6,
      "f3_local_snap_search_down_px": 6,
      "f3_local_snap_prefer_lower_weight": 0.0,
      "f4_local_snap_x": 651,
      "f4_local_snap_y_px": 251,
      "f4_local_snap_search_px": 8,
      "f4_local_snap_search_up_px": 6,
      "f4_local_snap_search_down_px": 14,
      "f4_local_snap_prefer_lower_weight": 0.05,
      "f2_local_snap_x": 651,
      "f2_local_snap_y_px": 149,
      "f2_local_snap_search_px": 8,
      "f2_local_snap_search_up_px": 14,
      "f2_local_snap_search_down_px": 2,
      "f2_local_snap_prefer_lower_weight": 0.0,
      "f2_consensus_applied": false,
      "f2_consensus_x_range": [
        645,
        651
      ],
      "f2_consensus_y_px": 132,
      "f2_consensus_anchor_y_px": 149,
      "f2_consensus_seed_y_px": 133,
      "f2_consensus_support_cols": 3,
      "f2_consensus_support_ratio": 0.4334797843176413,
      "f2_consensus_jump_px": 17,
      "f2_consensus_tol_px": 5,
      "f2_consensus_reason": "low_support",
      "f3_consensus_x_range": [
        645,
        651
      ],
      "f3_consensus_y_px": 183,
      "f3_consensus_anchor_y_px": 187,
      "f3_consensus_seed_y_px": 182,
      "f3_consensus_support_cols": 5,
      "f3_consensus_support_ratio": 0.651866801210898,
      "f3_consensus_jump_px": 4,
      "f3_consensus_tol_px": 5,
      "f3_consensus_reason": "accepted",
      "f3_consensus_applied": true,
      "f4_consensus_x_range": [
        645,
        651
      ],
      "f4_consensus_y_px": 236,
      "f4_consensus_anchor_y_px": 251,
      "f4_consensus_seed_y_px": 238,
      "f4_consensus_support_cols": 6,
      "f4_consensus_support_ratio": 0.8125717271429505,
      "f4_consensus_jump_px": 15,
      "f4_consensus_tol_px": 6,
      "f4_consensus_reason": "accepted",
      "f4_consensus_applied": true,
      "scale_ranges": {
        "F1": [
          7.2,
          8.4
        ],
        "F2": [
          13.1,
          14.5
        ],
        "F3": [
          18.6,
          20.2
        ],
        "F4": [
          24.1,
          26.5
        ]
      }
    },
    "A": {
      "x_day0": 59,
      "x_day1": 372,
      "x_day2": 684,
      "day_w": 312.5,
      "x_day0_time": 59,
      "x_day1_time": 351,
      "x_day2_time": 643,
      "day_w_time": 292.0,
      "x_plot_end": 935,
      "x1_static": 936,
      "x1_dyn": 935,
      "x1_dyn_used": true,
      "pph": 12.166666666666666,