{
  "saved_at_utc": "2026-06-14T12:02:30.085700+00:00",
  "source": "tomsk_sos70_param_charts",
  "freq_max_hz": 40.0,
  "values": {
    "scale_ranges": {
      "F": {
        "F1": [
          7.2,
          8.4
        ],
        "F2": [
          13.1,
          14.5
        ],
        "F3": [
          18.6,
          20.2
        ],
        "F4": [
          24.1,
          26.5
        ]
      },
      "A": {
        "A1": [
          1.0,
          45.0
        ],
        "A2": [
          1.0,
          61.5
        ],
        "A3": [
          2.2,
          12.2
        ],
        "A4": [
          1.1,
          10.2
        ]
      },
      "Q": {
        "Q1": [
          4.0,
          38.0
        ],
        "Q2": [
          5.0,
          17.5
        ],
        "Q3": [
          7.0,
          23.0
        ],
        "Q4": [
          5.0,
          30.0
        ]
      }
    },
    "scale_units": {
      "F_hz": "Hz",
      "A_value": "idx",
      "Q_value": "idx"
    },
    "F_norm": {
      "F1": 0.0313588850174216,
      "F2": 0.39372822299651566,
      "F3": 0.5749128919860628,
      "F4": 0.7491289198606271
    },
    "F_y_px": {
      "F1": 44,
      "F2": 148,
      "F3": 200,
      "F4": 250
    },
    "F_lane_norm": {
      "F1": 0.05263157894736842,
      "F2": 0.8461538461538461,
      "F3": 0.9130434782608695,
      "F4": 0.9347826086956522
    },
    "F_hz": {
      "F1": 8.336842105263159,
      "F2": 13.315384615384616,
      "F3": 18.73913043478261,
      "F4": 24.256521739130434
    },
    "A_norm": {
      "A1": 0.0313588850174216,
      "A2": 0.313588850174216,
      "A3": 0.43902439024390244,
      "A4": 0.7526132404181185
    },
    "A_y_px": {
      "A1": 44,
      "A2": 125,
      "A3": 161,
      "A4": 251
    },
    "A_lane_norm": {
      "A1": 0.0,
      "A2": 0.336734693877551,
      "A3": 0.05154639175257732,
      "A4": 0.23076923076923078
    },
    "A_value": {
      "A1": 45.0,
      "A2": 41.12755102040816,
      "A3": 11.684536082474226,
      "A4": 8.1
    },
    "Q_norm": {
      "Q1": 0.30662020905923343,
      "Q2": 0.37282229965156793,
      "Q3": 0.6515679442508711,
      "Q4": 0.9547038327526133
    },
    "Q_y_px": {
      "Q1": 123,
      "Q2": 142,
      "Q3": 222,
      "Q4": 309
    },
    "Q_lane_norm": {
      "Q1": 0.8314606741573034,
      "Q2": 0.3917525773195876,
      "Q3": 0.6407766990291263,
      "Q4": 0.8588235294117647
    },
    "Q_value": {
      "Q1": 9.730337078651683,
      "Q2": 12.603092783505154,
      "Q3": 12.74757281553398,
      "Q4": 8.529411764705884
    }
  },
  "debug": {
    "F": {
      "x_day0": 59,
      "x_day1": 372,
      "x_day2": 684,
      "day_w": 312.5,
      "x_day0_time": 59,
      "x_day1_time": 351,
      "x_day2_time": 643,
      "day_w_time": 292.0,
      "x_plot_end": 935,
      "x1_static": 936,
      "x1_dyn": 935,
      "x1_dyn_used": true,
      "pph": 12.166666666666666,
      "pph_source": "day_width (tick-mismatch-fallback)",
      "pph_tick": 19.0,
      "tick_pph_rel_err": 0.5616438356164384,
      "tick_pph_valid": false,
      "tick_count": 50,
      "tick_quality": 0.6944444444444444,
      "tick_used": false,
      "x_frontier": 874,
      "frontier_method": "activity_scan",
      "frontier_activity_thr": 0.41044108122587203,
      "frontier_activity_right_tail": 0.08089596033096313,
      "frontier_activity_run_px": 8,
      "guard_px": 4,
      "left_guard": 645,
      "right_guard": 870,
      "x_time": 875,
      "x_ideal": 875,
      "x_now": 875,
      "x_now_method": "ideal",
      "hour_now_tsst": 19.04138888888889,
      "rollover_hour_min": 3.0,
      "rollover_hour_max": 8.5,
      "delta_min_to_guard": -24.657534246575345,
      "delta_min_to_frontier": -4.931506849315069,
      "frontier_day_fill": 0.791095890410959,
      "rollover_candidate": false,
      "bias_minutes_applied": 0.0,
      "measured_bias_minutes": null,
      "age_hours": null,
      "status": "ok",
      "x_pick": 874,
      "x_pick_edge": 875,
      "x_pick_safe_right": 923,
      "x_overlay": 875,
      "f1_path_x_range": [
        861,
        875
      ],
      "f1_path_target_col": 13,
      "f1_path_y_px": 43,
      "f4_path_x_range": [
        861,
        875
      ],
      "f4_path_target_col": 13,
      "f4_path_y_px": 251,
      "f1_path2_x_range": [
        865,
        875
      ],
      "f1_path2_target_col": 9,
      "f1_path2_y_px": 44,
      "f1_path2_y_direct_px": 44,
      "f1_path2_direct_used": false,
      "f1_path2_direct_allowed": false,
      "f1_path2_left_weight": 0.35,
      "f1_path2_right_weight": 1.0,
      "f2_path2_x_range": [
        865,
        875
      ],
      "f2_path2_target_col": 9,
      "f2_path2_y_px": 151,
      "f2_path2_y_direct_px": 160,
      "f2_path2_direct_used": false,
      "f2_path2_direct_allowed": false,
      "f2_path2_left_weight": 0.4,
      "f2_path2_right_weight": 1.0,
      "f4_path2_x_range": [
        865,
        875
      ],
      "f4_path2_target_col": 9,
      "f4_path2_y_px": 251,
      "f4_path2_y_direct_px": 248,
      "f4_path2_direct_used": false,
      "f4_path2_direct_allowed": false,
      "f4_path2_left_weight": 0.4,
      "f4_path2_right_weight": 1.0,
      "f1_local_snap_x": 875,
      "f1_local_snap_y_px": 44,
      "f1_local_snap_search_px": 8,
      "f1_local_snap_search_up_px": 4,
      "f1_local_snap_search_down_px": 12,
      "f1_local_snap_prefer_lower_weight": 0.02,
      "f3_local_snap_x": 875,
      "f3_local_snap_y_px": 204,
      "f3_local_snap_search_px": 6,
      "f3_local_snap_search_up_px": 6,
      "f3_local_snap_search_down_px": 6,
      "f3_local_snap_prefer_lower_weight": 0.0,
      "f4_local_snap_x": 875,
      "f4_local_snap_y_px": 250,
      "f4_local_snap_search_px": 8,
      "f4_local_snap_search_up_px": 6,
      "f4_local_snap_search_down_px": 14,
      "f4_local_snap_prefer_lower_weight": 0.05,
      "f2_local_snap_x": 875,
      "f2_local_snap_y_px": 148,
      "f2_local_snap_search_px": 8,
      "f2_local_snap_search_up_px": 14,
      "f2_local_snap_search_down_px": 2,
      "f2_local_snap_prefer_lower_weight": 0.0,
      "f2_consensus_x_range": [
        869,
        875
      ],
      "f2_consensus_y_px": 148,
      "f2_consensus_anchor_y_px": 148,
      "f2_consensus_seed_y_px": 148,
      "f2_consensus_support_cols": 4,
      "f2_consensus_support_ratio": 0.6780230593564917,
      "f2_consensus_jump_px": 0,
      "f2_consensus_tol_px": 5,
      "f2_consensus_reason": "accepted",
      "f2_consensus_applied": true,
      "f3_consensus_x_range": [
        869,
        875
      ],
      "f3_consensus_y_px": 200,
      "f3_consensus_anchor_y_px": 204,
      "f3_consensus_seed_y_px": 200,
      "f3_consensus_support_cols": 5,
      "f3_consensus_support_ratio": 0.6865520277273183,
      "f3_consensus_jump_px": 4,
      "f3_consensus_tol_px": 5,
      "f3_consensus_reason": "accepted",
      "f3_consensus_applied": true,
      "f4_consensus_x_range": [
        869,
        875
      ],
      "f4_consensus_y_px": 250,
      "f4_consensus_anchor_y_px": 250,
      "f4_consensus_seed_y_px": 252,
      "f4_consensus_support_cols": 7,
      "f4_consensus_support_ratio": 1.0,
      "f4_consensus_jump_px": 0,
      "f4_consensus_tol_px": 6,
      "f4_consensus_reason": "accepted",
      "f4_consensus_applied": true,
      "scale_ranges": {
        "F1": [
          7.2,
          8.4
        ],
        "F2": [
          13.1,
          14.5
        ],
        "F3": [
          18.6,
          20.2
        ],
        "F4": [
          24.1,
          26.5
        ]
      }
    },
    "A": {
      "x_day0": 59,
      "x_day1": 372,
      "x_day2": 684,
      "day_w": 312.5,
      "x_day0_time": 59,
      "x_day1_time": 351,
      "x_day2_time": 643,
      "day_w_time": 292.0,
      "x_plot_end": 935,
      "x1_static": 936,
      "x1_dyn": 935,
      "x1_dyn_used": true,
      "pph": 12.166666666666666,