{
  "saved_at_utc": "2026-04-07T04:55:03.991717+00:00",
  "source": "tomsk_sos70_param_charts",
  "freq_max_hz": 40.0,
  "values": {
    "scale_ranges": {
      "F": {
        "F1": [
          7.2,
          8.4
        ],
        "F2": [
          13.1,
          14.5
        ],
        "F3": [
          18.6,
          20.2
        ],
        "F4": [
          24.1,
          26.5
        ]
      },
      "A": {
        "A1": [
          1.0,
          45.0
        ],
        "A2": [
          1.0,
          61.5
        ],
        "A3": [
          2.2,
          12.2
        ],
        "A4": [
          1.1,
          10.2
        ]
      },
      "Q": {
        "Q1": [
          4.0,
          38.0
        ],
        "Q2": [
          5.0,
          17.5
        ],
        "Q3": [
          7.0,
          23.0
        ],
        "Q4": [
          5.0,
          30.0
        ]
      }
    },
    "scale_units": {
      "F_hz": "Hz",
      "A_value": "idx",
      "Q_value": "idx"
    },
    "F_norm": {
      "F1": 0.059233449477351915,
      "F2": 0.2613240418118467,
      "F3": 0.5749128919860628,
      "F4": 0.7456445993031359
    },
    "F_y_px": {
      "F1": 52,
      "F2": 110,
      "F3": 200,
      "F4": 249
    },
    "F_lane_norm": {
      "F1": 0.19298245614035087,
      "F2": 0.11538461538461539,
      "F3": 0.9130434782608695,
      "F4": 0.9130434782608695
    },
    "F_hz": {
      "F1": 8.16842105263158,
      "F2": 14.338461538461539,
      "F3": 18.73913043478261,
      "F4": 24.308695652173913
    },
    "A_norm": {
      "A1": 0.04529616724738676,
      "A2": 0.28222996515679444,
      "A3": 0.5156794425087108,
      "A4": 0.7177700348432056
    },
    "A_y_px": {
      "A1": 48,
      "A2": 116,
      "A3": 183,
      "A4": 241
    },
    "A_lane_norm": {
      "A1": 0.04819277108433735,
      "A2": 0.24489795918367346,
      "A3": 0.27835051546391754,
      "A4": 0.12087912087912088
    },
    "A_value": {
      "A1": 42.87951807228916,
      "A2": 46.683673469387756,
      "A3": 9.416494845360823,
      "A4": 9.1
    },
    "Q_norm": {
      "Q1": 0.30313588850174217,
      "Q2": 0.4738675958188153,
      "Q3": 0.7038327526132404,
      "Q4": 0.9547038327526133
    },
    "Q_y_px": {
      "Q1": 122,
      "Q2": 171,
      "Q3": 237,
      "Q4": 309
    },
    "Q_lane_norm": {
      "Q1": 0.8202247191011236,
      "Q2": 0.6907216494845361,
      "Q3": 0.7864077669902912,
      "Q4": 0.8588235294117647
    },
    "Q_value": {
      "Q1": 10.112359550561798,
      "Q2": 8.8659793814433,
      "Q3": 10.41747572815534,
      "Q4": 8.529411764705884
    }
  },
  "debug": {
    "F": {
      "x_day0": 59,
      "x_day1": 374,
      "x_day2": 690,
      "day_w": 315.5,
      "x_day0_time": 59,
      "x_day1_time": 351,
      "x_day2_time": 643,
      "day_w_time": 292.0,
      "x_plot_end": 935,
      "x1_static": 936,
      "x1_dyn": 935,
      "x1_dyn_used": true,
      "pph": 12.166666666666666,
      "pph_source": "day_width (tick-mismatch-fallback)",
      "pph_tick": 19.0,
      "tick_pph_rel_err": 0.5616438356164384,
      "tick_pph_valid": false,
      "tick_count": 50,
      "tick_quality": 0.6944444444444444,
      "tick_used": false,
      "x_frontier": 779,
      "frontier_method": "activity_scan",
      "frontier_activity_thr": 0.4524799227714538,
      "frontier_activity_right_tail": 0.16195234656333923,
      "frontier_activity_run_px": 8,
      "guard_px": 4,
      "left_guard": 645,
      "right_guard": 775,
      "x_time": 788,
      "x_ideal": 788,
      "x_now": 788,
      "x_now_method": "ideal",
      "hour_now_tsst": 11.917499999999999,
      "rollover_hour_min": 3.0,
      "rollover_hour_max": 8.5,
      "delta_min_to_guard": -64.10958904109589,
      "delta_min_to_frontier": -44.38356164383562,
      "frontier_day_fill": 0.4657534246575342,
      "rollover_candidate": false,
      "bias_minutes_applied": 0.0,
      "measured_bias_minutes": null,
      "age_hours": null,
      "status": "ok",
      "x_pick": 787,
      "x_pick_edge": 788,
      "x_pick_safe_right": 923,
      "x_overlay": 788,
      "f1_path_x_range": [
        774,
        788
      ],
      "f1_path_target_col": 13,
      "f1_path_y_px": 45,
      "f4_path_x_range": [
        774,
        788
      ],
      "f4_path_target_col": 13,
      "f4_path_y_px": 250,
      "f1_path2_x_range": [
        778,
        788
      ],
      "f1_path2_target_col": 9,
      "f1_path2_y_px": 46,
      "f1_path2_y_direct_px": 80,
      "f1_path2_direct_used": false,
      "f1_path2_direct_allowed": false,
      "f1_path2_left_weight": 0.35,
      "f1_path2_right_weight": 1.0,
      "f2_path2_x_range": [
        778,
        788
      ],
      "f2_path2_target_col": 9,
      "f2_path2_y_px": 150,
      "f2_path2_y_direct_px": 151,
      "f2_path2_direct_used": false,
      "f2_path2_direct_allowed": false,
      "f2_path2_left_weight": 0.4,
      "f2_path2_right_weight": 1.0,
      "f4_path2_x_range": [
        778,
        788
      ],
      "f4_path2_target_col": 9,
      "f4_path2_y_px": 250,
      "f4_path2_y_direct_px": 230,
      "f4_path2_direct_used": false,
      "f4_path2_direct_allowed": false,
      "f4_path2_left_weight": 0.4,
      "f4_path2_right_weight": 1.0,
      "f1_local_snap_x": 788,
      "f1_local_snap_y_px": 52,
      "f1_local_snap_search_px": 8,
      "f1_local_snap_search_up_px": 4,
      "f1_local_snap_search_down_px": 12,
      "f1_local_snap_prefer_lower_weight": 0.02,
      "f3_local_snap_x": 788,
      "f3_local_snap_y_px": 200,
      "f3_local_snap_search_px": 6,
      "f3_local_snap_search_up_px": 6,
      "f3_local_snap_search_down_px": 6,
      "f3_local_snap_prefer_lower_weight": 0.0,
      "f4_local_snap_x": 788,
      "f4_local_snap_y_px": 251,
      "f4_local_snap_search_px": 8,
      "f4_local_snap_search_up_px": 6,
      "f4_local_snap_search_down_px": 14,
      "f4_local_snap_prefer_lower_weight": 0.05,
      "f2_local_snap_x": 788,
      "f2_local_snap_y_px": 150,
      "f2_local_snap_search_px": 8,
      "f2_local_snap_search_up_px": 14,
      "f2_local_snap_search_down_px": 2,
      "f2_local_snap_prefer_lower_weight": 0.0,
      "f2_consensus_x_range": [
        782,
        788
      ],
      "f2_consensus_y_px": 110,
      "f2_consensus_anchor_y_px": 150,
      "f2_consensus_seed_y_px": 110,
      "f2_consensus_support_cols": 5,
      "f2_consensus_support_ratio": 0.7750216353399908,
      "f2_consensus_jump_px": 40,
      "f2_consensus_tol_px": 5,
      "f2_consensus_reason": "accepted",
      "f2_consensus_applied": true,
      "f3_consensus_applied": false,
      "f3_consensus_x_range": [
        782,
        788
      ],
      "f3_consensus_y_px": 200,
      "f3_consensus_anchor_y_px": 200,
      "f3_consensus_seed_y_px": 201,
      "f3_consensus_support_cols": 3,
      "f3_consensus_support_ratio": 0.5155235691534503,
      "f3_consensus_jump_px": 0,
      "f3_consensus_tol_px": 5,
      "f3_consensus_reason": "low_support",
      "f4_consensus_x_range": [
        782,
        788
      ],
      "f4_consensus_y_px": 249,
      "f4_consensus_anchor_y_px": 251,
      "f4_consensus_seed_y_px": 249,
      "f4_consensus_support_cols": 6,
      "f4_consensus_support_ratio": 0.8394665750260126,
      "f4_consensus_jump_px": 2,
      "f4_consensus_tol_px": 6,
      "f4_consensus_reason": "accepted",
      "f4_consensus_applied": true,
      "scale_ranges": {
        "F1": [
          7.2,
          8.4
        ],
        "F2": [
          13.1,
          14.5
        ],
        "F3": [
          18.6,
          20.2
        ],
        "F4": [
          24.1,
          26.5
        ]
      }
    },
    "A": {
      "x_day0": 59,
      "x_day1": 380,
      "x_day2": 702,
      "day_w": 321.5,
      "x_day0_time": 59,
      "x_day1_time": 351,
      "x_day2_time": 643,
      "day_w_time": 292.0,
      "x_plot_end": 935,
      "x1_static": 936,
      "x1_dyn": 935,
      "x1_dyn_used": true,