{
  "saved_at_utc": "2026-03-10T04:51:07.733153+00:00",
  "source": "tomsk_sos70_param_charts",
  "freq_max_hz": 40.0,
  "values": {
    "scale_ranges": {
      "F": {
        "F1": [
          7.2,
          8.4
        ],
        "F2": [
          13.1,
          14.5
        ],
        "F3": [
          18.6,
          20.2
        ],
        "F4": [
          24.1,
          26.5
        ]
      },
      "A": {
        "A1": [
          1.0,
          45.0
        ],
        "A2": [
          1.0,
          61.5
        ],
        "A3": [
          2.2,
          12.2
        ],
        "A4": [
          1.1,
          10.2
        ]
      },
      "Q": {
        "Q1": [
          4.0,
          38.0
        ],
        "Q2": [
          5.0,
          17.5
        ],
        "Q3": [
          7.0,
          23.0
        ],
        "Q4": [
          5.0,
          30.0
        ]
      }
    },
    "scale_units": {
      "F_hz": "Hz",
      "A_value": "idx",
      "Q_value": "idx"
    },
    "F_norm": {
      "F1": 0.1986062717770035,
      "F2": 0.40418118466898956,
      "F3": 0.5261324041811847,
      "F4": 0.7909407665505227
    },
    "F_y_px": {
      "F1": 92,
      "F2": 151,
      "F3": 186,
      "F4": 262
    },
    "F_lane_norm": {
      "F1": 0.8947368421052632,
      "F2": 0.9038461538461539,
      "F3": 0.6086956521739131,
      "F4": 1.0
    },
    "F_hz": {
      "F1": 7.326315789473684,
      "F2": 13.234615384615385,
      "F3": 19.22608695652174,
      "F4": 24.1
    },
    "A_norm": {
      "A1": 0.28222996515679444,
      "A2": 0.4738675958188153,
      "A3": 0.7073170731707317,
      "A4": 0.9198606271777003
    },
    "A_y_px": {
      "A1": 116,
      "A2": 171,
      "A3": 238,
      "A4": 299
    },
    "A_lane_norm": {
      "A1": 0.8674698795180723,
      "A2": 0.8061224489795918,
      "A3": 0.845360824742268,
      "A4": 0.7582417582417582
    },
    "A_value": {
      "A1": 6.831325301204821,
      "A2": 12.729591836734691,
      "A3": 3.7463917525773187,
      "A4": 3.3
    },
    "Q_norm": {
      "Q1": 0.2787456445993031,
      "Q2": 0.40418118466898956,
      "Q3": 0.7247386759581882,
      "Q4": 0.9303135888501742
    },
    "Q_y_px": {
      "Q1": 115,
      "Q2": 151,
      "Q3": 243,
      "Q4": 302
    },
    "Q_lane_norm": {
      "Q1": 0.7415730337078652,
      "Q2": 0.4845360824742268,
      "Q3": 0.8446601941747572,
      "Q4": 0.7764705882352941
    },
    "Q_value": {
      "Q1": 12.786516853932582,
      "Q2": 11.443298969072165,
      "Q3": 9.485436893203884,
      "Q4": 10.588235294117645
    }
  },
  "debug": {
    "F": {
      "x_day0": 59,
      "x_day1": 384,
      "x_day2": 709,
      "day_w": 325.0,
      "x_day0_time": 59,
      "x_day1_time": 351,
      "x_day2_time": 643,
      "day_w_time": 292.0,
      "x_plot_end": 935,
      "x1_static": 936,
      "x1_dyn": 935,
      "x1_dyn_used": true,
      "pph": 12.166666666666666,
      "pph_source": "day_width (tick-mismatch-fallback)",
      "pph_tick": 19.0,
      "tick_pph_rel_err": 0.5616438356164384,
      "tick_pph_valid": false,
      "tick_count": 50,
      "tick_quality": 0.6944444444444444,
      "tick_used": false,
      "x_frontier": 776,
      "frontier_method": "activity_scan",
      "frontier_activity_thr": 0.44980628490448,
      "frontier_activity_right_tail": 0.15742912888526917,
      "frontier_activity_run_px": 8,
      "guard_px": 4,
      "left_guard": 645,
      "right_guard": 772,
      "x_time": 787,
      "x_ideal": 787,
      "x_now": 772,
      "x_now_method": "snap_to_guard",
      "hour_now_tsst": 11.851944444444444,
      "rollover_hour_min": 3.0,
      "rollover_hour_max": 8.5,
      "delta_min_to_guard": -73.97260273972603,
      "frontier_day_fill": 0.4554794520547945,
      "rollover_candidate": false,
      "bias_minutes_applied": 0.0,
      "measured_bias_minutes": null,
      "age_hours": null,
      "status": "ok",
      "x_pick": 771,
      "x_pick_edge": 772,
      "x_pick_safe_right": 923,
      "x_overlay": 772,
      "f1_path_x_range": [
        758,
        772
      ],
      "f1_path_target_col": 13,
      "f1_path_y_px": 90,
      "f4_path_x_range": [
        758,
        772
      ],
      "f4_path_target_col": 13,
      "f4_path_y_px": 251,
      "f1_path2_x_range": [
        762,
        772
      ],
      "f1_path2_target_col": 9,
      "f1_path2_y_px": 90,
      "f1_path2_y_direct_px": 93,
      "f1_path2_direct_used": false,
      "f1_path2_direct_allowed": false,
      "f1_path2_left_weight": 0.35,
      "f1_path2_right_weight": 1.0,
      "f2_path2_x_range": [
        762,
        772
      ],
      "f2_path2_target_col": 9,
      "f2_path2_y_px": 150,
      "f2_path2_y_direct_px": 155,
      "f2_path2_direct_used": false,
      "f2_path2_direct_allowed": false,
      "f2_path2_left_weight": 0.4,
      "f2_path2_right_weight": 1.0,
      "f4_path2_x_range": [
        762,
        772
      ],
      "f4_path2_target_col": 9,
      "f4_path2_y_px": 251,
      "f4_path2_y_direct_px": 262,
      "f4_path2_direct_used": false,
      "f4_path2_direct_allowed": false,
      "f4_path2_left_weight": 0.4,
      "f4_path2_right_weight": 1.0,
      "f1_local_snap_x": 772,
      "f1_local_snap_y_px": 92,
      "f1_local_snap_search_px": 8,
      "f1_local_snap_search_up_px": 4,
      "f1_local_snap_search_down_px": 12,
      "f1_local_snap_prefer_lower_weight": 0.02,
      "f3_local_snap_x": 772,
      "f3_local_snap_y_px": 186,
      "f3_local_snap_search_px": 6,
      "f3_local_snap_search_up_px": 6,
      "f3_local_snap_search_down_px": 6,
      "f3_local_snap_prefer_lower_weight": 0.0,
      "f4_local_snap_x": 772,
      "f4_local_snap_y_px": 262,
      "f4_local_snap_search_px": 8,
      "f4_local_snap_search_up_px": 6,
      "f4_local_snap_search_down_px": 14,
      "f4_local_snap_prefer_lower_weight": 0.05,
      "f2_local_snap_x": 772,
      "f2_local_snap_y_px": 151,
      "f2_local_snap_search_px": 8,
      "f2_local_snap_search_up_px": 14,
      "f2_local_snap_search_down_px": 2,
      "f2_local_snap_prefer_lower_weight": 0.0,
      "scale_ranges": {
        "F1": [
          7.2,
          8.4
        ],
        "F2": [
          13.1,
          14.5
        ],
        "F3": [
          18.6,
          20.2
        ],
        "F4": [
          24.1,
          26.5
        ]
      }
    },
    "A": {
      "x_day0": 59,
      "x_day1": 392,
      "x_day2": 726,
      "day_w": 333.5,
      "x_day0_time": 59,
      "x_day1_time": 351,
      "x_day2_time": 643,
      "day_w_time": 292.0,
      "x_plot_end": 935,
      "x1_static": 936,
      "x1_dyn": 935,
      "x1_dyn_used": true,
      "pph": 12.166666666666666,
      "pph_source": "day_width (tick-mismatch-fallback)",
      "pph_tick": 19.0,
      "tick_pph_rel_err": 0.5616438356164384,
      "tick_pph_valid": false,
      "tick_count": 50,
      "tick_quality": 0.6944444444444444,
      "tick_used": false,
      "x_frontier": 916,
      "frontier_method": "activity_scan",
      "frontier_activity_thr": 0.39649598151445387,
      "frontier_activity_right_tail": 0.18088798224925995,
      "frontier_activity_run_px": 8,
      "guard_px": 6,
      "left_guard": 645,
      "right_guard": 910,
      "x_time": 787,
      "x_ideal": 787,
      "x_now": 787,
      "x_now_method": "ideal",
      "hour_now_tsst": 11.851944444444444,
      "rollover_hour_min": 3.0,
      "rollover_hour_max": 8.5,
      "delta_min_to_guard": 606.5753424657535,
      "frontier_day_fill": 0.934931506849315,
      "rollover_candidate": false,
      "bias_minutes_applied": 0.0,
      "measured_bias_minutes": null,
      "age_hours": null,
      "status": "ok",
      "x_pick": 783,
      "x_pick_safe_right": 911,
      "x_overlay": 783,
      "a2_path2_x_range": [
        773,
        783
      ],
      "a2_path2_target_col": 9,
      "a2_path2_y_px": 173,
      "a2_path2_y_direct_px": 172,
      "a2_path2_direct_used": false,
      "a2_path2_direct_allowed": true,