{
  "saved_at_utc": "2026-05-07T23:50:00.670344+00:00",
  "source": "tomsk_sos70_param_charts",
  "freq_max_hz": 40.0,
  "values": {
    "scale_ranges": {
      "F": {
        "F1": [
          7.2,
          8.4
        ],
        "F2": [
          13.1,
          14.5
        ],
        "F3": [
          18.6,
          20.2
        ],
        "F4": [
          24.1,
          26.5
        ]
      },
      "A": {
        "A1": [
          1.0,
          45.0
        ],
        "A2": [
          1.0,
          61.5
        ],
        "A3": [
          2.2,
          12.2
        ],
        "A4": [
          1.1,
          10.2
        ]
      },
      "Q": {
        "Q1": [
          4.0,
          38.0
        ],
        "Q2": [
          5.0,
          17.5
        ],
        "Q3": [
          7.0,
          23.0
        ],
        "Q4": [
          5.0,
          30.0
        ]
      }
    },
    "scale_units": {
      "F_hz": "Hz",
      "A_value": "idx",
      "Q_value": "idx"
    },
    "F_norm": {
      "F1": 0.0313588850174216,
      "F2": 0.289198606271777,
      "F3": 0.5609756097560976,
      "F4": 0.7282229965156795
    },
    "F_y_px": {
      "F1": 44,
      "F2": 118,
      "F3": 196,
      "F4": 244
    },
    "F_lane_norm": {
      "F1": 0.05263157894736842,
      "F2": 0.2692307692307692,
      "F3": 0.8260869565217391,
      "F4": 0.8043478260869565
    },
    "F_hz": {
      "F1": 8.336842105263159,
      "F2": 14.123076923076923,
      "F3": 18.878260869565217,
      "F4": 24.569565217391304
    },
    "A_norm": {
      "A1": 0.2787456445993031,
      "A2": 0.5017421602787456,
      "A3": 0.7003484320557491,
      "A4": 0.89198606271777
    },
    "A_y_px": {
      "A1": 115,
      "A2": 179,
      "A3": 236,
      "A4": 291
    },
    "A_lane_norm": {
      "A1": 0.8554216867469879,
      "A2": 0.8877551020408163,
      "A3": 0.8247422680412371,
      "A4": 0.6703296703296703
    },
    "A_value": {
      "A1": 7.361445783132531,
      "A2": 7.79081632653061,
      "A3": 3.952577319587629,
      "A4": 4.1
    },
    "Q_norm": {
      "Q1": 0.28222996515679444,
      "Q2": 0.49825783972125437,
      "Q3": 0.7317073170731707,
      "Q4": 0.818815331010453
    },
    "Q_y_px": {
      "Q1": 116,
      "Q2": 178,
      "Q3": 245,
      "Q4": 270
    },
    "Q_lane_norm": {
      "Q1": 0.7528089887640449,
      "Q2": 0.7628865979381443,
      "Q3": 0.8640776699029126,
      "Q4": 0.4
    },
    "Q_value": {
      "Q1": 12.404494382022474,
      "Q2": 7.963917525773196,
      "Q3": 9.174757281553399,
      "Q4": 20.0
    }
  },
  "debug": {
    "F": {
      "x_day0": 59,
      "x_day1": 392,
      "x_day2": 726,
      "day_w": 333.5,
      "x_day0_time": 59,
      "x_day1_time": 351,
      "x_day2_time": 643,
      "day_w_time": 292.0,
      "x_plot_end": 935,
      "x1_static": 936,
      "x1_dyn": 935,
      "x1_dyn_used": true,
      "pph": 12.166666666666666,
      "pph_source": "day_width (tick-mismatch-fallback)",
      "pph_tick": 19.0,
      "tick_pph_rel_err": 0.5616438356164384,
      "tick_pph_valid": false,
      "tick_count": 50,
      "tick_quality": 0.6944444444444444,
      "tick_used": false,
      "x_frontier": 726,
      "frontier_method": "activity_scan",
      "frontier_activity_thr": 0.4923108547925949,
      "frontier_activity_right_tail": 0.1875997632741928,
      "frontier_activity_run_px": 8,
      "guard_px": 4,
      "left_guard": 645,
      "right_guard": 722,
      "x_time": 726,
      "x_ideal": 726,
      "x_now": 726,
      "x_now_method": "harmonized_prefer_non_rollover",
      "hour_now_tsst": 6.833333333333333,
      "rollover_hour_min": 3.0,
      "rollover_hour_max": 8.5,
      "delta_min_to_guard": -19.726027397260275,
      "delta_min_to_frontier": 0.0,
      "frontier_day_fill": 0.2842465753424658,
      "rollover_candidate": false,
      "bias_minutes_applied": 0.0,
      "measured_bias_minutes": null,
      "age_hours": null,
      "status": "ok",
      "x_now_before_harmonize": 726,
      "x_pick": 725,
      "x_pick_edge": 726,
      "x_pick_safe_right": 923,
      "x_overlay": 726,
      "f1_path_x_range": [
        712,
        726
      ],
      "f1_path_target_col": 13,
      "f1_path_y_px": 43,
      "f4_path_x_range": [
        712,
        726
      ],
      "f4_path_target_col": 13,
      "f4_path_y_px": 250,
      "f1_path2_x_range": [
        716,
        726
      ],
      "f1_path2_target_col": 9,
      "f1_path2_y_px": 44,
      "f1_path2_y_direct_px": 44,
      "f1_path2_direct_used": false,
      "f1_path2_direct_allowed": false,
      "f1_path2_left_weight": 0.35,
      "f1_path2_right_weight": 1.0,
      "f2_path2_x_range": [
        716,
        726
      ],
      "f2_path2_target_col": 9,
      "f2_path2_y_px": 118,
      "f2_path2_y_direct_px": 121,
      "f2_path2_direct_used": false,
      "f2_path2_direct_allowed": false,
      "f2_path2_left_weight": 0.4,
      "f2_path2_right_weight": 1.0,
      "f4_path2_x_range": [
        716,
        726
      ],
      "f4_path2_target_col": 9,
      "f4_path2_y_px": 244,
      "f4_path2_y_direct_px": 243,
      "f4_path2_direct_used": false,
      "f4_path2_direct_allowed": false,
      "f4_path2_left_weight": 0.4,
      "f4_path2_right_weight": 1.0,
      "f1_local_snap_x": 726,
      "f1_local_snap_y_px": 44,
      "f1_local_snap_search_px": 8,
      "f1_local_snap_search_up_px": 4,
      "f1_local_snap_search_down_px": 12,
      "f1_local_snap_prefer_lower_weight": 0.02,
      "f3_local_snap_x": 726,
      "f3_local_snap_y_px": 195,
      "f3_local_snap_search_px": 6,
      "f3_local_snap_search_up_px": 6,
      "f3_local_snap_search_down_px": 6,
      "f3_local_snap_prefer_lower_weight": 0.0,
      "f4_local_snap_x": 726,
      "f4_local_snap_y_px": 243,
      "f4_local_snap_search_px": 8,
      "f4_local_snap_search_up_px": 6,
      "f4_local_snap_search_down_px": 14,
      "f4_local_snap_prefer_lower_weight": 0.05,
      "f2_local_snap_x": 726,
      "f2_local_snap_y_px": 118,
      "f2_local_snap_search_px": 8,
      "f2_local_snap_search_up_px": 14,
      "f2_local_snap_search_down_px": 2,
      "f2_local_snap_prefer_lower_weight": 0.0,
      "f2_consensus_x_range": [
        720,
        726
      ],
      "f2_consensus_y_px": 118,
      "f2_consensus_anchor_y_px": 118,
      "f2_consensus_seed_y_px": 118,
      "f2_consensus_support_cols": 6,
      "f2_consensus_support_ratio": 0.7969564038049629,
      "f2_consensus_jump_px": 0,
      "f2_consensus_tol_px": 5,
      "f2_consensus_reason": "accepted",
      "f2_consensus_applied": true,
      "f3_consensus_x_range": [
        720,
        726
      ],
      "f3_consensus_y_px": 196,
      "f3_consensus_anchor_y_px": 195,
      "f3_consensus_seed_y_px": 200,
      "f3_consensus_support_cols": 7,
      "f3_consensus_support_ratio": 1.0,
      "f3_consensus_jump_px": 1,
      "f3_consensus_tol_px": 5,
      "f3_consensus_reason": "accepted",
      "f3_consensus_applied": true,
      "f4_consensus_x_range": [
        720,
        726
      ],
      "f4_consensus_y_px": 244,
      "f4_consensus_anchor_y_px": 243,
      "f4_consensus_seed_y_px": 246,
      "f4_consensus_support_cols": 7,
      "f4_consensus_support_ratio": 1.0,
      "f4_consensus_jump_px": 1,
      "f4_consensus_tol_px": 6,
      "f4_consensus_reason": "accepted",
      "f4_consensus_applied": true,
      "scale_ranges": {
        "F1": [
          7.2,
          8.4
        ],
        "F2": [
          13.1,
          14.5
        ],
        "F3": [
          18.6,
          20.2
        ],
        "F4": [
          24.1,
          26.5
        ]
      }
    },
    "A": {
      "x_day0": 59,
      "x_day1": 392,
      "x_day2": 726,
      "day_w": 333.5,
      "x_day0_time": 59,
      "x_day1_time": 351,
      "x_day2_time": 643,
      "day_w_time": 292.0,
      "x_plot_end": 935,
      "x1_static": 936,
      "x1_dyn": 935,
      "x1_dyn_used": true,
      "pph": 12.166666666666666,