{
  "saved_at_utc": "2026-04-05T21:33:29.419500+00:00",
  "source": "tomsk_sos70_param_charts",
  "freq_max_hz": 40.0,
  "values": {
    "scale_ranges": {
      "F": {
        "F1": [
          7.2,
          8.4
        ],
        "F2": [
          13.1,
          14.5
        ],
        "F3": [
          18.6,
          20.2
        ],
        "F4": [
          24.1,
          26.5
        ]
      },
      "A": {
        "A1": [
          1.0,
          45.0
        ],
        "A2": [
          1.0,
          61.5
        ],
        "A3": [
          2.2,
          12.2
        ],
        "A4": [
          1.1,
          10.2
        ]
      },
      "Q": {
        "Q1": [
          4.0,
          38.0
        ],
        "Q2": [
          5.0,
          17.5
        ],
        "Q3": [
          7.0,
          23.0
        ],
        "Q4": [
          5.0,
          30.0
        ]
      }
    },
    "scale_units": {
      "F_hz": "Hz",
      "A_value": "idx",
      "Q_value": "idx"
    },
    "F_norm": {
      "F1": 0.10104529616724739,
      "F2": 0.34843205574912894,
      "F3": 0.5888501742160279,
      "F4": 0.7491289198606271
    },
    "F_y_px": {
      "F1": 64,
      "F2": 135,
      "F3": 204,
      "F4": 250
    },
    "F_lane_norm": {
      "F1": 0.40350877192982454,
      "F2": 0.5961538461538461,
      "F3": 1.0,
      "F4": 0.9347826086956522
    },
    "F_hz": {
      "F1": 7.915789473684211,
      "F2": 13.665384615384616,
      "F3": 18.6,
      "F4": 24.256521739130434
    },
    "A_norm": {
      "A1": 0.2578397212543554,
      "A2": 0.49477351916376305,
      "A3": 0.7073170731707317,
      "A4": 0.9128919860627178
    },
    "A_y_px": {
      "A1": 109,
      "A2": 177,
      "A3": 238,
      "A4": 297
    },
    "A_lane_norm": {
      "A1": 0.7831325301204819,
      "A2": 0.8673469387755102,
      "A3": 0.845360824742268,
      "A4": 0.7362637362637363
    },
    "A_value": {
      "A1": 10.5421686746988,
      "A2": 9.025510204081634,
      "A3": 3.7463917525773187,
      "A4": 3.499999999999999
    },
    "Q_norm": {
      "Q1": 0.31010452961672474,
      "Q2": 0.4912891986062718,
      "Q3": 0.662020905923345,
      "Q4": 0.8571428571428571
    },
    "Q_y_px": {
      "Q1": 124,
      "Q2": 176,
      "Q3": 225,
      "Q4": 281
    },
    "Q_lane_norm": {
      "Q1": 0.8426966292134831,
      "Q2": 0.7422680412371134,
      "Q3": 0.6699029126213593,
      "Q4": 0.5294117647058824
    },
    "Q_value": {
      "Q1": 9.348314606741575,
      "Q2": 8.221649484536082,
      "Q3": 12.281553398058252,
      "Q4": 16.764705882352942
    }
  },
  "debug": {
    "F": {
      "x_day0": 59,
      "x_day1": 392,
      "x_day2": 726,
      "day_w": 333.5,
      "x_day0_time": 59,
      "x_day1_time": 351,
      "x_day2_time": 643,
      "day_w_time": 292.0,
      "x_plot_end": 935,
      "x1_static": 936,
      "x1_dyn": 935,
      "x1_dyn_used": true,
      "pph": 12.166666666666666,
      "pph_source": "day_width (tick-mismatch-fallback)",
      "pph_tick": 19.0,
      "tick_pph_rel_err": 0.5616438356164384,
      "tick_pph_valid": false,
      "tick_count": 50,
      "tick_quality": 0.6944444444444444,
      "tick_used": false,
      "x_frontier": 701,
      "frontier_method": "activity_scan",
      "frontier_activity_thr": 0.5267070651054382,
      "frontier_activity_right_tail": 0.17812395095825195,
      "frontier_activity_run_px": 8,
      "guard_px": 4,
      "left_guard": 645,
      "right_guard": 697,
      "x_time": 698,
      "x_ideal": 698,
      "x_now": 698,
      "x_now_method": "harmonized_pair_cluster",
      "hour_now_tsst": 4.558055555555556,
      "rollover_hour_min": 3.0,
      "rollover_hour_max": 8.5,
      "delta_min_to_guard": -4.931506849315069,
      "delta_min_to_frontier": 14.794520547945206,
      "frontier_day_fill": 0.19863013698630136,
      "rollover_candidate": false,
      "bias_minutes_applied": 0.0,
      "measured_bias_minutes": null,
      "age_hours": null,
      "status": "ok",
      "x_now_before_harmonize": 698,
      "x_pick": 697,
      "x_pick_edge": 698,
      "x_pick_safe_right": 923,
      "x_overlay": 698,
      "f1_path_x_range": [
        684,
        698
      ],
      "f1_path_target_col": 13,
      "f1_path_y_px": 61,
      "f4_path_x_range": [
        684,
        698
      ],
      "f4_path_target_col": 13,
      "f4_path_y_px": 250,
      "f1_path2_x_range": [
        688,
        698
      ],
      "f1_path2_target_col": 9,
      "f1_path2_y_px": 61,
      "f1_path2_y_direct_px": 61,
      "f1_path2_direct_used": false,
      "f1_path2_direct_allowed": false,
      "f1_path2_left_weight": 0.35,
      "f1_path2_right_weight": 1.0,
      "f2_path2_x_range": [
        688,
        698
      ],
      "f2_path2_target_col": 9,
      "f2_path2_y_px": 142,
      "f2_path2_y_direct_px": 141,
      "f2_path2_direct_used": false,
      "f2_path2_direct_allowed": false,
      "f2_path2_left_weight": 0.4,
      "f2_path2_right_weight": 1.0,
      "f4_path2_x_range": [
        688,
        698
      ],
      "f4_path2_target_col": 9,
      "f4_path2_y_px": 251,
      "f4_path2_y_direct_px": 257,
      "f4_path2_direct_used": false,
      "f4_path2_direct_allowed": false,
      "f4_path2_left_weight": 0.4,
      "f4_path2_right_weight": 1.0,
      "f1_local_snap_x": 698,
      "f1_local_snap_y_px": 64,
      "f1_local_snap_search_px": 8,
      "f1_local_snap_search_up_px": 4,
      "f1_local_snap_search_down_px": 12,
      "f1_local_snap_prefer_lower_weight": 0.02,
      "f3_local_snap_x": 698,
      "f3_local_snap_y_px": 201,
      "f3_local_snap_search_px": 6,
      "f3_local_snap_search_up_px": 6,
      "f3_local_snap_search_down_px": 6,
      "f3_local_snap_prefer_lower_weight": 0.0,
      "f4_local_snap_x": 698,
      "f4_local_snap_y_px": 250,
      "f4_local_snap_search_px": 8,
      "f4_local_snap_search_up_px": 6,
      "f4_local_snap_search_down_px": 14,
      "f4_local_snap_prefer_lower_weight": 0.05,
      "f2_local_snap_x": 698,
      "f2_local_snap_y_px": 133,
      "f2_local_snap_search_px": 8,
      "f2_local_snap_search_up_px": 14,
      "f2_local_snap_search_down_px": 2,
      "f2_local_snap_prefer_lower_weight": 0.0,
      "f2_consensus_x_range": [
        692,
        698
      ],
      "f2_consensus_y_px": 135,
      "f2_consensus_anchor_y_px": 133,
      "f2_consensus_seed_y_px": 135,
      "f2_consensus_support_cols": 5,
      "f2_consensus_support_ratio": 0.6839301914077587,
      "f2_consensus_jump_px": 2,
      "f2_consensus_tol_px": 5,
      "f2_consensus_reason": "accepted",
      "f2_consensus_applied": true,
      "f3_consensus_x_range": [
        692,
        698
      ],
      "f3_consensus_y_px": 204,
      "f3_consensus_anchor_y_px": 201,
      "f3_consensus_seed_y_px": 199,
      "f3_consensus_support_cols": 7,
      "f3_consensus_support_ratio": 1.0,
      "f3_consensus_jump_px": 3,
      "f3_consensus_tol_px": 5,
      "f3_consensus_reason": "accepted",
      "f3_consensus_applied": true,
      "f4_consensus_x_range": [
        692,
        698
      ],
      "f4_consensus_y_px": 250,
      "f4_consensus_anchor_y_px": 250,
      "f4_consensus_seed_y_px": 246,
      "f4_consensus_support_cols": 7,
      "f4_consensus_support_ratio": 1.0,
      "f4_consensus_jump_px": 0,
      "f4_consensus_tol_px": 6,
      "f4_consensus_reason": "accepted",
      "f4_consensus_applied": true,
      "scale_ranges": {
        "F1": [
          7.2,
          8.4
        ],
        "F2": [
          13.1,
          14.5
        ],
        "F3": [
          18.6,
          20.2
        ],
        "F4": [
          24.1,
          26.5
        ]
      }
    },
    "A": {
      "x_day0": 59,
      "x_day1": 392,
      "x_day2": 726,
      "day_w": 333.5,
      "x_day0_time": 59,
      "x_day1_time": 351,
      "x_day2_time": 643,
      "day_w_time": 292.0,
      "x_plot_end": 935,
      "x1_static": 936,
      "x1_dyn": 935,
      "x1_dyn_used": true,