{
  "saved_at_utc": "2026-03-18T05:18:18.824574+00:00",
  "source": "tomsk_sos70_param_charts",
  "freq_max_hz": 40.0,
  "values": {
    "scale_ranges": {
      "F": {
        "F1": [
          7.2,
          8.4
        ],
        "F2": [
          13.1,
          14.5
        ],
        "F3": [
          18.6,
          20.2
        ],
        "F4": [
          24.1,
          26.5
        ]
      },
      "A": {
        "A1": [
          1.0,
          45.0
        ],
        "A2": [
          1.0,
          61.5
        ],
        "A3": [
          2.2,
          12.2
        ],
        "A4": [
          1.1,
          10.2
        ]
      },
      "Q": {
        "Q1": [
          4.0,
          38.0
        ],
        "Q2": [
          5.0,
          17.5
        ],
        "Q3": [
          7.0,
          23.0
        ],
        "Q4": [
          5.0,
          30.0
        ]
      }
    },
    "scale_units": {
      "F_hz": "Hz",
      "A_value": "idx",
      "Q_value": "idx"
    },
    "F_norm": {
      "F1": 0.1951219512195122,
      "F2": 0.445993031358885,
      "F3": 0.5156794425087108,
      "F4": 0.7560975609756098
    },
    "F_y_px": {
      "F1": 91,
      "F2": 163,
      "F3": 183,
      "F4": 252
    },
    "F_lane_norm": {
      "F1": 0.8771929824561403,
      "F2": 1.0,
      "F3": 0.5434782608695652,
      "F4": 0.9782608695652174
    },
    "F_hz": {
      "F1": 7.347368421052632,
      "F2": 13.1,
      "F3": 19.330434782608695,
      "F4": 24.15217391304348
    },
    "A_norm": {
      "A1": 0.1951219512195122,
      "A2": 0.40069686411149824,
      "A3": 0.6968641114982579,
      "A4": 0.8780487804878049
    },
    "A_y_px": {
      "A1": 91,
      "A2": 150,
      "A3": 235,
      "A4": 287
    },
    "A_lane_norm": {
      "A1": 0.5662650602409639,
      "A2": 0.5918367346938775,
      "A3": 0.8144329896907216,
      "A4": 0.6263736263736264
    },
    "A_value": {
      "A1": 20.08433734939759,
      "A2": 25.693877551020407,
      "A3": 4.055670103092783,
      "A4": 4.5
    },
    "Q_norm": {
      "Q1": 0.2682926829268293,
      "Q2": 0.3344947735191638,
      "Q3": 0.5156794425087108,
      "Q4": 0.7491289198606271
    },
    "Q_y_px": {
      "Q1": 112,
      "Q2": 131,
      "Q3": 183,
      "Q4": 250
    },
    "Q_lane_norm": {
      "Q1": 0.7078651685393258,
      "Q2": 0.27835051546391754,
      "Q3": 0.2621359223300971,
      "Q4": 0.16470588235294117
    },
    "Q_value": {
      "Q1": 13.932584269662922,
      "Q2": 14.02061855670103,
      "Q3": 18.80582524271845,
      "Q4": 25.88235294117647
    }
  },
  "debug": {
    "F": {
      "x_day0": 59,
      "x_day1": 360,
      "x_day2": 660,
      "day_w": 300.5,
      "x_day0_time": 59,
      "x_day1_time": 351,
      "x_day2_time": 643,
      "day_w_time": 292.0,
      "x_plot_end": 935,
      "x1_static": 936,
      "x1_dyn": 935,
      "x1_dyn_used": true,
      "pph": 12.166666666666666,
      "pph_source": "day_width (tick-mismatch-fallback)",
      "pph_tick": 19.0,
      "tick_pph_rel_err": 0.5616438356164384,
      "tick_pph_valid": false,
      "tick_count": 50,
      "tick_quality": 0.6944444444444444,
      "tick_used": false,
      "x_frontier": 796,
      "frontier_method": "activity_scan",
      "frontier_activity_thr": 0.4789648562669754,
      "frontier_activity_right_tail": 0.1579027622938156,
      "frontier_activity_run_px": 8,
      "guard_px": 4,
      "left_guard": 645,
      "right_guard": 792,
      "x_time": 793,
      "x_ideal": 793,
      "x_now": 793,
      "x_now_method": "ideal",
      "hour_now_tsst": 12.305000000000001,
      "rollover_hour_min": 3.0,
      "rollover_hour_max": 8.5,
      "delta_min_to_guard": -4.931506849315069,
      "delta_min_to_frontier": 14.794520547945206,
      "frontier_day_fill": 0.523972602739726,
      "rollover_candidate": false,
      "bias_minutes_applied": 0.0,
      "measured_bias_minutes": null,
      "age_hours": null,
      "status": "ok",
      "x_pick": 792,
      "x_pick_edge": 793,
      "x_pick_safe_right": 923,
      "x_overlay": 793,
      "f1_path_x_range": [
        779,
        793
      ],
      "f1_path_target_col": 13,
      "f1_path_y_px": 91,
      "f4_path_x_range": [
        779,
        793
      ],
      "f4_path_target_col": 13,
      "f4_path_y_px": 230,
      "f1_path2_x_range": [
        783,
        793
      ],
      "f1_path2_target_col": 9,
      "f1_path2_y_px": 92,
      "f1_path2_y_direct_px": 65,
      "f1_path2_direct_used": false,
      "f1_path2_direct_allowed": false,
      "f1_path2_left_weight": 0.35,
      "f1_path2_right_weight": 1.0,
      "f2_path2_x_range": [
        783,
        793
      ],
      "f2_path2_target_col": 9,
      "f2_path2_y_px": 161,
      "f2_path2_y_direct_px": 155,
      "f2_path2_direct_used": false,
      "f2_path2_direct_allowed": false,
      "f2_path2_left_weight": 0.4,
      "f2_path2_right_weight": 1.0,
      "f4_path2_x_range": [
        783,
        793
      ],
      "f4_path2_target_col": 9,
      "f4_path2_y_px": 230,
      "f4_path2_y_direct_px": 253,
      "f4_path2_direct_used": false,
      "f4_path2_direct_allowed": false,
      "f4_path2_left_weight": 0.4,
      "f4_path2_right_weight": 1.0,
      "f1_local_snap_x": 793,
      "f1_local_snap_y_px": 91,
      "f1_local_snap_search_px": 8,
      "f1_local_snap_search_up_px": 4,
      "f1_local_snap_search_down_px": 12,
      "f1_local_snap_prefer_lower_weight": 0.02,
      "f3_local_snap_x": 793,
      "f3_local_snap_y_px": 183,
      "f3_local_snap_search_px": 6,
      "f3_local_snap_search_up_px": 6,
      "f3_local_snap_search_down_px": 6,
      "f3_local_snap_prefer_lower_weight": 0.0,
      "f4_local_snap_x": 793,
      "f4_local_snap_y_px": 230,
      "f4_local_snap_search_px": 8,
      "f4_local_snap_search_up_px": 6,
      "f4_local_snap_search_down_px": 14,
      "f4_local_snap_prefer_lower_weight": 0.05,
      "f2_local_snap_x": 793,
      "f2_local_snap_y_px": 150,
      "f2_local_snap_search_px": 8,
      "f2_local_snap_search_up_px": 14,
      "f2_local_snap_search_down_px": 2,
      "f2_local_snap_prefer_lower_weight": 0.0,
      "f2_consensus_x_range": [
        787,
        793
      ],
      "f2_consensus_y_px": 163,
      "f2_consensus_anchor_y_px": 150,
      "f2_consensus_seed_y_px": 160,
      "f2_consensus_support_cols": 6,
      "f2_consensus_support_ratio": 0.7951181511295767,
      "f2_consensus_jump_px": 13,
      "f2_consensus_tol_px": 5,
      "f2_consensus_reason": "accepted",
      "f2_consensus_applied": true,
      "f3_consensus_x_range": [
        787,
        793
      ],
      "f3_consensus_y_px": 183,
      "f3_consensus_anchor_y_px": 183,
      "f3_consensus_seed_y_px": 182,
      "f3_consensus_support_cols": 6,
      "f3_consensus_support_ratio": 0.9105156950672647,
      "f3_consensus_jump_px": 0,
      "f3_consensus_tol_px": 5,
      "f3_consensus_reason": "accepted",
      "f3_consensus_applied": true,
      "f4_consensus_x_range": [
        787,
        793
      ],
      "f4_consensus_y_px": 252,
      "f4_consensus_anchor_y_px": 230,
      "f4_consensus_seed_y_px": 252,
      "f4_consensus_support_cols": 6,
      "f4_consensus_support_ratio": 0.9059211348281131,
      "f4_consensus_jump_px": 22,
      "f4_consensus_tol_px": 6,
      "f4_consensus_reason": "accepted",
      "f4_consensus_applied": true,
      "scale_ranges": {
        "F1": [
          7.2,
          8.4
        ],
        "F2": [
          13.1,
          14.5
        ],
        "F3": [
          18.6,
          20.2
        ],
        "F4": [
          24.1,
          26.5
        ]
      }
    },
    "A": {
      "x_day0": 59,
      "x_day1": 372,
      "x_day2": 684,
      "day_w": 312.5,
      "x_day0_time": 59,
      "x_day1_time": 351,
      "x_day2_time": 644,
      "day_w_time": 292.3333333333333,
      "x_plot_end": 936,
      "x1_static": 936,
      "x1_dyn": 977,
      "x1_dyn_used": false,
      "pph": 12.180555555555555,