{
  "saved_at_utc": "2026-03-14T06:23:53.610423+00:00",
  "source": "tomsk_sos70_param_charts",
  "freq_max_hz": 40.0,
  "values": {
    "scale_ranges": {
      "F": {
        "F1": [
          7.2,
          8.4
        ],
        "F2": [
          13.1,
          14.5
        ],
        "F3": [
          18.6,
          20.2
        ],
        "F4": [
          24.1,
          26.5
        ]
      },
      "A": {
        "A1": [
          1.0,
          45.0
        ],
        "A2": [
          1.0,
          61.5
        ],
        "A3": [
          2.2,
          12.2
        ],
        "A4": [
          1.1,
          10.2
        ]
      },
      "Q": {
        "Q1": [
          4.0,
          38.0
        ],
        "Q2": [
          5.0,
          17.5
        ],
        "Q3": [
          7.0,
          23.0
        ],
        "Q4": [
          5.0,
          30.0
        ]
      }
    },
    "scale_units": {
      "F_hz": "Hz",
      "A_value": "idx",
      "Q_value": "idx"
    },
    "F_norm": {
      "F1": 0.18466898954703834,
      "F2": 0.397212543554007,
      "F3": 0.5087108013937283,
      "F4": 0.7526132404181185
    },
    "F_y_px": {
      "F1": 88,
      "F2": 149,
      "F3": 181,
      "F4": 251
    },
    "F_lane_norm": {
      "F1": 0.8245614035087719,
      "F2": 0.8653846153846154,
      "F3": 0.5,
      "F4": 0.9565217391304348
    },
    "F_hz": {
      "F1": 7.410526315789474,
      "F2": 13.288461538461538,
      "F3": 19.4,
      "F4": 24.20434782608696
    },
    "A_norm": {
      "A1": 0.313588850174216,
      "A2": 0.47038327526132406,
      "A3": 0.7038327526132404,
      "A4": 0.9198606271777003
    },
    "A_y_px": {
      "A1": 125,
      "A2": 170,
      "A3": 237,
      "A4": 299
    },
    "A_lane_norm": {
      "A1": 0.9759036144578314,
      "A2": 0.7959183673469388,
      "A3": 0.8350515463917526,
      "A4": 0.7582417582417582
    },
    "A_value": {
      "A1": 2.0602409638554207,
      "A2": 13.346938775510203,
      "A3": 3.849484536082473,
      "A4": 3.3
    },
    "Q_norm": {
      "Q1": 0.3240418118466899,
      "Q2": 0.4843205574912892,
      "Q3": 0.6933797909407665,
      "Q4": 0.9616724738675958
    },
    "Q_y_px": {
      "Q1": 128,
      "Q2": 174,
      "Q3": 234,
      "Q4": 311
    },
    "Q_lane_norm": {
      "Q1": 0.8876404494382022,
      "Q2": 0.7216494845360825,
      "Q3": 0.7572815533980582,
      "Q4": 0.8823529411764706
    },
    "Q_value": {
      "Q1": 7.820224719101127,
      "Q2": 8.47938144329897,
      "Q3": 10.883495145631068,
      "Q4": 7.9411764705882355
    }
  },
  "debug": {
    "F": {
      "x_day0": 59,
      "x_day1": 375,
      "x_day2": 691,
      "day_w": 316.0,
      "x_day0_time": 59,
      "x_day1_time": 351,
      "x_day2_time": 643,
      "day_w_time": 292.0,
      "x_plot_end": 935,
      "x1_static": 936,
      "x1_dyn": 935,
      "x1_dyn_used": true,
      "pph": 12.166666666666666,
      "pph_source": "day_width (tick-mismatch-fallback)",
      "pph_tick": 19.0,
      "tick_pph_rel_err": 0.5616438356164384,
      "tick_pph_valid": false,
      "tick_count": 50,
      "tick_quality": 0.6944444444444444,
      "tick_used": false,
      "x_frontier": 797,
      "frontier_method": "activity_scan",
      "frontier_activity_thr": 0.4385508835315704,
      "frontier_activity_right_tail": 0.1511732041835785,
      "frontier_activity_run_px": 8,
      "guard_px": 4,
      "left_guard": 645,
      "right_guard": 793,
      "x_time": 806,
      "x_ideal": 806,
      "x_now": 806,
      "x_now_method": "ideal",
      "hour_now_tsst": 13.398055555555555,
      "rollover_hour_min": 3.0,
      "rollover_hour_max": 8.5,
      "delta_min_to_guard": -64.10958904109589,
      "delta_min_to_frontier": -44.38356164383562,
      "frontier_day_fill": 0.5273972602739726,
      "rollover_candidate": false,
      "bias_minutes_applied": 0.0,
      "measured_bias_minutes": null,
      "age_hours": null,
      "status": "ok",
      "x_pick": 805,
      "x_pick_edge": 806,
      "x_pick_safe_right": 923,
      "x_overlay": 806,
      "f1_path_x_range": [
        792,
        806
      ],
      "f1_path_target_col": 13,
      "f1_path_y_px": 78,
      "f4_path_x_range": [
        792,
        806
      ],
      "f4_path_target_col": 13,
      "f4_path_y_px": 250,
      "f1_path2_x_range": [
        796,
        806
      ],
      "f1_path2_target_col": 9,
      "f1_path2_y_px": 78,
      "f1_path2_y_direct_px": 45,
      "f1_path2_direct_used": false,
      "f1_path2_direct_allowed": false,
      "f1_path2_left_weight": 0.35,
      "f1_path2_right_weight": 1.0,
      "f2_path2_x_range": [
        796,
        806
      ],
      "f2_path2_target_col": 9,
      "f2_path2_y_px": 161,
      "f2_path2_y_direct_px": 131,
      "f2_path2_direct_used": false,
      "f2_path2_direct_allowed": false,
      "f2_path2_left_weight": 0.4,
      "f2_path2_right_weight": 1.0,
      "f4_path2_x_range": [
        796,
        806
      ],
      "f4_path2_target_col": 9,
      "f4_path2_y_px": 250,
      "f4_path2_y_direct_px": 230,
      "f4_path2_direct_used": false,
      "f4_path2_direct_allowed": false,
      "f4_path2_left_weight": 0.4,
      "f4_path2_right_weight": 1.0,
      "f1_local_snap_x": 806,
      "f1_local_snap_y_px": 88,
      "f1_local_snap_search_px": 8,
      "f1_local_snap_search_up_px": 4,
      "f1_local_snap_search_down_px": 12,
      "f1_local_snap_prefer_lower_weight": 0.02,
      "f3_local_snap_x": 806,
      "f3_local_snap_y_px": 176,
      "f3_local_snap_search_px": 6,
      "f3_local_snap_search_up_px": 6,
      "f3_local_snap_search_down_px": 6,
      "f3_local_snap_prefer_lower_weight": 0.0,
      "f4_local_snap_x": 806,
      "f4_local_snap_y_px": 251,
      "f4_local_snap_search_px": 8,
      "f4_local_snap_search_up_px": 6,
      "f4_local_snap_search_down_px": 14,
      "f4_local_snap_prefer_lower_weight": 0.05,
      "f2_local_snap_x": 806,
      "f2_local_snap_y_px": 149,
      "f2_local_snap_search_px": 8,
      "f2_local_snap_search_up_px": 14,
      "f2_local_snap_search_down_px": 2,
      "f2_local_snap_prefer_lower_weight": 0.0,
      "f2_consensus_applied": false,
      "f2_consensus_x_range": [
        800,
        806
      ],
      "f2_consensus_y_px": 161,
      "f2_consensus_anchor_y_px": 149,
      "f2_consensus_seed_y_px": 159,
      "f2_consensus_support_cols": 4,
      "f2_consensus_support_ratio": 0.4670797460232332,
      "f2_consensus_jump_px": 12,
      "f2_consensus_tol_px": 5,
      "f2_consensus_reason": "low_support",
      "f3_consensus_x_range": [
        800,
        806
      ],
      "f3_consensus_y_px": 181,
      "f3_consensus_anchor_y_px": 176,
      "f3_consensus_seed_y_px": 176,
      "f3_consensus_support_cols": 5,
      "f3_consensus_support_ratio": 0.6474145589604718,
      "f3_consensus_jump_px": 5,
      "f3_consensus_tol_px": 5,
      "f3_consensus_reason": "accepted",
      "f3_consensus_applied": true,
      "f4_consensus_x_range": [
        800,
        806
      ],
      "f4_consensus_y_px": 251,
      "f4_consensus_anchor_y_px": 251,
      "f4_consensus_seed_y_px": 245,
      "f4_consensus_support_cols": 6,
      "f4_consensus_support_ratio": 0.8052475908787329,
      "f4_consensus_jump_px": 0,
      "f4_consensus_tol_px": 6,
      "f4_consensus_reason": "accepted",
      "f4_consensus_applied": true,
      "scale_ranges": {
        "F1": [
          7.2,
          8.4
        ],
        "F2": [
          13.1,
          14.5
        ],
        "F3": [
          18.6,
          20.2
        ],
        "F4": [
          24.1,
          26.5
        ]
      }
    },
    "A": {
      "x_day0": 59,
      "x_day1": 372,
      "x_day2": 684,
      "day_w": 312.5,
      "x_day0_time": 59,
      "x_day1_time": 351,
      "x_day2_time": 643,
      "day_w_time": 292.0,
      "x_plot_end": 935,
      "x1_static": 936,
      "x1_dyn": 935,
      "x1_dyn_used": true,
      "pph": 12.166666666666666,