{
  "saved_at_utc": "2026-05-30T01:05:53.934258+00:00",
  "source": "tomsk_sos70_param_charts",
  "freq_max_hz": 40.0,
  "values": {
    "scale_ranges": {
      "F": {
        "F1": [
          7.2,
          8.4
        ],
        "F2": [
          13.1,
          14.5
        ],
        "F3": [
          18.6,
          20.2
        ],
        "F4": [
          24.1,
          26.5
        ]
      },
      "A": {
        "A1": [
          1.0,
          45.0
        ],
        "A2": [
          1.0,
          61.5
        ],
        "A3": [
          2.2,
          12.2
        ],
        "A4": [
          1.1,
          10.2
        ]
      },
      "Q": {
        "Q1": [
          4.0,
          38.0
        ],
        "Q2": [
          5.0,
          17.5
        ],
        "Q3": [
          7.0,
          23.0
        ],
        "Q4": [
          5.0,
          30.0
        ]
      }
    },
    "scale_units": {
      "F_hz": "Hz",
      "A_value": "idx",
      "Q_value": "idx"
    },
    "F_norm": {
      "F1": 0.11498257839721254,
      "F2": 0.31010452961672474,
      "F3": 0.5888501742160279,
      "F4": 0.7317073170731707
    },
    "F_y_px": {
      "F1": 68,
      "F2": 124,
      "F3": 204,
      "F4": 245
    },
    "F_lane_norm": {
      "F1": 0.47368421052631576,
      "F2": 0.38461538461538464,
      "F3": 1.0,
      "F4": 0.8260869565217391
    },
    "F_hz": {
      "F1": 7.831578947368421,
      "F2": 13.961538461538462,
      "F3": 18.6,
      "F4": 24.51739130434783
    },
    "A_norm": {
      "A1": 0.31010452961672474,
      "A2": 0.5296167247386759,
      "A3": 0.735191637630662,
      "A4": 0.9407665505226481
    },
    "A_y_px": {
      "A1": 124,
      "A2": 187,
      "A3": 246,
      "A4": 305
    },
    "A_lane_norm": {
      "A1": 0.963855421686747,
      "A2": 0.9693877551020408,
      "A3": 0.9278350515463918,
      "A4": 0.8241758241758241
    },
    "A_value": {
      "A1": 2.590361445783131,
      "A2": 2.852040816326536,
      "A3": 2.921649484536081,
      "A4": 2.7
    },
    "Q_norm": {
      "Q1": 0.2961672473867596,
      "Q2": 0.5296167247386759,
      "Q3": 0.6968641114982579,
      "Q4": 0.8885017421602788
    },
    "Q_y_px": {
      "Q1": 120,
      "Q2": 187,
      "Q3": 235,
      "Q4": 290
    },
    "Q_lane_norm": {
      "Q1": 0.797752808988764,
      "Q2": 0.8556701030927835,
      "Q3": 0.7669902912621359,
      "Q4": 0.6352941176470588
    },
    "Q_value": {
      "Q1": 10.876404494382022,
      "Q2": 6.804123711340207,
      "Q3": 10.728155339805825,
      "Q4": 14.11764705882353
    }
  },
  "debug": {
    "F": {
      "x_day0": 59,
      "x_day1": 387,
      "x_day2": 715,
      "day_w": 328.0,
      "x_day0_time": 59,
      "x_day1_time": 351,
      "x_day2_time": 643,
      "day_w_time": 292.0,
      "x_plot_end": 935,
      "x1_static": 936,
      "x1_dyn": 935,
      "x1_dyn_used": true,
      "pph": 12.166666666666666,
      "pph_source": "day_width (tick-mismatch-fallback)",
      "pph_tick": 19.0,
      "tick_pph_rel_err": 0.5616438356164384,
      "tick_pph_valid": false,
      "tick_count": 50,
      "tick_quality": 0.6944444444444444,
      "tick_used": false,
      "x_frontier": 726,
      "frontier_method": "activity_scan",
      "frontier_activity_thr": 0.5362600564956664,
      "frontier_activity_right_tail": 0.1675150841474533,
      "frontier_activity_run_px": 8,
      "guard_px": 4,
      "left_guard": 645,
      "right_guard": 722,
      "x_time": 742,
      "x_ideal": 742,
      "x_now": 722,
      "x_now_method": "harmonized_prefer_non_rollover",
      "hour_now_tsst": 8.098055555555556,
      "rollover_hour_min": 3.0,
      "rollover_hour_max": 8.5,
      "delta_min_to_guard": -98.63013698630138,
      "delta_min_to_frontier": -78.9041095890411,
      "frontier_day_fill": 0.2842465753424658,
      "rollover_candidate": false,
      "bias_minutes_applied": 0.0,
      "measured_bias_minutes": null,
      "age_hours": null,
      "status": "ok",
      "x_now_before_harmonize": 722,
      "x_pick": 721,
      "x_pick_edge": 722,
      "x_pick_safe_right": 923,
      "x_overlay": 722,
      "f1_path_x_range": [
        708,
        722
      ],
      "f1_path_target_col": 13,
      "f1_path_y_px": 54,
      "f4_path_x_range": [
        708,
        722
      ],
      "f4_path_target_col": 13,
      "f4_path_y_px": 249,
      "f1_path2_x_range": [
        712,
        722
      ],
      "f1_path2_target_col": 9,
      "f1_path2_y_px": 59,
      "f1_path2_y_direct_px": 58,
      "f1_path2_direct_used": false,
      "f1_path2_direct_allowed": false,
      "f1_path2_left_weight": 0.35,
      "f1_path2_right_weight": 1.0,
      "f2_path2_x_range": [
        712,
        722
      ],
      "f2_path2_target_col": 9,
      "f2_path2_y_px": 122,
      "f2_path2_y_direct_px": 125,
      "f2_path2_direct_used": false,
      "f2_path2_direct_allowed": false,
      "f2_path2_left_weight": 0.4,
      "f2_path2_right_weight": 1.0,
      "f4_path2_x_range": [
        712,
        722
      ],
      "f4_path2_target_col": 9,
      "f4_path2_y_px": 241,
      "f4_path2_y_direct_px": 246,
      "f4_path2_direct_used": false,
      "f4_path2_direct_allowed": false,
      "f4_path2_left_weight": 0.4,
      "f4_path2_right_weight": 1.0,
      "f1_local_snap_x": 722,
      "f1_local_snap_y_px": 68,
      "f1_local_snap_search_px": 8,
      "f1_local_snap_search_up_px": 4,
      "f1_local_snap_search_down_px": 12,
      "f1_local_snap_prefer_lower_weight": 0.02,
      "f3_local_snap_x": 722,
      "f3_local_snap_y_px": 204,
      "f3_local_snap_search_px": 6,
      "f3_local_snap_search_up_px": 6,
      "f3_local_snap_search_down_px": 6,
      "f3_local_snap_prefer_lower_weight": 0.0,
      "f4_local_snap_x": 722,
      "f4_local_snap_y_px": 251,
      "f4_local_snap_search_px": 8,
      "f4_local_snap_search_up_px": 6,
      "f4_local_snap_search_down_px": 14,
      "f4_local_snap_prefer_lower_weight": 0.05,
      "f2_local_snap_x": 722,
      "f2_local_snap_y_px": 124,
      "f2_local_snap_search_px": 8,
      "f2_local_snap_search_up_px": 14,
      "f2_local_snap_search_down_px": 2,
      "f2_local_snap_prefer_lower_weight": 0.0,
      "f2_consensus_x_range": [
        716,
        722
      ],
      "f2_consensus_y_px": 124,
      "f2_consensus_anchor_y_px": 124,
      "f2_consensus_seed_y_px": 121,
      "f2_consensus_support_cols": 7,
      "f2_consensus_support_ratio": 1.0,
      "f2_consensus_jump_px": 0,
      "f2_consensus_tol_px": 5,
      "f2_consensus_reason": "accepted",
      "f2_consensus_applied": true,
      "f3_consensus_x_range": [
        716,
        722
      ],
      "f3_consensus_y_px": 204,
      "f3_consensus_anchor_y_px": 204,
      "f3_consensus_seed_y_px": 204,
      "f3_consensus_support_cols": 7,
      "f3_consensus_support_ratio": 1.0,
      "f3_consensus_jump_px": 0,
      "f3_consensus_tol_px": 5,
      "f3_consensus_reason": "accepted",
      "f3_consensus_applied": true,
      "f4_consensus_x_range": [
        716,
        722
      ],
      "f4_consensus_y_px": 245,
      "f4_consensus_anchor_y_px": 251,
      "f4_consensus_seed_y_px": 247,
      "f4_consensus_support_cols": 5,
      "f4_consensus_support_ratio": 0.7970616168302299,
      "f4_consensus_jump_px": 6,
      "f4_consensus_tol_px": 6,
      "f4_consensus_reason": "accepted",
      "f4_consensus_applied": true,
      "scale_ranges": {
        "F1": [
          7.2,
          8.4
        ],
        "F2": [
          13.1,
          14.5
        ],
        "F3": [
          18.6,
          20.2
        ],
        "F4": [
          24.1,
          26.5
        ]
      }
    },
    "A": {
      "x_day0": 59,
      "x_day1": 372,
      "x_day2": 684,
      "day_w": 312.5,
      "x_day0_time": 59,
      "x_day1_time": 351,
      "x_day2_time": 644,
      "day_w_time": 292.3333333333333,
      "x_plot_end": 936,
      "x1_static": 936,
      "x1_dyn": 977,
      "x1_dyn_used": false,