{
  "saved_at_utc": "2026-05-26T14:44:04.813888+00:00",
  "source": "tomsk_sos70_param_charts",
  "freq_max_hz": 40.0,
  "values": {
    "scale_ranges": {
      "F": {
        "F1": [
          7.2,
          8.4
        ],
        "F2": [
          13.1,
          14.5
        ],
        "F3": [
          18.6,
          20.2
        ],
        "F4": [
          24.1,
          26.5
        ]
      },
      "A": {
        "A1": [
          1.0,
          45.0
        ],
        "A2": [
          1.0,
          61.5
        ],
        "A3": [
          2.2,
          12.2
        ],
        "A4": [
          1.1,
          10.2
        ]
      },
      "Q": {
        "Q1": [
          4.0,
          38.0
        ],
        "Q2": [
          5.0,
          17.5
        ],
        "Q3": [
          7.0,
          23.0
        ],
        "Q4": [
          5.0,
          30.0
        ]
      }
    },
    "scale_units": {
      "F_hz": "Hz",
      "A_value": "idx",
      "Q_value": "idx"
    },
    "F_norm": {
      "F1": 0.11498257839721254,
      "F2": 0.2961672473867596,
      "F3": 0.5644599303135889,
      "F4": 0.7421602787456446
    },
    "F_y_px": {
      "F1": 68,
      "F2": 120,
      "F3": 197,
      "F4": 248
    },
    "F_lane_norm": {
      "F1": 0.47368421052631576,
      "F2": 0.3076923076923077,
      "F3": 0.8478260869565217,
      "F4": 0.8913043478260869
    },
    "F_hz": {
      "F1": 7.831578947368421,
      "F2": 14.069230769230769,
      "F3": 18.843478260869567,
      "F4": 24.360869565217392
    },
    "A_norm": {
      "A1": 0.11498257839721254,
      "A2": 0.3832752613240418,
      "A3": 0.7038327526132404,
      "A4": 0.8815331010452961
    },
    "A_y_px": {
      "A1": 68,
      "A2": 145,
      "A3": 237,
      "A4": 288
    },
    "A_lane_norm": {
      "A1": 0.2891566265060241,
      "A2": 0.5408163265306123,
      "A3": 0.8350515463917526,
      "A4": 0.6373626373626373
    },
    "A_value": {
      "A1": 32.27710843373494,
      "A2": 28.78061224489796,
      "A3": 3.849484536082473,
      "A4": 4.4
    },
    "Q_norm": {
      "Q1": 0.1986062717770035,
      "Q2": 0.3344947735191638,
      "Q3": 0.735191637630662,
      "Q4": 0.818815331010453
    },
    "Q_y_px": {
      "Q1": 92,
      "Q2": 131,
      "Q3": 246,
      "Q4": 270
    },
    "Q_lane_norm": {
      "Q1": 0.48314606741573035,
      "Q2": 0.27835051546391754,
      "Q3": 0.8737864077669902,
      "Q4": 0.4
    },
    "Q_value": {
      "Q1": 21.573033707865168,
      "Q2": 14.02061855670103,
      "Q3": 9.019417475728156,
      "Q4": 20.0
    }
  },
  "debug": {
    "F": {
      "x_day0": 59,
      "x_day1": 392,
      "x_day2": 725,
      "day_w": 333.0,
      "x_day0_time": 59,
      "x_day1_time": 351,
      "x_day2_time": 643,
      "day_w_time": 292.0,
      "x_plot_end": 935,
      "x1_static": 936,
      "x1_dyn": 935,
      "x1_dyn_used": true,
      "pph": 12.166666666666666,
      "pph_source": "day_width (tick-mismatch-fallback)",
      "pph_tick": 19.0,
      "tick_pph_rel_err": 0.5616438356164384,
      "tick_pph_valid": false,
      "tick_count": 50,
      "tick_quality": 0.6944444444444444,
      "tick_used": false,
      "x_frontier": 894,
      "frontier_method": "activity_scan",
      "frontier_activity_thr": 0.4067104414105415,
      "frontier_activity_right_tail": 0.08024336397647858,
      "frontier_activity_run_px": 8,
      "guard_px": 4,
      "left_guard": 645,
      "right_guard": 890,
      "x_time": 907,
      "x_ideal": 907,
      "x_now": 907,
      "x_now_method": "harmonized_pair_cluster",
      "hour_now_tsst": 21.734444444444446,
      "rollover_hour_min": 3.0,
      "rollover_hour_max": 8.5,
      "delta_min_to_guard": -83.83561643835617,
      "delta_min_to_frontier": -64.10958904109589,
      "frontier_day_fill": 0.8595890410958904,
      "rollover_candidate": false,
      "bias_minutes_applied": 0.0,
      "measured_bias_minutes": null,
      "age_hours": null,
      "status": "ok",
      "x_now_before_harmonize": 890,
      "x_pick": 906,
      "x_pick_edge": 907,
      "x_pick_safe_right": 923,
      "x_overlay": 907,
      "f1_path_x_range": [
        893,
        907
      ],
      "f1_path_target_col": 13,
      "f1_path_y_px": 70,
      "f4_path_x_range": [
        893,
        907
      ],
      "f4_path_target_col": 13,
      "f4_path_y_px": 230,
      "f1_path2_x_range": [
        897,
        907
      ],
      "f1_path2_target_col": 9,
      "f1_path2_y_px": 69,
      "f1_path2_y_direct_px": 83,
      "f1_path2_direct_used": false,
      "f1_path2_direct_allowed": false,
      "f1_path2_left_weight": 0.35,
      "f1_path2_right_weight": 1.0,
      "f2_path2_x_range": [
        897,
        907
      ],
      "f2_path2_target_col": 9,
      "f2_path2_y_px": 131,
      "f2_path2_y_direct_px": 120,
      "f2_path2_direct_used": false,
      "f2_path2_direct_allowed": false,
      "f2_path2_left_weight": 0.4,
      "f2_path2_right_weight": 1.0,
      "f4_path2_x_range": [
        897,
        907
      ],
      "f4_path2_target_col": 9,
      "f4_path2_y_px": 229,
      "f4_path2_y_direct_px": 229,
      "f4_path2_direct_used": false,
      "f4_path2_direct_allowed": false,
      "f4_path2_left_weight": 0.4,
      "f4_path2_right_weight": 1.0,
      "f1_local_snap_x": 907,
      "f1_local_snap_y_px": 68,
      "f1_local_snap_search_px": 8,
      "f1_local_snap_search_up_px": 4,
      "f1_local_snap_search_down_px": 12,
      "f1_local_snap_prefer_lower_weight": 0.02,
      "f3_local_snap_x": 907,
      "f3_local_snap_y_px": 197,
      "f3_local_snap_search_px": 6,
      "f3_local_snap_search_up_px": 6,
      "f3_local_snap_search_down_px": 6,
      "f3_local_snap_prefer_lower_weight": 0.0,
      "f4_local_snap_x": 907,
      "f4_local_snap_y_px": 229,
      "f4_local_snap_search_px": 8,
      "f4_local_snap_search_up_px": 6,
      "f4_local_snap_search_down_px": 14,
      "f4_local_snap_prefer_lower_weight": 0.05,
      "f2_local_snap_x": 907,
      "f2_local_snap_y_px": 120,
      "f2_local_snap_search_px": 8,
      "f2_local_snap_search_up_px": 14,
      "f2_local_snap_search_down_px": 2,
      "f2_local_snap_prefer_lower_weight": 0.0,
      "f2_consensus_applied": false,
      "f2_consensus_x_range": [
        901,
        907
      ],
      "f2_consensus_y_px": 111,
      "f2_consensus_anchor_y_px": 120,
      "f2_consensus_seed_y_px": 113,
      "f2_consensus_support_cols": 3,
      "f2_consensus_support_ratio": 0.3870508409785934,
      "f2_consensus_jump_px": 9,
      "f2_consensus_tol_px": 5,
      "f2_consensus_reason": "low_support",
      "f3_consensus_applied": false,
      "f3_consensus_x_range": [
        901,
        907
      ],
      "f3_consensus_y_px": 197,
      "f3_consensus_anchor_y_px": 197,
      "f3_consensus_seed_y_px": 197,
      "f3_consensus_support_cols": 3,
      "f3_consensus_support_ratio": 0.5140723908456419,
      "f3_consensus_jump_px": 0,
      "f3_consensus_tol_px": 5,
      "f3_consensus_reason": "low_support",
      "f4_consensus_x_range": [
        901,
        907
      ],
      "f4_consensus_y_px": 248,
      "f4_consensus_anchor_y_px": 229,
      "f4_consensus_seed_y_px": 251,
      "f4_consensus_support_cols": 5,
      "f4_consensus_support_ratio": 0.8011892698036366,
      "f4_consensus_jump_px": 19,
      "f4_consensus_tol_px": 6,
      "f4_consensus_reason": "accepted",
      "f4_consensus_applied": true,
      "scale_ranges": {
        "F1": [
          7.2,
          8.4
        ],
        "F2": [
          13.1,
          14.5
        ],
        "F3": [
          18.6,
          20.2
        ],
        "F4": [
          24.1,
          26.5
        ]
      }
    },
    "A": {
      "x_day0": 59,
      "x_day1": 372,
      "x_day2": 684,
      "day_w": 312.5,
      "x_day0_time": 59,
      "x_day1_time": 351,
      "x_day2_time": 643,
      "day_w_time": 292.0,
      "x_plot_end": 935,
      "x1_static": 936,
      "x1_dyn": 935,
      "x1_dyn_used": true,