{
  "saved_at_utc": "2026-05-24T01:21:02.073698+00:00",
  "source": "tomsk_sos70_param_charts",
  "freq_max_hz": 40.0,
  "values": {
    "scale_ranges": {
      "F": {
        "F1": [
          7.2,
          8.4
        ],
        "F2": [
          13.1,
          14.5
        ],
        "F3": [
          18.6,
          20.2
        ],
        "F4": [
          24.1,
          26.5
        ]
      },
      "A": {
        "A1": [
          1.0,
          45.0
        ],
        "A2": [
          1.0,
          61.5
        ],
        "A3": [
          2.2,
          12.2
        ],
        "A4": [
          1.1,
          10.2
        ]
      },
      "Q": {
        "Q1": [
          4.0,
          38.0
        ],
        "Q2": [
          5.0,
          17.5
        ],
        "Q3": [
          7.0,
          23.0
        ],
        "Q4": [
          5.0,
          30.0
        ]
      }
    },
    "scale_units": {
      "F_hz": "Hz",
      "A_value": "idx",
      "Q_value": "idx"
    },
    "F_norm": {
      "F1": 0.11498257839721254,
      "F2": 0.3344947735191638,
      "F3": 0.4843205574912892,
      "F4": 0.7560975609756098
    },
    "F_y_px": {
      "F1": 68,
      "F2": 131,
      "F3": 174,
      "F4": 252
    },
    "F_lane_norm": {
      "F1": 0.47368421052631576,
      "F2": 0.5192307692307693,
      "F3": 0.34782608695652173,
      "F4": 0.9782608695652174
    },
    "F_hz": {
      "F1": 7.831578947368421,
      "F2": 13.773076923076923,
      "F3": 19.643478260869564,
      "F4": 24.15217391304348
    },
    "A_norm": {
      "A1": 0.24390243902439024,
      "A2": 0.40418118466898956,
      "A3": 0.6689895470383276,
      "A4": 0.8954703832752613
    },
    "A_y_px": {
      "A1": 105,
      "A2": 151,
      "A3": 227,
      "A4": 292
    },
    "A_lane_norm": {
      "A1": 0.7349397590361446,
      "A2": 0.6020408163265306,
      "A3": 0.7319587628865979,
      "A4": 0.6813186813186813
    },
    "A_value": {
      "A1": 12.662650602409634,
      "A2": 25.076530612244895,
      "A3": 4.88041237113402,
      "A4": 3.999999999999999
    },
    "Q_norm": {
      "Q1": 0.1951219512195122,
      "Q2": 0.5470383275261324,
      "Q3": 0.5853658536585366,
      "Q4": 0.9547038327526133
    },
    "Q_y_px": {
      "Q1": 91,
      "Q2": 192,
      "Q3": 203,
      "Q4": 309
    },
    "Q_lane_norm": {
      "Q1": 0.47191011235955055,
      "Q2": 0.9072164948453608,
      "Q3": 0.4563106796116505,
      "Q4": 0.8588235294117647
    },
    "Q_value": {
      "Q1": 21.95505617977528,
      "Q2": 6.159793814432989,
      "Q3": 15.699029126213592,
      "Q4": 8.529411764705884
    }
  },
  "debug": {
    "F": {
      "x_day0": 59,
      "x_day1": 369,
      "x_day2": 679,
      "day_w": 310.0,
      "x_day0_time": 59,
      "x_day1_time": 351,
      "x_day2_time": 643,
      "day_w_time": 292.0,
      "x_plot_end": 935,
      "x1_static": 936,
      "x1_dyn": 935,
      "x1_dyn_used": true,
      "pph": 12.166666666666666,
      "pph_source": "day_width (tick-mismatch-fallback)",
      "pph_tick": 19.0,
      "tick_pph_rel_err": 0.5616438356164384,
      "tick_pph_valid": false,
      "tick_count": 50,
      "tick_quality": 0.6944444444444444,
      "tick_used": false,
      "x_frontier": 747,
      "frontier_method": "activity_scan",
      "frontier_activity_thr": 0.4775629848241806,
      "frontier_activity_right_tail": 0.17538586258888245,
      "frontier_activity_run_px": 8,
      "guard_px": 4,
      "left_guard": 645,
      "right_guard": 743,
      "x_time": 745,
      "x_ideal": 745,
      "x_now": 745,
      "x_now_method": "harmonized_prefer_non_rollover",
      "hour_now_tsst": 8.350277777777777,
      "rollover_hour_min": 3.0,
      "rollover_hour_max": 8.5,
      "delta_min_to_guard": -9.863013698630137,
      "delta_min_to_frontier": 9.863013698630137,
      "frontier_day_fill": 0.3561643835616438,
      "rollover_candidate": false,
      "bias_minutes_applied": 0.0,
      "measured_bias_minutes": null,
      "age_hours": null,
      "status": "ok",
      "x_now_before_harmonize": 745,
      "x_pick": 744,
      "x_pick_edge": 745,
      "x_pick_safe_right": 923,
      "x_overlay": 745,
      "f1_path_x_range": [
        731,
        745
      ],
      "f1_path_target_col": 13,
      "f1_path_y_px": 49,
      "f4_path_x_range": [
        731,
        745
      ],
      "f4_path_target_col": 13,
      "f4_path_y_px": 250,
      "f1_path2_x_range": [
        735,
        745
      ],
      "f1_path2_target_col": 9,
      "f1_path2_y_px": 68,
      "f1_path2_y_direct_px": 65,
      "f1_path2_direct_used": false,
      "f1_path2_direct_allowed": false,
      "f1_path2_left_weight": 0.35,
      "f1_path2_right_weight": 1.0,
      "f2_path2_x_range": [
        735,
        745
      ],
      "f2_path2_target_col": 9,
      "f2_path2_y_px": 150,
      "f2_path2_y_direct_px": 132,
      "f2_path2_direct_used": false,
      "f2_path2_direct_allowed": false,
      "f2_path2_left_weight": 0.4,
      "f2_path2_right_weight": 1.0,
      "f4_path2_x_range": [
        735,
        745
      ],
      "f4_path2_target_col": 9,
      "f4_path2_y_px": 251,
      "f4_path2_y_direct_px": 259,
      "f4_path2_direct_used": false,
      "f4_path2_direct_allowed": false,
      "f4_path2_left_weight": 0.4,
      "f4_path2_right_weight": 1.0,
      "f1_local_snap_x": 745,
      "f1_local_snap_y_px": 68,
      "f1_local_snap_search_px": 8,
      "f1_local_snap_search_up_px": 4,
      "f1_local_snap_search_down_px": 12,
      "f1_local_snap_prefer_lower_weight": 0.02,
      "f3_local_snap_x": 745,
      "f3_local_snap_y_px": 177,
      "f3_local_snap_search_px": 6,
      "f3_local_snap_search_up_px": 6,
      "f3_local_snap_search_down_px": 6,
      "f3_local_snap_prefer_lower_weight": 0.0,
      "f4_local_snap_x": 745,
      "f4_local_snap_y_px": 250,
      "f4_local_snap_search_px": 8,
      "f4_local_snap_search_up_px": 6,
      "f4_local_snap_search_down_px": 14,
      "f4_local_snap_prefer_lower_weight": 0.05,
      "f2_local_snap_x": 745,
      "f2_local_snap_y_px": 150,
      "f2_local_snap_search_px": 8,
      "f2_local_snap_search_up_px": 14,
      "f2_local_snap_search_down_px": 2,
      "f2_local_snap_prefer_lower_weight": 0.0,
      "f2_consensus_x_range": [
        739,
        745
      ],
      "f2_consensus_y_px": 131,
      "f2_consensus_anchor_y_px": 150,
      "f2_consensus_seed_y_px": 131,
      "f2_consensus_support_cols": 5,
      "f2_consensus_support_ratio": 0.7687588613807395,
      "f2_consensus_jump_px": 19,
      "f2_consensus_tol_px": 5,
      "f2_consensus_reason": "accepted",
      "f2_consensus_applied": true,
      "f3_consensus_x_range": [
        739,
        745
      ],
      "f3_consensus_y_px": 174,
      "f3_consensus_anchor_y_px": 177,
      "f3_consensus_seed_y_px": 173,
      "f3_consensus_support_cols": 7,
      "f3_consensus_support_ratio": 1.0,
      "f3_consensus_jump_px": 3,
      "f3_consensus_tol_px": 5,
      "f3_consensus_reason": "accepted",
      "f3_consensus_applied": true,
      "f4_consensus_x_range": [
        739,
        745
      ],
      "f4_consensus_y_px": 252,
      "f4_consensus_anchor_y_px": 250,
      "f4_consensus_seed_y_px": 252,
      "f4_consensus_support_cols": 6,
      "f4_consensus_support_ratio": 0.8438319445253774,
      "f4_consensus_jump_px": 2,
      "f4_consensus_tol_px": 6,
      "f4_consensus_reason": "accepted",
      "f4_consensus_applied": true,
      "scale_ranges": {
        "F1": [
          7.2,
          8.4
        ],
        "F2": [
          13.1,
          14.5
        ],
        "F3": [
          18.6,
          20.2
        ],
        "F4": [
          24.1,
          26.5
        ]
      }
    },
    "A": {
      "x_day0": 59,
      "x_day1": 368,
      "x_day2": 678,
      "day_w": 309.5,
      "x_day0_time": 59,
      "x_day1_time": 351,
      "x_day2_time": 643,
      "day_w_time": 292.0,
      "x_plot_end": 935,
      "x1_static": 936,
      "x1_dyn": 935,