{
  "saved_at_utc": "2026-04-02T10:28:02.606865+00:00",
  "source": "tomsk_sos70_param_charts",
  "freq_max_hz": 40.0,
  "values": {
    "scale_ranges": {
      "F": {
        "F1": [
          7.2,
          8.4
        ],
        "F2": [
          13.1,
          14.5
        ],
        "F3": [
          18.6,
          20.2
        ],
        "F4": [
          24.1,
          26.5
        ]
      },
      "A": {
        "A1": [
          1.0,
          45.0
        ],
        "A2": [
          1.0,
          61.5
        ],
        "A3": [
          2.2,
          12.2
        ],
        "A4": [
          1.1,
          10.2
        ]
      },
      "Q": {
        "Q1": [
          4.0,
          38.0
        ],
        "Q2": [
          5.0,
          17.5
        ],
        "Q3": [
          7.0,
          23.0
        ],
        "Q4": [
          5.0,
          30.0
        ]
      }
    },
    "scale_units": {
      "F_hz": "Hz",
      "A_value": "idx",
      "Q_value": "idx"
    },
    "F_norm": {
      "F1": 0.04878048780487805,
      "F2": 0.34494773519163763,
      "F3": 0.4529616724738676,
      "F4": 0.7491289198606271
    },
    "F_y_px": {
      "F1": 49,
      "F2": 134,
      "F3": 165,
      "F4": 250
    },
    "F_lane_norm": {
      "F1": 0.14035087719298245,
      "F2": 0.5769230769230769,
      "F3": 0.15217391304347827,
      "F4": 0.9347826086956522
    },
    "F_hz": {
      "F1": 8.23157894736842,
      "F2": 13.692307692307692,
      "F3": 19.956521739130434,
      "F4": 24.256521739130434
    },
    "A_norm": {
      "A1": 0.25435540069686413,
      "A2": 0.4564459930313589,
      "A3": 0.6585365853658537,
      "A4": 0.89198606271777
    },
    "A_y_px": {
      "A1": 108,
      "A2": 166,
      "A3": 224,
      "A4": 291
    },
    "A_lane_norm": {
      "A1": 0.7710843373493976,
      "A2": 0.7551020408163265,
      "A3": 0.7010309278350515,
      "A4": 0.6703296703296703
    },
    "A_value": {
      "A1": 11.072289156626503,
      "A2": 15.816326530612251,
      "A3": 5.189690721649484,
      "A4": 4.1
    },
    "Q_norm": {
      "Q1": 0.1986062717770035,
      "Q2": 0.3344947735191638,
      "Q3": 0.4355400696864111,
      "Q4": 0.8222996515679443
    },
    "Q_y_px": {
      "Q1": 92,
      "Q2": 131,
      "Q3": 160,
      "Q4": 271
    },
    "Q_lane_norm": {
      "Q1": 0.48314606741573035,
      "Q2": 0.27835051546391754,
      "Q3": 0.038834951456310676,
      "Q4": 0.4117647058823529
    },
    "Q_value": {
      "Q1": 21.573033707865168,
      "Q2": 14.02061855670103,
      "Q3": 22.37864077669903,
      "Q4": 19.705882352941178
    }
  },
  "debug": {
    "F": {
      "x_day0": 59,
      "x_day1": 381,
      "x_day2": 703,
      "day_w": 322.0,
      "x_day0_time": 59,
      "x_day1_time": 351,
      "x_day2_time": 643,
      "day_w_time": 292.0,
      "x_plot_end": 935,
      "x1_static": 936,
      "x1_dyn": 935,
      "x1_dyn_used": true,
      "pph": 12.166666666666666,
      "pph_source": "day_width (tick-mismatch-fallback)",
      "pph_tick": 19.0,
      "tick_pph_rel_err": 0.5616438356164384,
      "tick_pph_valid": false,
      "tick_count": 50,
      "tick_quality": 0.6944444444444444,
      "tick_used": false,
      "x_frontier": 852,
      "frontier_method": "activity_scan",
      "frontier_activity_thr": 0.3619287297129631,
      "frontier_activity_right_tail": 0.08084304630756378,
      "frontier_activity_run_px": 8,
      "guard_px": 4,
      "left_guard": 645,
      "right_guard": 848,
      "x_time": 856,
      "x_ideal": 856,
      "x_now": 856,
      "x_now_method": "ideal",
      "hour_now_tsst": 17.46722222222222,
      "rollover_hour_min": 3.0,
      "rollover_hour_max": 8.5,
      "delta_min_to_guard": -39.45205479452055,
      "delta_min_to_frontier": -19.726027397260275,
      "frontier_day_fill": 0.7157534246575342,
      "rollover_candidate": false,
      "bias_minutes_applied": 0.0,
      "measured_bias_minutes": null,
      "age_hours": null,
      "status": "ok",
      "x_pick": 855,
      "x_pick_edge": 856,
      "x_pick_safe_right": 923,
      "x_overlay": 856,
      "f1_path_x_range": [
        842,
        856
      ],
      "f1_path_target_col": 13,
      "f1_path_y_px": 50,
      "f4_path_x_range": [
        842,
        856
      ],
      "f4_path_target_col": 13,
      "f4_path_y_px": 250,
      "f1_path2_x_range": [
        846,
        856
      ],
      "f1_path2_target_col": 9,
      "f1_path2_y_px": 50,
      "f1_path2_y_direct_px": 70,
      "f1_path2_direct_used": false,
      "f1_path2_direct_allowed": false,
      "f1_path2_left_weight": 0.35,
      "f1_path2_right_weight": 1.0,
      "f2_path2_x_range": [
        846,
        856
      ],
      "f2_path2_target_col": 9,
      "f2_path2_y_px": 139,
      "f2_path2_y_direct_px": 139,
      "f2_path2_direct_used": false,
      "f2_path2_direct_allowed": false,
      "f2_path2_left_weight": 0.4,
      "f2_path2_right_weight": 1.0,
      "f4_path2_x_range": [
        846,
        856
      ],
      "f4_path2_target_col": 9,
      "f4_path2_y_px": 250,
      "f4_path2_y_direct_px": 231,
      "f4_path2_direct_used": false,
      "f4_path2_direct_allowed": false,
      "f4_path2_left_weight": 0.4,
      "f4_path2_right_weight": 1.0,
      "f1_local_snap_x": 856,
      "f1_local_snap_y_px": 49,
      "f1_local_snap_search_px": 8,
      "f1_local_snap_search_up_px": 4,
      "f1_local_snap_search_down_px": 12,
      "f1_local_snap_prefer_lower_weight": 0.02,
      "f3_local_snap_x": 856,
      "f3_local_snap_y_px": 175,
      "f3_local_snap_search_px": 6,
      "f3_local_snap_search_up_px": 6,
      "f3_local_snap_search_down_px": 6,
      "f3_local_snap_prefer_lower_weight": 0.0,
      "f4_local_snap_x": 856,
      "f4_local_snap_y_px": 250,
      "f4_local_snap_search_px": 8,
      "f4_local_snap_search_up_px": 6,
      "f4_local_snap_search_down_px": 14,
      "f4_local_snap_prefer_lower_weight": 0.05,
      "f2_local_snap_x": 856,
      "f2_local_snap_y_px": 132,
      "f2_local_snap_search_px": 8,
      "f2_local_snap_search_up_px": 14,
      "f2_local_snap_search_down_px": 2,
      "f2_local_snap_prefer_lower_weight": 0.0,
      "f2_consensus_x_range": [
        850,
        856
      ],
      "f2_consensus_y_px": 134,
      "f2_consensus_anchor_y_px": 132,
      "f2_consensus_seed_y_px": 136,
      "f2_consensus_support_cols": 7,
      "f2_consensus_support_ratio": 1.0,
      "f2_consensus_jump_px": 2,
      "f2_consensus_tol_px": 5,
      "f2_consensus_reason": "accepted",
      "f2_consensus_applied": true,
      "f3_consensus_x_range": [
        850,
        856
      ],
      "f3_consensus_y_px": 165,
      "f3_consensus_anchor_y_px": 175,
      "f3_consensus_seed_y_px": 164,
      "f3_consensus_support_cols": 5,
      "f3_consensus_support_ratio": 0.6839364220493743,
      "f3_consensus_jump_px": 10,
      "f3_consensus_tol_px": 5,
      "f3_consensus_reason": "accepted",
      "f3_consensus_applied": true,
      "f4_consensus_applied": false,
      "f4_consensus_x_range": [
        850,
        856
      ],
      "f4_consensus_y_px": 248,
      "f4_consensus_anchor_y_px": 250,
      "f4_consensus_seed_y_px": 249,
      "f4_consensus_support_cols": 3,
      "f4_consensus_support_ratio": 0.33800298936139034,
      "f4_consensus_jump_px": 2,
      "f4_consensus_tol_px": 6,
      "f4_consensus_reason": "low_support",
      "scale_ranges": {
        "F1": [
          7.2,
          8.4
        ],
        "F2": [
          13.1,
          14.5
        ],
        "F3": [
          18.6,
          20.2
        ],
        "F4": [
          24.1,
          26.5
        ]
      }
    },
    "A": {
      "x_day0": 59,
      "x_day1": 372,
      "x_day2": 684,
      "day_w": 312.5,
      "x_day0_time": 59,
      "x_day1_time": 351,
      "x_day2_time": 643,
      "day_w_time": 292.0,
      "x_plot_end": 935,
      "x1_static": 936,
      "x1_dyn": 935,
      "x1_dyn_used": true,
      "pph": 12.166666666666666,