{
  "saved_at_utc": "2026-05-27T19:46:34.347313+00:00",
  "source": "tomsk_sos70_param_charts",
  "freq_max_hz": 40.0,
  "values": {
    "scale_ranges": {
      "F": {
        "F1": [
          7.2,
          8.4
        ],
        "F2": [
          13.1,
          14.5
        ],
        "F3": [
          18.6,
          20.2
        ],
        "F4": [
          24.1,
          26.5
        ]
      },
      "A": {
        "A1": [
          1.0,
          45.0
        ],
        "A2": [
          1.0,
          61.5
        ],
        "A3": [
          2.2,
          12.2
        ],
        "A4": [
          1.1,
          10.2
        ]
      },
      "Q": {
        "Q1": [
          4.0,
          38.0
        ],
        "Q2": [
          5.0,
          17.5
        ],
        "Q3": [
          7.0,
          23.0
        ],
        "Q4": [
          5.0,
          30.0
        ]
      }
    },
    "scale_units": {
      "F_hz": "Hz",
      "A_value": "idx",
      "Q_value": "idx"
    },
    "F_norm": {
      "F1": 0.11846689895470383,
      "F2": 0.2682926829268293,
      "F3": 0.4634146341463415,
      "F4": 0.6829268292682927
    },
    "F_y_px": {
      "F1": 69,
      "F2": 112,
      "F3": 168,
      "F4": 231
    },
    "F_lane_norm": {
      "F1": 0.49122807017543857,
      "F2": 0.15384615384615385,
      "F3": 0.21739130434782608,
      "F4": 0.5217391304347826
    },
    "F_hz": {
      "F1": 7.810526315789474,
      "F2": 14.284615384615385,
      "F3": 19.85217391304348,
      "F4": 25.247826086956522
    },
    "A_norm": {
      "A1": 0.30313588850174217,
      "A2": 0.5261324041811847,
      "A3": 0.7282229965156795,
      "A4": 0.9407665505226481
    },
    "A_y_px": {
      "A1": 122,
      "A2": 186,
      "A3": 244,
      "A4": 305
    },
    "A_lane_norm": {
      "A1": 0.9397590361445783,
      "A2": 0.9591836734693877,
      "A3": 0.9072164948453608,
      "A4": 0.8241758241758241
    },
    "A_value": {
      "A1": 3.6506024096385516,
      "A2": 3.4693877551020407,
      "A3": 3.1278350515463913,
      "A4": 2.7
    },
    "Q_norm": {
      "Q1": 0.2961672473867596,
      "Q2": 0.4738675958188153,
      "Q3": 0.735191637630662,
      "Q4": 0.926829268292683
    },
    "Q_y_px": {
      "Q1": 120,
      "Q2": 171,
      "Q3": 246,
      "Q4": 301
    },
    "Q_lane_norm": {
      "Q1": 0.797752808988764,
      "Q2": 0.6907216494845361,
      "Q3": 0.8737864077669902,
      "Q4": 0.7647058823529411
    },
    "Q_value": {
      "Q1": 10.876404494382022,
      "Q2": 8.8659793814433,
      "Q3": 9.019417475728156,
      "Q4": 10.882352941176471
    }
  },
  "debug": {
    "F": {
      "x_day0": 59,
      "x_day1": 392,
      "x_day2": 726,
      "day_w": 333.5,
      "x_day0_time": 59,
      "x_day1_time": 351,
      "x_day2_time": 643,
      "day_w_time": 292.0,
      "x_plot_end": 935,
      "x1_static": 936,
      "x1_dyn": 935,
      "x1_dyn_used": true,
      "pph": 12.166666666666666,
      "pph_source": "day_width (tick-mismatch-fallback)",
      "pph_tick": 19.0,
      "tick_pph_rel_err": 0.5616438356164384,
      "tick_pph_valid": false,
      "tick_count": 50,
      "tick_quality": 0.6944444444444444,
      "tick_used": false,
      "x_frontier": 679,
      "frontier_method": "activity_scan",
      "frontier_activity_thr": 0.5109292477369308,
      "frontier_activity_right_tail": 0.1963852345943451,
      "frontier_activity_run_px": 8,
      "guard_px": 4,
      "left_guard": 645,
      "right_guard": 675,
      "x_time": 677,
      "x_ideal": 677,
      "x_now": 677,
      "x_now_method": "ideal",
      "hour_now_tsst": 2.776111111111111,
      "rollover_hour_min": 3.0,
      "rollover_hour_max": 8.5,
      "delta_min_to_guard": -9.863013698630137,
      "delta_min_to_frontier": 9.863013698630137,
      "frontier_day_fill": 0.1232876712328767,
      "rollover_candidate": false,
      "bias_minutes_applied": 0.0,
      "measured_bias_minutes": null,
      "age_hours": null,
      "status": "ok",
      "x_pick": 676,
      "x_pick_edge": 677,
      "x_pick_safe_right": 923,
      "x_overlay": 677,
      "f1_path_x_range": [
        663,
        677
      ],
      "f1_path_target_col": 13,
      "f1_path_y_px": 71,
      "f4_path_x_range": [
        663,
        677
      ],
      "f4_path_target_col": 13,
      "f4_path_y_px": 251,
      "f1_path2_x_range": [
        667,
        677
      ],
      "f1_path2_target_col": 9,
      "f1_path2_y_px": 71,
      "f1_path2_y_direct_px": 71,
      "f1_path2_direct_used": false,
      "f1_path2_direct_allowed": false,
      "f1_path2_left_weight": 0.35,
      "f1_path2_right_weight": 1.0,
      "f2_path2_x_range": [
        667,
        677
      ],
      "f2_path2_target_col": 9,
      "f2_path2_y_px": 114,
      "f2_path2_y_direct_px": 114,
      "f2_path2_direct_used": false,
      "f2_path2_direct_allowed": false,
      "f2_path2_left_weight": 0.4,
      "f2_path2_right_weight": 1.0,
      "f4_path2_x_range": [
        667,
        677
      ],
      "f4_path2_target_col": 9,
      "f4_path2_y_px": 230,
      "f4_path2_y_direct_px": 250,
      "f4_path2_direct_used": false,
      "f4_path2_direct_allowed": false,
      "f4_path2_left_weight": 0.4,
      "f4_path2_right_weight": 1.0,
      "f1_local_snap_x": 677,
      "f1_local_snap_y_px": 69,
      "f1_local_snap_search_px": 8,
      "f1_local_snap_search_up_px": 4,
      "f1_local_snap_search_down_px": 12,
      "f1_local_snap_prefer_lower_weight": 0.02,
      "f3_local_snap_x": 677,
      "f3_local_snap_y_px": 168,
      "f3_local_snap_search_px": 6,
      "f3_local_snap_search_up_px": 6,
      "f3_local_snap_search_down_px": 6,
      "f3_local_snap_prefer_lower_weight": 0.0,
      "f4_local_snap_x": 677,
      "f4_local_snap_y_px": 231,
      "f4_local_snap_search_px": 8,
      "f4_local_snap_search_up_px": 6,
      "f4_local_snap_search_down_px": 14,
      "f4_local_snap_prefer_lower_weight": 0.05,
      "f2_local_snap_x": 677,
      "f2_local_snap_y_px": 110,
      "f2_local_snap_search_px": 8,
      "f2_local_snap_search_up_px": 14,
      "f2_local_snap_search_down_px": 2,
      "f2_local_snap_prefer_lower_weight": 0.0,
      "f2_consensus_x_range": [
        671,
        677
      ],
      "f2_consensus_y_px": 112,
      "f2_consensus_anchor_y_px": 110,
      "f2_consensus_seed_y_px": 110,
      "f2_consensus_support_cols": 6,
      "f2_consensus_support_ratio": 0.795386384890733,
      "f2_consensus_jump_px": 2,
      "f2_consensus_tol_px": 5,
      "f2_consensus_reason": "accepted",
      "f2_consensus_applied": true,
      "f3_consensus_applied": false,
      "f3_consensus_x_range": [
        671,
        677
      ],
      "f3_consensus_y_px": 168,
      "f3_consensus_anchor_y_px": 168,
      "f3_consensus_seed_y_px": 173,
      "f3_consensus_support_cols": 4,
      "f3_consensus_support_ratio": 0.5263820570001814,
      "f3_consensus_jump_px": 0,
      "f3_consensus_tol_px": 5,
      "f3_consensus_reason": "low_support",
      "f4_consensus_applied": false,
      "f4_consensus_x_range": [
        671,
        677
      ],
      "f4_consensus_y_px": 251,
      "f4_consensus_anchor_y_px": 231,
      "f4_consensus_seed_y_px": 251,
      "f4_consensus_support_cols": 4,
      "f4_consensus_support_ratio": 0.5995554859302485,
      "f4_consensus_jump_px": 20,
      "f4_consensus_tol_px": 6,
      "f4_consensus_reason": "excessive_jump",
      "scale_ranges": {
        "F1": [
          7.2,
          8.4
        ],
        "F2": [
          13.1,
          14.5
        ],
        "F3": [
          18.6,
          20.2
        ],
        "F4": [
          24.1,
          26.5
        ]
      }
    },
    "A": {
      "x_day0": 59,
      "x_day1": 372,
      "x_day2": 684,
      "day_w": 312.5,
      "x_day0_time": 59,
      "x_day1_time": 351,
      "x_day2_time": 643,
      "day_w_time": 292.0,
      "x_plot_end": 935,
      "x1_static": 936,
      "x1_dyn": 935,
      "x1_dyn_used": true,