{
  "saved_at_utc": "2026-06-23T15:34:50.523300+00:00",
  "source": "tomsk_sos70_param_charts",
  "freq_max_hz": 40.0,
  "values": {
    "scale_ranges": {
      "F": {
        "F1": [
          7.2,
          8.4
        ],
        "F2": [
          13.1,
          14.5
        ],
        "F3": [
          18.6,
          20.2
        ],
        "F4": [
          24.1,
          26.5
        ]
      },
      "A": {
        "A1": [
          1.0,
          45.0
        ],
        "A2": [
          1.0,
          61.5
        ],
        "A3": [
          2.2,
          12.2
        ],
        "A4": [
          1.1,
          10.2
        ]
      },
      "Q": {
        "Q1": [
          4.0,
          38.0
        ],
        "Q2": [
          5.0,
          17.5
        ],
        "Q3": [
          7.0,
          23.0
        ],
        "Q4": [
          5.0,
          30.0
        ]
      }
    },
    "scale_units": {
      "F_hz": "Hz",
      "A_value": "idx",
      "Q_value": "idx"
    },
    "F_norm": {
      "F1": 0.21254355400696864,
      "F2": 0.2613240418118467,
      "F3": 0.554006968641115,
      "F4": 0.6933797909407665
    },
    "F_y_px": {
      "F1": 96,
      "F2": 110,
      "F3": 194,
      "F4": 234
    },
    "F_lane_norm": {
      "F1": 0.9649122807017544,
      "F2": 0.11538461538461539,
      "F3": 0.782608695652174,
      "F4": 0.5869565217391305
    },
    "F_hz": {
      "F1": 7.242105263157895,
      "F2": 14.338461538461539,
      "F3": 18.94782608695652,
      "F4": 25.09130434782609
    },
    "A_norm": {
      "A1": 0.2578397212543554,
      "A2": 0.397212543554007,
      "A3": 0.6376306620209059,
      "A4": 0.8885017421602788
    },
    "A_y_px": {
      "A1": 109,
      "A2": 149,
      "A3": 218,
      "A4": 290
    },
    "A_lane_norm": {
      "A1": 0.7831325301204819,
      "A2": 0.5816326530612245,
      "A3": 0.6391752577319587,
      "A4": 0.6593406593406593
    },
    "A_value": {
      "A1": 10.5421686746988,
      "A2": 26.31122448979592,
      "A3": 5.808247422680412,
      "A4": 4.199999999999999
    },
    "Q_norm": {
      "Q1": 0.2508710801393728,
      "Q2": 0.5121951219512195,
      "Q3": 0.6724738675958188,
      "Q4": 0.8954703832752613
    },
    "Q_y_px": {
      "Q1": 107,
      "Q2": 182,
      "Q3": 228,
      "Q4": 292
    },
    "Q_lane_norm": {
      "Q1": 0.651685393258427,
      "Q2": 0.8041237113402062,
      "Q3": 0.6990291262135923,
      "Q4": 0.6588235294117647
    },
    "Q_value": {
      "Q1": 15.842696629213481,
      "Q2": 7.448453608247423,
      "Q3": 11.815533980582524,
      "Q4": 13.529411764705884
    }
  },
  "debug": {
    "F": {
      "x_day0": 59,
      "x_day1": 357,
      "x_day2": 655,
      "day_w": 298.0,
      "x_day0_time": 59,
      "x_day1_time": 351,
      "x_day2_time": 643,
      "day_w_time": 292.0,
      "x_plot_end": 935,
      "x1_static": 936,
      "x1_dyn": 935,
      "x1_dyn_used": true,
      "pph": 12.166666666666666,
      "pph_source": "day_width (tick-mismatch-fallback)",
      "pph_tick": 19.0,
      "tick_pph_rel_err": 0.5616438356164384,
      "tick_pph_valid": false,
      "tick_count": 50,
      "tick_quality": 0.6944444444444444,
      "tick_used": false,
      "x_frontier": 917,
      "frontier_method": "activity_scan",
      "frontier_activity_thr": 0.4120628088712692,
      "frontier_activity_right_tail": 0.04856940358877182,
      "frontier_activity_run_px": 8,
      "guard_px": 4,
      "left_guard": 645,
      "right_guard": 913,
      "x_time": 918,
      "x_ideal": 918,
      "x_now": 918,
      "x_now_method": "ideal",
      "hour_now_tsst": 22.580555555555556,
      "rollover_hour_min": 3.0,
      "rollover_hour_max": 8.5,
      "delta_min_to_guard": -24.657534246575345,
      "delta_min_to_frontier": -4.931506849315069,
      "frontier_day_fill": 0.9383561643835616,
      "rollover_candidate": false,
      "bias_minutes_applied": 0.0,
      "measured_bias_minutes": null,
      "age_hours": null,
      "status": "ok",
      "x_pick": 917,
      "x_pick_edge": 918,
      "x_pick_safe_right": 923,
      "x_overlay": 918,
      "f1_path_x_range": [
        904,
        918
      ],
      "f1_path_target_col": 13,
      "f1_path_y_px": 94,
      "f4_path_x_range": [
        904,
        918
      ],
      "f4_path_target_col": 13,
      "f4_path_y_px": 231,
      "f1_path2_x_range": [
        908,
        918
      ],
      "f1_path2_target_col": 9,
      "f1_path2_y_px": 94,
      "f1_path2_y_direct_px": 94,
      "f1_path2_direct_used": false,
      "f1_path2_direct_allowed": false,
      "f1_path2_left_weight": 0.35,
      "f1_path2_right_weight": 1.0,
      "f2_path2_x_range": [
        908,
        918
      ],
      "f2_path2_target_col": 9,
      "f2_path2_y_px": 117,
      "f2_path2_y_direct_px": 151,
      "f2_path2_direct_used": false,
      "f2_path2_direct_allowed": false,
      "f2_path2_left_weight": 0.4,
      "f2_path2_right_weight": 1.0,
      "f4_path2_x_range": [
        908,
        918
      ],
      "f4_path2_target_col": 9,
      "f4_path2_y_px": 231,
      "f4_path2_y_direct_px": 232,
      "f4_path2_direct_used": false,
      "f4_path2_direct_allowed": false,
      "f4_path2_left_weight": 0.4,
      "f4_path2_right_weight": 1.0,
      "f1_local_snap_x": 918,
      "f1_local_snap_y_px": 96,
      "f1_local_snap_search_px": 8,
      "f1_local_snap_search_up_px": 4,
      "f1_local_snap_search_down_px": 12,
      "f1_local_snap_prefer_lower_weight": 0.02,
      "f3_local_snap_x": 918,
      "f3_local_snap_y_px": 194,
      "f3_local_snap_search_px": 6,
      "f3_local_snap_search_up_px": 6,
      "f3_local_snap_search_down_px": 6,
      "f3_local_snap_prefer_lower_weight": 0.0,
      "f4_local_snap_x": 918,
      "f4_local_snap_y_px": 233,
      "f4_local_snap_search_px": 8,
      "f4_local_snap_search_up_px": 6,
      "f4_local_snap_search_down_px": 14,
      "f4_local_snap_prefer_lower_weight": 0.05,
      "f2_local_snap_x": 918,
      "f2_local_snap_y_px": 110,
      "f2_local_snap_search_px": 8,
      "f2_local_snap_search_up_px": 14,
      "f2_local_snap_search_down_px": 2,
      "f2_local_snap_prefer_lower_weight": 0.0,
      "f2_consensus_applied": false,
      "f2_consensus_x_range": [
        912,
        918
      ],
      "f2_consensus_y_px": 118,
      "f2_consensus_anchor_y_px": 110,
      "f2_consensus_seed_y_px": 122,
      "f2_consensus_support_cols": 4,
      "f2_consensus_support_ratio": 0.4629345816962503,
      "f2_consensus_jump_px": 8,
      "f2_consensus_tol_px": 5,
      "f2_consensus_reason": "low_support",
      "f3_consensus_applied": false,
      "f3_consensus_x_range": [
        912,
        918
      ],
      "f3_consensus_y_px": 194,
      "f3_consensus_anchor_y_px": 194,
      "f3_consensus_seed_y_px": 194,
      "f3_consensus_support_cols": 3,
      "f3_consensus_support_ratio": 0.43117341869963566,
      "f3_consensus_jump_px": 0,
      "f3_consensus_tol_px": 5,
      "f3_consensus_reason": "low_support",
      "f4_consensus_x_range": [
        912,
        918
      ],
      "f4_consensus_y_px": 234,
      "f4_consensus_anchor_y_px": 233,
      "f4_consensus_seed_y_px": 234,
      "f4_consensus_support_cols": 7,
      "f4_consensus_support_ratio": 1.0,
      "f4_consensus_jump_px": 1,
      "f4_consensus_tol_px": 6,
      "f4_consensus_reason": "accepted",
      "f4_consensus_applied": true,
      "scale_ranges": {
        "F1": [
          7.2,
          8.4
        ],
        "F2": [
          13.1,
          14.5
        ],
        "F3": [
          18.6,
          20.2
        ],
        "F4": [
          24.1,
          26.5
        ]
      }
    },
    "A": {
      "x_day0": 59,
      "x_day1": 392,
      "x_day2": 725,
      "day_w": 333.0,
      "x_day0_time": 59,
      "x_day1_time": 351,
      "x_day2_time": 643,
      "day_w_time": 292.0,
      "x_plot_end": 935,
      "x1_static": 936,
      "x1_dyn": 935,
      "x1_dyn_used": true,