{
  "saved_at_utc": "2026-04-10T06:49:48.163301+00:00",
  "source": "tomsk_sos70_param_charts",
  "freq_max_hz": 40.0,
  "values": {
    "scale_ranges": {
      "F": {
        "F1": [
          7.2,
          8.4
        ],
        "F2": [
          13.1,
          14.5
        ],
        "F3": [
          18.6,
          20.2
        ],
        "F4": [
          24.1,
          26.5
        ]
      },
      "A": {
        "A1": [
          1.0,
          45.0
        ],
        "A2": [
          1.0,
          61.5
        ],
        "A3": [
          2.2,
          12.2
        ],
        "A4": [
          1.1,
          10.2
        ]
      },
      "Q": {
        "Q1": [
          4.0,
          38.0
        ],
        "Q2": [
          5.0,
          17.5
        ],
        "Q3": [
          7.0,
          23.0
        ],
        "Q4": [
          5.0,
          30.0
        ]
      }
    },
    "scale_units": {
      "F_hz": "Hz",
      "A_value": "idx",
      "Q_value": "idx"
    },
    "F_norm": {
      "F1": 0.18466898954703834,
      "F2": 0.42857142857142855,
      "F3": 0.5331010452961672,
      "F4": 0.7839721254355401
    },
    "F_y_px": {
      "F1": 88,
      "F2": 158,
      "F3": 188,
      "F4": 260
    },
    "F_lane_norm": {
      "F1": 0.8245614035087719,
      "F2": 1.0,
      "F3": 0.6521739130434783,
      "F4": 1.0
    },
    "F_hz": {
      "F1": 7.410526315789474,
      "F2": 13.1,
      "F3": 19.156521739130437,
      "F4": 24.1
    },
    "A_norm": {
      "A1": 0.2578397212543554,
      "A2": 0.5121951219512195,
      "A3": 0.7282229965156795,
      "A4": 0.9372822299651568
    },
    "A_y_px": {
      "A1": 109,
      "A2": 182,
      "A3": 244,
      "A4": 304
    },
    "A_lane_norm": {
      "A1": 0.7831325301204819,
      "A2": 0.9183673469387755,
      "A3": 0.9072164948453608,
      "A4": 0.8131868131868132
    },
    "A_value": {
      "A1": 10.5421686746988,
      "A2": 5.938775510204081,
      "A3": 3.1278350515463913,
      "A4": 2.8
    },
    "Q_norm": {
      "Q1": 0.28222996515679444,
      "Q2": 0.519163763066202,
      "Q3": 0.6689895470383276,
      "Q4": 0.8536585365853658
    },
    "Q_y_px": {
      "Q1": 116,
      "Q2": 184,
      "Q3": 227,
      "Q4": 280
    },
    "Q_lane_norm": {
      "Q1": 0.7528089887640449,
      "Q2": 0.8247422680412371,
      "Q3": 0.6893203883495146,
      "Q4": 0.5176470588235295
    },
    "Q_value": {
      "Q1": 12.404494382022474,
      "Q2": 7.190721649484537,
      "Q3": 11.970873786407767,
      "Q4": 17.05882352941176
    }
  },
  "debug": {
    "F": {
      "x_day0": 59,
      "x_day1": 393,
      "x_day2": 727,
      "day_w": 334.0,
      "x_day0_time": 59,
      "x_day1_time": 351,
      "x_day2_time": 643,
      "day_w_time": 292.0,
      "x_plot_end": 935,
      "x1_static": 936,
      "x1_dyn": 935,
      "x1_dyn_used": true,
      "pph": 12.166666666666666,
      "pph_source": "day_width (tick-mismatch-fallback)",
      "pph_tick": 19.0,
      "tick_pph_rel_err": 0.5616438356164384,
      "tick_pph_valid": false,
      "tick_count": 50,
      "tick_quality": 0.6944444444444444,
      "tick_used": false,
      "x_frontier": 814,
      "frontier_method": "activity_scan",
      "frontier_activity_thr": 0.44746302664279936,
      "frontier_activity_right_tail": 0.12430699914693832,
      "frontier_activity_run_px": 8,
      "guard_px": 4,
      "left_guard": 645,
      "right_guard": 810,
      "x_time": 811,
      "x_ideal": 811,
      "x_now": 811,
      "x_now_method": "ideal",
      "hour_now_tsst": 13.829722222222221,
      "rollover_hour_min": 3.0,
      "rollover_hour_max": 8.5,
      "delta_min_to_guard": -4.931506849315069,
      "delta_min_to_frontier": 14.794520547945206,
      "frontier_day_fill": 0.5856164383561644,
      "rollover_candidate": false,
      "bias_minutes_applied": 0.0,
      "measured_bias_minutes": null,
      "age_hours": null,
      "status": "ok",
      "x_pick": 810,
      "x_pick_edge": 811,
      "x_pick_safe_right": 923,
      "x_overlay": 811,
      "f1_path_x_range": [
        797,
        811
      ],
      "f1_path_target_col": 13,
      "f1_path_y_px": 79,
      "f4_path_x_range": [
        797,
        811
      ],
      "f4_path_target_col": 13,
      "f4_path_y_px": 250,
      "f1_path2_x_range": [
        801,
        811
      ],
      "f1_path2_target_col": 9,
      "f1_path2_y_px": 79,
      "f1_path2_y_direct_px": 69,
      "f1_path2_direct_used": false,
      "f1_path2_direct_allowed": false,
      "f1_path2_left_weight": 0.35,
      "f1_path2_right_weight": 1.0,
      "f2_path2_x_range": [
        801,
        811
      ],
      "f2_path2_target_col": 9,
      "f2_path2_y_px": 146,
      "f2_path2_y_direct_px": 147,
      "f2_path2_direct_used": false,
      "f2_path2_direct_allowed": false,
      "f2_path2_left_weight": 0.4,
      "f2_path2_right_weight": 1.0,
      "f4_path2_x_range": [
        801,
        811
      ],
      "f4_path2_target_col": 9,
      "f4_path2_y_px": 250,
      "f4_path2_y_direct_px": 260,
      "f4_path2_direct_used": false,
      "f4_path2_direct_allowed": false,
      "f4_path2_left_weight": 0.4,
      "f4_path2_right_weight": 1.0,
      "f1_local_snap_x": 811,
      "f1_local_snap_y_px": 88,
      "f1_local_snap_search_px": 8,
      "f1_local_snap_search_up_px": 4,
      "f1_local_snap_search_down_px": 12,
      "f1_local_snap_prefer_lower_weight": 0.02,
      "f3_local_snap_x": 811,
      "f3_local_snap_y_px": 187,
      "f3_local_snap_search_px": 6,
      "f3_local_snap_search_up_px": 6,
      "f3_local_snap_search_down_px": 6,
      "f3_local_snap_prefer_lower_weight": 0.0,
      "f4_local_snap_x": 811,
      "f4_local_snap_y_px": 262,
      "f4_local_snap_search_px": 8,
      "f4_local_snap_search_up_px": 6,
      "f4_local_snap_search_down_px": 14,
      "f4_local_snap_prefer_lower_weight": 0.05,
      "f2_local_snap_x": 811,
      "f2_local_snap_y_px": 143,
      "f2_local_snap_search_px": 8,
      "f2_local_snap_search_up_px": 14,
      "f2_local_snap_search_down_px": 2,
      "f2_local_snap_prefer_lower_weight": 0.0,
      "f2_consensus_x_range": [
        805,
        811
      ],
      "f2_consensus_y_px": 158,
      "f2_consensus_anchor_y_px": 143,
      "f2_consensus_seed_y_px": 156,
      "f2_consensus_support_cols": 5,
      "f2_consensus_support_ratio": 0.6895598172826456,
      "f2_consensus_jump_px": 15,
      "f2_consensus_tol_px": 5,
      "f2_consensus_reason": "accepted",
      "f2_consensus_applied": true,
      "f3_consensus_x_range": [
        805,
        811
      ],
      "f3_consensus_y_px": 188,
      "f3_consensus_anchor_y_px": 187,
      "f3_consensus_seed_y_px": 188,
      "f3_consensus_support_cols": 5,
      "f3_consensus_support_ratio": 0.6347963795079118,
      "f3_consensus_jump_px": 1,
      "f3_consensus_tol_px": 5,
      "f3_consensus_reason": "accepted",
      "f3_consensus_applied": true,
      "f4_consensus_x_range": [
        805,
        811
      ],
      "f4_consensus_y_px": 260,
      "f4_consensus_anchor_y_px": 262,
      "f4_consensus_seed_y_px": 256,
      "f4_consensus_support_cols": 7,
      "f4_consensus_support_ratio": 1.0,
      "f4_consensus_jump_px": 2,
      "f4_consensus_tol_px": 6,
      "f4_consensus_reason": "accepted",
      "f4_consensus_applied": true,
      "scale_ranges": {
        "F1": [
          7.2,
          8.4
        ],
        "F2": [
          13.1,
          14.5
        ],
        "F3": [
          18.6,
          20.2
        ],
        "F4": [
          24.1,
          26.5
        ]
      }
    },
    "A": {
      "x_day0": 59,
      "x_day1": 372,
      "x_day2": 684,
      "day_w": 312.5,
      "x_day0_time": 59,
      "x_day1_time": 351,
      "x_day2_time": 644,
      "day_w_time": 292.3333333333333,
      "x_plot_end": 936,
      "x1_static": 936,
      "x1_dyn": 977,
      "x1_dyn_used": false,
      "pph": 12.180555555555555,
      "pph_source": "day_width (tick-mismatch-fallback)",