{
  "saved_at_utc": "2026-05-15T04:50:50.673463+00:00",
  "source": "tomsk_sos70_param_charts",
  "freq_max_hz": 40.0,
  "values": {
    "scale_ranges": {
      "F": {
        "F1": [
          7.2,
          8.4
        ],
        "F2": [
          13.1,
          14.5
        ],
        "F3": [
          18.6,
          20.2
        ],
        "F4": [
          24.1,
          26.5
        ]
      },
      "A": {
        "A1": [
          1.0,
          45.0
        ],
        "A2": [
          1.0,
          61.5
        ],
        "A3": [
          2.2,
          12.2
        ],
        "A4": [
          1.1,
          10.2
        ]
      },
      "Q": {
        "Q1": [
          4.0,
          38.0
        ],
        "Q2": [
          5.0,
          17.5
        ],
        "Q3": [
          7.0,
          23.0
        ],
        "Q4": [
          5.0,
          30.0
        ]
      }
    },
    "scale_units": {
      "F_hz": "Hz",
      "A_value": "idx",
      "Q_value": "idx"
    },
    "F_norm": {
      "F1": 0.04529616724738676,
      "F2": 0.40069686411149824,
      "F3": 0.578397212543554,
      "F4": 0.7526132404181185
    },
    "F_y_px": {
      "F1": 48,
      "F2": 150,
      "F3": 201,
      "F4": 251
    },
    "F_lane_norm": {
      "F1": 0.12280701754385964,
      "F2": 0.8846153846153846,
      "F3": 0.9347826086956522,
      "F4": 0.9565217391304348
    },
    "F_hz": {
      "F1": 8.25263157894737,
      "F2": 13.26153846153846,
      "F3": 18.70434782608696,
      "F4": 24.20434782608696
    },
    "A_norm": {
      "A1": 0.2682926829268293,
      "A2": 0.4634146341463415,
      "A3": 0.6689895470383276,
      "A4": 0.9233449477351916
    },
    "A_y_px": {
      "A1": 112,
      "A2": 168,
      "A3": 227,
      "A4": 300
    },
    "A_lane_norm": {
      "A1": 0.8192771084337349,
      "A2": 0.7755102040816326,
      "A3": 0.7319587628865979,
      "A4": 0.7692307692307693
    },
    "A_value": {
      "A1": 8.951807228915662,
      "A2": 14.581632653061227,
      "A3": 4.88041237113402,
      "A4": 3.1999999999999993
    },
    "Q_norm": {
      "Q1": 0.18466898954703834,
      "Q2": 0.4843205574912892,
      "Q3": 0.7247386759581882,
      "Q4": 0.9303135888501742
    },
    "Q_y_px": {
      "Q1": 88,
      "Q2": 174,
      "Q3": 243,
      "Q4": 302
    },
    "Q_lane_norm": {
      "Q1": 0.43820224719101125,
      "Q2": 0.7216494845360825,
      "Q3": 0.8446601941747572,
      "Q4": 0.7764705882352941
    },
    "Q_value": {
      "Q1": 23.10112359550562,
      "Q2": 8.47938144329897,
      "Q3": 9.485436893203884,
      "Q4": 10.588235294117645
    }
  },
  "debug": {
    "F": {
      "x_day0": 59,
      "x_day1": 392,
      "x_day2": 726,
      "day_w": 333.5,
      "x_day0_time": 59,
      "x_day1_time": 351,
      "x_day2_time": 643,
      "day_w_time": 292.0,
      "x_plot_end": 935,
      "x1_static": 936,
      "x1_dyn": 935,
      "x1_dyn_used": true,
      "pph": 12.166666666666666,
      "pph_source": "day_width (tick-mismatch-fallback)",
      "pph_tick": 19.0,
      "tick_pph_rel_err": 0.5616438356164384,
      "tick_pph_valid": false,
      "tick_count": 50,
      "tick_quality": 0.6944444444444444,
      "tick_used": false,
      "x_frontier": 786,
      "frontier_method": "activity_scan",
      "frontier_activity_thr": 0.47160151004791256,
      "frontier_activity_right_tail": 0.16125789284706116,
      "frontier_activity_run_px": 8,
      "guard_px": 4,
      "left_guard": 645,
      "right_guard": 782,
      "x_time": 787,
      "x_ideal": 787,
      "x_now": 787,
      "x_now_method": "ideal",
      "hour_now_tsst": 11.847222222222223,
      "rollover_hour_min": 3.0,
      "rollover_hour_max": 8.5,
      "delta_min_to_guard": -24.657534246575345,
      "delta_min_to_frontier": -4.931506849315069,
      "frontier_day_fill": 0.4897260273972603,
      "rollover_candidate": false,
      "bias_minutes_applied": 0.0,
      "measured_bias_minutes": null,
      "age_hours": null,
      "status": "ok",
      "x_pick": 786,
      "x_pick_edge": 787,
      "x_pick_safe_right": 923,
      "x_overlay": 787,
      "f1_path_x_range": [
        773,
        787
      ],
      "f1_path_target_col": 13,
      "f1_path_y_px": 46,
      "f4_path_x_range": [
        773,
        787
      ],
      "f4_path_target_col": 13,
      "f4_path_y_px": 250,
      "f1_path2_x_range": [
        777,
        787
      ],
      "f1_path2_target_col": 9,
      "f1_path2_y_px": 46,
      "f1_path2_y_direct_px": 47,
      "f1_path2_direct_used": false,
      "f1_path2_direct_allowed": false,
      "f1_path2_left_weight": 0.35,
      "f1_path2_right_weight": 1.0,
      "f2_path2_x_range": [
        777,
        787
      ],
      "f2_path2_target_col": 9,
      "f2_path2_y_px": 150,
      "f2_path2_y_direct_px": 131,
      "f2_path2_direct_used": false,
      "f2_path2_direct_allowed": false,
      "f2_path2_left_weight": 0.4,
      "f2_path2_right_weight": 1.0,
      "f4_path2_x_range": [
        777,
        787
      ],
      "f4_path2_target_col": 9,
      "f4_path2_y_px": 250,
      "f4_path2_y_direct_px": 250,
      "f4_path2_direct_used": false,
      "f4_path2_direct_allowed": false,
      "f4_path2_left_weight": 0.4,
      "f4_path2_right_weight": 1.0,
      "f1_local_snap_x": 787,
      "f1_local_snap_y_px": 48,
      "f1_local_snap_search_px": 8,
      "f1_local_snap_search_up_px": 4,
      "f1_local_snap_search_down_px": 12,
      "f1_local_snap_prefer_lower_weight": 0.02,
      "f3_local_snap_x": 787,
      "f3_local_snap_y_px": 201,
      "f3_local_snap_search_px": 6,
      "f3_local_snap_search_up_px": 6,
      "f3_local_snap_search_down_px": 6,
      "f3_local_snap_prefer_lower_weight": 0.0,
      "f4_local_snap_x": 787,
      "f4_local_snap_y_px": 251,
      "f4_local_snap_search_px": 8,
      "f4_local_snap_search_up_px": 6,
      "f4_local_snap_search_down_px": 14,
      "f4_local_snap_prefer_lower_weight": 0.05,
      "f2_local_snap_x": 787,
      "f2_local_snap_y_px": 150,
      "f2_local_snap_search_px": 8,
      "f2_local_snap_search_up_px": 14,
      "f2_local_snap_search_down_px": 2,
      "f2_local_snap_prefer_lower_weight": 0.0,
      "f2_consensus_applied": false,
      "f2_consensus_x_range": [
        781,
        787
      ],
      "f2_consensus_y_px": 131,
      "f2_consensus_anchor_y_px": 150,
      "f2_consensus_seed_y_px": 131,
      "f2_consensus_support_cols": 4,
      "f2_consensus_support_ratio": 0.645806710723283,
      "f2_consensus_jump_px": 19,
      "f2_consensus_tol_px": 5,
      "f2_consensus_reason": "excessive_jump",
      "f3_consensus_applied": false,
      "f3_consensus_support_cols": 2,
      "f3_consensus_anchor_y_px": 201,
      "f3_consensus_seed_y_px": 201,
      "f3_consensus_reason": "insufficient_inliers",
      "f4_consensus_applied": false,
      "f4_consensus_x_range": [
        781,
        787
      ],
      "f4_consensus_y_px": 249,
      "f4_consensus_anchor_y_px": 251,
      "f4_consensus_seed_y_px": 249,
      "f4_consensus_support_cols": 3,
      "f4_consensus_support_ratio": 0.5047320454899515,
      "f4_consensus_jump_px": 2,
      "f4_consensus_tol_px": 6,
      "f4_consensus_reason": "low_support",
      "scale_ranges": {
        "F1": [
          7.2,
          8.4
        ],
        "F2": [
          13.1,
          14.5
        ],
        "F3": [
          18.6,
          20.2
        ],
        "F4": [
          24.1,
          26.5
        ]
      }
    },
    "A": {
      "x_day0": 59,
      "x_day1": 368,
      "x_day2": 678,
      "day_w": 309.5,
      "x_day0_time": 59,
      "x_day1_time": 351,
      "x_day2_time": 643,
      "day_w_time": 292.0,
      "x_plot_end": 935,
      "x1_static": 936,
      "x1_dyn": 935,
      "x1_dyn_used": true,
      "pph": 12.166666666666666,
      "pph_source": "day_width (tick-mismatch-fallback)",
      "pph_tick": 19.0,
      "tick_pph_rel_err": 0.5616438356164384,
      "tick_pph_valid": false,
      "tick_count": 50,