{
  "saved_at_utc": "2026-05-31T17:29:27.142921+00:00",
  "source": "tomsk_sos70_param_charts",
  "freq_max_hz": 40.0,
  "values": {
    "scale_ranges": {
      "F": {
        "F1": [
          7.2,
          8.4
        ],
        "F2": [
          13.1,
          14.5
        ],
        "F3": [
          18.6,
          20.2
        ],
        "F4": [
          24.1,
          26.5
        ]
      },
      "A": {
        "A1": [
          1.0,
          45.0
        ],
        "A2": [
          1.0,
          61.5
        ],
        "A3": [
          2.2,
          12.2
        ],
        "A4": [
          1.1,
          10.2
        ]
      },
      "Q": {
        "Q1": [
          4.0,
          38.0
        ],
        "Q2": [
          5.0,
          17.5
        ],
        "Q3": [
          7.0,
          23.0
        ],
        "Q4": [
          5.0,
          30.0
        ]
      }
    },
    "scale_units": {
      "F_hz": "Hz",
      "A_value": "idx",
      "Q_value": "idx"
    },
    "F_norm": {
      "F1": 0.18466898954703834,
      "F2": 0.30313588850174217,
      "F3": 0.445993031358885,
      "F4": 0.6794425087108014
    },
    "F_y_px": {
      "F1": 88,
      "F2": 122,
      "F3": 163,
      "F4": 230
    },
    "F_lane_norm": {
      "F1": 0.8245614035087719,
      "F2": 0.34615384615384615,
      "F3": 0.10869565217391304,
      "F4": 0.5
    },
    "F_hz": {
      "F1": 7.410526315789474,
      "F2": 14.015384615384615,
      "F3": 20.026086956521738,
      "F4": 25.3
    },
    "A_norm": {
      "A1": 0.3170731707317073,
      "A2": 0.5261324041811847,
      "A3": 0.7421602787456446,
      "A4": 0.9337979094076655
    },
    "A_y_px": {
      "A1": 126,
      "A2": 186,
      "A3": 248,
      "A4": 303
    },
    "A_lane_norm": {
      "A1": 0.9879518072289156,
      "A2": 0.9591836734693877,
      "A3": 0.9484536082474226,
      "A4": 0.8021978021978022
    },
    "A_value": {
      "A1": 1.5301204819277103,
      "A2": 3.4693877551020407,
      "A3": 2.7154639175257724,
      "A4": 2.8999999999999995
    },
    "Q_norm": {
      "Q1": 0.313588850174216,
      "Q2": 0.5156794425087108,
      "Q3": 0.7003484320557491,
      "Q4": 0.9337979094076655
    },
    "Q_y_px": {
      "Q1": 125,
      "Q2": 183,
      "Q3": 236,
      "Q4": 303
    },
    "Q_lane_norm": {
      "Q1": 0.8539325842696629,
      "Q2": 0.8144329896907216,
      "Q3": 0.7766990291262136,
      "Q4": 0.788235294117647
    },
    "Q_value": {
      "Q1": 8.966292134831463,
      "Q2": 7.31958762886598,
      "Q3": 10.572815533980583,
      "Q4": 10.294117647058822
    }
  },
  "debug": {
    "F": {
      "x_day0": 59,
      "x_day1": 374,
      "x_day2": 690,
      "day_w": 315.5,
      "x_day0_time": 59,
      "x_day1_time": 351,
      "x_day2_time": 644,
      "day_w_time": 292.3333333333333,
      "x_plot_end": 936,
      "x1_static": 936,
      "x1_dyn": 1006,
      "x1_dyn_used": false,
      "pph": 12.180555555555555,
      "pph_source": "day_width (tick-mismatch-fallback)",
      "pph_tick": 19.0,
      "tick_pph_rel_err": 0.5598631698973775,
      "tick_pph_valid": false,
      "tick_count": 50,
      "tick_quality": 0.6944444444444444,
      "tick_used": false,
      "x_frontier": 917,
      "frontier_method": "activity_scan",
      "frontier_activity_thr": 0.4526468604803085,
      "frontier_activity_right_tail": 0.22836264967918396,
      "frontier_activity_run_px": 8,
      "guard_px": 4,
      "left_guard": 646,
      "right_guard": 913,
      "x_time": 650,
      "x_ideal": 650,
      "x_now": 650,
      "x_now_method": "ideal",
      "hour_now_tsst": 0.4905555555555556,
      "rollover_hour_min": 3.0,
      "rollover_hour_max": 8.5,
      "delta_min_to_guard": 1295.5074116305586,
      "delta_min_to_frontier": 1315.2109464082098,
      "frontier_day_fill": 0.9338654503990879,
      "rollover_candidate": false,
      "bias_minutes_applied": 0.0,
      "measured_bias_minutes": null,
      "age_hours": null,
      "status": "ok",
      "x_pick": 649,
      "x_pick_edge": 650,
      "x_pick_safe_right": 924,
      "x_overlay": 650,
      "f1_path_x_range": [
        636,
        650
      ],
      "f1_path_target_col": 13,
      "f1_path_y_px": 70,
      "f4_path_x_range": [
        636,
        650
      ],
      "f4_path_target_col": 13,
      "f4_path_y_px": 230,
      "f1_path2_x_range": [
        640,
        650
      ],
      "f1_path2_target_col": 9,
      "f1_path2_y_px": 77,
      "f1_path2_y_direct_px": 78,
      "f1_path2_direct_used": false,
      "f1_path2_direct_allowed": false,
      "f1_path2_left_weight": 0.35,
      "f1_path2_right_weight": 1.0,
      "f2_path2_x_range": [
        640,
        650
      ],
      "f2_path2_target_col": 9,
      "f2_path2_y_px": 161,
      "f2_path2_y_direct_px": 125,
      "f2_path2_direct_used": false,
      "f2_path2_direct_allowed": false,
      "f2_path2_left_weight": 0.4,
      "f2_path2_right_weight": 1.0,
      "f4_path2_x_range": [
        640,
        650
      ],
      "f4_path2_target_col": 9,
      "f4_path2_y_px": 230,
      "f4_path2_y_direct_px": 262,
      "f4_path2_direct_used": false,
      "f4_path2_direct_allowed": false,
      "f4_path2_left_weight": 0.4,
      "f4_path2_right_weight": 1.0,
      "f1_local_snap_x": 650,
      "f1_local_snap_y_px": 88,
      "f1_local_snap_search_px": 8,
      "f1_local_snap_search_up_px": 4,
      "f1_local_snap_search_down_px": 12,
      "f1_local_snap_prefer_lower_weight": 0.02,
      "f3_local_snap_x": 650,
      "f3_local_snap_y_px": 162,
      "f3_local_snap_search_px": 6,
      "f3_local_snap_search_up_px": 6,
      "f3_local_snap_search_down_px": 6,
      "f3_local_snap_prefer_lower_weight": 0.0,
      "f4_local_snap_x": 650,
      "f4_local_snap_y_px": 230,
      "f4_local_snap_search_px": 8,
      "f4_local_snap_search_up_px": 6,
      "f4_local_snap_search_down_px": 14,
      "f4_local_snap_prefer_lower_weight": 0.05,
      "f2_local_snap_x": 650,
      "f2_local_snap_y_px": 142,
      "f2_local_snap_search_px": 8,
      "f2_local_snap_search_up_px": 14,
      "f2_local_snap_search_down_px": 2,
      "f2_local_snap_prefer_lower_weight": 0.0,
      "f2_consensus_x_range": [
        644,
        650
      ],
      "f2_consensus_y_px": 122,
      "f2_consensus_anchor_y_px": 142,
      "f2_consensus_seed_y_px": 121,
      "f2_consensus_support_cols": 5,
      "f2_consensus_support_ratio": 0.80443930525588,
      "f2_consensus_jump_px": 20,
      "f2_consensus_tol_px": 5,
      "f2_consensus_reason": "accepted",
      "f2_consensus_applied": true,
      "f3_consensus_x_range": [
        644,
        650
      ],
      "f3_consensus_y_px": 163,
      "f3_consensus_anchor_y_px": 162,
      "f3_consensus_seed_y_px": 166,
      "f3_consensus_support_cols": 7,
      "f3_consensus_support_ratio": 1.0,
      "f3_consensus_jump_px": 1,
      "f3_consensus_tol_px": 5,
      "f3_consensus_reason": "accepted",
      "f3_consensus_applied": true,
      "f4_consensus_applied": false,
      "f4_consensus_x_range": [
        644,
        650
      ],
      "f4_consensus_y_px": 261,
      "f4_consensus_anchor_y_px": 230,
      "f4_consensus_seed_y_px": 260,
      "f4_consensus_support_cols": 4,
      "f4_consensus_support_ratio": 0.658825258413756,
      "f4_consensus_jump_px": 31,
      "f4_consensus_tol_px": 6,
      "f4_consensus_reason": "excessive_jump",
      "scale_ranges": {
        "F1": [
          7.2,
          8.4
        ],
        "F2": [
          13.1,
          14.5
        ],
        "F3": [
          18.6,
          20.2
        ],
        "F4": [
          24.1,
          26.5
        ]
      }
    },
    "A": {
      "x_day0": 59,
      "x_day1": 372,
      "x_day2": 685,
      "day_w": 313.0,
      "x_day0_time": 59,
      "x_day1_time": 351,
      "x_day2_time": 644,
      "day_w_time": 292.3333333333333,
      "x_plot_end": 936,
      "x1_static": 936,
      "x1_dyn": 977,
      "x1_dyn_used": false,