{
  "saved_at_utc": "2026-06-23T03:48:27.164430+00:00",
  "source": "tomsk_sos70_param_charts",
  "freq_max_hz": 40.0,
  "values": {
    "scale_ranges": {
      "F": {
        "F1": [
          7.2,
          8.4
        ],
        "F2": [
          13.1,
          14.5
        ],
        "F3": [
          18.6,
          20.2
        ],
        "F4": [
          24.1,
          26.5
        ]
      },
      "A": {
        "A1": [
          1.0,
          45.0
        ],
        "A2": [
          1.0,
          61.5
        ],
        "A3": [
          2.2,
          12.2
        ],
        "A4": [
          1.1,
          10.2
        ]
      },
      "Q": {
        "Q1": [
          4.0,
          38.0
        ],
        "Q2": [
          5.0,
          17.5
        ],
        "Q3": [
          7.0,
          23.0
        ],
        "Q4": [
          5.0,
          30.0
        ]
      }
    },
    "scale_units": {
      "F_hz": "Hz",
      "A_value": "idx",
      "Q_value": "idx"
    },
    "F_norm": {
      "F1": 0.0313588850174216,
      "F2": 0.4076655052264808,
      "F3": 0.45993031358885017,
      "F4": 0.7526132404181185
    },
    "F_y_px": {
      "F1": 44,
      "F2": 152,
      "F3": 167,
      "F4": 251
    },
    "F_lane_norm": {
      "F1": 0.05263157894736842,
      "F2": 0.9230769230769231,
      "F3": 0.1956521739130435,
      "F4": 0.9565217391304348
    },
    "F_hz": {
      "F1": 8.336842105263159,
      "F2": 13.207692307692307,
      "F3": 19.88695652173913,
      "F4": 24.20434782608696
    },
    "A_norm": {
      "A1": 0.30313588850174217,
      "A2": 0.44947735191637633,
      "A3": 0.6724738675958188,
      "A4": 0.8850174216027874
    },
    "A_y_px": {
      "A1": 122,
      "A2": 164,
      "A3": 228,
      "A4": 289
    },
    "A_lane_norm": {
      "A1": 0.9397590361445783,
      "A2": 0.7346938775510204,
      "A3": 0.7422680412371134,
      "A4": 0.6483516483516484
    },
    "A_value": {
      "A1": 3.6506024096385516,
      "A2": 17.05102040816326,
      "A3": 4.777319587628865,
      "A4": 4.299999999999999
    },
    "Q_norm": {
      "Q1": 0.28222996515679444,
      "Q2": 0.4181184668989547,
      "Q3": 0.6968641114982579,
      "Q4": 0.8885017421602788
    },
    "Q_y_px": {
      "Q1": 116,
      "Q2": 155,
      "Q3": 235,
      "Q4": 290
    },
    "Q_lane_norm": {
      "Q1": 0.7528089887640449,
      "Q2": 0.5257731958762887,
      "Q3": 0.7669902912621359,
      "Q4": 0.6352941176470588
    },
    "Q_value": {
      "Q1": 12.404494382022474,
      "Q2": 10.927835051546392,
      "Q3": 10.728155339805825,
      "Q4": 14.11764705882353
    }
  },
  "debug": {
    "F": {
      "x_day0": 59,
      "x_day1": 357,
      "x_day2": 655,
      "day_w": 298.0,
      "x_day0_time": 59,
      "x_day1_time": 351,
      "x_day2_time": 643,
      "day_w_time": 292.0,
      "x_plot_end": 935,
      "x1_static": 936,
      "x1_dyn": 935,
      "x1_dyn_used": true,
      "pph": 12.166666666666666,
      "pph_source": "day_width (tick-mismatch-fallback)",
      "pph_tick": 19.0,
      "tick_pph_rel_err": 0.5616438356164384,
      "tick_pph_valid": false,
      "tick_count": 50,
      "tick_quality": 0.6944444444444444,
      "tick_used": false,
      "x_frontier": 775,
      "frontier_method": "activity_scan",
      "frontier_activity_thr": 0.5260685473680496,
      "frontier_activity_right_tail": 0.17461855709552765,
      "frontier_activity_run_px": 8,
      "guard_px": 4,
      "left_guard": 645,
      "right_guard": 771,
      "x_time": 774,
      "x_ideal": 774,
      "x_now": 774,
      "x_now_method": "ideal",
      "hour_now_tsst": 10.807500000000001,
      "rollover_hour_min": 3.0,
      "rollover_hour_max": 8.5,
      "delta_min_to_guard": -14.794520547945206,
      "delta_min_to_frontier": 4.931506849315069,
      "frontier_day_fill": 0.4520547945205479,
      "rollover_candidate": false,
      "bias_minutes_applied": 0.0,
      "measured_bias_minutes": null,
      "age_hours": null,
      "status": "ok",
      "x_pick": 773,
      "x_pick_edge": 774,
      "x_pick_safe_right": 923,
      "x_overlay": 774,
      "f1_path_x_range": [
        760,
        774
      ],
      "f1_path_target_col": 13,
      "f1_path_y_px": 46,
      "f4_path_x_range": [
        760,
        774
      ],
      "f4_path_target_col": 13,
      "f4_path_y_px": 251,
      "f1_path2_x_range": [
        764,
        774
      ],
      "f1_path2_target_col": 9,
      "f1_path2_y_px": 46,
      "f1_path2_y_direct_px": 45,
      "f1_path2_direct_used": false,
      "f1_path2_direct_allowed": false,
      "f1_path2_left_weight": 0.35,
      "f1_path2_right_weight": 1.0,
      "f2_path2_x_range": [
        764,
        774
      ],
      "f2_path2_target_col": 9,
      "f2_path2_y_px": 158,
      "f2_path2_y_direct_px": 161,
      "f2_path2_direct_used": false,
      "f2_path2_direct_allowed": false,
      "f2_path2_left_weight": 0.4,
      "f2_path2_right_weight": 1.0,
      "f4_path2_x_range": [
        764,
        774
      ],
      "f4_path2_target_col": 9,
      "f4_path2_y_px": 251,
      "f4_path2_y_direct_px": 251,
      "f4_path2_direct_used": false,
      "f4_path2_direct_allowed": false,
      "f4_path2_left_weight": 0.4,
      "f4_path2_right_weight": 1.0,
      "f1_local_snap_x": 774,
      "f1_local_snap_y_px": 44,
      "f1_local_snap_search_px": 8,
      "f1_local_snap_search_up_px": 4,
      "f1_local_snap_search_down_px": 12,
      "f1_local_snap_prefer_lower_weight": 0.02,
      "f3_local_snap_x": 774,
      "f3_local_snap_y_px": 164,
      "f3_local_snap_search_px": 6,
      "f3_local_snap_search_up_px": 6,
      "f3_local_snap_search_down_px": 6,
      "f3_local_snap_prefer_lower_weight": 0.0,
      "f4_local_snap_x": 774,
      "f4_local_snap_y_px": 251,
      "f4_local_snap_search_px": 8,
      "f4_local_snap_search_up_px": 6,
      "f4_local_snap_search_down_px": 14,
      "f4_local_snap_prefer_lower_weight": 0.05,
      "f2_local_snap_x": 774,
      "f2_local_snap_y_px": 152,
      "f2_local_snap_search_px": 8,
      "f2_local_snap_search_up_px": 14,
      "f2_local_snap_search_down_px": 2,
      "f2_local_snap_prefer_lower_weight": 0.0,
      "f2_consensus_applied": false,
      "f2_consensus_support_cols": 2,
      "f2_consensus_anchor_y_px": 152,
      "f2_consensus_seed_y_px": 139,
      "f2_consensus_reason": "insufficient_inliers",
      "f3_consensus_x_range": [
        768,
        774
      ],
      "f3_consensus_y_px": 167,
      "f3_consensus_anchor_y_px": 164,
      "f3_consensus_seed_y_px": 167,
      "f3_consensus_support_cols": 5,
      "f3_consensus_support_ratio": 0.8038461538461539,
      "f3_consensus_jump_px": 3,
      "f3_consensus_tol_px": 5,
      "f3_consensus_reason": "accepted",
      "f3_consensus_applied": true,
      "f4_consensus_applied": false,
      "f4_consensus_x_range": [
        768,
        774
      ],
      "f4_consensus_y_px": 231,
      "f4_consensus_anchor_y_px": 251,
      "f4_consensus_seed_y_px": 230,
      "f4_consensus_support_cols": 4,
      "f4_consensus_support_ratio": 0.47643939031965216,
      "f4_consensus_jump_px": 20,
      "f4_consensus_tol_px": 6,
      "f4_consensus_reason": "low_support",
      "scale_ranges": {
        "F1": [
          7.2,
          8.4
        ],
        "F2": [
          13.1,
          14.5
        ],
        "F3": [
          18.6,
          20.2
        ],
        "F4": [
          24.1,
          26.5
        ]
      }
    },
    "A": {
      "x_day0": 59,
      "x_day1": 392,
      "x_day2": 725,
      "day_w": 333.0,
      "x_day0_time": 59,
      "x_day1_time": 351,
      "x_day2_time": 643,
      "day_w_time": 292.0,
      "x_plot_end": 935,
      "x1_static": 936,
      "x1_dyn": 935,
      "x1_dyn_used": true,
      "pph": 12.166666666666666,
      "pph_source": "day_width (tick-mismatch-fallback)",
      "pph_tick": 19.0,
      "tick_pph_rel_err": 0.5616438356164384,
      "tick_pph_valid": false,
      "tick_count": 50,