{
  "saved_at_utc": "2026-03-31T17:36:52.678532+00:00",
  "source": "tomsk_sos70_param_charts",
  "freq_max_hz": 40.0,
  "values": {
    "scale_ranges": {
      "F": {
        "F1": [
          7.2,
          8.4
        ],
        "F2": [
          13.1,
          14.5
        ],
        "F3": [
          18.6,
          20.2
        ],
        "F4": [
          24.1,
          26.5
        ]
      },
      "A": {
        "A1": [
          1.0,
          45.0
        ],
        "A2": [
          1.0,
          61.5
        ],
        "A3": [
          2.2,
          12.2
        ],
        "A4": [
          1.1,
          10.2
        ]
      },
      "Q": {
        "Q1": [
          4.0,
          38.0
        ],
        "Q2": [
          5.0,
          17.5
        ],
        "Q3": [
          7.0,
          23.0
        ],
        "Q4": [
          5.0,
          30.0
        ]
      }
    },
    "scale_units": {
      "F_hz": "Hz",
      "A_value": "idx",
      "Q_value": "idx"
    },
    "F_norm": {
      "F1": 0.04529616724738676,
      "F2": 0.2926829268292683,
      "F3": 0.5226480836236934,
      "F4": 0.6794425087108014
    },
    "F_y_px": {
      "F1": 48,
      "F2": 119,
      "F3": 185,
      "F4": 230
    },
    "F_lane_norm": {
      "F1": 0.12280701754385964,
      "F2": 0.28846153846153844,
      "F3": 0.5869565217391305,
      "F4": 0.5
    },
    "F_hz": {
      "F1": 8.25263157894737,
      "F2": 14.096153846153847,
      "F3": 19.26086956521739,
      "F4": 25.3
    },
    "A_norm": {
      "A1": 0.30313588850174217,
      "A2": 0.5261324041811847,
      "A3": 0.7386759581881533,
      "A4": 0.9337979094076655
    },
    "A_y_px": {
      "A1": 122,
      "A2": 186,
      "A3": 247,
      "A4": 303
    },
    "A_lane_norm": {
      "A1": 0.9397590361445783,
      "A2": 0.9591836734693877,
      "A3": 0.9381443298969072,
      "A4": 0.8021978021978022
    },
    "A_value": {
      "A1": 3.6506024096385516,
      "A2": 3.4693877551020407,
      "A3": 2.8185567010309267,
      "A4": 2.8999999999999995
    },
    "Q_norm": {
      "Q1": 0.30313588850174217,
      "Q2": 0.49477351916376305,
      "Q3": 0.6585365853658537,
      "Q4": 0.9337979094076655
    },
    "Q_y_px": {
      "Q1": 122,
      "Q2": 177,
      "Q3": 224,
      "Q4": 303
    },
    "Q_lane_norm": {
      "Q1": 0.8202247191011236,
      "Q2": 0.7525773195876289,
      "Q3": 0.6601941747572816,
      "Q4": 0.788235294117647
    },
    "Q_value": {
      "Q1": 10.112359550561798,
      "Q2": 8.092783505154639,
      "Q3": 12.436893203883495,
      "Q4": 10.294117647058822
    }
  },
  "debug": {
    "F": {
      "x_day0": 59,
      "x_day1": 372,
      "x_day2": 684,
      "day_w": 312.5,
      "x_day0_time": 59,
      "x_day1_time": 351,
      "x_day2_time": 643,
      "day_w_time": 292.0,
      "x_plot_end": 935,
      "x1_static": 936,
      "x1_dyn": 935,
      "x1_dyn_used": true,
      "pph": 12.166666666666666,
      "pph_source": "day_width (tick-mismatch-fallback)",
      "pph_tick": 19.0,
      "tick_pph_rel_err": 0.5616438356164384,
      "tick_pph_valid": false,
      "tick_count": 50,
      "tick_quality": 0.6944444444444444,
      "tick_used": false,
      "x_frontier": 654,
      "frontier_method": "activity_scan",
      "frontier_activity_thr": 0.48802944719791413,
      "frontier_activity_right_tail": 0.20860572159290314,
      "frontier_activity_run_px": 8,
      "guard_px": 4,
      "left_guard": 645,
      "right_guard": 650,
      "x_time": 650,
      "x_ideal": 650,
      "x_now": 650,
      "x_now_method": "guard_invalid",
      "hour_now_tsst": 0.6144444444444445,
      "rollover_hour_min": 3.0,
      "rollover_hour_max": 8.5,
      "delta_min_to_guard": 0.0,
      "delta_min_to_frontier": 19.726027397260275,
      "frontier_day_fill": 0.03767123287671233,
      "rollover_candidate": false,
      "bias_minutes_applied": 0.0,
      "measured_bias_minutes": null,
      "age_hours": null,
      "status": "no_recent_data",
      "x_pick": 649,
      "x_pick_edge": 650,
      "x_pick_safe_right": 923,
      "x_overlay": 650,
      "f1_path_x_range": [
        636,
        650
      ],
      "f1_path_target_col": 13,
      "f1_path_y_px": 46,
      "f4_path_x_range": [
        636,
        650
      ],
      "f4_path_target_col": 13,
      "f4_path_y_px": 231,
      "f1_path2_x_range": [
        640,
        650
      ],
      "f1_path2_target_col": 9,
      "f1_path2_y_px": 46,
      "f1_path2_y_direct_px": 47,
      "f1_path2_direct_used": false,
      "f1_path2_direct_allowed": false,
      "f1_path2_left_weight": 0.35,
      "f1_path2_right_weight": 1.0,
      "f2_path2_x_range": [
        640,
        650
      ],
      "f2_path2_target_col": 9,
      "f2_path2_y_px": 121,
      "f2_path2_y_direct_px": 113,
      "f2_path2_direct_used": false,
      "f2_path2_direct_allowed": false,
      "f2_path2_left_weight": 0.4,
      "f2_path2_right_weight": 1.0,
      "f4_path2_x_range": [
        640,
        650
      ],
      "f4_path2_target_col": 9,
      "f4_path2_y_px": 231,
      "f4_path2_y_direct_px": 229,
      "f4_path2_direct_used": false,
      "f4_path2_direct_allowed": false,
      "f4_path2_left_weight": 0.4,
      "f4_path2_right_weight": 1.0,
      "f1_local_snap_x": 650,
      "f1_local_snap_y_px": 48,
      "f1_local_snap_search_px": 8,
      "f1_local_snap_search_up_px": 4,
      "f1_local_snap_search_down_px": 12,
      "f1_local_snap_prefer_lower_weight": 0.02,
      "f3_local_snap_x": 650,
      "f3_local_snap_y_px": 185,
      "f3_local_snap_search_px": 6,
      "f3_local_snap_search_up_px": 6,
      "f3_local_snap_search_down_px": 6,
      "f3_local_snap_prefer_lower_weight": 0.0,
      "f4_local_snap_x": 650,
      "f4_local_snap_y_px": 230,
      "f4_local_snap_search_px": 8,
      "f4_local_snap_search_up_px": 6,
      "f4_local_snap_search_down_px": 14,
      "f4_local_snap_prefer_lower_weight": 0.05,
      "f2_local_snap_x": 650,
      "f2_local_snap_y_px": 119,
      "f2_local_snap_search_px": 8,
      "f2_local_snap_search_up_px": 14,
      "f2_local_snap_search_down_px": 2,
      "f2_local_snap_prefer_lower_weight": 0.0,
      "f2_consensus_x_range": [
        644,
        650
      ],
      "f2_consensus_y_px": 119,
      "f2_consensus_anchor_y_px": 119,
      "f2_consensus_seed_y_px": 121,
      "f2_consensus_support_cols": 7,
      "f2_consensus_support_ratio": 1.0,
      "f2_consensus_jump_px": 0,
      "f2_consensus_tol_px": 5,
      "f2_consensus_reason": "accepted",
      "f2_consensus_applied": true,
      "f3_consensus_applied": false,
      "f3_consensus_support_cols": 2,
      "f3_consensus_anchor_y_px": 185,
      "f3_consensus_seed_y_px": 184,
      "f3_consensus_reason": "insufficient_inliers",
      "f4_consensus_x_range": [
        644,
        650
      ],
      "f4_consensus_y_px": 230,
      "f4_consensus_anchor_y_px": 230,
      "f4_consensus_seed_y_px": 232,
      "f4_consensus_support_cols": 5,
      "f4_consensus_support_ratio": 0.7336248277173139,
      "f4_consensus_jump_px": 0,
      "f4_consensus_tol_px": 6,
      "f4_consensus_reason": "accepted",
      "f4_consensus_applied": true,
      "scale_ranges": {
        "F1": [
          7.2,
          8.4
        ],
        "F2": [
          13.1,
          14.5
        ],
        "F3": [
          18.6,
          20.2
        ],
        "F4": [
          24.1,
          26.5
        ]
      }
    },
    "A": {
      "x_day0": 59,
      "x_day1": 372,
      "x_day2": 684,
      "day_w": 312.5,
      "x_day0_time": 59,
      "x_day1_time": 351,
      "x_day2_time": 643,
      "day_w_time": 292.0,
      "x_plot_end": 935,
      "x1_static": 936,
      "x1_dyn": 935,
      "x1_dyn_used": true,
      "pph": 12.166666666666666,
      "pph_source": "day_width (tick-mismatch-fallback)",
      "pph_tick": 19.0,
      "tick_pph_rel_err": 0.5616438356164384,
      "tick_pph_valid": false,
      "tick_count": 50,
      "tick_quality": 0.6944444444444444,