{
  "saved_at_utc": "2026-03-06T05:24:44.604024+00:00",
  "source": "tomsk_sos70_param_charts",
  "freq_max_hz": 40.0,
  "values": {
    "scale_ranges": {
      "F": {
        "F1": [
          7.2,
          8.4
        ],
        "F2": [
          13.1,
          14.5
        ],
        "F3": [
          18.6,
          20.2
        ],
        "F4": [
          24.1,
          26.5
        ]
      },
      "A": {
        "A1": [
          1.0,
          45.0
        ],
        "A2": [
          1.0,
          61.5
        ],
        "A3": [
          2.2,
          12.2
        ],
        "A4": [
          1.1,
          10.2
        ]
      },
      "Q": {
        "Q1": [
          4.0,
          38.0
        ],
        "Q2": [
          5.0,
          17.5
        ],
        "Q3": [
          7.0,
          23.0
        ],
        "Q4": [
          5.0,
          30.0
        ]
      }
    },
    "scale_units": {
      "F_hz": "Hz",
      "A_value": "idx",
      "Q_value": "idx"
    },
    "F_norm": {
      "F1": 0.1254355400696864,
      "F2": 0.39372822299651566,
      "F3": 0.5261324041811847,
      "F4": 0.7491289198606271
    },
    "F_y_px": {
      "F1": 71,
      "F2": 148,
      "F3": 186,
      "F4": 250
    },
    "F_lane_norm": {
      "F1": 0.5263157894736842,
      "F2": 0.8461538461538461,
      "F3": 0.6086956521739131,
      "F4": 0.9347826086956522
    },
    "F_hz": {
      "F1": 7.768421052631579,
      "F2": 13.315384615384616,
      "F3": 19.22608695652174,
      "F4": 24.256521739130434
    },
    "A_norm": {
      "A1": 0.30662020905923343,
      "A2": 0.49825783972125437,
      "A3": 0.710801393728223,
      "A4": 0.9512195121951219
    },
    "A_y_px": {
      "A1": 123,
      "A2": 178,
      "A3": 239,
      "A4": 308
    },
    "A_lane_norm": {
      "A1": 0.9518072289156626,
      "A2": 0.8775510204081632,
      "A3": 0.8556701030927835,
      "A4": 0.8571428571428571
    },
    "A_value": {
      "A1": 3.1204819277108484,
      "A2": 8.408163265306122,
      "A3": 3.6432989690721644,
      "A4": 2.4000000000000004
    },
    "Q_norm": {
      "Q1": 0.2578397212543554,
      "Q2": 0.40069686411149824,
      "Q3": 0.6689895470383276,
      "Q4": 0.9547038327526133
    },
    "Q_y_px": {
      "Q1": 109,
      "Q2": 150,
      "Q3": 227,
      "Q4": 309
    },
    "Q_lane_norm": {
      "Q1": 0.6741573033707865,
      "Q2": 0.4742268041237113,
      "Q3": 0.6893203883495146,
      "Q4": 0.8588235294117647
    },
    "Q_value": {
      "Q1": 15.078651685393258,
      "Q2": 11.572164948453608,
      "Q3": 11.970873786407767,
      "Q4": 8.529411764705884
    }
  },
  "debug": {
    "F": {
      "x_day0": 59,
      "x_day1": 359,
      "x_day2": 659,
      "day_w": 300.0,
      "x_day0_time": 59,
      "x_day1_time": 351,
      "x_day2_time": 643,
      "day_w_time": 292.0,
      "x_plot_end": 935,
      "x1_static": 936,
      "x1_dyn": 935,
      "x1_dyn_used": true,
      "pph": 12.166666666666666,
      "pph_source": "day_width (tick-mismatch-fallback)",
      "pph_tick": 19.0,
      "tick_pph_rel_err": 0.5616438356164384,
      "tick_pph_valid": false,
      "tick_count": 50,
      "tick_quality": 0.6944444444444444,
      "tick_used": false,
      "x_frontier": 916,
      "frontier_method": "activity_scan",
      "frontier_activity_thr": 0.426039320230484,
      "frontier_activity_right_tail": 0.1642049103975296,
      "frontier_activity_run_px": 8,
      "guard_px": 4,
      "left_guard": 645,
      "right_guard": 912,
      "x_time": 794,
      "x_ideal": 794,
      "x_now": 794,
      "x_now_method": "ideal",
      "delta_min_to_guard": 581.917808219178,
      "bias_minutes_applied": 0.0,
      "measured_bias_minutes": null,
      "age_hours": null,
      "status": "ok",
      "x_pick": 793,
      "x_pick_edge": 794,
      "x_pick_safe_right": 923,
      "x_overlay": 794,
      "f1_path_x_range": [
        780,
        794
      ],
      "f1_path_target_col": 13,
      "f1_path_y_px": 49,
      "f4_path_x_range": [
        780,
        794
      ],
      "f4_path_target_col": 13,
      "f4_path_y_px": 251,
      "f1_path2_x_range": [
        782,
        794
      ],
      "f1_path2_target_col": 11,
      "f1_path2_y_px": 69,
      "f1_path2_y_direct_px": 69,
      "f1_path2_direct_used": false,
      "f1_path2_left_weight": 0.35,
      "f1_path2_right_weight": 1.0,
      "f2_path2_x_range": [
        782,
        794
      ],
      "f2_path2_target_col": 11,
      "f2_path2_y_px": 146,
      "f2_path2_y_direct_px": 146,
      "f2_path2_direct_used": true,
      "f2_path2_left_weight": 0.4,
      "f2_path2_right_weight": 1.0,
      "f4_path2_x_range": [
        782,
        794
      ],
      "f4_path2_target_col": 11,
      "f4_path2_y_px": 250,
      "f4_path2_y_direct_px": 250,
      "f4_path2_direct_used": false,
      "f4_path2_left_weight": 0.4,
      "f4_path2_right_weight": 1.0,
      "f1_local_snap_x": 794,
      "f1_local_snap_y_px": 71,
      "f1_local_snap_search_px": 4,
      "f1_local_snap_search_up_px": 4,
      "f1_local_snap_search_down_px": 4,
      "f1_local_snap_prefer_lower_weight": 0.0,
      "f3_local_snap_x": 794,
      "f3_local_snap_y_px": 186,
      "f3_local_snap_search_px": 6,
      "f3_local_snap_search_up_px": 6,
      "f3_local_snap_search_down_px": 6,
      "f3_local_snap_prefer_lower_weight": 0.0,
      "f4_local_snap_x": 794,
      "f4_local_snap_y_px": 250,
      "f4_local_snap_search_px": 4,
      "f4_local_snap_search_up_px": 4,
      "f4_local_snap_search_down_px": 4,
      "f4_local_snap_prefer_lower_weight": 0.0,
      "f2_local_snap_x": 794,
      "f2_local_snap_y_px": 148,
      "f2_local_snap_search_px": 5,
      "f2_local_snap_search_up_px": 3,
      "f2_local_snap_search_down_px": 3,
      "f2_local_snap_prefer_lower_weight": 0.0,
      "scale_ranges": {
        "F1": [
          7.2,
          8.4
        ],
        "F2": [
          13.1,
          14.5
        ],
        "F3": [
          18.6,
          20.2
        ],
        "F4": [
          24.1,
          26.5
        ]
      }
    },
    "A": {
      "x_day0": 59,
      "x_day1": 372,
      "x_day2": 684,
      "day_w": 312.5,
      "x_day0_time": 59,
      "x_day1_time": 351,
      "x_day2_time": 643,
      "day_w_time": 292.0,
      "x_plot_end": 935,
      "x1_static": 936,
      "x1_dyn": 935,
      "x1_dyn_used": true,
      "pph": 12.166666666666666,
      "pph_source": "day_width (tick-mismatch-fallback)",
      "pph_tick": 19.0,
      "tick_pph_rel_err": 0.5616438356164384,
      "tick_pph_valid": false,
      "tick_count": 50,
      "tick_quality": 0.6944444444444444,
      "tick_used": false,
      "x_frontier": 934,
      "frontier_method": "activity_scan",
      "frontier_activity_thr": 0.27784420698881146,
      "frontier_activity_right_tail": 0.21259216964244843,
      "frontier_activity_run_px": 8,
      "guard_px": 6,
      "left_guard": 645,
      "right_guard": 928,
      "x_time": 794,
      "x_ideal": 794,
      "x_now": 794,
      "x_now_method": "ideal",
      "delta_min_to_guard": 660.8219178082193,
      "bias_minutes_applied": 0.0,
      "measured_bias_minutes": null,
      "age_hours": null,
      "status": "ok",
      "x_pick": 790,
      "x_pick_safe_right": 911,
      "x_overlay": 790,
      "a2_path2_x_range": [
        780,
        790
      ],
      "a2_path2_target_col": 9,
      "a2_path2_y_px": 178,
      "a2_path2_y_direct_px": 178,
      "a2_path2_direct_used": false,
      "a2_path2_left_weight": 0.45,
      "a2_path2_right_weight": 1.0,
      "a1_local_snap_x": 790,
      "a1_local_snap_y_px": 123,
      "a1_local_snap_search_px": 6,
      "a1_local_snap_search_up_px": 6,
      "a1_local_snap_search_down_px": 6,
      "a1_local_snap_prefer_lower_weight": 0.0,
      "a2_local_snap_x": 790,
      "a2_local_snap_y_px": 178,
      "a2_local_snap_search_px": 8,
      "a2_local_snap_search_up_px": 4,
      "a2_local_snap_search_down_px": 10,