{
  "saved_at_utc": "2026-06-16T16:07:12.388034+00:00",
  "source": "tomsk_sos70_param_charts",
  "freq_max_hz": 40.0,
  "values": {
    "scale_ranges": {
      "F": {
        "F1": [
          7.2,
          8.4
        ],
        "F2": [
          13.1,
          14.5
        ],
        "F3": [
          18.6,
          20.2
        ],
        "F4": [
          24.1,
          26.5
        ]
      },
      "A": {
        "A1": [
          1.0,
          45.0
        ],
        "A2": [
          1.0,
          61.5
        ],
        "A3": [
          2.2,
          12.2
        ],
        "A4": [
          1.1,
          10.2
        ]
      },
      "Q": {
        "Q1": [
          4.0,
          38.0
        ],
        "Q2": [
          5.0,
          17.5
        ],
        "Q3": [
          7.0,
          23.0
        ],
        "Q4": [
          5.0,
          30.0
        ]
      }
    },
    "scale_units": {
      "F_hz": "Hz",
      "A_value": "idx",
      "Q_value": "idx"
    },
    "F_norm": {
      "F1": 0.10801393728222997,
      "F2": 0.2926829268292683,
      "F3": 0.5052264808362369,
      "F4": 0.6794425087108014
    },
    "F_y_px": {
      "F1": 66,
      "F2": 119,
      "F3": 180,
      "F4": 230
    },
    "F_lane_norm": {
      "F1": 0.43859649122807015,
      "F2": 0.28846153846153844,
      "F3": 0.4782608695652174,
      "F4": 0.5
    },
    "F_hz": {
      "F1": 7.873684210526316,
      "F2": 14.096153846153847,
      "F3": 19.434782608695652,
      "F4": 25.3
    },
    "A_norm": {
      "A1": 0.3170731707317073,
      "A2": 0.5365853658536586,
      "A3": 0.7212543554006968,
      "A4": 0.9372822299651568
    },
    "A_y_px": {
      "A1": 126,
      "A2": 189,
      "A3": 242,
      "A4": 304
    },
    "A_lane_norm": {
      "A1": 0.9879518072289156,
      "A2": 0.9897959183673469,
      "A3": 0.8865979381443299,
      "A4": 0.8131868131868132
    },
    "A_value": {
      "A1": 1.5301204819277103,
      "A2": 1.617346938775512,
      "A3": 3.3340206185567,
      "A4": 2.8
    },
    "Q_norm": {
      "Q1": 0.30313588850174217,
      "Q2": 0.5226480836236934,
      "Q3": 0.5888501742160279,
      "Q4": 0.9059233449477352
    },
    "Q_y_px": {
      "Q1": 122,
      "Q2": 185,
      "Q3": 204,
      "Q4": 295
    },
    "Q_lane_norm": {
      "Q1": 0.8202247191011236,
      "Q2": 0.8350515463917526,
      "Q3": 0.46601941747572817,
      "Q4": 0.6941176470588235
    },
    "Q_value": {
      "Q1": 10.112359550561798,
      "Q2": 7.061855670103093,
      "Q3": 15.54368932038835,
      "Q4": 12.647058823529413
    }
  },
  "debug": {
    "F": {
      "x_day0": 59,
      "x_day1": 380,
      "x_day2": 702,
      "day_w": 321.5,
      "x_day0_time": 59,
      "x_day1_time": 351,
      "x_day2_time": 643,
      "day_w_time": 292.0,
      "x_plot_end": 935,
      "x1_static": 936,
      "x1_dyn": 935,
      "x1_dyn_used": true,
      "pph": 12.166666666666666,
      "pph_source": "day_width (tick-mismatch-fallback)",
      "pph_tick": 19.0,
      "tick_pph_rel_err": 0.5616438356164384,
      "tick_pph_valid": false,
      "tick_count": 50,
      "tick_quality": 0.6944444444444444,
      "tick_used": false,
      "x_frontier": 918,
      "frontier_method": "activity_scan",
      "frontier_activity_thr": 0.4511858642101288,
      "frontier_activity_right_tail": 0.1311117708683014,
      "frontier_activity_run_px": 8,
      "guard_px": 4,
      "left_guard": 645,
      "right_guard": 914,
      "x_time": 924,
      "x_ideal": 924,
      "x_now": 924,
      "x_now_method": "ideal",
      "hour_now_tsst": 23.12,
      "rollover_hour_min": 3.0,
      "rollover_hour_max": 8.5,
      "delta_min_to_guard": -49.31506849315069,
      "delta_min_to_frontier": -29.589041095890412,
      "frontier_day_fill": 0.9417808219178082,
      "rollover_candidate": false,
      "bias_minutes_applied": 0.0,
      "measured_bias_minutes": null,
      "age_hours": null,
      "status": "ok",
      "x_pick": 923,
      "x_pick_edge": 923,
      "x_pick_safe_right": 923,
      "x_overlay": 923,
      "f1_path_x_range": [
        909,
        923
      ],
      "f1_path_target_col": 13,
      "f1_path_y_px": 70,
      "f4_path_x_range": [
        909,
        923
      ],
      "f4_path_target_col": 13,
      "f4_path_y_px": 230,
      "f1_path2_x_range": [
        913,
        923
      ],
      "f1_path2_target_col": 9,
      "f1_path2_y_px": 70,
      "f1_path2_y_direct_px": 70,
      "f1_path2_direct_used": false,
      "f1_path2_direct_allowed": false,
      "f1_path2_left_weight": 0.35,
      "f1_path2_right_weight": 1.0,
      "f2_path2_x_range": [
        913,
        923
      ],
      "f2_path2_target_col": 9,
      "f2_path2_y_px": 116,
      "f2_path2_y_direct_px": 121,
      "f2_path2_direct_used": false,
      "f2_path2_direct_allowed": false,
      "f2_path2_left_weight": 0.4,
      "f2_path2_right_weight": 1.0,
      "f4_path2_x_range": [
        913,
        923
      ],
      "f4_path2_target_col": 9,
      "f4_path2_y_px": 230,
      "f4_path2_y_direct_px": 238,
      "f4_path2_direct_used": false,
      "f4_path2_direct_allowed": false,
      "f4_path2_left_weight": 0.4,
      "f4_path2_right_weight": 1.0,
      "f1_local_snap_x": 923,
      "f1_local_snap_y_px": 66,
      "f1_local_snap_search_px": 8,
      "f1_local_snap_search_up_px": 4,
      "f1_local_snap_search_down_px": 12,
      "f1_local_snap_prefer_lower_weight": 0.02,
      "f3_local_snap_x": 923,
      "f3_local_snap_y_px": 173,
      "f3_local_snap_search_px": 6,
      "f3_local_snap_search_up_px": 6,
      "f3_local_snap_search_down_px": 6,
      "f3_local_snap_prefer_lower_weight": 0.0,
      "f4_local_snap_x": 923,
      "f4_local_snap_y_px": 232,
      "f4_local_snap_search_px": 8,
      "f4_local_snap_search_up_px": 6,
      "f4_local_snap_search_down_px": 14,
      "f4_local_snap_prefer_lower_weight": 0.05,
      "f2_local_snap_x": 923,
      "f2_local_snap_y_px": 110,
      "f2_local_snap_search_px": 8,
      "f2_local_snap_search_up_px": 14,
      "f2_local_snap_search_down_px": 2,
      "f2_local_snap_prefer_lower_weight": 0.0,
      "f2_consensus_x_range": [
        917,
        923
      ],
      "f2_consensus_y_px": 119,
      "f2_consensus_anchor_y_px": 110,
      "f2_consensus_seed_y_px": 117,
      "f2_consensus_support_cols": 7,
      "f2_consensus_support_ratio": 1.0,
      "f2_consensus_jump_px": 9,
      "f2_consensus_tol_px": 5,
      "f2_consensus_reason": "accepted",
      "f2_consensus_applied": true,
      "f3_consensus_x_range": [
        917,
        923
      ],
      "f3_consensus_y_px": 180,
      "f3_consensus_anchor_y_px": 173,
      "f3_consensus_seed_y_px": 177,
      "f3_consensus_support_cols": 6,
      "f3_consensus_support_ratio": 0.8189186611995805,
      "f3_consensus_jump_px": 7,
      "f3_consensus_tol_px": 5,
      "f3_consensus_reason": "accepted",
      "f3_consensus_applied": true,
      "f4_consensus_x_range": [
        917,
        923
      ],
      "f4_consensus_y_px": 230,
      "f4_consensus_anchor_y_px": 232,
      "f4_consensus_seed_y_px": 230,
      "f4_consensus_support_cols": 6,
      "f4_consensus_support_ratio": 0.8088277279735053,
      "f4_consensus_jump_px": 2,
      "f4_consensus_tol_px": 6,
      "f4_consensus_reason": "accepted",
      "f4_consensus_applied": true,
      "scale_ranges": {
        "F1": [
          7.2,
          8.4
        ],
        "F2": [
          13.1,
          14.5
        ],
        "F3": [
          18.6,
          20.2
        ],
        "F4": [
          24.1,
          26.5
        ]
      }
    },
    "A": {
      "x_day0": 59,
      "x_day1": 372,
      "x_day2": 684,
      "day_w": 312.5,
      "x_day0_time": 59,
      "x_day1_time": 351,
      "x_day2_time": 643,
      "day_w_time": 292.0,
      "x_plot_end": 935,
      "x1_static": 936,
      "x1_dyn": 935,
      "x1_dyn_used": true,
      "pph": 12.166666666666666,