{
  "saved_at_utc": "2026-04-12T09:23:11.716561+00:00",
  "source": "tomsk_sos70_param_charts",
  "freq_max_hz": 40.0,
  "values": {
    "scale_ranges": {
      "F": {
        "F1": [
          7.2,
          8.4
        ],
        "F2": [
          13.1,
          14.5
        ],
        "F3": [
          18.6,
          20.2
        ],
        "F4": [
          24.1,
          26.5
        ]
      },
      "A": {
        "A1": [
          1.0,
          45.0
        ],
        "A2": [
          1.0,
          61.5
        ],
        "A3": [
          2.2,
          12.2
        ],
        "A4": [
          1.1,
          10.2
        ]
      },
      "Q": {
        "Q1": [
          4.0,
          38.0
        ],
        "Q2": [
          5.0,
          17.5
        ],
        "Q3": [
          7.0,
          23.0
        ],
        "Q4": [
          5.0,
          30.0
        ]
      }
    },
    "scale_units": {
      "F_hz": "Hz",
      "A_value": "idx",
      "Q_value": "idx"
    },
    "F_norm": {
      "F1": 0.1986062717770035,
      "F2": 0.40069686411149824,
      "F3": 0.49477351916376305,
      "F4": 0.7526132404181185
    },
    "F_y_px": {
      "F1": 92,
      "F2": 150,
      "F3": 177,
      "F4": 251
    },
    "F_lane_norm": {
      "F1": 0.8947368421052632,
      "F2": 0.8846153846153846,
      "F3": 0.41304347826086957,
      "F4": 0.9565217391304348
    },
    "F_hz": {
      "F1": 7.326315789473684,
      "F2": 13.26153846153846,
      "F3": 19.53913043478261,
      "F4": 24.20434782608696
    },
    "A_norm": {
      "A1": 0.23344947735191637,
      "A2": 0.4146341463414634,
      "A3": 0.6376306620209059,
      "A4": 0.9616724738675958
    },
    "A_y_px": {
      "A1": 102,
      "A2": 154,
      "A3": 218,
      "A4": 311
    },
    "A_lane_norm": {
      "A1": 0.6987951807228916,
      "A2": 0.6326530612244898,
      "A3": 0.6391752577319587,
      "A4": 0.8901098901098901
    },
    "A_value": {
      "A1": 14.253012048192769,
      "A2": 23.224489795918366,
      "A3": 5.808247422680412,
      "A4": 2.0999999999999996
    },
    "Q_norm": {
      "Q1": 0.1254355400696864,
      "Q2": 0.49477351916376305,
      "Q3": 0.627177700348432,
      "Q4": 0.9547038327526133
    },
    "Q_y_px": {
      "Q1": 71,
      "Q2": 177,
      "Q3": 215,
      "Q4": 309
    },
    "Q_lane_norm": {
      "Q1": 0.24719101123595505,
      "Q2": 0.7525773195876289,
      "Q3": 0.5728155339805825,
      "Q4": 0.8588235294117647
    },
    "Q_value": {
      "Q1": 29.59550561797753,
      "Q2": 8.092783505154639,
      "Q3": 13.83495145631068,
      "Q4": 8.529411764705884
    }
  },
  "debug": {
    "F": {
      "x_day0": 59,
      "x_day1": 363,
      "x_day2": 667,
      "day_w": 304.0,
      "x_day0_time": 59,
      "x_day1_time": 351,
      "x_day2_time": 643,
      "day_w_time": 292.0,
      "x_plot_end": 935,
      "x1_static": 936,
      "x1_dyn": 935,
      "x1_dyn_used": true,
      "pph": 12.166666666666666,
      "pph_source": "day_width (tick-mismatch-fallback)",
      "pph_tick": 19.0,
      "tick_pph_rel_err": 0.5616438356164384,
      "tick_pph_valid": false,
      "tick_count": 50,
      "tick_quality": 0.6944444444444444,
      "tick_used": false,
      "x_frontier": 843,
      "frontier_method": "activity_scan",
      "frontier_activity_thr": 0.43249218463897704,
      "frontier_activity_right_tail": 0.08311817049980164,
      "frontier_activity_run_px": 8,
      "guard_px": 4,
      "left_guard": 645,
      "right_guard": 839,
      "x_time": 842,
      "x_ideal": 842,
      "x_now": 842,
      "x_now_method": "ideal",
      "hour_now_tsst": 16.386388888888888,
      "rollover_hour_min": 3.0,
      "rollover_hour_max": 8.5,
      "delta_min_to_guard": -14.794520547945206,
      "delta_min_to_frontier": 4.931506849315069,
      "frontier_day_fill": 0.684931506849315,
      "rollover_candidate": false,
      "bias_minutes_applied": 0.0,
      "measured_bias_minutes": null,
      "age_hours": null,
      "status": "ok",
      "x_pick": 841,
      "x_pick_edge": 842,
      "x_pick_safe_right": 923,
      "x_overlay": 842,
      "f1_path_x_range": [
        828,
        842
      ],
      "f1_path_target_col": 13,
      "f1_path_y_px": 92,
      "f4_path_x_range": [
        828,
        842
      ],
      "f4_path_target_col": 13,
      "f4_path_y_px": 251,
      "f1_path2_x_range": [
        832,
        842
      ],
      "f1_path2_target_col": 9,
      "f1_path2_y_px": 92,
      "f1_path2_y_direct_px": 69,
      "f1_path2_direct_used": false,
      "f1_path2_direct_allowed": false,
      "f1_path2_left_weight": 0.35,
      "f1_path2_right_weight": 1.0,
      "f2_path2_x_range": [
        832,
        842
      ],
      "f2_path2_target_col": 9,
      "f2_path2_y_px": 150,
      "f2_path2_y_direct_px": 131,
      "f2_path2_direct_used": false,
      "f2_path2_direct_allowed": false,
      "f2_path2_left_weight": 0.4,
      "f2_path2_right_weight": 1.0,
      "f4_path2_x_range": [
        832,
        842
      ],
      "f4_path2_target_col": 9,
      "f4_path2_y_px": 251,
      "f4_path2_y_direct_px": 235,
      "f4_path2_direct_used": false,
      "f4_path2_direct_allowed": false,
      "f4_path2_left_weight": 0.4,
      "f4_path2_right_weight": 1.0,
      "f1_local_snap_x": 842,
      "f1_local_snap_y_px": 92,
      "f1_local_snap_search_px": 8,
      "f1_local_snap_search_up_px": 4,
      "f1_local_snap_search_down_px": 12,
      "f1_local_snap_prefer_lower_weight": 0.02,
      "f3_local_snap_x": 842,
      "f3_local_snap_y_px": 177,
      "f3_local_snap_search_px": 6,
      "f3_local_snap_search_up_px": 6,
      "f3_local_snap_search_down_px": 6,
      "f3_local_snap_prefer_lower_weight": 0.0,
      "f4_local_snap_x": 842,
      "f4_local_snap_y_px": 251,
      "f4_local_snap_search_px": 8,
      "f4_local_snap_search_up_px": 6,
      "f4_local_snap_search_down_px": 14,
      "f4_local_snap_prefer_lower_weight": 0.05,
      "f2_local_snap_x": 842,
      "f2_local_snap_y_px": 150,
      "f2_local_snap_search_px": 8,
      "f2_local_snap_search_up_px": 14,
      "f2_local_snap_search_down_px": 2,
      "f2_local_snap_prefer_lower_weight": 0.0,
      "f2_consensus_applied": false,
      "f2_consensus_x_range": [
        836,
        842
      ],
      "f2_consensus_y_px": 130,
      "f2_consensus_anchor_y_px": 150,
      "f2_consensus_seed_y_px": 133,
      "f2_consensus_support_cols": 4,
      "f2_consensus_support_ratio": 0.6528653890556454,
      "f2_consensus_jump_px": 20,
      "f2_consensus_tol_px": 5,
      "f2_consensus_reason": "excessive_jump",
      "f3_consensus_applied": false,
      "f3_consensus_support_cols": 2,
      "f3_consensus_anchor_y_px": 177,
      "f3_consensus_seed_y_px": 184,
      "f3_consensus_reason": "insufficient_inliers",
      "f4_consensus_x_range": [
        836,
        842
      ],
      "f4_consensus_y_px": 251,
      "f4_consensus_anchor_y_px": 251,
      "f4_consensus_seed_y_px": 252,
      "f4_consensus_support_cols": 4,
      "f4_consensus_support_ratio": 0.6372000115241672,
      "f4_consensus_jump_px": 0,
      "f4_consensus_tol_px": 6,
      "f4_consensus_reason": "accepted",
      "f4_consensus_applied": true,
      "scale_ranges": {
        "F1": [
          7.2,
          8.4
        ],
        "F2": [
          13.1,
          14.5
        ],
        "F3": [
          18.6,
          20.2
        ],
        "F4": [
          24.1,
          26.5
        ]
      }
    },
    "A": {
      "x_day0": 59,
      "x_day1": 372,
      "x_day2": 684,
      "day_w": 312.5,
      "x_day0_time": 59,
      "x_day1_time": 351,
      "x_day2_time": 643,
      "day_w_time": 292.0,
      "x_plot_end": 935,
      "x1_static": 936,
      "x1_dyn": 935,
      "x1_dyn_used": true,
      "pph": 12.166666666666666,
      "pph_source": "day_width (tick-mismatch-fallback)",
      "pph_tick": 19.0,
      "tick_pph_rel_err": 0.5616438356164384,
      "tick_pph_valid": false,
      "tick_count": 50,