{
  "saved_at_utc": "2026-03-04T13:08:51.623643+00:00",
  "source": "tomsk_sos70_param_charts",
  "freq_max_hz": 40.0,
  "values": {
    "scale_ranges": {
      "F": {
        "F1": [
          7.2,
          8.4
        ],
        "F2": [
          13.1,
          14.5
        ],
        "F3": [
          18.6,
          20.2
        ],
        "F4": [
          24.1,
          26.5
        ]
      },
      "A": {
        "A1": [
          1.0,
          45.0
        ],
        "A2": [
          1.0,
          61.5
        ],
        "A3": [
          2.2,
          12.2
        ],
        "A4": [
          1.1,
          10.2
        ]
      },
      "Q": {
        "Q1": [
          4.0,
          38.0
        ],
        "Q2": [
          5.0,
          17.5
        ],
        "Q3": [
          7.0,
          23.0
        ],
        "Q4": [
          5.0,
          30.0
        ]
      }
    },
    "scale_units": {
      "F_hz": "Hz",
      "A_value": "idx",
      "Q_value": "idx"
    },
    "F_norm": {
      "F1": 0.027874564459930314,
      "F2": 0.313588850174216,
      "F3": 0.4843205574912892,
      "F4": 0.7247386759581882
    },
    "F_y_px": {
      "F1": 43,
      "F2": 125,
      "F3": 174,
      "F4": 243
    },
    "F_lane_norm": {
      "F1": 0.03508771929824561,
      "F2": 0.40384615384615385,
      "F3": 0.34782608695652173,
      "F4": 0.782608695652174
    },
    "F_hz": {
      "F1": 8.357894736842105,
      "F2": 13.934615384615384,
      "F3": 19.643478260869564,
      "F4": 24.621739130434783
    },
    "A_norm": {
      "A1": 0.3205574912891986,
      "A2": 0.5296167247386759,
      "A3": 0.735191637630662,
      "A4": 0.9233449477351916
    },
    "A_y_px": {
      "A1": 127,
      "A2": 187,
      "A3": 246,
      "A4": 300
    },
    "A_lane_norm": {
      "A1": 1.0,
      "A2": 0.9693877551020408,
      "A3": 0.9278350515463918,
      "A4": 0.7692307692307693
    },
    "A_value": {
      "A1": 1.0,
      "A2": 2.852040816326536,
      "A3": 2.921649484536081,
      "A4": 3.1999999999999993
    },
    "Q_norm": {
      "Q1": 0.3205574912891986,
      "Q2": 0.519163763066202,
      "Q3": 0.6480836236933798,
      "Q4": 0.9337979094076655
    },
    "Q_y_px": {
      "Q1": 127,
      "Q2": 184,
      "Q3": 221,
      "Q4": 303
    },
    "Q_lane_norm": {
      "Q1": 0.8764044943820225,
      "Q2": 0.8247422680412371,
      "Q3": 0.6310679611650486,
      "Q4": 0.788235294117647
    },
    "Q_value": {
      "Q1": 8.202247191011235,
      "Q2": 7.190721649484537,
      "Q3": 12.902912621359222,
      "Q4": 10.294117647058822
    }
  },
  "debug": {
    "F": {
      "x_day0": 59,
      "x_day1": 393,
      "x_day2": 727,
      "day_w": 334.0,
      "x_day0_time": 59,
      "x_day1_time": 351,
      "x_day2_time": 643,
      "day_w_time": 292.0,
      "x_plot_end": 935,
      "x1_static": 936,
      "x1_dyn": 935,
      "x1_dyn_used": true,
      "pph": 12.166666666666666,
      "pph_source": "day_width (tick-mismatch-fallback)",
      "pph_tick": 19.0,
      "tick_pph_rel_err": 0.5616438356164384,
      "tick_pph_valid": false,
      "tick_count": 50,
      "tick_quality": 0.6944444444444444,
      "tick_used": false,
      "x_frontier": 870,
      "frontier_method": "activity_scan",
      "frontier_activity_thr": 0.37412767112255096,
      "frontier_activity_right_tail": 0.09255681931972504,
      "frontier_activity_run_px": 8,
      "guard_px": 4,
      "left_guard": 645,
      "right_guard": 866,
      "x_time": 888,
      "x_ideal": 888,
      "x_now": 866,
      "x_now_method": "harmonized_median",
      "delta_min_to_guard": -108.49315068493152,
      "bias_minutes_applied": 0.0,
      "measured_bias_minutes": null,
      "age_hours": null,
      "status": "ok",
      "x_now_before_harmonize": 866,
      "x_pick": 864,
      "x_pick_edge": 866,
      "x_pick_safe_right": 893,
      "x_overlay": 866,
      "f1_path_x_range": [
        852,
        866
      ],
      "f1_path_target_col": 14,
      "f1_path_y_px": 43,
      "f4_path_x_range": [
        852,
        866
      ],
      "f4_path_target_col": 14,
      "f4_path_y_px": 247,
      "f3_local_snap_x": 866,
      "f3_local_snap_y_px": 174,
      "f3_local_snap_search_px": 6,
      "f3_local_snap_search_up_px": 6,
      "f3_local_snap_search_down_px": 6,
      "f3_local_snap_prefer_lower_weight": 0.0,
      "f4_local_snap_x": 866,
      "f4_local_snap_y_px": 243,
      "f4_local_snap_search_px": 4,
      "f4_local_snap_search_up_px": 4,
      "f4_local_snap_search_down_px": 4,
      "f4_local_snap_prefer_lower_weight": 0.0,
      "f2_local_snap_x": 866,
      "f2_local_snap_y_px": 125,
      "f2_local_snap_search_px": 8,
      "f2_local_snap_search_up_px": 8,
      "f2_local_snap_search_down_px": 8,
      "f2_local_snap_prefer_lower_weight": 0.0,
      "scale_ranges": {
        "F1": [
          7.2,
          8.4
        ],
        "F2": [
          13.1,
          14.5
        ],
        "F3": [
          18.6,
          20.2
        ],
        "F4": [
          24.1,
          26.5
        ]
      }
    },
    "A": {
      "x_day0": 59,
      "x_day1": 392,
      "x_day2": 726,
      "day_w": 333.5,
      "x_day0_time": 59,
      "x_day1_time": 351,
      "x_day2_time": 643,
      "day_w_time": 292.0,
      "x_plot_end": 935,
      "x1_static": 936,
      "x1_dyn": 935,
      "x1_dyn_used": true,
      "pph": 12.166666666666666,
      "pph_source": "day_width (tick-mismatch-fallback)",
      "pph_tick": 19.0,
      "tick_pph_rel_err": 0.5616438356164384,
      "tick_pph_valid": false,
      "tick_count": 50,
      "tick_quality": 0.6944444444444444,
      "tick_used": false,
      "x_frontier": 934,
      "frontier_method": "activity_scan",
      "frontier_activity_thr": 0.2848739311099052,
      "frontier_activity_right_tail": 0.19745638966560364,
      "frontier_activity_run_px": 8,
      "guard_px": 6,
      "left_guard": 645,
      "right_guard": 928,
      "x_time": 888,
      "x_ideal": 888,
      "x_now": 866,
      "x_now_method": "harmonized_median",
      "delta_min_to_guard": 197.26027397260276,
      "bias_minutes_applied": 0.0,
      "measured_bias_minutes": null,
      "age_hours": null,
      "status": "ok",
      "x_now_before_harmonize": 888,
      "x_pick": 862,
      "x_pick_safe_right": 911,
      "x_overlay": 862,
      "a1_local_snap_x": 862,
      "a1_local_snap_y_px": 127,
      "a1_local_snap_search_px": 6,
      "a1_local_snap_search_up_px": 6,
      "a1_local_snap_search_down_px": 6,
      "a1_local_snap_prefer_lower_weight": 0.0,
      "a2_local_snap_x": 862,
      "a2_local_snap_y_px": 187,
      "a2_local_snap_search_px": 9,
      "a2_local_snap_search_up_px": 9,
      "a2_local_snap_search_down_px": 9,
      "a2_local_snap_prefer_lower_weight": 0.0,
      "a4_local_snap_x": 862,
      "a4_local_snap_y_px": 300,
      "a4_local_snap_search_px": 8,
      "a4_local_snap_search_up_px": 4,
      "a4_local_snap_search_down_px": 72,
      "a4_local_snap_prefer_lower_weight": 0.12,
      "scale_ranges": {
        "A1": [
          1.0,
          45.0
        ],
        "A2": [
          1.0,
          61.5
        ],
        "A3": [
          2.2,
          12.2
        ],
        "A4": [
          1.1,
          10.2
        ]
      }
    },
    "Q": {
      "x_day0": 59,
      "x_day1": 369,
      "x_day2": 679,
      "day_w": 310.0,
      "x_day0_time": 59,
      "x_day1_time": 351,
      "x_day2_time": 643,
      "day_w_time": 292.0,
      "x_plot_end": 935,
      "x1_static": 936,
      "x1_dyn": 935,
      "x1_dyn_used": true,
      "pph": 12.166666666666666,
      "pph_source": "day_width (tick-mismatch-fallback)",
      "pph_tick": 19.0,
      "tick_pph_rel_err": 0.5616438356164384,
      "tick_pph_valid": false,
      "tick_count": 50,
      "tick_quality": 0.6944444444444444,
      "tick_used": false,
      "x_frontier": 869,
      "frontier_method": "activity_scan",
      "frontier_activity_thr": 0.43398753106594085,