{
  "saved_at_utc": "2026-06-06T15:12:40.206581+00:00",
  "source": "tomsk_sos70_param_charts",
  "freq_max_hz": 40.0,
  "values": {
    "scale_ranges": {
      "F": {
        "F1": [
          7.2,
          8.4
        ],
        "F2": [
          13.1,
          14.5
        ],
        "F3": [
          18.6,
          20.2
        ],
        "F4": [
          24.1,
          26.5
        ]
      },
      "A": {
        "A1": [
          1.0,
          45.0
        ],
        "A2": [
          1.0,
          61.5
        ],
        "A3": [
          2.2,
          12.2
        ],
        "A4": [
          1.1,
          10.2
        ]
      },
      "Q": {
        "Q1": [
          4.0,
          38.0
        ],
        "Q2": [
          5.0,
          17.5
        ],
        "Q3": [
          7.0,
          23.0
        ],
        "Q4": [
          5.0,
          30.0
        ]
      }
    },
    "scale_units": {
      "F_hz": "Hz",
      "A_value": "idx",
      "Q_value": "idx"
    },
    "F_norm": {
      "F1": 0.11498257839721254,
      "F2": 0.2613240418118467,
      "F3": 0.4564459930313589,
      "F4": 0.7526132404181185
    },
    "F_y_px": {
      "F1": 68,
      "F2": 110,
      "F3": 166,
      "F4": 251
    },
    "F_lane_norm": {
      "F1": 0.47368421052631576,
      "F2": 0.11538461538461539,
      "F3": 0.17391304347826086,
      "F4": 0.9565217391304348
    },
    "F_hz": {
      "F1": 7.831578947368421,
      "F2": 14.338461538461539,
      "F3": 19.921739130434784,
      "F4": 24.20434782608696
    },
    "A_norm": {
      "A1": 0.24041811846689895,
      "A2": 0.41114982578397213,
      "A3": 0.6202090592334495,
      "A4": 0.794425087108014
    },
    "A_y_px": {
      "A1": 104,
      "A2": 153,
      "A3": 213,
      "A4": 263
    },
    "A_lane_norm": {
      "A1": 0.7228915662650602,
      "A2": 0.6224489795918368,
      "A3": 0.5876288659793815,
      "A4": 0.3626373626373626
    },
    "A_value": {
      "A1": 13.192771084337348,
      "A2": 23.841836734693878,
      "A3": 6.323711340206184,
      "A4": 6.8999999999999995
    },
    "Q_norm": {
      "Q1": 0.28222996515679444,
      "Q2": 0.5226480836236934,
      "Q3": 0.6689895470383276,
      "Q4": 0.9547038327526133
    },
    "Q_y_px": {
      "Q1": 116,
      "Q2": 185,
      "Q3": 227,
      "Q4": 309
    },
    "Q_lane_norm": {
      "Q1": 0.7528089887640449,
      "Q2": 0.8350515463917526,
      "Q3": 0.6893203883495146,
      "Q4": 0.8588235294117647
    },
    "Q_value": {
      "Q1": 12.404494382022474,
      "Q2": 7.061855670103093,
      "Q3": 11.970873786407767,
      "Q4": 8.529411764705884
    }
  },
  "debug": {
    "F": {
      "x_day0": 59,
      "x_day1": 386,
      "x_day2": 714,
      "day_w": 327.5,
      "x_day0_time": 59,
      "x_day1_time": 351,
      "x_day2_time": 643,
      "day_w_time": 292.0,
      "x_plot_end": 935,
      "x1_static": 936,
      "x1_dyn": 935,
      "x1_dyn_used": true,
      "pph": 12.166666666666666,
      "pph_source": "day_width (tick-mismatch-fallback)",
      "pph_tick": 19.0,
      "tick_pph_rel_err": 0.5616438356164384,
      "tick_pph_valid": false,
      "tick_count": 50,
      "tick_quality": 0.6944444444444444,
      "tick_used": false,
      "x_frontier": 914,
      "frontier_method": "activity_scan",
      "frontier_activity_thr": 0.5095695793628693,
      "frontier_activity_right_tail": 0.1835019737482071,
      "frontier_activity_run_px": 8,
      "guard_px": 4,
      "left_guard": 645,
      "right_guard": 910,
      "x_time": 913,
      "x_ideal": 913,
      "x_now": 913,
      "x_now_method": "ideal",
      "hour_now_tsst": 22.211111111111112,
      "rollover_hour_min": 3.0,
      "rollover_hour_max": 8.5,
      "delta_min_to_guard": -14.794520547945206,
      "delta_min_to_frontier": 4.931506849315069,
      "frontier_day_fill": 0.928082191780822,
      "rollover_candidate": false,
      "bias_minutes_applied": 0.0,
      "measured_bias_minutes": null,
      "age_hours": null,
      "status": "ok",
      "x_pick": 912,
      "x_pick_edge": 913,
      "x_pick_safe_right": 923,
      "x_overlay": 913,
      "f1_path_x_range": [
        899,
        913
      ],
      "f1_path_target_col": 13,
      "f1_path_y_px": 68,
      "f4_path_x_range": [
        899,
        913
      ],
      "f4_path_target_col": 13,
      "f4_path_y_px": 241,
      "f1_path2_x_range": [
        903,
        913
      ],
      "f1_path2_target_col": 9,
      "f1_path2_y_px": 67,
      "f1_path2_y_direct_px": 80,
      "f1_path2_direct_used": false,
      "f1_path2_direct_allowed": false,
      "f1_path2_left_weight": 0.35,
      "f1_path2_right_weight": 1.0,
      "f2_path2_x_range": [
        903,
        913
      ],
      "f2_path2_target_col": 9,
      "f2_path2_y_px": 116,
      "f2_path2_y_direct_px": 145,
      "f2_path2_direct_used": false,
      "f2_path2_direct_allowed": false,
      "f2_path2_left_weight": 0.4,
      "f2_path2_right_weight": 1.0,
      "f4_path2_x_range": [
        903,
        913
      ],
      "f4_path2_target_col": 9,
      "f4_path2_y_px": 241,
      "f4_path2_y_direct_px": 224,
      "f4_path2_direct_used": false,
      "f4_path2_direct_allowed": false,
      "f4_path2_left_weight": 0.4,
      "f4_path2_right_weight": 1.0,
      "f1_local_snap_x": 913,
      "f1_local_snap_y_px": 68,
      "f1_local_snap_search_px": 8,
      "f1_local_snap_search_up_px": 4,
      "f1_local_snap_search_down_px": 12,
      "f1_local_snap_prefer_lower_weight": 0.02,
      "f3_local_snap_x": 913,
      "f3_local_snap_y_px": 195,
      "f3_local_snap_search_px": 6,
      "f3_local_snap_search_up_px": 6,
      "f3_local_snap_search_down_px": 6,
      "f3_local_snap_prefer_lower_weight": 0.0,
      "f4_local_snap_x": 913,
      "f4_local_snap_y_px": 251,
      "f4_local_snap_search_px": 8,
      "f4_local_snap_search_up_px": 6,
      "f4_local_snap_search_down_px": 14,
      "f4_local_snap_prefer_lower_weight": 0.05,
      "f2_local_snap_x": 913,
      "f2_local_snap_y_px": 110,
      "f2_local_snap_search_px": 8,
      "f2_local_snap_search_up_px": 14,
      "f2_local_snap_search_down_px": 2,
      "f2_local_snap_prefer_lower_weight": 0.0,
      "f2_consensus_applied": false,
      "f2_consensus_x_range": [
        907,
        913
      ],
      "f2_consensus_y_px": 115,
      "f2_consensus_anchor_y_px": 110,
      "f2_consensus_seed_y_px": 115,
      "f2_consensus_support_cols": 4,
      "f2_consensus_support_ratio": 0.5425548936010014,
      "f2_consensus_jump_px": 5,
      "f2_consensus_tol_px": 5,
      "f2_consensus_reason": "low_support",
      "f3_consensus_x_range": [
        907,
        913
      ],
      "f3_consensus_y_px": 166,
      "f3_consensus_anchor_y_px": 195,
      "f3_consensus_seed_y_px": 166,
      "f3_consensus_support_cols": 6,
      "f3_consensus_support_ratio": 0.806226534206067,
      "f3_consensus_jump_px": 29,
      "f3_consensus_tol_px": 5,
      "f3_consensus_reason": "accepted",
      "f3_consensus_applied": true,
      "f4_consensus_applied": false,
      "f4_consensus_x_range": [
        907,
        913
      ],
      "f4_consensus_y_px": 230,
      "f4_consensus_anchor_y_px": 251,
      "f4_consensus_seed_y_px": 230,
      "f4_consensus_support_cols": 3,
      "f4_consensus_support_ratio": 0.4951328523000587,
      "f4_consensus_jump_px": 21,
      "f4_consensus_tol_px": 6,
      "f4_consensus_reason": "low_support",
      "scale_ranges": {
        "F1": [
          7.2,
          8.4
        ],
        "F2": [
          13.1,
          14.5
        ],
        "F3": [
          18.6,
          20.2
        ],
        "F4": [
          24.1,
          26.5
        ]
      }
    },
    "A": {
      "x_day0": 59,
      "x_day1": 356,
      "x_day2": 654,
      "day_w": 297.5,
      "x_day0_time": 59,
      "x_day1_time": 351,
      "x_day2_time": 643,
      "day_w_time": 292.0,
      "x_plot_end": 935,
      "x1_static": 936,
      "x1_dyn": 935,
      "x1_dyn_used": true,