{
  "saved_at_utc": "2026-04-12T12:21:44.934128+00:00",
  "source": "tomsk_sos70_param_charts",
  "freq_max_hz": 40.0,
  "values": {
    "scale_ranges": {
      "F": {
        "F1": [
          7.2,
          8.4
        ],
        "F2": [
          13.1,
          14.5
        ],
        "F3": [
          18.6,
          20.2
        ],
        "F4": [
          24.1,
          26.5
        ]
      },
      "A": {
        "A1": [
          1.0,
          45.0
        ],
        "A2": [
          1.0,
          61.5
        ],
        "A3": [
          2.2,
          12.2
        ],
        "A4": [
          1.1,
          10.2
        ]
      },
      "Q": {
        "Q1": [
          4.0,
          38.0
        ],
        "Q2": [
          5.0,
          17.5
        ],
        "Q3": [
          7.0,
          23.0
        ],
        "Q4": [
          5.0,
          30.0
        ]
      }
    },
    "scale_units": {
      "F_hz": "Hz",
      "A_value": "idx",
      "Q_value": "idx"
    },
    "F_norm": {
      "F1": 0.03484320557491289,
      "F2": 0.3344947735191638,
      "F3": 0.519163763066202,
      "F4": 0.7526132404181185
    },
    "F_y_px": {
      "F1": 45,
      "F2": 131,
      "F3": 184,
      "F4": 251
    },
    "F_lane_norm": {
      "F1": 0.07017543859649122,
      "F2": 0.5192307692307693,
      "F3": 0.5652173913043478,
      "F4": 0.9565217391304348
    },
    "F_hz": {
      "F1": 8.31578947368421,
      "F2": 13.773076923076923,
      "F3": 19.295652173913044,
      "F4": 24.20434782608696
    },
    "A_norm": {
      "A1": 0.0313588850174216,
      "A2": 0.2787456445993031,
      "A3": 0.4529616724738676,
      "A4": 0.686411149825784
    },
    "A_y_px": {
      "A1": 44,
      "A2": 115,
      "A3": 165,
      "A4": 232
    },
    "A_lane_norm": {
      "A1": 0.0,
      "A2": 0.23469387755102042,
      "A3": 0.09278350515463918,
      "A4": 0.02197802197802198
    },
    "A_value": {
      "A1": 45.0,
      "A2": 47.30102040816327,
      "A3": 11.272164948453607,
      "A4": 10.0
    },
    "Q_norm": {
      "Q1": 0.2857142857142857,
      "Q2": 0.5121951219512195,
      "Q3": 0.5958188153310104,
      "Q4": 0.8815331010452961
    },
    "Q_y_px": {
      "Q1": 117,
      "Q2": 182,
      "Q3": 206,
      "Q4": 288
    },
    "Q_lane_norm": {
      "Q1": 0.7640449438202247,
      "Q2": 0.8041237113402062,
      "Q3": 0.4854368932038835,
      "Q4": 0.611764705882353
    },
    "Q_value": {
      "Q1": 12.022471910112362,
      "Q2": 7.448453608247423,
      "Q3": 15.233009708737864,
      "Q4": 14.705882352941176
    }
  },
  "debug": {
    "F": {
      "x_day0": 59,
      "x_day1": 362,
      "x_day2": 666,
      "day_w": 303.5,
      "x_day0_time": 59,
      "x_day1_time": 351,
      "x_day2_time": 643,
      "day_w_time": 292.0,
      "x_plot_end": 935,
      "x1_static": 936,
      "x1_dyn": 935,
      "x1_dyn_used": true,
      "pph": 12.166666666666666,
      "pph_source": "day_width (tick-mismatch-fallback)",
      "pph_tick": 19.0,
      "tick_pph_rel_err": 0.5616438356164384,
      "tick_pph_valid": false,
      "tick_count": 50,
      "tick_quality": 0.6944444444444444,
      "tick_used": false,
      "x_frontier": 873,
      "frontier_method": "activity_scan",
      "frontier_activity_thr": 0.4029743805527687,
      "frontier_activity_right_tail": 0.07652579247951508,
      "frontier_activity_run_px": 8,
      "guard_px": 4,
      "left_guard": 645,
      "right_guard": 869,
      "x_time": 879,
      "x_ideal": 879,
      "x_now": 879,
      "x_now_method": "harmonized_pair_cluster",
      "hour_now_tsst": 19.362222222222222,
      "rollover_hour_min": 3.0,
      "rollover_hour_max": 8.5,
      "delta_min_to_guard": -49.31506849315069,
      "delta_min_to_frontier": -29.589041095890412,
      "frontier_day_fill": 0.7876712328767124,
      "rollover_candidate": false,
      "bias_minutes_applied": 0.0,
      "measured_bias_minutes": null,
      "age_hours": null,
      "status": "ok",
      "x_now_before_harmonize": 879,
      "x_pick": 878,
      "x_pick_edge": 879,
      "x_pick_safe_right": 923,
      "x_overlay": 879,
      "f1_path_x_range": [
        865,
        879
      ],
      "f1_path_target_col": 13,
      "f1_path_y_px": 43,
      "f4_path_x_range": [
        865,
        879
      ],
      "f4_path_target_col": 13,
      "f4_path_y_px": 251,
      "f1_path2_x_range": [
        869,
        879
      ],
      "f1_path2_target_col": 9,
      "f1_path2_y_px": 44,
      "f1_path2_y_direct_px": 44,
      "f1_path2_direct_used": false,
      "f1_path2_direct_allowed": false,
      "f1_path2_left_weight": 0.35,
      "f1_path2_right_weight": 1.0,
      "f2_path2_x_range": [
        869,
        879
      ],
      "f2_path2_target_col": 9,
      "f2_path2_y_px": 131,
      "f2_path2_y_direct_px": 150,
      "f2_path2_direct_used": false,
      "f2_path2_direct_allowed": false,
      "f2_path2_left_weight": 0.4,
      "f2_path2_right_weight": 1.0,
      "f4_path2_x_range": [
        869,
        879
      ],
      "f4_path2_target_col": 9,
      "f4_path2_y_px": 251,
      "f4_path2_y_direct_px": 251,
      "f4_path2_direct_used": false,
      "f4_path2_direct_allowed": false,
      "f4_path2_left_weight": 0.4,
      "f4_path2_right_weight": 1.0,
      "f1_local_snap_x": 879,
      "f1_local_snap_y_px": 45,
      "f1_local_snap_search_px": 8,
      "f1_local_snap_search_up_px": 4,
      "f1_local_snap_search_down_px": 12,
      "f1_local_snap_prefer_lower_weight": 0.02,
      "f3_local_snap_x": 879,
      "f3_local_snap_y_px": 184,
      "f3_local_snap_search_px": 6,
      "f3_local_snap_search_up_px": 6,
      "f3_local_snap_search_down_px": 6,
      "f3_local_snap_prefer_lower_weight": 0.0,
      "f4_local_snap_x": 879,
      "f4_local_snap_y_px": 251,
      "f4_local_snap_search_px": 8,
      "f4_local_snap_search_up_px": 6,
      "f4_local_snap_search_down_px": 14,
      "f4_local_snap_prefer_lower_weight": 0.05,
      "f2_local_snap_x": 879,
      "f2_local_snap_y_px": 131,
      "f2_local_snap_search_px": 8,
      "f2_local_snap_search_up_px": 14,
      "f2_local_snap_search_down_px": 2,
      "f2_local_snap_prefer_lower_weight": 0.0,
      "f2_consensus_applied": false,
      "f2_consensus_support_cols": 2,
      "f2_consensus_anchor_y_px": 131,
      "f2_consensus_seed_y_px": 150,
      "f2_consensus_reason": "insufficient_inliers",
      "f3_consensus_applied": false,
      "f3_consensus_x_range": [
        873,
        879
      ],
      "f3_consensus_y_px": 184,
      "f3_consensus_anchor_y_px": 184,
      "f3_consensus_seed_y_px": 188,
      "f3_consensus_support_cols": 3,
      "f3_consensus_support_ratio": 0.40132184030971274,
      "f3_consensus_jump_px": 0,
      "f3_consensus_tol_px": 5,
      "f3_consensus_reason": "low_support",
      "f4_consensus_applied": false,
      "f4_consensus_x_range": [
        873,
        879
      ],
      "f4_consensus_y_px": 251,
      "f4_consensus_anchor_y_px": 251,
      "f4_consensus_seed_y_px": 252,
      "f4_consensus_support_cols": 3,
      "f4_consensus_support_ratio": 0.527598944591029,
      "f4_consensus_jump_px": 0,
      "f4_consensus_tol_px": 6,
      "f4_consensus_reason": "low_support",
      "scale_ranges": {
        "F1": [
          7.2,
          8.4
        ],
        "F2": [
          13.1,
          14.5
        ],
        "F3": [
          18.6,
          20.2
        ],
        "F4": [
          24.1,
          26.5
        ]
      }
    },
    "A": {
      "x_day0": 59,
      "x_day1": 372,
      "x_day2": 684,
      "day_w": 312.5,
      "x_day0_time": 59,
      "x_day1_time": 351,
      "x_day2_time": 643,
      "day_w_time": 292.0,
      "x_plot_end": 935,
      "x1_static": 936,
      "x1_dyn": 935,
      "x1_dyn_used": true,
      "pph": 12.166666666666666,
      "pph_source": "day_width (tick-mismatch-fallback)",
      "pph_tick": 19.0,
      "tick_pph_rel_err": 0.5616438356164384,
      "tick_pph_valid": false,