{
  "saved_at_utc": "2026-04-06T11:08:42.494769+00:00",
  "source": "tomsk_sos70_param_charts",
  "freq_max_hz": 40.0,
  "values": {
    "scale_ranges": {
      "F": {
        "F1": [
          7.2,
          8.4
        ],
        "F2": [
          13.1,
          14.5
        ],
        "F3": [
          18.6,
          20.2
        ],
        "F4": [
          24.1,
          26.5
        ]
      },
      "A": {
        "A1": [
          1.0,
          45.0
        ],
        "A2": [
          1.0,
          61.5
        ],
        "A3": [
          2.2,
          12.2
        ],
        "A4": [
          1.1,
          10.2
        ]
      },
      "Q": {
        "Q1": [
          4.0,
          38.0
        ],
        "Q2": [
          5.0,
          17.5
        ],
        "Q3": [
          7.0,
          23.0
        ],
        "Q4": [
          5.0,
          30.0
        ]
      }
    },
    "scale_units": {
      "F_hz": "Hz",
      "A_value": "idx",
      "Q_value": "idx"
    },
    "F_norm": {
      "F1": 0.1951219512195122,
      "F2": 0.397212543554007,
      "F3": 0.43205574912891986,
      "F4": 0.7526132404181185
    },
    "F_y_px": {
      "F1": 91,
      "F2": 149,
      "F3": 159,
      "F4": 251
    },
    "F_lane_norm": {
      "F1": 0.8771929824561403,
      "F2": 0.8653846153846154,
      "F3": 0.021739130434782608,
      "F4": 0.9565217391304348
    },
    "F_hz": {
      "F1": 7.347368421052632,
      "F2": 13.288461538461538,
      "F3": 20.165217391304346,
      "F4": 24.20434782608696
    },
    "A_norm": {
      "A1": 0.11498257839721254,
      "A2": 0.40418118466898956,
      "A3": 0.4912891986062718,
      "A4": 0.7456445993031359
    },
    "A_y_px": {
      "A1": 68,
      "A2": 151,
      "A3": 176,
      "A4": 249
    },
    "A_lane_norm": {
      "A1": 0.2891566265060241,
      "A2": 0.6020408163265306,
      "A3": 0.20618556701030927,
      "A4": 0.2087912087912088
    },
    "A_value": {
      "A1": 32.27710843373494,
      "A2": 25.076530612244895,
      "A3": 10.138144329896907,
      "A4": 8.299999999999999
    },
    "Q_norm": {
      "Q1": 0.30662020905923343,
      "Q2": 0.47038327526132406,
      "Q3": 0.5958188153310104,
      "Q4": 0.7526132404181185
    },
    "Q_y_px": {
      "Q1": 123,
      "Q2": 170,
      "Q3": 206,
      "Q4": 251
    },
    "Q_lane_norm": {
      "Q1": 0.8314606741573034,
      "Q2": 0.6804123711340206,
      "Q3": 0.4854368932038835,
      "Q4": 0.17647058823529413
    },
    "Q_value": {
      "Q1": 9.730337078651683,
      "Q2": 8.994845360824742,
      "Q3": 15.233009708737864,
      "Q4": 25.588235294117645
    }
  },
  "debug": {
    "F": {
      "x_day0": 59,
      "x_day1": 390,
      "x_day2": 721,
      "day_w": 331.0,
      "x_day0_time": 59,
      "x_day1_time": 351,
      "x_day2_time": 643,
      "day_w_time": 292.0,
      "x_plot_end": 935,
      "x1_static": 936,
      "x1_dyn": 935,
      "x1_dyn_used": true,
      "pph": 12.166666666666666,
      "pph_source": "day_width (tick-mismatch-fallback)",
      "pph_tick": 19.0,
      "tick_pph_rel_err": 0.5616438356164384,
      "tick_pph_valid": false,
      "tick_count": 50,
      "tick_quality": 0.6944444444444444,
      "tick_used": false,
      "x_frontier": 864,
      "frontier_method": "activity_scan",
      "frontier_activity_thr": 0.4148441836237907,
      "frontier_activity_right_tail": 0.06453489512205124,
      "frontier_activity_run_px": 8,
      "guard_px": 4,
      "left_guard": 645,
      "right_guard": 860,
      "x_time": 864,
      "x_ideal": 864,
      "x_now": 864,
      "x_now_method": "ideal",
      "hour_now_tsst": 18.145,
      "rollover_hour_min": 3.0,
      "rollover_hour_max": 8.5,
      "delta_min_to_guard": -19.726027397260275,
      "delta_min_to_frontier": 0.0,
      "frontier_day_fill": 0.7568493150684932,
      "rollover_candidate": false,
      "bias_minutes_applied": 0.0,
      "measured_bias_minutes": null,
      "age_hours": null,
      "status": "ok",
      "x_pick": 863,
      "x_pick_edge": 864,
      "x_pick_safe_right": 923,
      "x_overlay": 864,
      "f1_path_x_range": [
        850,
        864
      ],
      "f1_path_target_col": 13,
      "f1_path_y_px": 91,
      "f4_path_x_range": [
        850,
        864
      ],
      "f4_path_target_col": 13,
      "f4_path_y_px": 251,
      "f1_path2_x_range": [
        854,
        864
      ],
      "f1_path2_target_col": 9,
      "f1_path2_y_px": 91,
      "f1_path2_y_direct_px": 85,
      "f1_path2_direct_used": false,
      "f1_path2_direct_allowed": false,
      "f1_path2_left_weight": 0.35,
      "f1_path2_right_weight": 1.0,
      "f2_path2_x_range": [
        854,
        864
      ],
      "f2_path2_target_col": 9,
      "f2_path2_y_px": 151,
      "f2_path2_y_direct_px": 145,
      "f2_path2_direct_used": false,
      "f2_path2_direct_allowed": false,
      "f2_path2_left_weight": 0.4,
      "f2_path2_right_weight": 1.0,
      "f4_path2_x_range": [
        854,
        864
      ],
      "f4_path2_target_col": 9,
      "f4_path2_y_px": 251,
      "f4_path2_y_direct_px": 217,
      "f4_path2_direct_used": false,
      "f4_path2_direct_allowed": false,
      "f4_path2_left_weight": 0.4,
      "f4_path2_right_weight": 1.0,
      "f1_local_snap_x": 864,
      "f1_local_snap_y_px": 91,
      "f1_local_snap_search_px": 8,
      "f1_local_snap_search_up_px": 4,
      "f1_local_snap_search_down_px": 12,
      "f1_local_snap_prefer_lower_weight": 0.02,
      "f3_local_snap_x": 864,
      "f3_local_snap_y_px": 159,
      "f3_local_snap_search_px": 6,
      "f3_local_snap_search_up_px": 6,
      "f3_local_snap_search_down_px": 6,
      "f3_local_snap_prefer_lower_weight": 0.0,
      "f4_local_snap_x": 864,
      "f4_local_snap_y_px": 251,
      "f4_local_snap_search_px": 8,
      "f4_local_snap_search_up_px": 6,
      "f4_local_snap_search_down_px": 14,
      "f4_local_snap_prefer_lower_weight": 0.05,
      "f2_local_snap_x": 864,
      "f2_local_snap_y_px": 149,
      "f2_local_snap_search_px": 8,
      "f2_local_snap_search_up_px": 14,
      "f2_local_snap_search_down_px": 2,
      "f2_local_snap_prefer_lower_weight": 0.0,
      "f2_consensus_applied": false,
      "f2_consensus_x_range": [
        858,
        864
      ],
      "f2_consensus_y_px": 111,
      "f2_consensus_anchor_y_px": 149,
      "f2_consensus_seed_y_px": 111,
      "f2_consensus_support_cols": 5,
      "f2_consensus_support_ratio": 0.6241593412412625,
      "f2_consensus_jump_px": 38,
      "f2_consensus_tol_px": 5,
      "f2_consensus_reason": "excessive_jump",
      "f3_consensus_applied": false,
      "f3_consensus_x_range": [
        858,
        864
      ],
      "f3_consensus_y_px": 160,
      "f3_consensus_anchor_y_px": 159,
      "f3_consensus_seed_y_px": 160,
      "f3_consensus_support_cols": 3,
      "f3_consensus_support_ratio": 0.4806914958415008,
      "f3_consensus_jump_px": 1,
      "f3_consensus_tol_px": 5,
      "f3_consensus_reason": "low_support",
      "f4_consensus_x_range": [
        858,
        864
      ],
      "f4_consensus_y_px": 251,
      "f4_consensus_anchor_y_px": 251,
      "f4_consensus_seed_y_px": 251,
      "f4_consensus_support_cols": 6,
      "f4_consensus_support_ratio": 0.8051260914990079,
      "f4_consensus_jump_px": 0,
      "f4_consensus_tol_px": 6,
      "f4_consensus_reason": "accepted",
      "f4_consensus_applied": true,
      "scale_ranges": {
        "F1": [
          7.2,
          8.4
        ],
        "F2": [
          13.1,
          14.5
        ],
        "F3": [
          18.6,
          20.2
        ],
        "F4": [
          24.1,
          26.5
        ]
      }
    },
    "A": {
      "x_day0": 59,
      "x_day1": 372,
      "x_day2": 684,
      "day_w": 312.5,
      "x_day0_time": 59,
      "x_day1_time": 351,
      "x_day2_time": 643,
      "day_w_time": 292.0,
      "x_plot_end": 935,
      "x1_static": 936,
      "x1_dyn": 935,
      "x1_dyn_used": true,