{
  "saved_at_utc": "2026-03-14T09:17:21.353508+00:00",
  "source": "tomsk_sos70_param_charts",
  "freq_max_hz": 40.0,
  "values": {
    "scale_ranges": {
      "F": {
        "F1": [
          7.2,
          8.4
        ],
        "F2": [
          13.1,
          14.5
        ],
        "F3": [
          18.6,
          20.2
        ],
        "F4": [
          24.1,
          26.5
        ]
      },
      "A": {
        "A1": [
          1.0,
          45.0
        ],
        "A2": [
          1.0,
          61.5
        ],
        "A3": [
          2.2,
          12.2
        ],
        "A4": [
          1.1,
          10.2
        ]
      },
      "Q": {
        "Q1": [
          4.0,
          38.0
        ],
        "Q2": [
          5.0,
          17.5
        ],
        "Q3": [
          7.0,
          23.0
        ],
        "Q4": [
          5.0,
          30.0
        ]
      }
    },
    "scale_units": {
      "F_hz": "Hz",
      "A_value": "idx",
      "Q_value": "idx"
    },
    "F_norm": {
      "F1": 0.11498257839721254,
      "F2": 0.40069686411149824,
      "F3": 0.5609756097560976,
      "F4": 0.7526132404181185
    },
    "F_y_px": {
      "F1": 68,
      "F2": 150,
      "F3": 196,
      "F4": 251
    },
    "F_lane_norm": {
      "F1": 0.47368421052631576,
      "F2": 0.8846153846153846,
      "F3": 0.8260869565217391,
      "F4": 0.9565217391304348
    },
    "F_hz": {
      "F1": 7.831578947368421,
      "F2": 13.26153846153846,
      "F3": 18.878260869565217,
      "F4": 24.20434782608696
    },
    "A_norm": {
      "A1": 0.11498257839721254,
      "A2": 0.40418118466898956,
      "A3": 0.5609756097560976,
      "A4": 0.8153310104529616
    },
    "A_y_px": {
      "A1": 68,
      "A2": 151,
      "A3": 196,
      "A4": 269
    },
    "A_lane_norm": {
      "A1": 0.2891566265060241,
      "A2": 0.6020408163265306,
      "A3": 0.41237113402061853,
      "A4": 0.42857142857142855
    },
    "A_value": {
      "A1": 32.27710843373494,
      "A2": 25.076530612244895,
      "A3": 8.076288659793814,
      "A4": 6.3
    },
    "Q_norm": {
      "Q1": 0.3240418118466899,
      "Q2": 0.3797909407665505,
      "Q3": 0.5993031358885017,
      "Q4": 0.9198606271777003
    },
    "Q_y_px": {
      "Q1": 128,
      "Q2": 144,
      "Q3": 207,
      "Q4": 299
    },
    "Q_lane_norm": {
      "Q1": 0.8876404494382022,
      "Q2": 0.41237113402061853,
      "Q3": 0.49514563106796117,
      "Q4": 0.7411764705882353
    },
    "Q_value": {
      "Q1": 7.820224719101127,
      "Q2": 12.345360824742269,
      "Q3": 15.077669902912621,
      "Q4": 11.470588235294116
    }
  },
  "debug": {
    "F": {
      "x_day0": 59,
      "x_day1": 375,
      "x_day2": 691,
      "day_w": 316.0,
      "x_day0_time": 59,
      "x_day1_time": 351,
      "x_day2_time": 643,
      "day_w_time": 292.0,
      "x_plot_end": 935,
      "x1_static": 936,
      "x1_dyn": 935,
      "x1_dyn_used": true,
      "pph": 12.166666666666666,
      "pph_source": "day_width (tick-mismatch-fallback)",
      "pph_tick": 19.0,
      "tick_pph_rel_err": 0.5616438356164384,
      "tick_pph_valid": false,
      "tick_count": 50,
      "tick_quality": 0.6944444444444444,
      "tick_used": false,
      "x_frontier": 844,
      "frontier_method": "activity_scan",
      "frontier_activity_thr": 0.3888274610042572,
      "frontier_activity_right_tail": 0.08555737882852554,
      "frontier_activity_run_px": 8,
      "guard_px": 4,
      "left_guard": 645,
      "right_guard": 840,
      "x_time": 841,
      "x_ideal": 841,
      "x_now": 841,
      "x_now_method": "ideal",
      "hour_now_tsst": 16.289166666666667,
      "rollover_hour_min": 3.0,
      "rollover_hour_max": 8.5,
      "delta_min_to_guard": -4.931506849315069,
      "delta_min_to_frontier": 14.794520547945206,
      "frontier_day_fill": 0.6883561643835616,
      "rollover_candidate": false,
      "bias_minutes_applied": 0.0,
      "measured_bias_minutes": null,
      "age_hours": null,
      "status": "ok",
      "x_pick": 840,
      "x_pick_edge": 841,
      "x_pick_safe_right": 923,
      "x_overlay": 841,
      "f1_path_x_range": [
        827,
        841
      ],
      "f1_path_target_col": 13,
      "f1_path_y_px": 49,
      "f4_path_x_range": [
        827,
        841
      ],
      "f4_path_target_col": 13,
      "f4_path_y_px": 251,
      "f1_path2_x_range": [
        831,
        841
      ],
      "f1_path2_target_col": 9,
      "f1_path2_y_px": 68,
      "f1_path2_y_direct_px": 65,
      "f1_path2_direct_used": false,
      "f1_path2_direct_allowed": false,
      "f1_path2_left_weight": 0.35,
      "f1_path2_right_weight": 1.0,
      "f2_path2_x_range": [
        831,
        841
      ],
      "f2_path2_target_col": 9,
      "f2_path2_y_px": 150,
      "f2_path2_y_direct_px": 125,
      "f2_path2_direct_used": false,
      "f2_path2_direct_allowed": false,
      "f2_path2_left_weight": 0.4,
      "f2_path2_right_weight": 1.0,
      "f4_path2_x_range": [
        831,
        841
      ],
      "f4_path2_target_col": 9,
      "f4_path2_y_px": 251,
      "f4_path2_y_direct_px": 252,
      "f4_path2_direct_used": false,
      "f4_path2_direct_allowed": false,
      "f4_path2_left_weight": 0.4,
      "f4_path2_right_weight": 1.0,
      "f1_local_snap_x": 841,
      "f1_local_snap_y_px": 68,
      "f1_local_snap_search_px": 8,
      "f1_local_snap_search_up_px": 4,
      "f1_local_snap_search_down_px": 12,
      "f1_local_snap_prefer_lower_weight": 0.02,
      "f3_local_snap_x": 841,
      "f3_local_snap_y_px": 196,
      "f3_local_snap_search_px": 6,
      "f3_local_snap_search_up_px": 6,
      "f3_local_snap_search_down_px": 6,
      "f3_local_snap_prefer_lower_weight": 0.0,
      "f4_local_snap_x": 841,
      "f4_local_snap_y_px": 251,
      "f4_local_snap_search_px": 8,
      "f4_local_snap_search_up_px": 6,
      "f4_local_snap_search_down_px": 14,
      "f4_local_snap_prefer_lower_weight": 0.05,
      "f2_local_snap_x": 841,
      "f2_local_snap_y_px": 150,
      "f2_local_snap_search_px": 8,
      "f2_local_snap_search_up_px": 14,
      "f2_local_snap_search_down_px": 2,
      "f2_local_snap_prefer_lower_weight": 0.0,
      "f2_consensus_applied": false,
      "f2_consensus_x_range": [
        835,
        841
      ],
      "f2_consensus_y_px": 131,
      "f2_consensus_anchor_y_px": 150,
      "f2_consensus_seed_y_px": 133,
      "f2_consensus_support_cols": 3,
      "f2_consensus_support_ratio": 0.5099839402913027,
      "f2_consensus_jump_px": 19,
      "f2_consensus_tol_px": 5,
      "f2_consensus_reason": "low_support",
      "f3_consensus_applied": false,
      "f3_consensus_x_range": [
        835,
        841
      ],
      "f3_consensus_y_px": 196,
      "f3_consensus_anchor_y_px": 196,
      "f3_consensus_seed_y_px": 196,
      "f3_consensus_support_cols": 3,
      "f3_consensus_support_ratio": 0.5334629828326181,
      "f3_consensus_jump_px": 0,
      "f3_consensus_tol_px": 5,
      "f3_consensus_reason": "low_support",
      "f4_consensus_x_range": [
        835,
        841
      ],
      "f4_consensus_y_px": 251,
      "f4_consensus_anchor_y_px": 251,
      "f4_consensus_seed_y_px": 250,
      "f4_consensus_support_cols": 6,
      "f4_consensus_support_ratio": 0.9108704666210234,
      "f4_consensus_jump_px": 0,
      "f4_consensus_tol_px": 6,
      "f4_consensus_reason": "accepted",
      "f4_consensus_applied": true,
      "scale_ranges": {
        "F1": [
          7.2,
          8.4
        ],
        "F2": [
          13.1,
          14.5
        ],
        "F3": [
          18.6,
          20.2
        ],
        "F4": [
          24.1,
          26.5
        ]
      }
    },
    "A": {
      "x_day0": 59,
      "x_day1": 372,
      "x_day2": 684,
      "day_w": 312.5,
      "x_day0_time": 59,
      "x_day1_time": 351,
      "x_day2_time": 643,
      "day_w_time": 292.0,
      "x_plot_end": 935,
      "x1_static": 936,
      "x1_dyn": 935,
      "x1_dyn_used": true,