{
  "saved_at_utc": "2026-03-21T19:42:51.150817+00:00",
  "source": "tomsk_sos70_param_charts",
  "freq_max_hz": 40.0,
  "values": {
    "scale_ranges": {
      "F": {
        "F1": [
          7.2,
          8.4
        ],
        "F2": [
          13.1,
          14.5
        ],
        "F3": [
          18.6,
          20.2
        ],
        "F4": [
          24.1,
          26.5
        ]
      },
      "A": {
        "A1": [
          1.0,
          45.0
        ],
        "A2": [
          1.0,
          61.5
        ],
        "A3": [
          2.2,
          12.2
        ],
        "A4": [
          1.1,
          10.2
        ]
      },
      "Q": {
        "Q1": [
          4.0,
          38.0
        ],
        "Q2": [
          5.0,
          17.5
        ],
        "Q3": [
          7.0,
          23.0
        ],
        "Q4": [
          5.0,
          30.0
        ]
      }
    },
    "scale_units": {
      "F_hz": "Hz",
      "A_value": "idx",
      "Q_value": "idx"
    },
    "F_norm": {
      "F1": 0.07665505226480836,
      "F2": 0.37630662020905925,
      "F3": 0.4843205574912892,
      "F4": 0.6829268292682927
    },
    "F_y_px": {
      "F1": 57,
      "F2": 143,
      "F3": 174,
      "F4": 231
    },
    "F_lane_norm": {
      "F1": 0.2807017543859649,
      "F2": 0.75,
      "F3": 0.34782608695652173,
      "F4": 0.5217391304347826
    },
    "F_hz": {
      "F1": 8.063157894736843,
      "F2": 13.45,
      "F3": 19.643478260869564,
      "F4": 25.247826086956522
    },
    "A_norm": {
      "A1": 0.28222996515679444,
      "A2": 0.3310104529616725,
      "A3": 0.6341463414634146,
      "A4": 0.8815331010452961
    },
    "A_y_px": {
      "A1": 116,
      "A2": 130,
      "A3": 217,
      "A4": 288
    },
    "A_lane_norm": {
      "A1": 0.8674698795180723,
      "A2": 0.3877551020408163,
      "A3": 0.6288659793814433,
      "A4": 0.6373626373626373
    },
    "A_value": {
      "A1": 6.831325301204821,
      "A2": 38.04081632653062,
      "A3": 5.911340206185566,
      "A4": 4.4
    },
    "Q_norm": {
      "Q1": 0.3240418118466899,
      "Q2": 0.3832752613240418,
      "Q3": 0.6689895470383276,
      "Q4": 0.9059233449477352
    },
    "Q_y_px": {
      "Q1": 128,
      "Q2": 145,
      "Q3": 227,
      "Q4": 295
    },
    "Q_lane_norm": {
      "Q1": 0.8876404494382022,
      "Q2": 0.422680412371134,
      "Q3": 0.6893203883495146,
      "Q4": 0.6941176470588235
    },
    "Q_value": {
      "Q1": 7.820224719101127,
      "Q2": 12.216494845360824,
      "Q3": 11.970873786407767,
      "Q4": 12.647058823529413
    }
  },
  "debug": {
    "F": {
      "x_day0": 59,
      "x_day1": 356,
      "x_day2": 654,
      "day_w": 297.5,
      "x_day0_time": 59,
      "x_day1_time": 351,
      "x_day2_time": 643,
      "day_w_time": 292.0,
      "x_plot_end": 935,
      "x1_static": 936,
      "x1_dyn": 935,
      "x1_dyn_used": true,
      "pph": 12.166666666666666,
      "pph_source": "day_width (tick-mismatch-fallback)",
      "pph_tick": 19.0,
      "tick_pph_rel_err": 0.5616438356164384,
      "tick_pph_valid": false,
      "tick_count": 50,
      "tick_quality": 0.6944444444444444,
      "tick_used": false,
      "x_frontier": 856,
      "frontier_method": "activity_scan",
      "frontier_activity_thr": 0.40141689479351045,
      "frontier_activity_right_tail": 0.0756586417555809,
      "frontier_activity_run_px": 8,
      "guard_px": 4,
      "left_guard": 645,
      "right_guard": 852,
      "x_time": 676,
      "x_ideal": 676,
      "x_now": 676,
      "x_now_method": "ideal",
      "hour_now_tsst": 2.713888888888889,
      "rollover_hour_min": 3.0,
      "rollover_hour_max": 8.5,
      "delta_min_to_guard": 867.9452054794522,
      "delta_min_to_frontier": 887.6712328767123,
      "frontier_day_fill": 0.7294520547945206,
      "rollover_candidate": false,
      "bias_minutes_applied": 0.0,
      "measured_bias_minutes": null,
      "age_hours": null,
      "status": "ok",
      "x_pick": 675,
      "x_pick_edge": 676,
      "x_pick_safe_right": 923,
      "x_overlay": 676,
      "f1_path_x_range": [
        662,
        676
      ],
      "f1_path_target_col": 13,
      "f1_path_y_px": 65,
      "f4_path_x_range": [
        662,
        676
      ],
      "f4_path_target_col": 13,
      "f4_path_y_px": 251,
      "f1_path2_x_range": [
        666,
        676
      ],
      "f1_path2_target_col": 9,
      "f1_path2_y_px": 61,
      "f1_path2_y_direct_px": 59,
      "f1_path2_direct_used": false,
      "f1_path2_direct_allowed": false,
      "f1_path2_left_weight": 0.35,
      "f1_path2_right_weight": 1.0,
      "f2_path2_x_range": [
        666,
        676
      ],
      "f2_path2_target_col": 9,
      "f2_path2_y_px": 145,
      "f2_path2_y_direct_px": 141,
      "f2_path2_direct_used": false,
      "f2_path2_direct_allowed": false,
      "f2_path2_left_weight": 0.4,
      "f2_path2_right_weight": 1.0,
      "f4_path2_x_range": [
        666,
        676
      ],
      "f4_path2_target_col": 9,
      "f4_path2_y_px": 230,
      "f4_path2_y_direct_px": 251,
      "f4_path2_direct_used": false,
      "f4_path2_direct_allowed": false,
      "f4_path2_left_weight": 0.4,
      "f4_path2_right_weight": 1.0,
      "f1_local_snap_x": 676,
      "f1_local_snap_y_px": 57,
      "f1_local_snap_search_px": 8,
      "f1_local_snap_search_up_px": 4,
      "f1_local_snap_search_down_px": 12,
      "f1_local_snap_prefer_lower_weight": 0.02,
      "f3_local_snap_x": 676,
      "f3_local_snap_y_px": 168,
      "f3_local_snap_search_px": 6,
      "f3_local_snap_search_up_px": 6,
      "f3_local_snap_search_down_px": 6,
      "f3_local_snap_prefer_lower_weight": 0.0,
      "f4_local_snap_x": 676,
      "f4_local_snap_y_px": 231,
      "f4_local_snap_search_px": 8,
      "f4_local_snap_search_up_px": 6,
      "f4_local_snap_search_down_px": 14,
      "f4_local_snap_prefer_lower_weight": 0.05,
      "f2_local_snap_x": 676,
      "f2_local_snap_y_px": 140,
      "f2_local_snap_search_px": 8,
      "f2_local_snap_search_up_px": 14,
      "f2_local_snap_search_down_px": 2,
      "f2_local_snap_prefer_lower_weight": 0.0,
      "f2_consensus_x_range": [
        670,
        676
      ],
      "f2_consensus_y_px": 143,
      "f2_consensus_anchor_y_px": 140,
      "f2_consensus_seed_y_px": 145,
      "f2_consensus_support_cols": 7,
      "f2_consensus_support_ratio": 1.0,
      "f2_consensus_jump_px": 3,
      "f2_consensus_tol_px": 5,
      "f2_consensus_reason": "accepted",
      "f2_consensus_applied": true,
      "f3_consensus_x_range": [
        670,
        676
      ],
      "f3_consensus_y_px": 174,
      "f3_consensus_anchor_y_px": 168,
      "f3_consensus_seed_y_px": 172,
      "f3_consensus_support_cols": 6,
      "f3_consensus_support_ratio": 0.8148059856751222,
      "f3_consensus_jump_px": 6,
      "f3_consensus_tol_px": 5,
      "f3_consensus_reason": "accepted",
      "f3_consensus_applied": true,
      "f4_consensus_applied": false,
      "f4_consensus_x_range": [
        670,
        676
      ],
      "f4_consensus_y_px": 231,
      "f4_consensus_anchor_y_px": 231,
      "f4_consensus_seed_y_px": 229,
      "f4_consensus_support_cols": 4,
      "f4_consensus_support_ratio": 0.5422377916078043,
      "f4_consensus_jump_px": 0,
      "f4_consensus_tol_px": 6,
      "f4_consensus_reason": "low_support",
      "scale_ranges": {
        "F1": [
          7.2,
          8.4
        ],
        "F2": [
          13.1,
          14.5
        ],
        "F3": [
          18.6,
          20.2
        ],
        "F4": [
          24.1,
          26.5
        ]
      }
    },
    "A": {
      "x_day0": 59,
      "x_day1": 380,
      "x_day2": 702,
      "day_w": 321.5,
      "x_day0_time": 59,
      "x_day1_time": 351,
      "x_day2_time": 643,
      "day_w_time": 292.0,
      "x_plot_end": 935,
      "x1_static": 936,
      "x1_dyn": 935,
      "x1_dyn_used": true,
      "pph": 12.166666666666666,