{
  "saved_at_utc": "2026-06-08T19:06:28.823033+00:00",
  "source": "tomsk_sos70_param_charts",
  "freq_max_hz": 40.0,
  "values": {
    "scale_ranges": {
      "F": {
        "F1": [
          7.2,
          8.4
        ],
        "F2": [
          13.1,
          14.5
        ],
        "F3": [
          18.6,
          20.2
        ],
        "F4": [
          24.1,
          26.5
        ]
      },
      "A": {
        "A1": [
          1.0,
          45.0
        ],
        "A2": [
          1.0,
          61.5
        ],
        "A3": [
          2.2,
          12.2
        ],
        "A4": [
          1.1,
          10.2
        ]
      },
      "Q": {
        "Q1": [
          4.0,
          38.0
        ],
        "Q2": [
          5.0,
          17.5
        ],
        "Q3": [
          7.0,
          23.0
        ],
        "Q4": [
          5.0,
          30.0
        ]
      }
    },
    "scale_units": {
      "F_hz": "Hz",
      "A_value": "idx",
      "Q_value": "idx"
    },
    "F_norm": {
      "F1": 0.1916376306620209,
      "F2": 0.39372822299651566,
      "F3": 0.5331010452961672,
      "F4": 0.7491289198606271
    },
    "F_y_px": {
      "F1": 90,
      "F2": 148,
      "F3": 188,
      "F4": 250
    },
    "F_lane_norm": {
      "F1": 0.8596491228070176,
      "F2": 0.8461538461538461,
      "F3": 0.6521739130434783,
      "F4": 0.9347826086956522
    },
    "F_hz": {
      "F1": 7.368421052631579,
      "F2": 13.315384615384616,
      "F3": 19.156521739130437,
      "F4": 24.256521739130434
    },
    "A_norm": {
      "A1": 0.23693379790940766,
      "A2": 0.49477351916376305,
      "A3": 0.6585365853658537,
      "A4": 0.89198606271777
    },
    "A_y_px": {
      "A1": 103,
      "A2": 177,
      "A3": 224,
      "A4": 291
    },
    "A_lane_norm": {
      "A1": 0.7108433734939759,
      "A2": 0.8673469387755102,
      "A3": 0.7010309278350515,
      "A4": 0.6703296703296703
    },
    "A_value": {
      "A1": 13.722891566265062,
      "A2": 9.025510204081634,
      "A3": 5.189690721649484,
      "A4": 4.1
    },
    "Q_norm": {
      "Q1": 0.25435540069686413,
      "Q2": 0.49477351916376305,
      "Q3": 0.6027874564459931,
      "Q4": 0.7456445993031359
    },
    "Q_y_px": {
      "Q1": 108,
      "Q2": 177,
      "Q3": 208,
      "Q4": 249
    },
    "Q_lane_norm": {
      "Q1": 0.6629213483146067,
      "Q2": 0.7525773195876289,
      "Q3": 0.5048543689320388,
      "Q4": 0.15294117647058825
    },
    "Q_value": {
      "Q1": 15.460674157303373,
      "Q2": 8.092783505154639,
      "Q3": 14.922330097087379,
      "Q4": 26.176470588235293
    }
  },
  "debug": {
    "F": {
      "x_day0": 59,
      "x_day1": 372,
      "x_day2": 684,
      "day_w": 312.5,
      "x_day0_time": 59,
      "x_day1_time": 351,
      "x_day2_time": 643,
      "day_w_time": 292.0,
      "x_plot_end": 935,
      "x1_static": 936,
      "x1_dyn": 935,
      "x1_dyn_used": true,
      "pph": 12.166666666666666,
      "pph_source": "day_width (tick-mismatch-fallback)",
      "pph_tick": 19.0,
      "tick_pph_rel_err": 0.5616438356164384,
      "tick_pph_valid": false,
      "tick_count": 50,
      "tick_quality": 0.6944444444444444,
      "tick_used": false,
      "x_frontier": 675,
      "frontier_method": "activity_scan",
      "frontier_activity_thr": 0.5016317546367645,
      "frontier_activity_right_tail": 0.19954261183738708,
      "frontier_activity_run_px": 8,
      "guard_px": 4,
      "left_guard": 645,
      "right_guard": 671,
      "x_time": 669,
      "x_ideal": 669,
      "x_now": 669,
      "x_now_method": "ideal",
      "hour_now_tsst": 2.1077777777777778,
      "rollover_hour_min": 3.0,
      "rollover_hour_max": 8.5,
      "delta_min_to_guard": 9.863013698630137,
      "delta_min_to_frontier": 29.589041095890412,
      "frontier_day_fill": 0.1095890410958904,
      "rollover_candidate": false,
      "bias_minutes_applied": 0.0,
      "measured_bias_minutes": null,
      "age_hours": null,
      "status": "ok",
      "x_pick": 668,
      "x_pick_edge": 669,
      "x_pick_safe_right": 923,
      "x_overlay": 669,
      "f1_path_x_range": [
        655,
        669
      ],
      "f1_path_target_col": 13,
      "f1_path_y_px": 69,
      "f4_path_x_range": [
        655,
        669
      ],
      "f4_path_target_col": 13,
      "f4_path_y_px": 263,
      "f1_path2_x_range": [
        659,
        669
      ],
      "f1_path2_target_col": 9,
      "f1_path2_y_px": 90,
      "f1_path2_y_direct_px": 89,
      "f1_path2_direct_used": false,
      "f1_path2_direct_allowed": false,
      "f1_path2_left_weight": 0.35,
      "f1_path2_right_weight": 1.0,
      "f2_path2_x_range": [
        659,
        669
      ],
      "f2_path2_target_col": 9,
      "f2_path2_y_px": 148,
      "f2_path2_y_direct_px": 114,
      "f2_path2_direct_used": false,
      "f2_path2_direct_allowed": false,
      "f2_path2_left_weight": 0.4,
      "f2_path2_right_weight": 1.0,
      "f4_path2_x_range": [
        659,
        669
      ],
      "f4_path2_target_col": 9,
      "f4_path2_y_px": 260,
      "f4_path2_y_direct_px": 250,
      "f4_path2_direct_used": false,
      "f4_path2_direct_allowed": false,
      "f4_path2_left_weight": 0.4,
      "f4_path2_right_weight": 1.0,
      "f1_local_snap_x": 669,
      "f1_local_snap_y_px": 90,
      "f1_local_snap_search_px": 8,
      "f1_local_snap_search_up_px": 4,
      "f1_local_snap_search_down_px": 12,
      "f1_local_snap_prefer_lower_weight": 0.02,
      "f3_local_snap_x": 669,
      "f3_local_snap_y_px": 188,
      "f3_local_snap_search_px": 6,
      "f3_local_snap_search_up_px": 6,
      "f3_local_snap_search_down_px": 6,
      "f3_local_snap_prefer_lower_weight": 0.0,
      "f4_local_snap_x": 669,
      "f4_local_snap_y_px": 259,
      "f4_local_snap_search_px": 8,
      "f4_local_snap_search_up_px": 6,
      "f4_local_snap_search_down_px": 14,
      "f4_local_snap_prefer_lower_weight": 0.05,
      "f2_local_snap_x": 669,
      "f2_local_snap_y_px": 149,
      "f2_local_snap_search_px": 8,
      "f2_local_snap_search_up_px": 14,
      "f2_local_snap_search_down_px": 2,
      "f2_local_snap_prefer_lower_weight": 0.0,
      "f2_consensus_x_range": [
        663,
        669
      ],
      "f2_consensus_y_px": 148,
      "f2_consensus_anchor_y_px": 149,
      "f2_consensus_seed_y_px": 146,
      "f2_consensus_support_cols": 5,
      "f2_consensus_support_ratio": 0.6352022186272245,
      "f2_consensus_jump_px": 1,
      "f2_consensus_tol_px": 5,
      "f2_consensus_reason": "accepted",
      "f2_consensus_applied": true,
      "f3_consensus_applied": false,
      "f3_consensus_x_range": [
        663,
        669
      ],
      "f3_consensus_y_px": 188,
      "f3_consensus_anchor_y_px": 188,
      "f3_consensus_seed_y_px": 186,
      "f3_consensus_support_cols": 3,
      "f3_consensus_support_ratio": 0.47129186602870815,
      "f3_consensus_jump_px": 0,
      "f3_consensus_tol_px": 5,
      "f3_consensus_reason": "low_support",
      "f4_consensus_x_range": [
        663,
        669
      ],
      "f4_consensus_y_px": 250,
      "f4_consensus_anchor_y_px": 259,
      "f4_consensus_seed_y_px": 250,
      "f4_consensus_support_cols": 4,
      "f4_consensus_support_ratio": 0.6269872377037428,
      "f4_consensus_jump_px": 9,
      "f4_consensus_tol_px": 6,
      "f4_consensus_reason": "accepted",
      "f4_consensus_applied": true,
      "scale_ranges": {
        "F1": [
          7.2,
          8.4
        ],
        "F2": [
          13.1,
          14.5
        ],
        "F3": [
          18.6,
          20.2
        ],
        "F4": [
          24.1,
          26.5
        ]
      }
    },
    "A": {
      "x_day0": 59,
      "x_day1": 372,
      "x_day2": 684,
      "day_w": 312.5,
      "x_day0_time": 59,
      "x_day1_time": 351,
      "x_day2_time": 643,
      "day_w_time": 292.0,
      "x_plot_end": 935,
      "x1_static": 936,
      "x1_dyn": 935,
      "x1_dyn_used": true,