{
  "saved_at_utc": "2026-06-12T00:04:06.132089+00:00",
  "source": "tomsk_sos70_param_charts",
  "freq_max_hz": 40.0,
  "values": {
    "scale_ranges": {
      "F": {
        "F1": [
          7.2,
          8.4
        ],
        "F2": [
          13.1,
          14.5
        ],
        "F3": [
          18.6,
          20.2
        ],
        "F4": [
          24.1,
          26.5
        ]
      },
      "A": {
        "A1": [
          1.0,
          45.0
        ],
        "A2": [
          1.0,
          61.5
        ],
        "A3": [
          2.2,
          12.2
        ],
        "A4": [
          1.1,
          10.2
        ]
      },
      "Q": {
        "Q1": [
          4.0,
          38.0
        ],
        "Q2": [
          5.0,
          17.5
        ],
        "Q3": [
          7.0,
          23.0
        ],
        "Q4": [
          5.0,
          30.0
        ]
      }
    },
    "scale_units": {
      "F_hz": "Hz",
      "A_value": "idx",
      "Q_value": "idx"
    },
    "F_norm": {
      "F1": 0.0313588850174216,
      "F2": 0.3623693379790941,
      "F3": 0.5574912891986062,
      "F4": 0.7804878048780488
    },
    "F_y_px": {
      "F1": 44,
      "F2": 139,
      "F3": 195,
      "F4": 259
    },
    "F_lane_norm": {
      "F1": 0.05263157894736842,
      "F2": 0.6730769230769231,
      "F3": 0.8043478260869565,
      "F4": 1.0
    },
    "F_hz": {
      "F1": 8.336842105263159,
      "F2": 13.557692307692307,
      "F3": 18.91304347826087,
      "F4": 24.1
    },
    "A_norm": {
      "A1": 0.2787456445993031,
      "A2": 0.36585365853658536,
      "A3": 0.5888501742160279,
      "A4": 0.8815331010452961
    },
    "A_y_px": {
      "A1": 115,
      "A2": 140,
      "A3": 204,
      "A4": 288
    },
    "A_lane_norm": {
      "A1": 0.8554216867469879,
      "A2": 0.4897959183673469,
      "A3": 0.4948453608247423,
      "A4": 0.6373626373626373
    },
    "A_value": {
      "A1": 7.361445783132531,
      "A2": 31.867346938775512,
      "A3": 7.251546391752576,
      "A4": 4.4
    },
    "Q_norm": {
      "Q1": 0.2787456445993031,
      "Q2": 0.5087108013937283,
      "Q3": 0.7073170731707317,
      "Q4": 0.818815331010453
    },
    "Q_y_px": {
      "Q1": 115,
      "Q2": 181,
      "Q3": 238,
      "Q4": 270
    },
    "Q_lane_norm": {
      "Q1": 0.7415730337078652,
      "Q2": 0.7938144329896907,
      "Q3": 0.7961165048543689,
      "Q4": 0.4
    },
    "Q_value": {
      "Q1": 12.786516853932582,
      "Q2": 7.577319587628866,
      "Q3": 10.262135922330097,
      "Q4": 20.0
    }
  },
  "debug": {
    "F": {
      "x_day0": 59,
      "x_day1": 394,
      "x_day2": 729,
      "day_w": 335.0,
      "x_day0_time": 59,
      "x_day1_time": 351,
      "x_day2_time": 643,
      "day_w_time": 292.0,
      "x_plot_end": 935,
      "x1_static": 936,
      "x1_dyn": 935,
      "x1_dyn_used": true,
      "pph": 12.166666666666666,
      "pph_source": "day_width (tick-mismatch-fallback)",
      "pph_tick": 19.0,
      "tick_pph_rel_err": 0.5616438356164384,
      "tick_pph_valid": false,
      "tick_count": 50,
      "tick_quality": 0.6944444444444444,
      "tick_used": false,
      "x_frontier": 726,
      "frontier_method": "activity_scan",
      "frontier_activity_thr": 0.5006999939680099,
      "frontier_activity_right_tail": 0.1925988644361496,
      "frontier_activity_run_px": 8,
      "guard_px": 4,
      "left_guard": 645,
      "right_guard": 722,
      "x_time": 729,
      "x_ideal": 729,
      "x_now": 729,
      "x_now_method": "harmonized_prefer_non_rollover",
      "hour_now_tsst": 7.0680555555555555,
      "rollover_hour_min": 3.0,
      "rollover_hour_max": 8.5,
      "delta_min_to_guard": -34.520547945205486,
      "delta_min_to_frontier": -14.794520547945206,
      "frontier_day_fill": 0.2842465753424658,
      "rollover_candidate": false,
      "bias_minutes_applied": 0.0,
      "measured_bias_minutes": null,
      "age_hours": null,
      "status": "ok",
      "x_now_before_harmonize": 729,
      "x_pick": 728,
      "x_pick_edge": 729,
      "x_pick_safe_right": 923,
      "x_overlay": 729,
      "f1_path_x_range": [
        715,
        729
      ],
      "f1_path_target_col": 13,
      "f1_path_y_px": 43,
      "f4_path_x_range": [
        715,
        729
      ],
      "f4_path_target_col": 13,
      "f4_path_y_px": 251,
      "f1_path2_x_range": [
        719,
        729
      ],
      "f1_path2_target_col": 9,
      "f1_path2_y_px": 44,
      "f1_path2_y_direct_px": 44,
      "f1_path2_direct_used": false,
      "f1_path2_direct_allowed": false,
      "f1_path2_left_weight": 0.35,
      "f1_path2_right_weight": 1.0,
      "f2_path2_x_range": [
        719,
        729
      ],
      "f2_path2_target_col": 9,
      "f2_path2_y_px": 140,
      "f2_path2_y_direct_px": 141,
      "f2_path2_direct_used": false,
      "f2_path2_direct_allowed": false,
      "f2_path2_left_weight": 0.4,
      "f2_path2_right_weight": 1.0,
      "f4_path2_x_range": [
        719,
        729
      ],
      "f4_path2_target_col": 9,
      "f4_path2_y_px": 260,
      "f4_path2_y_direct_px": 257,
      "f4_path2_direct_used": false,
      "f4_path2_direct_allowed": false,
      "f4_path2_left_weight": 0.4,
      "f4_path2_right_weight": 1.0,
      "f1_local_snap_x": 729,
      "f1_local_snap_y_px": 44,
      "f1_local_snap_search_px": 8,
      "f1_local_snap_search_up_px": 4,
      "f1_local_snap_search_down_px": 12,
      "f1_local_snap_prefer_lower_weight": 0.02,
      "f3_local_snap_x": 729,
      "f3_local_snap_y_px": 195,
      "f3_local_snap_search_px": 6,
      "f3_local_snap_search_up_px": 6,
      "f3_local_snap_search_down_px": 6,
      "f3_local_snap_prefer_lower_weight": 0.0,
      "f4_local_snap_x": 729,
      "f4_local_snap_y_px": 259,
      "f4_local_snap_search_px": 8,
      "f4_local_snap_search_up_px": 6,
      "f4_local_snap_search_down_px": 14,
      "f4_local_snap_prefer_lower_weight": 0.05,
      "f2_local_snap_x": 729,
      "f2_local_snap_y_px": 142,
      "f2_local_snap_search_px": 8,
      "f2_local_snap_search_up_px": 14,
      "f2_local_snap_search_down_px": 2,
      "f2_local_snap_prefer_lower_weight": 0.0,
      "f2_consensus_x_range": [
        723,
        729
      ],
      "f2_consensus_y_px": 139,
      "f2_consensus_anchor_y_px": 142,
      "f2_consensus_seed_y_px": 142,
      "f2_consensus_support_cols": 6,
      "f2_consensus_support_ratio": 0.8091906843936825,
      "f2_consensus_jump_px": 3,
      "f2_consensus_tol_px": 5,
      "f2_consensus_reason": "accepted",
      "f2_consensus_applied": true,
      "f3_consensus_applied": false,
      "f3_consensus_x_range": [
        723,
        729
      ],
      "f3_consensus_y_px": 195,
      "f3_consensus_anchor_y_px": 195,
      "f3_consensus_seed_y_px": 195,
      "f3_consensus_support_cols": 3,
      "f3_consensus_support_ratio": 0.4686095144371631,
      "f3_consensus_jump_px": 0,
      "f3_consensus_tol_px": 5,
      "f3_consensus_reason": "low_support",
      "f4_consensus_x_range": [
        723,
        729
      ],
      "f4_consensus_y_px": 259,
      "f4_consensus_anchor_y_px": 259,
      "f4_consensus_seed_y_px": 261,
      "f4_consensus_support_cols": 7,
      "f4_consensus_support_ratio": 1.0,
      "f4_consensus_jump_px": 0,
      "f4_consensus_tol_px": 6,
      "f4_consensus_reason": "accepted",
      "f4_consensus_applied": true,
      "scale_ranges": {
        "F1": [
          7.2,
          8.4
        ],
        "F2": [
          13.1,
          14.5
        ],
        "F3": [
          18.6,
          20.2
        ],
        "F4": [
          24.1,
          26.5
        ]
      }
    },
    "A": {
      "x_day0": 59,
      "x_day1": 394,
      "x_day2": 729,
      "day_w": 335.0,
      "x_day0_time": 59,
      "x_day1_time": 351,
      "x_day2_time": 643,
      "day_w_time": 292.0,
      "x_plot_end": 935,
      "x1_static": 936,
      "x1_dyn": 935,
      "x1_dyn_used": true,
      "pph": 12.166666666666666,