{
  "saved_at_utc": "2026-04-29T07:35:34.748375+00:00",
  "source": "tomsk_sos70_param_charts",
  "freq_max_hz": 40.0,
  "values": {
    "scale_ranges": {
      "F": {
        "F1": [
          7.2,
          8.4
        ],
        "F2": [
          13.1,
          14.5
        ],
        "F3": [
          18.6,
          20.2
        ],
        "F4": [
          24.1,
          26.5
        ]
      },
      "A": {
        "A1": [
          1.0,
          45.0
        ],
        "A2": [
          1.0,
          61.5
        ],
        "A3": [
          2.2,
          12.2
        ],
        "A4": [
          1.1,
          10.2
        ]
      },
      "Q": {
        "Q1": [
          4.0,
          38.0
        ],
        "Q2": [
          5.0,
          17.5
        ],
        "Q3": [
          7.0,
          23.0
        ],
        "Q4": [
          5.0,
          30.0
        ]
      }
    },
    "scale_units": {
      "F_hz": "Hz",
      "A_value": "idx",
      "Q_value": "idx"
    },
    "F_norm": {
      "F1": 0.11498257839721254,
      "F2": 0.3310104529616725,
      "F3": 0.5888501742160279,
      "F4": 0.7526132404181185
    },
    "F_y_px": {
      "F1": 68,
      "F2": 130,
      "F3": 204,
      "F4": 251
    },
    "F_lane_norm": {
      "F1": 0.47368421052631576,
      "F2": 0.5,
      "F3": 1.0,
      "F4": 0.9565217391304348
    },
    "F_hz": {
      "F1": 7.831578947368421,
      "F2": 13.8,
      "F3": 18.6,
      "F4": 24.20434782608696
    },
    "A_norm": {
      "A1": 0.2961672473867596,
      "A2": 0.5052264808362369,
      "A3": 0.7003484320557491,
      "A4": 0.7421602787456446
    },
    "A_y_px": {
      "A1": 120,
      "A2": 180,
      "A3": 236,
      "A4": 248
    },
    "A_lane_norm": {
      "A1": 0.9156626506024096,
      "A2": 0.8979591836734694,
      "A3": 0.8247422680412371,
      "A4": 0.1978021978021978
    },
    "A_value": {
      "A1": 4.710843373493979,
      "A2": 7.173469387755105,
      "A3": 3.952577319587629,
      "A4": 8.399999999999999
    },
    "Q_norm": {
      "Q1": 0.30313588850174217,
      "Q2": 0.5400696864111498,
      "Q3": 0.6968641114982579,
      "Q4": 0.9547038327526133
    },
    "Q_y_px": {
      "Q1": 122,
      "Q2": 190,
      "Q3": 235,
      "Q4": 309
    },
    "Q_lane_norm": {
      "Q1": 0.8202247191011236,
      "Q2": 0.8865979381443299,
      "Q3": 0.7669902912621359,
      "Q4": 0.8588235294117647
    },
    "Q_value": {
      "Q1": 10.112359550561798,
      "Q2": 6.417525773195877,
      "Q3": 10.728155339805825,
      "Q4": 8.529411764705884
    }
  },
  "debug": {
    "F": {
      "x_day0": 59,
      "x_day1": 368,
      "x_day2": 678,
      "day_w": 309.5,
      "x_day0_time": 59,
      "x_day1_time": 351,
      "x_day2_time": 643,
      "day_w_time": 292.0,
      "x_plot_end": 935,
      "x1_static": 936,
      "x1_dyn": 935,
      "x1_dyn_used": true,
      "pph": 12.166666666666666,
      "pph_source": "day_width (tick-mismatch-fallback)",
      "pph_tick": 19.0,
      "tick_pph_rel_err": 0.5616438356164384,
      "tick_pph_valid": false,
      "tick_count": 50,
      "tick_quality": 0.6944444444444444,
      "tick_used": false,
      "x_frontier": 820,
      "frontier_method": "activity_scan",
      "frontier_activity_thr": 0.4547223091125488,
      "frontier_activity_right_tail": 0.13430556654930115,
      "frontier_activity_run_px": 8,
      "guard_px": 4,
      "left_guard": 645,
      "right_guard": 816,
      "x_time": 821,
      "x_ideal": 821,
      "x_now": 821,
      "x_now_method": "ideal",
      "hour_now_tsst": 14.592777777777778,
      "rollover_hour_min": 3.0,
      "rollover_hour_max": 8.5,
      "delta_min_to_guard": -24.657534246575345,
      "delta_min_to_frontier": -4.931506849315069,
      "frontier_day_fill": 0.6061643835616438,
      "rollover_candidate": false,
      "bias_minutes_applied": 0.0,
      "measured_bias_minutes": null,
      "age_hours": null,
      "status": "ok",
      "x_pick": 820,
      "x_pick_edge": 821,
      "x_pick_safe_right": 923,
      "x_overlay": 821,
      "f1_path_x_range": [
        807,
        821
      ],
      "f1_path_target_col": 13,
      "f1_path_y_px": 69,
      "f4_path_x_range": [
        807,
        821
      ],
      "f4_path_target_col": 13,
      "f4_path_y_px": 251,
      "f1_path2_x_range": [
        811,
        821
      ],
      "f1_path2_target_col": 9,
      "f1_path2_y_px": 70,
      "f1_path2_y_direct_px": 44,
      "f1_path2_direct_used": false,
      "f1_path2_direct_allowed": false,
      "f1_path2_left_weight": 0.35,
      "f1_path2_right_weight": 1.0,
      "f2_path2_x_range": [
        811,
        821
      ],
      "f2_path2_target_col": 9,
      "f2_path2_y_px": 142,
      "f2_path2_y_direct_px": 130,
      "f2_path2_direct_used": false,
      "f2_path2_direct_allowed": false,
      "f2_path2_left_weight": 0.4,
      "f2_path2_right_weight": 1.0,
      "f4_path2_x_range": [
        811,
        821
      ],
      "f4_path2_target_col": 9,
      "f4_path2_y_px": 251,
      "f4_path2_y_direct_px": 251,
      "f4_path2_direct_used": false,
      "f4_path2_direct_allowed": false,
      "f4_path2_left_weight": 0.4,
      "f4_path2_right_weight": 1.0,
      "f1_local_snap_x": 821,
      "f1_local_snap_y_px": 68,
      "f1_local_snap_search_px": 8,
      "f1_local_snap_search_up_px": 4,
      "f1_local_snap_search_down_px": 12,
      "f1_local_snap_prefer_lower_weight": 0.02,
      "f3_local_snap_x": 821,
      "f3_local_snap_y_px": 204,
      "f3_local_snap_search_px": 6,
      "f3_local_snap_search_up_px": 6,
      "f3_local_snap_search_down_px": 6,
      "f3_local_snap_prefer_lower_weight": 0.0,
      "f4_local_snap_x": 821,
      "f4_local_snap_y_px": 251,
      "f4_local_snap_search_px": 8,
      "f4_local_snap_search_up_px": 6,
      "f4_local_snap_search_down_px": 14,
      "f4_local_snap_prefer_lower_weight": 0.05,
      "f2_local_snap_x": 821,
      "f2_local_snap_y_px": 130,
      "f2_local_snap_search_px": 8,
      "f2_local_snap_search_up_px": 14,
      "f2_local_snap_search_down_px": 2,
      "f2_local_snap_prefer_lower_weight": 0.0,
      "f2_consensus_applied": false,
      "f2_consensus_x_range": [
        815,
        821
      ],
      "f2_consensus_y_px": 140,
      "f2_consensus_anchor_y_px": 130,
      "f2_consensus_seed_y_px": 142,
      "f2_consensus_support_cols": 4,
      "f2_consensus_support_ratio": 0.48696310521845104,
      "f2_consensus_jump_px": 10,
      "f2_consensus_tol_px": 5,
      "f2_consensus_reason": "low_support",
      "f3_consensus_x_range": [
        815,
        821
      ],
      "f3_consensus_y_px": 204,
      "f3_consensus_anchor_y_px": 204,
      "f3_consensus_seed_y_px": 204,
      "f3_consensus_support_cols": 4,
      "f3_consensus_support_ratio": 0.6613043921559743,
      "f3_consensus_jump_px": 0,
      "f3_consensus_tol_px": 5,
      "f3_consensus_reason": "accepted",
      "f3_consensus_applied": true,
      "f4_consensus_applied": false,
      "f4_consensus_x_range": [
        815,
        821
      ],
      "f4_consensus_y_px": 231,
      "f4_consensus_anchor_y_px": 251,
      "f4_consensus_seed_y_px": 230,
      "f4_consensus_support_cols": 4,
      "f4_consensus_support_ratio": 0.5409321490350043,
      "f4_consensus_jump_px": 20,
      "f4_consensus_tol_px": 6,
      "f4_consensus_reason": "low_support",
      "scale_ranges": {
        "F1": [
          7.2,
          8.4
        ],
        "F2": [
          13.1,
          14.5
        ],
        "F3": [
          18.6,
          20.2
        ],
        "F4": [
          24.1,
          26.5
        ]
      }
    },
    "A": {
      "x_day0": 59,
      "x_day1": 372,
      "x_day2": 684,
      "day_w": 312.5,
      "x_day0_time": 59,
      "x_day1_time": 351,
      "x_day2_time": 643,
      "day_w_time": 292.0,
      "x_plot_end": 935,
      "x1_static": 936,
      "x1_dyn": 935,
      "x1_dyn_used": true,
      "pph": 12.166666666666666,