{
  "saved_at_utc": "2026-03-22T04:30:50.518573+00:00",
  "source": "tomsk_sos70_param_charts",
  "freq_max_hz": 40.0,
  "values": {
    "scale_ranges": {
      "F": {
        "F1": [
          7.2,
          8.4
        ],
        "F2": [
          13.1,
          14.5
        ],
        "F3": [
          18.6,
          20.2
        ],
        "F4": [
          24.1,
          26.5
        ]
      },
      "A": {
        "A1": [
          1.0,
          45.0
        ],
        "A2": [
          1.0,
          61.5
        ],
        "A3": [
          2.2,
          12.2
        ],
        "A4": [
          1.1,
          10.2
        ]
      },
      "Q": {
        "Q1": [
          4.0,
          38.0
        ],
        "Q2": [
          5.0,
          17.5
        ],
        "Q3": [
          7.0,
          23.0
        ],
        "Q4": [
          5.0,
          30.0
        ]
      }
    },
    "scale_units": {
      "F_hz": "Hz",
      "A_value": "idx",
      "Q_value": "idx"
    },
    "F_norm": {
      "F1": 0.03484320557491289,
      "F2": 0.39372822299651566,
      "F3": 0.42857142857142855,
      "F4": 0.794425087108014
    },
    "F_y_px": {
      "F1": 45,
      "F2": 148,
      "F3": 158,
      "F4": 263
    },
    "F_lane_norm": {
      "F1": 0.07017543859649122,
      "F2": 0.8461538461538461,
      "F3": 0.0,
      "F4": 1.0
    },
    "F_hz": {
      "F1": 8.31578947368421,
      "F2": 13.315384615384616,
      "F3": 20.2,
      "F4": 24.1
    },
    "A_norm": {
      "A1": 0.28222996515679444,
      "A2": 0.4564459930313589,
      "A3": 0.6689895470383276,
      "A4": 0.8954703832752613
    },
    "A_y_px": {
      "A1": 116,
      "A2": 166,
      "A3": 227,
      "A4": 292
    },
    "A_lane_norm": {
      "A1": 0.8674698795180723,
      "A2": 0.7551020408163265,
      "A3": 0.7319587628865979,
      "A4": 0.6813186813186813
    },
    "A_value": {
      "A1": 6.831325301204821,
      "A2": 15.816326530612251,
      "A3": 4.88041237113402,
      "A4": 3.999999999999999
    },
    "Q_norm": {
      "Q1": 0.313588850174216,
      "Q2": 0.4425087108013937,
      "Q3": 0.6655052264808362,
      "Q4": 0.9024390243902439
    },
    "Q_y_px": {
      "Q1": 125,
      "Q2": 162,
      "Q3": 226,
      "Q4": 294
    },
    "Q_lane_norm": {
      "Q1": 0.8539325842696629,
      "Q2": 0.5979381443298969,
      "Q3": 0.6796116504854369,
      "Q4": 0.6823529411764706
    },
    "Q_value": {
      "Q1": 8.966292134831463,
      "Q2": 10.025773195876289,
      "Q3": 12.12621359223301,
      "Q4": 12.941176470588236
    }
  },
  "debug": {
    "F": {
      "x_day0": 59,
      "x_day1": 356,
      "x_day2": 654,
      "day_w": 297.5,
      "x_day0_time": 59,
      "x_day1_time": 351,
      "x_day2_time": 643,
      "day_w_time": 292.0,
      "x_plot_end": 935,
      "x1_static": 936,
      "x1_dyn": 935,
      "x1_dyn_used": true,
      "pph": 12.166666666666666,
      "pph_source": "day_width (tick-mismatch-fallback)",
      "pph_tick": 19.0,
      "tick_pph_rel_err": 0.5616438356164384,
      "tick_pph_valid": false,
      "tick_count": 50,
      "tick_quality": 0.6944444444444444,
      "tick_used": false,
      "x_frontier": 856,
      "frontier_method": "activity_scan",
      "frontier_activity_thr": 0.40141689479351045,
      "frontier_activity_right_tail": 0.0756586417555809,
      "frontier_activity_run_px": 8,
      "guard_px": 4,
      "left_guard": 645,
      "right_guard": 852,
      "x_time": 783,
      "x_ideal": 783,
      "x_now": 783,
      "x_now_method": "ideal",
      "hour_now_tsst": 11.51388888888889,
      "rollover_hour_min": 3.0,
      "rollover_hour_max": 8.5,
      "delta_min_to_guard": 340.2739726027398,
      "delta_min_to_frontier": 360.0,
      "frontier_day_fill": 0.7294520547945206,
      "rollover_candidate": false,
      "bias_minutes_applied": 0.0,
      "measured_bias_minutes": null,
      "age_hours": null,
      "status": "ok",
      "x_pick": 782,
      "x_pick_edge": 783,
      "x_pick_safe_right": 923,
      "x_overlay": 783,
      "f1_path_x_range": [
        769,
        783
      ],
      "f1_path_target_col": 13,
      "f1_path_y_px": 43,
      "f4_path_x_range": [
        769,
        783
      ],
      "f4_path_target_col": 13,
      "f4_path_y_px": 263,
      "f1_path2_x_range": [
        773,
        783
      ],
      "f1_path2_target_col": 9,
      "f1_path2_y_px": 44,
      "f1_path2_y_direct_px": 44,
      "f1_path2_direct_used": false,
      "f1_path2_direct_allowed": false,
      "f1_path2_left_weight": 0.35,
      "f1_path2_right_weight": 1.0,
      "f2_path2_x_range": [
        773,
        783
      ],
      "f2_path2_target_col": 9,
      "f2_path2_y_px": 138,
      "f2_path2_y_direct_px": 151,
      "f2_path2_direct_used": false,
      "f2_path2_direct_allowed": false,
      "f2_path2_left_weight": 0.4,
      "f2_path2_right_weight": 1.0,
      "f4_path2_x_range": [
        773,
        783
      ],
      "f4_path2_target_col": 9,
      "f4_path2_y_px": 262,
      "f4_path2_y_direct_px": 262,
      "f4_path2_direct_used": false,
      "f4_path2_direct_allowed": false,
      "f4_path2_left_weight": 0.4,
      "f4_path2_right_weight": 1.0,
      "f1_local_snap_x": 783,
      "f1_local_snap_y_px": 45,
      "f1_local_snap_search_px": 8,
      "f1_local_snap_search_up_px": 4,
      "f1_local_snap_search_down_px": 12,
      "f1_local_snap_prefer_lower_weight": 0.02,
      "f3_local_snap_x": 783,
      "f3_local_snap_y_px": 158,
      "f3_local_snap_search_px": 6,
      "f3_local_snap_search_up_px": 6,
      "f3_local_snap_search_down_px": 6,
      "f3_local_snap_prefer_lower_weight": 0.0,
      "f4_local_snap_x": 783,
      "f4_local_snap_y_px": 264,
      "f4_local_snap_search_px": 8,
      "f4_local_snap_search_up_px": 6,
      "f4_local_snap_search_down_px": 14,
      "f4_local_snap_prefer_lower_weight": 0.05,
      "f2_local_snap_x": 783,
      "f2_local_snap_y_px": 133,
      "f2_local_snap_search_px": 8,
      "f2_local_snap_search_up_px": 14,
      "f2_local_snap_search_down_px": 2,
      "f2_local_snap_prefer_lower_weight": 0.0,
      "f2_consensus_x_range": [
        777,
        783
      ],
      "f2_consensus_y_px": 148,
      "f2_consensus_anchor_y_px": 133,
      "f2_consensus_seed_y_px": 145,
      "f2_consensus_support_cols": 4,
      "f2_consensus_support_ratio": 0.6597200622083981,
      "f2_consensus_jump_px": 15,
      "f2_consensus_tol_px": 5,
      "f2_consensus_reason": "accepted",
      "f2_consensus_applied": true,
      "f3_consensus_applied": false,
      "f3_consensus_x_range": [
        777,
        783
      ],
      "f3_consensus_y_px": 197,
      "f3_consensus_anchor_y_px": 158,
      "f3_consensus_seed_y_px": 201,
      "f3_consensus_support_cols": 5,
      "f3_consensus_support_ratio": 0.667155805894504,
      "f3_consensus_jump_px": 39,
      "f3_consensus_tol_px": 5,
      "f3_consensus_reason": "excessive_jump",
      "f4_consensus_x_range": [
        777,
        783
      ],
      "f4_consensus_y_px": 263,
      "f4_consensus_anchor_y_px": 264,
      "f4_consensus_seed_y_px": 264,
      "f4_consensus_support_cols": 7,
      "f4_consensus_support_ratio": 1.0,
      "f4_consensus_jump_px": 1,
      "f4_consensus_tol_px": 6,
      "f4_consensus_reason": "accepted",
      "f4_consensus_applied": true,
      "scale_ranges": {
        "F1": [
          7.2,
          8.4
        ],
        "F2": [
          13.1,
          14.5
        ],
        "F3": [
          18.6,
          20.2
        ],
        "F4": [
          24.1,
          26.5
        ]
      }
    },
    "A": {
      "x_day0": 59,
      "x_day1": 380,
      "x_day2": 702,
      "day_w": 321.5,
      "x_day0_time": 59,
      "x_day1_time": 351,
      "x_day2_time": 643,
      "day_w_time": 292.0,
      "x_plot_end": 935,
      "x1_static": 936,
      "x1_dyn": 935,
      "x1_dyn_used": true,
      "pph": 12.166666666666666,
      "pph_source": "day_width (tick-mismatch-fallback)",