{
  "saved_at_utc": "2026-04-11T09:48:18.485242+00:00",
  "source": "tomsk_sos70_param_charts",
  "freq_max_hz": 40.0,
  "values": {
    "scale_ranges": {
      "F": {
        "F1": [
          7.2,
          8.4
        ],
        "F2": [
          13.1,
          14.5
        ],
        "F3": [
          18.6,
          20.2
        ],
        "F4": [
          24.1,
          26.5
        ]
      },
      "A": {
        "A1": [
          1.0,
          45.0
        ],
        "A2": [
          1.0,
          61.5
        ],
        "A3": [
          2.2,
          12.2
        ],
        "A4": [
          1.1,
          10.2
        ]
      },
      "Q": {
        "Q1": [
          4.0,
          38.0
        ],
        "Q2": [
          5.0,
          17.5
        ],
        "Q3": [
          7.0,
          23.0
        ],
        "Q4": [
          5.0,
          30.0
        ]
      }
    },
    "scale_units": {
      "F_hz": "Hz",
      "A_value": "idx",
      "Q_value": "idx"
    },
    "F_norm": {
      "F1": 0.1289198606271777,
      "F2": 0.39372822299651566,
      "F3": 0.5853658536585366,
      "F4": 0.7456445993031359
    },
    "F_y_px": {
      "F1": 72,
      "F2": 148,
      "F3": 203,
      "F4": 249
    },
    "F_lane_norm": {
      "F1": 0.543859649122807,
      "F2": 0.8461538461538461,
      "F3": 0.9782608695652174,
      "F4": 0.9130434782608695
    },
    "F_hz": {
      "F1": 7.747368421052632,
      "F2": 13.315384615384616,
      "F3": 18.634782608695655,
      "F4": 24.308695652173913
    },
    "A_norm": {
      "A1": 0.29965156794425085,
      "A2": 0.5121951219512195,
      "A3": 0.7038327526132404,
      "A4": 0.9407665505226481
    },
    "A_y_px": {
      "A1": 121,
      "A2": 182,
      "A3": 237,
      "A4": 305
    },
    "A_lane_norm": {
      "A1": 0.927710843373494,
      "A2": 0.9183673469387755,
      "A3": 0.8350515463917526,
      "A4": 0.8241758241758241
    },
    "A_value": {
      "A1": 4.180722891566262,
      "A2": 5.938775510204081,
      "A3": 3.849484536082473,
      "A4": 2.7
    },
    "Q_norm": {
      "Q1": 0.313588850174216,
      "Q2": 0.5052264808362369,
      "Q3": 0.7073170731707317,
      "Q4": 0.8013937282229965
    },
    "Q_y_px": {
      "Q1": 125,
      "Q2": 180,
      "Q3": 238,
      "Q4": 265
    },
    "Q_lane_norm": {
      "Q1": 0.8539325842696629,
      "Q2": 0.7835051546391752,
      "Q3": 0.7961165048543689,
      "Q4": 0.3411764705882353
    },
    "Q_value": {
      "Q1": 8.966292134831463,
      "Q2": 7.7061855670103085,
      "Q3": 10.262135922330097,
      "Q4": 21.470588235294116
    }
  },
  "debug": {
    "F": {
      "x_day0": 59,
      "x_day1": 384,
      "x_day2": 709,
      "day_w": 325.0,
      "x_day0_time": 59,
      "x_day1_time": 351,
      "x_day2_time": 643,
      "day_w_time": 292.0,
      "x_plot_end": 935,
      "x1_static": 936,
      "x1_dyn": 935,
      "x1_dyn_used": true,
      "pph": 12.166666666666666,
      "pph_source": "day_width (tick-mismatch-fallback)",
      "pph_tick": 19.0,
      "tick_pph_rel_err": 0.5616438356164384,
      "tick_pph_valid": false,
      "tick_count": 50,
      "tick_quality": 0.6944444444444444,
      "tick_used": false,
      "x_frontier": 846,
      "frontier_method": "activity_scan",
      "frontier_activity_thr": 0.41816915720701214,
      "frontier_activity_right_tail": 0.07237597554922104,
      "frontier_activity_run_px": 8,
      "guard_px": 4,
      "left_guard": 645,
      "right_guard": 842,
      "x_time": 847,
      "x_ideal": 847,
      "x_now": 847,
      "x_now_method": "ideal",
      "hour_now_tsst": 16.805,
      "rollover_hour_min": 3.0,
      "rollover_hour_max": 8.5,
      "delta_min_to_guard": -24.657534246575345,
      "delta_min_to_frontier": -4.931506849315069,
      "frontier_day_fill": 0.6952054794520548,
      "rollover_candidate": false,
      "bias_minutes_applied": 0.0,
      "measured_bias_minutes": null,
      "age_hours": null,
      "status": "ok",
      "x_pick": 846,
      "x_pick_edge": 847,
      "x_pick_safe_right": 923,
      "x_overlay": 847,
      "f1_path_x_range": [
        833,
        847
      ],
      "f1_path_target_col": 13,
      "f1_path_y_px": 67,
      "f4_path_x_range": [
        833,
        847
      ],
      "f4_path_target_col": 13,
      "f4_path_y_px": 250,
      "f1_path2_x_range": [
        837,
        847
      ],
      "f1_path2_target_col": 9,
      "f1_path2_y_px": 66,
      "f1_path2_y_direct_px": 78,
      "f1_path2_direct_used": false,
      "f1_path2_direct_allowed": false,
      "f1_path2_left_weight": 0.35,
      "f1_path2_right_weight": 1.0,
      "f2_path2_x_range": [
        837,
        847
      ],
      "f2_path2_target_col": 9,
      "f2_path2_y_px": 149,
      "f2_path2_y_direct_px": 157,
      "f2_path2_direct_used": false,
      "f2_path2_direct_allowed": false,
      "f2_path2_left_weight": 0.4,
      "f2_path2_right_weight": 1.0,
      "f4_path2_x_range": [
        837,
        847
      ],
      "f4_path2_target_col": 9,
      "f4_path2_y_px": 250,
      "f4_path2_y_direct_px": 250,
      "f4_path2_direct_used": false,
      "f4_path2_direct_allowed": false,
      "f4_path2_left_weight": 0.4,
      "f4_path2_right_weight": 1.0,
      "f1_local_snap_x": 847,
      "f1_local_snap_y_px": 72,
      "f1_local_snap_search_px": 8,
      "f1_local_snap_search_up_px": 4,
      "f1_local_snap_search_down_px": 12,
      "f1_local_snap_prefer_lower_weight": 0.02,
      "f3_local_snap_x": 847,
      "f3_local_snap_y_px": 198,
      "f3_local_snap_search_px": 6,
      "f3_local_snap_search_up_px": 6,
      "f3_local_snap_search_down_px": 6,
      "f3_local_snap_prefer_lower_weight": 0.0,
      "f4_local_snap_x": 847,
      "f4_local_snap_y_px": 249,
      "f4_local_snap_search_px": 8,
      "f4_local_snap_search_up_px": 6,
      "f4_local_snap_search_down_px": 14,
      "f4_local_snap_prefer_lower_weight": 0.05,
      "f2_local_snap_x": 847,
      "f2_local_snap_y_px": 151,
      "f2_local_snap_search_px": 8,
      "f2_local_snap_search_up_px": 14,
      "f2_local_snap_search_down_px": 2,
      "f2_local_snap_prefer_lower_weight": 0.0,
      "f2_consensus_x_range": [
        841,
        847
      ],
      "f2_consensus_y_px": 148,
      "f2_consensus_anchor_y_px": 151,
      "f2_consensus_seed_y_px": 147,
      "f2_consensus_support_cols": 6,
      "f2_consensus_support_ratio": 0.8130110697001725,
      "f2_consensus_jump_px": 3,
      "f2_consensus_tol_px": 5,
      "f2_consensus_reason": "accepted",
      "f2_consensus_applied": true,
      "f3_consensus_x_range": [
        841,
        847
      ],
      "f3_consensus_y_px": 203,
      "f3_consensus_anchor_y_px": 198,
      "f3_consensus_seed_y_px": 204,
      "f3_consensus_support_cols": 6,
      "f3_consensus_support_ratio": 0.8131860701003043,
      "f3_consensus_jump_px": 5,
      "f3_consensus_tol_px": 5,
      "f3_consensus_reason": "accepted",
      "f3_consensus_applied": true,
      "f4_consensus_x_range": [
        841,
        847
      ],
      "f4_consensus_y_px": 249,
      "f4_consensus_anchor_y_px": 249,
      "f4_consensus_seed_y_px": 250,
      "f4_consensus_support_cols": 4,
      "f4_consensus_support_ratio": 0.6237624711283196,
      "f4_consensus_jump_px": 0,
      "f4_consensus_tol_px": 6,
      "f4_consensus_reason": "accepted",
      "f4_consensus_applied": true,
      "scale_ranges": {
        "F1": [
          7.2,
          8.4
        ],
        "F2": [
          13.1,
          14.5
        ],
        "F3": [
          18.6,
          20.2
        ],
        "F4": [
          24.1,
          26.5
        ]
      }
    },
    "A": {
      "x_day0": 59,
      "x_day1": 372,
      "x_day2": 684,
      "day_w": 312.5,
      "x_day0_time": 59,
      "x_day1_time": 351,
      "x_day2_time": 643,
      "day_w_time": 292.0,
      "x_plot_end": 935,
      "x1_static": 936,
      "x1_dyn": 935,
      "x1_dyn_used": true,
      "pph": 12.166666666666666,