{
  "saved_at_utc": "2026-04-01T17:25:41.832082+00:00",
  "source": "tomsk_sos70_param_charts",
  "freq_max_hz": 40.0,
  "values": {
    "scale_ranges": {
      "F": {
        "F1": [
          7.2,
          8.4
        ],
        "F2": [
          13.1,
          14.5
        ],
        "F3": [
          18.6,
          20.2
        ],
        "F4": [
          24.1,
          26.5
        ]
      },
      "A": {
        "A1": [
          1.0,
          45.0
        ],
        "A2": [
          1.0,
          61.5
        ],
        "A3": [
          2.2,
          12.2
        ],
        "A4": [
          1.1,
          10.2
        ]
      },
      "Q": {
        "Q1": [
          4.0,
          38.0
        ],
        "Q2": [
          5.0,
          17.5
        ],
        "Q3": [
          7.0,
          23.0
        ],
        "Q4": [
          5.0,
          30.0
        ]
      }
    },
    "scale_units": {
      "F_hz": "Hz",
      "A_value": "idx",
      "Q_value": "idx"
    },
    "F_norm": {
      "F1": 0.05226480836236934,
      "F2": 0.289198606271777,
      "F3": 0.5749128919860628,
      "F4": 0.6794425087108014
    },
    "F_y_px": {
      "F1": 50,
      "F2": 118,
      "F3": 200,
      "F4": 230
    },
    "F_lane_norm": {
      "F1": 0.15789473684210525,
      "F2": 0.2692307692307692,
      "F3": 0.9130434782608695,
      "F4": 0.5
    },
    "F_hz": {
      "F1": 8.210526315789474,
      "F2": 14.123076923076923,
      "F3": 18.73913043478261,
      "F4": 25.3
    },
    "A_norm": {
      "A1": 0.3170731707317073,
      "A2": 0.5156794425087108,
      "A3": 0.7317073170731707,
      "A4": 0.9303135888501742
    },
    "A_y_px": {
      "A1": 126,
      "A2": 183,
      "A3": 245,
      "A4": 302
    },
    "A_lane_norm": {
      "A1": 0.9879518072289156,
      "A2": 0.9285714285714286,
      "A3": 0.9175257731958762,
      "A4": 0.7912087912087912
    },
    "A_value": {
      "A1": 1.5301204819277103,
      "A2": 5.321428571428569,
      "A3": 3.024742268041237,
      "A4": 3.0
    },
    "Q_norm": {
      "Q1": 0.30662020905923343,
      "Q2": 0.49477351916376305,
      "Q3": 0.6550522648083623,
      "Q4": 0.926829268292683
    },
    "Q_y_px": {
      "Q1": 123,
      "Q2": 177,
      "Q3": 223,
      "Q4": 301
    },
    "Q_lane_norm": {
      "Q1": 0.8314606741573034,
      "Q2": 0.7525773195876289,
      "Q3": 0.6504854368932039,
      "Q4": 0.7647058823529411
    },
    "Q_value": {
      "Q1": 9.730337078651683,
      "Q2": 8.092783505154639,
      "Q3": 12.592233009708737,
      "Q4": 10.882352941176471
    }
  },
  "debug": {
    "F": {
      "x_day0": 59,
      "x_day1": 384,
      "x_day2": 709,
      "day_w": 325.0,
      "x_day0_time": 59,
      "x_day1_time": 351,
      "x_day2_time": 644,
      "day_w_time": 292.3333333333333,
      "x_plot_end": 936,
      "x1_static": 936,
      "x1_dyn": 1006,
      "x1_dyn_used": false,
      "pph": 12.180555555555555,
      "pph_source": "day_width (tick-mismatch-fallback)",
      "pph_tick": 19.0,
      "tick_pph_rel_err": 0.5598631698973775,
      "tick_pph_valid": false,
      "tick_count": 50,
      "tick_quality": 0.6944444444444444,
      "tick_used": false,
      "x_frontier": 935,
      "frontier_method": "activity_scan",
      "frontier_activity_thr": 0.3601461187005043,
      "frontier_activity_right_tail": 0.25903427600860596,
      "frontier_activity_run_px": 8,
      "guard_px": 4,
      "left_guard": 646,
      "right_guard": 931,
      "x_time": 649,
      "x_ideal": 649,
      "x_now": 649,
      "x_now_method": "ideal",
      "hour_now_tsst": 0.4280555555555556,
      "rollover_hour_min": 3.0,
      "rollover_hour_max": 8.5,
      "delta_min_to_guard": 1389.0992018244015,
      "delta_min_to_frontier": 1408.8027366020524,
      "frontier_day_fill": 0.9954389965792475,
      "rollover_candidate": false,
      "bias_minutes_applied": 0.0,
      "measured_bias_minutes": null,
      "age_hours": null,
      "status": "ok",
      "x_pick": 648,
      "x_pick_edge": 649,
      "x_pick_safe_right": 924,
      "x_overlay": 649,
      "f1_path_x_range": [
        635,
        649
      ],
      "f1_path_target_col": 13,
      "f1_path_y_px": 43,
      "f4_path_x_range": [
        635,
        649
      ],
      "f4_path_target_col": 13,
      "f4_path_y_px": 251,
      "f1_path2_x_range": [
        639,
        649
      ],
      "f1_path2_target_col": 9,
      "f1_path2_y_px": 43,
      "f1_path2_y_direct_px": 43,
      "f1_path2_direct_used": false,
      "f1_path2_direct_allowed": false,
      "f1_path2_left_weight": 0.35,
      "f1_path2_right_weight": 1.0,
      "f2_path2_x_range": [
        639,
        649
      ],
      "f2_path2_target_col": 9,
      "f2_path2_y_px": 123,
      "f2_path2_y_direct_px": 117,
      "f2_path2_direct_used": false,
      "f2_path2_direct_allowed": false,
      "f2_path2_left_weight": 0.4,
      "f2_path2_right_weight": 1.0,
      "f4_path2_x_range": [
        639,
        649
      ],
      "f4_path2_target_col": 9,
      "f4_path2_y_px": 231,
      "f4_path2_y_direct_px": 253,
      "f4_path2_direct_used": false,
      "f4_path2_direct_allowed": false,
      "f4_path2_left_weight": 0.4,
      "f4_path2_right_weight": 1.0,
      "f1_local_snap_x": 649,
      "f1_local_snap_y_px": 50,
      "f1_local_snap_search_px": 8,
      "f1_local_snap_search_up_px": 4,
      "f1_local_snap_search_down_px": 12,
      "f1_local_snap_prefer_lower_weight": 0.02,
      "f3_local_snap_x": 649,
      "f3_local_snap_y_px": 200,
      "f3_local_snap_search_px": 6,
      "f3_local_snap_search_up_px": 6,
      "f3_local_snap_search_down_px": 6,
      "f3_local_snap_prefer_lower_weight": 0.0,
      "f4_local_snap_x": 649,
      "f4_local_snap_y_px": 230,
      "f4_local_snap_search_px": 8,
      "f4_local_snap_search_up_px": 6,
      "f4_local_snap_search_down_px": 14,
      "f4_local_snap_prefer_lower_weight": 0.05,
      "f2_local_snap_x": 649,
      "f2_local_snap_y_px": 116,
      "f2_local_snap_search_px": 8,
      "f2_local_snap_search_up_px": 14,
      "f2_local_snap_search_down_px": 2,
      "f2_local_snap_prefer_lower_weight": 0.0,
      "f2_consensus_x_range": [
        643,
        649
      ],
      "f2_consensus_y_px": 118,
      "f2_consensus_anchor_y_px": 116,
      "f2_consensus_seed_y_px": 122,
      "f2_consensus_support_cols": 7,
      "f2_consensus_support_ratio": 1.0,
      "f2_consensus_jump_px": 2,
      "f2_consensus_tol_px": 5,
      "f2_consensus_reason": "accepted",
      "f2_consensus_applied": true,
      "f3_consensus_applied": false,
      "f3_consensus_support_cols": 2,
      "f3_consensus_anchor_y_px": 200,
      "f3_consensus_seed_y_px": 188,
      "f3_consensus_reason": "insufficient_inliers",
      "f4_consensus_x_range": [
        643,
        649
      ],
      "f4_consensus_y_px": 230,
      "f4_consensus_anchor_y_px": 230,
      "f4_consensus_seed_y_px": 232,
      "f4_consensus_support_cols": 5,
      "f4_consensus_support_ratio": 0.7007847086317951,
      "f4_consensus_jump_px": 0,
      "f4_consensus_tol_px": 6,
      "f4_consensus_reason": "accepted",
      "f4_consensus_applied": true,
      "scale_ranges": {
        "F1": [
          7.2,
          8.4
        ],
        "F2": [
          13.1,
          14.5
        ],
        "F3": [
          18.6,
          20.2
        ],
        "F4": [
          24.1,
          26.5
        ]
      }
    },
    "A": {
      "x_day0": 59,
      "x_day1": 372,
      "x_day2": 684,
      "day_w": 312.5,
      "x_day0_time": 59,
      "x_day1_time": 351,
      "x_day2_time": 644,
      "day_w_time": 292.3333333333333,
      "x_plot_end": 936,
      "x1_static": 936,
      "x1_dyn": 1006,
      "x1_dyn_used": false,
      "pph": 12.180555555555555,
      "pph_source": "day_width (tick-mismatch-fallback)",
      "pph_tick": 19.0,
      "tick_pph_rel_err": 0.5598631698973775,
      "tick_pph_valid": false,
      "tick_count": 50,