{
  "saved_at_utc": "2026-06-27T07:43:08.220481+00:00",
  "source": "tomsk_sos70_param_charts",
  "freq_max_hz": 40.0,
  "values": {
    "scale_ranges": {
      "F": {
        "F1": [
          7.2,
          8.4
        ],
        "F2": [
          13.1,
          14.5
        ],
        "F3": [
          18.6,
          20.2
        ],
        "F4": [
          24.1,
          26.5
        ]
      },
      "A": {
        "A1": [
          1.0,
          45.0
        ],
        "A2": [
          1.0,
          61.5
        ],
        "A3": [
          2.2,
          12.2
        ],
        "A4": [
          1.1,
          10.2
        ]
      },
      "Q": {
        "Q1": [
          4.0,
          38.0
        ],
        "Q2": [
          5.0,
          17.5
        ],
        "Q3": [
          7.0,
          23.0
        ],
        "Q4": [
          5.0,
          30.0
        ]
      }
    },
    "scale_units": {
      "F_hz": "Hz",
      "A_value": "idx",
      "Q_value": "idx"
    },
    "F_norm": {
      "F1": 0.0313588850174216,
      "F2": 0.34843205574912894,
      "F3": 0.5017421602787456,
      "F4": 0.7909407665505227
    },
    "F_y_px": {
      "F1": 44,
      "F2": 135,
      "F3": 179,
      "F4": 262
    },
    "F_lane_norm": {
      "F1": 0.05263157894736842,
      "F2": 0.5961538461538461,
      "F3": 0.45652173913043476,
      "F4": 1.0
    },
    "F_hz": {
      "F1": 8.336842105263159,
      "F2": 13.665384615384616,
      "F3": 19.469565217391306,
      "F4": 24.1
    },
    "A_norm": {
      "A1": 0.28222996515679444,
      "A2": 0.4425087108013937,
      "A3": 0.6655052264808362,
      "A4": 0.8850174216027874
    },
    "A_y_px": {
      "A1": 116,
      "A2": 162,
      "A3": 226,
      "A4": 289
    },
    "A_lane_norm": {
      "A1": 0.8674698795180723,
      "A2": 0.7142857142857143,
      "A3": 0.7216494845360825,
      "A4": 0.6483516483516484
    },
    "A_value": {
      "A1": 6.831325301204821,
      "A2": 18.285714285714285,
      "A3": 4.983505154639174,
      "A4": 4.299999999999999
    },
    "Q_norm": {
      "Q1": 0.28222996515679444,
      "Q2": 0.5400696864111498,
      "Q3": 0.6550522648083623,
      "Q4": 0.710801393728223
    },
    "Q_y_px": {
      "Q1": 116,
      "Q2": 190,
      "Q3": 223,
      "Q4": 239
    },
    "Q_lane_norm": {
      "Q1": 0.7528089887640449,
      "Q2": 0.8865979381443299,
      "Q3": 0.6504854368932039,
      "Q4": 0.03529411764705882
    },
    "Q_value": {
      "Q1": 12.404494382022474,
      "Q2": 6.417525773195877,
      "Q3": 12.592233009708737,
      "Q4": 29.11764705882353
    }
  },
  "debug": {
    "F": {
      "x_day0": 59,
      "x_day1": 392,
      "x_day2": 725,
      "day_w": 333.0,
      "x_day0_time": 59,
      "x_day1_time": 351,
      "x_day2_time": 643,
      "day_w_time": 292.0,
      "x_plot_end": 935,
      "x1_static": 936,
      "x1_dyn": 935,
      "x1_dyn_used": true,
      "pph": 12.166666666666666,
      "pph_source": "day_width (tick-mismatch-fallback)",
      "pph_tick": 19.0,
      "tick_pph_rel_err": 0.5616438356164384,
      "tick_pph_valid": false,
      "tick_count": 50,
      "tick_quality": 0.6944444444444444,
      "tick_used": false,
      "x_frontier": 822,
      "frontier_method": "activity_scan",
      "frontier_activity_thr": 0.4606772482395172,
      "frontier_activity_right_tail": 0.1344490647315979,
      "frontier_activity_run_px": 8,
      "guard_px": 4,
      "left_guard": 645,
      "right_guard": 818,
      "x_time": 822,
      "x_ideal": 822,
      "x_now": 822,
      "x_now_method": "ideal",
      "hour_now_tsst": 14.71888888888889,
      "rollover_hour_min": 3.0,
      "rollover_hour_max": 8.5,
      "delta_min_to_guard": -19.726027397260275,
      "delta_min_to_frontier": 0.0,
      "frontier_day_fill": 0.613013698630137,
      "rollover_candidate": false,
      "bias_minutes_applied": 0.0,
      "measured_bias_minutes": null,
      "age_hours": null,
      "status": "ok",
      "x_pick": 821,
      "x_pick_edge": 822,
      "x_pick_safe_right": 923,
      "x_overlay": 822,
      "f1_path_x_range": [
        808,
        822
      ],
      "f1_path_target_col": 13,
      "f1_path_y_px": 69,
      "f4_path_x_range": [
        808,
        822
      ],
      "f4_path_target_col": 13,
      "f4_path_y_px": 251,
      "f1_path2_x_range": [
        812,
        822
      ],
      "f1_path2_target_col": 9,
      "f1_path2_y_px": 44,
      "f1_path2_y_direct_px": 44,
      "f1_path2_direct_used": false,
      "f1_path2_direct_allowed": false,
      "f1_path2_left_weight": 0.35,
      "f1_path2_right_weight": 1.0,
      "f2_path2_x_range": [
        812,
        822
      ],
      "f2_path2_target_col": 9,
      "f2_path2_y_px": 144,
      "f2_path2_y_direct_px": 135,
      "f2_path2_direct_used": false,
      "f2_path2_direct_allowed": false,
      "f2_path2_left_weight": 0.4,
      "f2_path2_right_weight": 1.0,
      "f4_path2_x_range": [
        812,
        822
      ],
      "f4_path2_target_col": 9,
      "f4_path2_y_px": 258,
      "f4_path2_y_direct_px": 251,
      "f4_path2_direct_used": false,
      "f4_path2_direct_allowed": false,
      "f4_path2_left_weight": 0.4,
      "f4_path2_right_weight": 1.0,
      "f1_local_snap_x": 822,
      "f1_local_snap_y_px": 44,
      "f1_local_snap_search_px": 8,
      "f1_local_snap_search_up_px": 4,
      "f1_local_snap_search_down_px": 12,
      "f1_local_snap_prefer_lower_weight": 0.02,
      "f3_local_snap_x": 822,
      "f3_local_snap_y_px": 195,
      "f3_local_snap_search_px": 6,
      "f3_local_snap_search_up_px": 6,
      "f3_local_snap_search_down_px": 6,
      "f3_local_snap_prefer_lower_weight": 0.0,
      "f4_local_snap_x": 822,
      "f4_local_snap_y_px": 252,
      "f4_local_snap_search_px": 8,
      "f4_local_snap_search_up_px": 6,
      "f4_local_snap_search_down_px": 14,
      "f4_local_snap_prefer_lower_weight": 0.05,
      "f2_local_snap_x": 822,
      "f2_local_snap_y_px": 135,
      "f2_local_snap_search_px": 8,
      "f2_local_snap_search_up_px": 14,
      "f2_local_snap_search_down_px": 2,
      "f2_local_snap_prefer_lower_weight": 0.0,
      "f2_consensus_applied": false,
      "f2_consensus_x_range": [
        816,
        822
      ],
      "f2_consensus_y_px": 135,
      "f2_consensus_anchor_y_px": 135,
      "f2_consensus_seed_y_px": 130,
      "f2_consensus_support_cols": 3,
      "f2_consensus_support_ratio": 0.5395390830908975,
      "f2_consensus_jump_px": 0,
      "f2_consensus_tol_px": 5,
      "f2_consensus_reason": "low_support",
      "f3_consensus_x_range": [
        816,
        822
      ],
      "f3_consensus_y_px": 179,
      "f3_consensus_anchor_y_px": 195,
      "f3_consensus_seed_y_px": 179,
      "f3_consensus_support_cols": 5,
      "f3_consensus_support_ratio": 0.7668637930489232,
      "f3_consensus_jump_px": 16,
      "f3_consensus_tol_px": 5,
      "f3_consensus_reason": "accepted",
      "f3_consensus_applied": true,
      "f4_consensus_x_range": [
        816,
        822
      ],
      "f4_consensus_y_px": 262,
      "f4_consensus_anchor_y_px": 252,
      "f4_consensus_seed_y_px": 265,
      "f4_consensus_support_cols": 5,
      "f4_consensus_support_ratio": 0.6207464703967166,
      "f4_consensus_jump_px": 10,
      "f4_consensus_tol_px": 6,
      "f4_consensus_reason": "accepted",
      "f4_consensus_applied": true,
      "scale_ranges": {
        "F1": [
          7.2,
          8.4
        ],
        "F2": [
          13.1,
          14.5
        ],
        "F3": [
          18.6,
          20.2
        ],
        "F4": [
          24.1,
          26.5
        ]
      }
    },
    "A": {
      "x_day0": 59,
      "x_day1": 372,
      "x_day2": 684,
      "day_w": 312.5,
      "x_day0_time": 59,
      "x_day1_time": 351,
      "x_day2_time": 644,
      "day_w_time": 292.3333333333333,
      "x_plot_end": 936,
      "x1_static": 936,
      "x1_dyn": 977,
      "x1_dyn_used": false,
      "pph": 12.180555555555555,