{
  "saved_at_utc": "2026-06-12T23:51:40.809588+00:00",
  "source": "tomsk_sos70_param_charts",
  "freq_max_hz": 40.0,
  "values": {
    "scale_ranges": {
      "F": {
        "F1": [
          7.2,
          8.4
        ],
        "F2": [
          13.1,
          14.5
        ],
        "F3": [
          18.6,
          20.2
        ],
        "F4": [
          24.1,
          26.5
        ]
      },
      "A": {
        "A1": [
          1.0,
          45.0
        ],
        "A2": [
          1.0,
          61.5
        ],
        "A3": [
          2.2,
          12.2
        ],
        "A4": [
          1.1,
          10.2
        ]
      },
      "Q": {
        "Q1": [
          4.0,
          38.0
        ],
        "Q2": [
          5.0,
          17.5
        ],
        "Q3": [
          7.0,
          23.0
        ],
        "Q4": [
          5.0,
          30.0
        ]
      }
    },
    "scale_units": {
      "F_hz": "Hz",
      "A_value": "idx",
      "Q_value": "idx"
    },
    "F_norm": {
      "F1": 0.0313588850174216,
      "F2": 0.27526132404181186,
      "F3": 0.49477351916376305,
      "F4": 0.686411149825784
    },
    "F_y_px": {
      "F1": 44,
      "F2": 114,
      "F3": 177,
      "F4": 232
    },
    "F_lane_norm": {
      "F1": 0.05263157894736842,
      "F2": 0.19230769230769232,
      "F3": 0.41304347826086957,
      "F4": 0.5434782608695652
    },
    "F_hz": {
      "F1": 8.336842105263159,
      "F2": 14.23076923076923,
      "F3": 19.53913043478261,
      "F4": 25.195652173913043
    },
    "A_norm": {
      "A1": 0.30313588850174217,
      "A2": 0.42160278745644597,
      "A3": 0.6306620209059234,
      "A4": 0.8257839721254355
    },
    "A_y_px": {
      "A1": 122,
      "A2": 156,
      "A3": 216,
      "A4": 272
    },
    "A_lane_norm": {
      "A1": 0.9397590361445783,
      "A2": 0.6530612244897959,
      "A3": 0.6185567010309279,
      "A4": 0.46153846153846156
    },
    "A_value": {
      "A1": 3.6506024096385516,
      "A2": 21.98979591836735,
      "A3": 6.014432989690721,
      "A4": 5.999999999999999
    },
    "Q_norm": {
      "Q1": 0.30313588850174217,
      "Q2": 0.5087108013937283,
      "Q3": 0.7177700348432056,
      "Q4": 0.9059233449477352
    },
    "Q_y_px": {
      "Q1": 122,
      "Q2": 181,
      "Q3": 241,
      "Q4": 295
    },
    "Q_lane_norm": {
      "Q1": 0.8202247191011236,
      "Q2": 0.7938144329896907,
      "Q3": 0.8252427184466019,
      "Q4": 0.6941176470588235
    },
    "Q_value": {
      "Q1": 10.112359550561798,
      "Q2": 7.577319587628866,
      "Q3": 9.79611650485437,
      "Q4": 12.647058823529413
    }
  },
  "debug": {
    "F": {
      "x_day0": 59,
      "x_day1": 392,
      "x_day2": 726,
      "day_w": 333.5,
      "x_day0_time": 59,
      "x_day1_time": 351,
      "x_day2_time": 643,
      "day_w_time": 292.0,
      "x_plot_end": 935,
      "x1_static": 936,
      "x1_dyn": 935,
      "x1_dyn_used": true,
      "pph": 12.166666666666666,
      "pph_source": "day_width (tick-mismatch-fallback)",
      "pph_tick": 19.0,
      "tick_pph_rel_err": 0.5616438356164384,
      "tick_pph_valid": false,
      "tick_count": 50,
      "tick_quality": 0.6944444444444444,
      "tick_used": false,
      "x_frontier": 727,
      "frontier_method": "activity_scan",
      "frontier_activity_thr": 0.47404812276363373,
      "frontier_activity_right_tail": 0.19493508338928223,
      "frontier_activity_run_px": 8,
      "guard_px": 4,
      "left_guard": 645,
      "right_guard": 723,
      "x_time": 726,
      "x_ideal": 726,
      "x_now": 726,
      "x_now_method": "harmonized_prefer_non_rollover",
      "hour_now_tsst": 6.861111111111111,
      "rollover_hour_min": 3.0,
      "rollover_hour_max": 8.5,
      "delta_min_to_guard": -14.794520547945206,
      "delta_min_to_frontier": 4.931506849315069,
      "frontier_day_fill": 0.2876712328767123,
      "rollover_candidate": false,
      "bias_minutes_applied": 0.0,
      "measured_bias_minutes": null,
      "age_hours": null,
      "status": "ok",
      "x_now_before_harmonize": 726,
      "x_pick": 725,
      "x_pick_edge": 726,
      "x_pick_safe_right": 923,
      "x_overlay": 726,
      "f1_path_x_range": [
        712,
        726
      ],
      "f1_path_target_col": 13,
      "f1_path_y_px": 45,
      "f4_path_x_range": [
        712,
        726
      ],
      "f4_path_target_col": 13,
      "f4_path_y_px": 231,
      "f1_path2_x_range": [
        716,
        726
      ],
      "f1_path2_target_col": 9,
      "f1_path2_y_px": 44,
      "f1_path2_y_direct_px": 44,
      "f1_path2_direct_used": false,
      "f1_path2_direct_allowed": false,
      "f1_path2_left_weight": 0.35,
      "f1_path2_right_weight": 1.0,
      "f2_path2_x_range": [
        716,
        726
      ],
      "f2_path2_target_col": 9,
      "f2_path2_y_px": 114,
      "f2_path2_y_direct_px": 114,
      "f2_path2_direct_used": false,
      "f2_path2_direct_allowed": false,
      "f2_path2_left_weight": 0.4,
      "f2_path2_right_weight": 1.0,
      "f4_path2_x_range": [
        716,
        726
      ],
      "f4_path2_target_col": 9,
      "f4_path2_y_px": 231,
      "f4_path2_y_direct_px": 238,
      "f4_path2_direct_used": false,
      "f4_path2_direct_allowed": false,
      "f4_path2_left_weight": 0.4,
      "f4_path2_right_weight": 1.0,
      "f1_local_snap_x": 726,
      "f1_local_snap_y_px": 44,
      "f1_local_snap_search_px": 8,
      "f1_local_snap_search_up_px": 4,
      "f1_local_snap_search_down_px": 12,
      "f1_local_snap_prefer_lower_weight": 0.02,
      "f3_local_snap_x": 726,
      "f3_local_snap_y_px": 176,
      "f3_local_snap_search_px": 6,
      "f3_local_snap_search_up_px": 6,
      "f3_local_snap_search_down_px": 6,
      "f3_local_snap_prefer_lower_weight": 0.0,
      "f4_local_snap_x": 726,
      "f4_local_snap_y_px": 232,
      "f4_local_snap_search_px": 8,
      "f4_local_snap_search_up_px": 6,
      "f4_local_snap_search_down_px": 14,
      "f4_local_snap_prefer_lower_weight": 0.05,
      "f2_local_snap_x": 726,
      "f2_local_snap_y_px": 112,
      "f2_local_snap_search_px": 8,
      "f2_local_snap_search_up_px": 14,
      "f2_local_snap_search_down_px": 2,
      "f2_local_snap_prefer_lower_weight": 0.0,
      "f2_consensus_x_range": [
        720,
        726
      ],
      "f2_consensus_y_px": 114,
      "f2_consensus_anchor_y_px": 112,
      "f2_consensus_seed_y_px": 115,
      "f2_consensus_support_cols": 7,
      "f2_consensus_support_ratio": 1.0,
      "f2_consensus_jump_px": 2,
      "f2_consensus_tol_px": 5,
      "f2_consensus_reason": "accepted",
      "f2_consensus_applied": true,
      "f3_consensus_x_range": [
        720,
        726
      ],
      "f3_consensus_y_px": 177,
      "f3_consensus_anchor_y_px": 176,
      "f3_consensus_seed_y_px": 182,
      "f3_consensus_support_cols": 6,
      "f3_consensus_support_ratio": 0.8175908221797323,
      "f3_consensus_jump_px": 1,
      "f3_consensus_tol_px": 5,
      "f3_consensus_reason": "accepted",
      "f3_consensus_applied": true,
      "f4_consensus_x_range": [
        720,
        726
      ],
      "f4_consensus_y_px": 232,
      "f4_consensus_anchor_y_px": 232,
      "f4_consensus_seed_y_px": 231,
      "f4_consensus_support_cols": 7,
      "f4_consensus_support_ratio": 1.0,
      "f4_consensus_jump_px": 0,
      "f4_consensus_tol_px": 6,
      "f4_consensus_reason": "accepted",
      "f4_consensus_applied": true,
      "scale_ranges": {
        "F1": [
          7.2,
          8.4
        ],
        "F2": [
          13.1,
          14.5
        ],
        "F3": [
          18.6,
          20.2
        ],
        "F4": [
          24.1,
          26.5
        ]
      }
    },
    "A": {
      "x_day0": 59,
      "x_day1": 392,
      "x_day2": 726,
      "day_w": 333.5,
      "x_day0_time": 59,
      "x_day1_time": 351,
      "x_day2_time": 643,
      "day_w_time": 292.0,
      "x_plot_end": 935,
      "x1_static": 936,
      "x1_dyn": 935,