{
  "saved_at_utc": "2026-05-27T15:19:48.641976+00:00",
  "source": "tomsk_sos70_param_charts",
  "freq_max_hz": 40.0,
  "values": {
    "scale_ranges": {
      "F": {
        "F1": [
          7.2,
          8.4
        ],
        "F2": [
          13.1,
          14.5
        ],
        "F3": [
          18.6,
          20.2
        ],
        "F4": [
          24.1,
          26.5
        ]
      },
      "A": {
        "A1": [
          1.0,
          45.0
        ],
        "A2": [
          1.0,
          61.5
        ],
        "A3": [
          2.2,
          12.2
        ],
        "A4": [
          1.1,
          10.2
        ]
      },
      "Q": {
        "Q1": [
          4.0,
          38.0
        ],
        "Q2": [
          5.0,
          17.5
        ],
        "Q3": [
          7.0,
          23.0
        ],
        "Q4": [
          5.0,
          30.0
        ]
      }
    },
    "scale_units": {
      "F_hz": "Hz",
      "A_value": "idx",
      "Q_value": "idx"
    },
    "F_norm": {
      "F1": 0.11846689895470383,
      "F2": 0.2613240418118467,
      "F3": 0.5574912891986062,
      "F4": 0.7526132404181185
    },
    "F_y_px": {
      "F1": 69,
      "F2": 110,
      "F3": 195,
      "F4": 251
    },
    "F_lane_norm": {
      "F1": 0.49122807017543857,
      "F2": 0.11538461538461539,
      "F3": 0.8043478260869565,
      "F4": 0.9565217391304348
    },
    "F_hz": {
      "F1": 7.810526315789474,
      "F2": 14.338461538461539,
      "F3": 18.91304347826087,
      "F4": 24.20434782608696
    },
    "A_norm": {
      "A1": 0.30313588850174217,
      "A2": 0.5052264808362369,
      "A3": 0.7038327526132404,
      "A4": 0.9965156794425087
    },
    "A_y_px": {
      "A1": 122,
      "A2": 180,
      "A3": 237,
      "A4": 321
    },
    "A_lane_norm": {
      "A1": 0.9397590361445783,
      "A2": 0.8979591836734694,
      "A3": 0.8350515463917526,
      "A4": 1.0
    },
    "A_value": {
      "A1": 3.6506024096385516,
      "A2": 7.173469387755105,
      "A3": 3.849484536082473,
      "A4": 1.0999999999999996
    },
    "Q_norm": {
      "Q1": 0.2961672473867596,
      "Q2": 0.5052264808362369,
      "Q3": 0.7003484320557491,
      "Q4": 0.9547038327526133
    },
    "Q_y_px": {
      "Q1": 120,
      "Q2": 180,
      "Q3": 236,
      "Q4": 309
    },
    "Q_lane_norm": {
      "Q1": 0.797752808988764,
      "Q2": 0.7835051546391752,
      "Q3": 0.7766990291262136,
      "Q4": 0.8588235294117647
    },
    "Q_value": {
      "Q1": 10.876404494382022,
      "Q2": 7.7061855670103085,
      "Q3": 10.572815533980583,
      "Q4": 8.529411764705884
    }
  },
  "debug": {
    "F": {
      "x_day0": 59,
      "x_day1": 390,
      "x_day2": 721,
      "day_w": 331.0,
      "x_day0_time": 59,
      "x_day1_time": 351,
      "x_day2_time": 643,
      "day_w_time": 292.0,
      "x_plot_end": 935,
      "x1_static": 936,
      "x1_dyn": 935,
      "x1_dyn_used": true,
      "pph": 12.166666666666666,
      "pph_source": "day_width (tick-mismatch-fallback)",
      "pph_tick": 19.0,
      "tick_pph_rel_err": 0.5616438356164384,
      "tick_pph_valid": false,
      "tick_count": 50,
      "tick_quality": 0.6944444444444444,
      "tick_used": false,
      "x_frontier": 893,
      "frontier_method": "activity_scan",
      "frontier_activity_thr": 0.40915930867195127,
      "frontier_activity_right_tail": 0.06903846561908722,
      "frontier_activity_run_px": 8,
      "guard_px": 4,
      "left_guard": 645,
      "right_guard": 889,
      "x_time": 915,
      "x_ideal": 915,
      "x_now": 915,
      "x_now_method": "harmonized_pair_cluster",
      "hour_now_tsst": 22.33,
      "rollover_hour_min": 3.0,
      "rollover_hour_max": 8.5,
      "delta_min_to_guard": -128.21917808219177,
      "delta_min_to_frontier": -108.49315068493152,
      "frontier_day_fill": 0.8561643835616438,
      "rollover_candidate": false,
      "bias_minutes_applied": 0.0,
      "measured_bias_minutes": null,
      "age_hours": null,
      "status": "ok",
      "x_now_before_harmonize": 889,
      "x_pick": 914,
      "x_pick_edge": 915,
      "x_pick_safe_right": 923,
      "x_overlay": 915,
      "f1_path_x_range": [
        901,
        915
      ],
      "f1_path_target_col": 13,
      "f1_path_y_px": 73,
      "f4_path_x_range": [
        901,
        915
      ],
      "f4_path_target_col": 13,
      "f4_path_y_px": 250,
      "f1_path2_x_range": [
        905,
        915
      ],
      "f1_path2_target_col": 9,
      "f1_path2_y_px": 70,
      "f1_path2_y_direct_px": 70,
      "f1_path2_direct_used": false,
      "f1_path2_direct_allowed": false,
      "f1_path2_left_weight": 0.35,
      "f1_path2_right_weight": 1.0,
      "f2_path2_x_range": [
        905,
        915
      ],
      "f2_path2_target_col": 9,
      "f2_path2_y_px": 121,
      "f2_path2_y_direct_px": 150,
      "f2_path2_direct_used": false,
      "f2_path2_direct_allowed": false,
      "f2_path2_left_weight": 0.4,
      "f2_path2_right_weight": 1.0,
      "f4_path2_x_range": [
        905,
        915
      ],
      "f4_path2_target_col": 9,
      "f4_path2_y_px": 250,
      "f4_path2_y_direct_px": 231,
      "f4_path2_direct_used": false,
      "f4_path2_direct_allowed": false,
      "f4_path2_left_weight": 0.4,
      "f4_path2_right_weight": 1.0,
      "f1_local_snap_x": 915,
      "f1_local_snap_y_px": 69,
      "f1_local_snap_search_px": 8,
      "f1_local_snap_search_up_px": 4,
      "f1_local_snap_search_down_px": 12,
      "f1_local_snap_prefer_lower_weight": 0.02,
      "f3_local_snap_x": 915,
      "f3_local_snap_y_px": 195,
      "f3_local_snap_search_px": 6,
      "f3_local_snap_search_up_px": 6,
      "f3_local_snap_search_down_px": 6,
      "f3_local_snap_prefer_lower_weight": 0.0,
      "f4_local_snap_x": 915,
      "f4_local_snap_y_px": 251,
      "f4_local_snap_search_px": 8,
      "f4_local_snap_search_up_px": 6,
      "f4_local_snap_search_down_px": 14,
      "f4_local_snap_prefer_lower_weight": 0.05,
      "f2_local_snap_x": 915,
      "f2_local_snap_y_px": 110,
      "f2_local_snap_search_px": 8,
      "f2_local_snap_search_up_px": 14,
      "f2_local_snap_search_down_px": 2,
      "f2_local_snap_prefer_lower_weight": 0.0,
      "f2_consensus_applied": false,
      "f2_consensus_x_range": [
        909,
        915
      ],
      "f2_consensus_y_px": 110,
      "f2_consensus_anchor_y_px": 110,
      "f2_consensus_seed_y_px": 110,
      "f2_consensus_support_cols": 3,
      "f2_consensus_support_ratio": 0.5130970724191063,
      "f2_consensus_jump_px": 0,
      "f2_consensus_tol_px": 5,
      "f2_consensus_reason": "low_support",
      "f3_consensus_x_range": [
        909,
        915
      ],
      "f3_consensus_y_px": 195,
      "f3_consensus_anchor_y_px": 195,
      "f3_consensus_seed_y_px": 192,
      "f3_consensus_support_cols": 5,
      "f3_consensus_support_ratio": 0.7064577303124064,
      "f3_consensus_jump_px": 0,
      "f3_consensus_tol_px": 5,
      "f3_consensus_reason": "accepted",
      "f3_consensus_applied": true,
      "f4_consensus_applied": false,
      "f4_consensus_x_range": [
        909,
        915
      ],
      "f4_consensus_y_px": 231,
      "f4_consensus_anchor_y_px": 251,
      "f4_consensus_seed_y_px": 230,
      "f4_consensus_support_cols": 4,
      "f4_consensus_support_ratio": 0.6723672622936847,
      "f4_consensus_jump_px": 20,
      "f4_consensus_tol_px": 6,
      "f4_consensus_reason": "excessive_jump",
      "scale_ranges": {
        "F1": [
          7.2,
          8.4
        ],
        "F2": [
          13.1,
          14.5
        ],
        "F3": [
          18.6,
          20.2
        ],
        "F4": [
          24.1,
          26.5
        ]
      }
    },
    "A": {
      "x_day0": 59,
      "x_day1": 392,
      "x_day2": 726,
      "day_w": 333.5,
      "x_day0_time": 59,
      "x_day1_time": 351,
      "x_day2_time": 643,
      "day_w_time": 292.0,
      "x_plot_end": 935,
      "x1_static": 936,
      "x1_dyn": 935,