{
  "saved_at_utc": "2026-03-29T08:00:31.779910+00:00",
  "source": "tomsk_sos70_param_charts",
  "freq_max_hz": 40.0,
  "values": {
    "scale_ranges": {
      "F": {
        "F1": [
          7.2,
          8.4
        ],
        "F2": [
          13.1,
          14.5
        ],
        "F3": [
          18.6,
          20.2
        ],
        "F4": [
          24.1,
          26.5
        ]
      },
      "A": {
        "A1": [
          1.0,
          45.0
        ],
        "A2": [
          1.0,
          61.5
        ],
        "A3": [
          2.2,
          12.2
        ],
        "A4": [
          1.1,
          10.2
        ]
      },
      "Q": {
        "Q1": [
          4.0,
          38.0
        ],
        "Q2": [
          5.0,
          17.5
        ],
        "Q3": [
          7.0,
          23.0
        ],
        "Q4": [
          5.0,
          30.0
        ]
      }
    },
    "scale_units": {
      "F_hz": "Hz",
      "A_value": "idx",
      "Q_value": "idx"
    },
    "F_norm": {
      "F1": 0.0313588850174216,
      "F2": 0.3310104529616725,
      "F3": 0.49477351916376305,
      "F4": 0.7247386759581882
    },
    "F_y_px": {
      "F1": 44,
      "F2": 130,
      "F3": 177,
      "F4": 243
    },
    "F_lane_norm": {
      "F1": 0.05263157894736842,
      "F2": 0.5,
      "F3": 0.41304347826086957,
      "F4": 0.782608695652174
    },
    "F_hz": {
      "F1": 8.336842105263159,
      "F2": 13.8,
      "F3": 19.53913043478261,
      "F4": 24.621739130434783
    },
    "A_norm": {
      "A1": 0.31010452961672474,
      "A2": 0.49825783972125437,
      "A3": 0.710801393728223,
      "A4": 0.9163763066202091
    },
    "A_y_px": {
      "A1": 124,
      "A2": 178,
      "A3": 239,
      "A4": 298
    },
    "A_lane_norm": {
      "A1": 0.963855421686747,
      "A2": 0.8775510204081632,
      "A3": 0.8556701030927835,
      "A4": 0.7472527472527473
    },
    "A_value": {
      "A1": 2.590361445783131,
      "A2": 8.408163265306122,
      "A3": 3.6432989690721644,
      "A4": 3.3999999999999995
    },
    "Q_norm": {
      "Q1": 0.30313588850174217,
      "Q2": 0.2613240418118467,
      "Q3": 0.735191637630662,
      "Q4": 0.9163763066202091
    },
    "Q_y_px": {
      "Q1": 122,
      "Q2": 110,
      "Q3": 246,
      "Q4": 298
    },
    "Q_lane_norm": {
      "Q1": 0.8202247191011236,
      "Q2": 0.061855670103092786,
      "Q3": 0.8737864077669902,
      "Q4": 0.7294117647058823
    },
    "Q_value": {
      "Q1": 10.112359550561798,
      "Q2": 16.72680412371134,
      "Q3": 9.019417475728156,
      "Q4": 11.764705882352942
    }
  },
  "debug": {
    "F": {
      "x_day0": 59,
      "x_day1": 384,
      "x_day2": 708,
      "day_w": 324.5,
      "x_day0_time": 59,
      "x_day1_time": 351,
      "x_day2_time": 643,
      "day_w_time": 292.0,
      "x_plot_end": 935,
      "x1_static": 936,
      "x1_dyn": 935,
      "x1_dyn_used": true,
      "pph": 12.166666666666666,
      "pph_source": "day_width (tick-mismatch-fallback)",
      "pph_tick": 19.0,
      "tick_pph_rel_err": 0.5616438356164384,
      "tick_pph_valid": false,
      "tick_count": 50,
      "tick_quality": 0.6944444444444444,
      "tick_used": false,
      "x_frontier": 822,
      "frontier_method": "activity_scan",
      "frontier_activity_thr": 0.43864420652389524,
      "frontier_activity_right_tail": 0.11040587723255157,
      "frontier_activity_run_px": 8,
      "guard_px": 4,
      "left_guard": 645,
      "right_guard": 818,
      "x_time": 826,
      "x_ideal": 826,
      "x_now": 826,
      "x_now_method": "ideal",
      "hour_now_tsst": 15.008611111111112,
      "rollover_hour_min": 3.0,
      "rollover_hour_max": 8.5,
      "delta_min_to_guard": -39.45205479452055,
      "delta_min_to_frontier": -19.726027397260275,
      "frontier_day_fill": 0.613013698630137,
      "rollover_candidate": false,
      "bias_minutes_applied": 0.0,
      "measured_bias_minutes": null,
      "age_hours": null,
      "status": "ok",
      "x_pick": 825,
      "x_pick_edge": 826,
      "x_pick_safe_right": 923,
      "x_overlay": 826,
      "f1_path_x_range": [
        812,
        826
      ],
      "f1_path_target_col": 13,
      "f1_path_y_px": 45,
      "f4_path_x_range": [
        812,
        826
      ],
      "f4_path_target_col": 13,
      "f4_path_y_px": 251,
      "f1_path2_x_range": [
        816,
        826
      ],
      "f1_path2_target_col": 9,
      "f1_path2_y_px": 45,
      "f1_path2_y_direct_px": 44,
      "f1_path2_direct_used": false,
      "f1_path2_direct_allowed": false,
      "f1_path2_left_weight": 0.35,
      "f1_path2_right_weight": 1.0,
      "f2_path2_x_range": [
        816,
        826
      ],
      "f2_path2_target_col": 9,
      "f2_path2_y_px": 129,
      "f2_path2_y_direct_px": 151,
      "f2_path2_direct_used": false,
      "f2_path2_direct_allowed": false,
      "f2_path2_left_weight": 0.4,
      "f2_path2_right_weight": 1.0,
      "f4_path2_x_range": [
        816,
        826
      ],
      "f4_path2_target_col": 9,
      "f4_path2_y_px": 251,
      "f4_path2_y_direct_px": 250,
      "f4_path2_direct_used": false,
      "f4_path2_direct_allowed": false,
      "f4_path2_left_weight": 0.4,
      "f4_path2_right_weight": 1.0,
      "f1_local_snap_x": 826,
      "f1_local_snap_y_px": 44,
      "f1_local_snap_search_px": 8,
      "f1_local_snap_search_up_px": 4,
      "f1_local_snap_search_down_px": 12,
      "f1_local_snap_prefer_lower_weight": 0.02,
      "f3_local_snap_x": 826,
      "f3_local_snap_y_px": 177,
      "f3_local_snap_search_px": 6,
      "f3_local_snap_search_up_px": 6,
      "f3_local_snap_search_down_px": 6,
      "f3_local_snap_prefer_lower_weight": 0.0,
      "f4_local_snap_x": 826,
      "f4_local_snap_y_px": 250,
      "f4_local_snap_search_px": 8,
      "f4_local_snap_search_up_px": 6,
      "f4_local_snap_search_down_px": 14,
      "f4_local_snap_prefer_lower_weight": 0.05,
      "f2_local_snap_x": 826,
      "f2_local_snap_y_px": 131,
      "f2_local_snap_search_px": 8,
      "f2_local_snap_search_up_px": 14,
      "f2_local_snap_search_down_px": 2,
      "f2_local_snap_prefer_lower_weight": 0.0,
      "f2_consensus_x_range": [
        820,
        826
      ],
      "f2_consensus_y_px": 130,
      "f2_consensus_anchor_y_px": 131,
      "f2_consensus_seed_y_px": 134,
      "f2_consensus_support_cols": 7,
      "f2_consensus_support_ratio": 1.0,
      "f2_consensus_jump_px": 1,
      "f2_consensus_tol_px": 5,
      "f2_consensus_reason": "accepted",
      "f2_consensus_applied": true,
      "f3_consensus_applied": false,
      "f3_consensus_x_range": [
        820,
        826
      ],
      "f3_consensus_y_px": 184,
      "f3_consensus_anchor_y_px": 177,
      "f3_consensus_seed_y_px": 187,
      "f3_consensus_support_cols": 4,
      "f3_consensus_support_ratio": 0.478721469005147,
      "f3_consensus_jump_px": 7,
      "f3_consensus_tol_px": 5,
      "f3_consensus_reason": "low_support",
      "f4_consensus_x_range": [
        820,
        826
      ],
      "f4_consensus_y_px": 243,
      "f4_consensus_anchor_y_px": 250,
      "f4_consensus_seed_y_px": 245,
      "f4_consensus_support_cols": 7,
      "f4_consensus_support_ratio": 1.0,
      "f4_consensus_jump_px": 7,
      "f4_consensus_tol_px": 6,
      "f4_consensus_reason": "accepted",
      "f4_consensus_applied": true,
      "scale_ranges": {
        "F1": [
          7.2,
          8.4
        ],
        "F2": [
          13.1,
          14.5
        ],
        "F3": [
          18.6,
          20.2
        ],
        "F4": [
          24.1,
          26.5
        ]
      }
    },
    "A": {
      "x_day0": 59,
      "x_day1": 368,
      "x_day2": 678,
      "day_w": 309.5,
      "x_day0_time": 59,
      "x_day1_time": 351,
      "x_day2_time": 643,
      "day_w_time": 292.0,
      "x_plot_end": 935,
      "x1_static": 936,
      "x1_dyn": 935,
      "x1_dyn_used": true,
      "pph": 12.166666666666666,