{
  "saved_at_utc": "2026-05-28T21:01:11.963919+00:00",
  "source": "tomsk_sos70_param_charts",
  "freq_max_hz": 40.0,
  "values": {
    "scale_ranges": {
      "F": {
        "F1": [
          7.2,
          8.4
        ],
        "F2": [
          13.1,
          14.5
        ],
        "F3": [
          18.6,
          20.2
        ],
        "F4": [
          24.1,
          26.5
        ]
      },
      "A": {
        "A1": [
          1.0,
          45.0
        ],
        "A2": [
          1.0,
          61.5
        ],
        "A3": [
          2.2,
          12.2
        ],
        "A4": [
          1.1,
          10.2
        ]
      },
      "Q": {
        "Q1": [
          4.0,
          38.0
        ],
        "Q2": [
          5.0,
          17.5
        ],
        "Q3": [
          7.0,
          23.0
        ],
        "Q4": [
          5.0,
          30.0
        ]
      }
    },
    "scale_units": {
      "F_hz": "Hz",
      "A_value": "idx",
      "Q_value": "idx"
    },
    "F_norm": {
      "F1": 0.059233449477351915,
      "F2": 0.40069686411149824,
      "F3": 0.519163763066202,
      "F4": 0.7491289198606271
    },
    "F_y_px": {
      "F1": 52,
      "F2": 150,
      "F3": 184,
      "F4": 250
    },
    "F_lane_norm": {
      "F1": 0.19298245614035087,
      "F2": 0.8846153846153846,
      "F3": 0.5652173913043478,
      "F4": 0.9347826086956522
    },
    "F_hz": {
      "F1": 8.16842105263158,
      "F2": 13.26153846153846,
      "F3": 19.295652173913044,
      "F4": 24.256521739130434
    },
    "A_norm": {
      "A1": 0.2857142857142857,
      "A2": 0.47038327526132406,
      "A3": 0.7247386759581882,
      "A4": 0.926829268292683
    },
    "A_y_px": {
      "A1": 117,
      "A2": 170,
      "A3": 243,
      "A4": 301
    },
    "A_lane_norm": {
      "A1": 0.8795180722891566,
      "A2": 0.7959183673469388,
      "A3": 0.8969072164948454,
      "A4": 0.7802197802197802
    },
    "A_value": {
      "A1": 6.30120481927711,
      "A2": 13.346938775510203,
      "A3": 3.2309278350515456,
      "A4": 3.0999999999999996
    },
    "Q_norm": {
      "Q1": 0.1986062717770035,
      "Q2": 0.4878048780487805,
      "Q3": 0.7038327526132404,
      "Q4": 0.8885017421602788
    },
    "Q_y_px": {
      "Q1": 92,
      "Q2": 175,
      "Q3": 237,
      "Q4": 290
    },
    "Q_lane_norm": {
      "Q1": 0.48314606741573035,
      "Q2": 0.7319587628865979,
      "Q3": 0.7864077669902912,
      "Q4": 0.6352941176470588
    },
    "Q_value": {
      "Q1": 21.573033707865168,
      "Q2": 8.350515463917526,
      "Q3": 10.41747572815534,
      "Q4": 14.11764705882353
    }
  },
  "debug": {
    "F": {
      "x_day0": 59,
      "x_day1": 392,
      "x_day2": 726,
      "day_w": 333.5,
      "x_day0_time": 59,
      "x_day1_time": 351,
      "x_day2_time": 643,
      "day_w_time": 292.0,
      "x_plot_end": 935,
      "x1_static": 936,
      "x1_dyn": 935,
      "x1_dyn_used": true,
      "pph": 12.166666666666666,
      "pph_source": "day_width (tick-mismatch-fallback)",
      "pph_tick": 19.0,
      "tick_pph_rel_err": 0.5616438356164384,
      "tick_pph_valid": false,
      "tick_count": 50,
      "tick_quality": 0.6944444444444444,
      "tick_used": false,
      "x_frontier": 698,
      "frontier_method": "activity_scan",
      "frontier_activity_thr": 0.5087937623262405,
      "frontier_activity_right_tail": 0.18931987881660461,
      "frontier_activity_run_px": 8,
      "guard_px": 4,
      "left_guard": 645,
      "right_guard": 694,
      "x_time": 692,
      "x_ideal": 692,
      "x_now": 692,
      "x_now_method": "harmonized_prefer_non_rollover",
      "hour_now_tsst": 4.019722222222222,
      "rollover_hour_min": 3.0,
      "rollover_hour_max": 8.5,
      "delta_min_to_guard": 9.863013698630137,
      "delta_min_to_frontier": 29.589041095890412,
      "frontier_day_fill": 0.18835616438356165,
      "rollover_candidate": false,
      "bias_minutes_applied": 0.0,
      "measured_bias_minutes": null,
      "age_hours": null,
      "status": "ok",
      "x_now_before_harmonize": 692,
      "x_pick": 691,
      "x_pick_edge": 692,
      "x_pick_safe_right": 923,
      "x_overlay": 692,
      "f1_path_x_range": [
        678,
        692
      ],
      "f1_path_target_col": 13,
      "f1_path_y_px": 45,
      "f4_path_x_range": [
        678,
        692
      ],
      "f4_path_target_col": 13,
      "f4_path_y_px": 251,
      "f1_path2_x_range": [
        682,
        692
      ],
      "f1_path2_target_col": 9,
      "f1_path2_y_px": 46,
      "f1_path2_y_direct_px": 80,
      "f1_path2_direct_used": false,
      "f1_path2_direct_allowed": false,
      "f1_path2_left_weight": 0.35,
      "f1_path2_right_weight": 1.0,
      "f2_path2_x_range": [
        682,
        692
      ],
      "f2_path2_target_col": 9,
      "f2_path2_y_px": 150,
      "f2_path2_y_direct_px": 151,
      "f2_path2_direct_used": false,
      "f2_path2_direct_allowed": false,
      "f2_path2_left_weight": 0.4,
      "f2_path2_right_weight": 1.0,
      "f4_path2_x_range": [
        682,
        692
      ],
      "f4_path2_target_col": 9,
      "f4_path2_y_px": 248,
      "f4_path2_y_direct_px": 249,
      "f4_path2_direct_used": false,
      "f4_path2_direct_allowed": false,
      "f4_path2_left_weight": 0.4,
      "f4_path2_right_weight": 1.0,
      "f1_local_snap_x": 692,
      "f1_local_snap_y_px": 52,
      "f1_local_snap_search_px": 8,
      "f1_local_snap_search_up_px": 4,
      "f1_local_snap_search_down_px": 12,
      "f1_local_snap_prefer_lower_weight": 0.02,
      "f3_local_snap_x": 692,
      "f3_local_snap_y_px": 184,
      "f3_local_snap_search_px": 6,
      "f3_local_snap_search_up_px": 6,
      "f3_local_snap_search_down_px": 6,
      "f3_local_snap_prefer_lower_weight": 0.0,
      "f4_local_snap_x": 692,
      "f4_local_snap_y_px": 250,
      "f4_local_snap_search_px": 8,
      "f4_local_snap_search_up_px": 6,
      "f4_local_snap_search_down_px": 14,
      "f4_local_snap_prefer_lower_weight": 0.05,
      "f2_local_snap_x": 692,
      "f2_local_snap_y_px": 150,
      "f2_local_snap_search_px": 8,
      "f2_local_snap_search_up_px": 14,
      "f2_local_snap_search_down_px": 2,
      "f2_local_snap_prefer_lower_weight": 0.0,
      "f2_consensus_applied": false,
      "f2_consensus_x_range": [
        686,
        692
      ],
      "f2_consensus_y_px": 164,
      "f2_consensus_anchor_y_px": 150,
      "f2_consensus_seed_y_px": 164,
      "f2_consensus_support_cols": 3,
      "f2_consensus_support_ratio": 0.40868573991366586,
      "f2_consensus_jump_px": 14,
      "f2_consensus_tol_px": 5,
      "f2_consensus_reason": "low_support",
      "f3_consensus_applied": false,
      "f3_consensus_x_range": [
        686,
        692
      ],
      "f3_consensus_y_px": 184,
      "f3_consensus_anchor_y_px": 184,
      "f3_consensus_seed_y_px": 184,
      "f3_consensus_support_cols": 3,
      "f3_consensus_support_ratio": 0.538598835034468,
      "f3_consensus_jump_px": 0,
      "f3_consensus_tol_px": 5,
      "f3_consensus_reason": "low_support",
      "f4_consensus_x_range": [
        686,
        692
      ],
      "f4_consensus_y_px": 250,
      "f4_consensus_anchor_y_px": 250,
      "f4_consensus_seed_y_px": 250,
      "f4_consensus_support_cols": 5,
      "f4_consensus_support_ratio": 0.8056552789036865,
      "f4_consensus_jump_px": 0,
      "f4_consensus_tol_px": 6,
      "f4_consensus_reason": "accepted",
      "f4_consensus_applied": true,
      "scale_ranges": {
        "F1": [
          7.2,
          8.4
        ],
        "F2": [
          13.1,
          14.5
        ],
        "F3": [
          18.6,
          20.2
        ],
        "F4": [
          24.1,
          26.5
        ]
      }
    },
    "A": {
      "x_day0": 59,
      "x_day1": 392,
      "x_day2": 726,
      "day_w": 333.5,
      "x_day0_time": 59,
      "x_day1_time": 351,
      "x_day2_time": 643,
      "day_w_time": 292.0,
      "x_plot_end": 935,