{
  "saved_at_utc": "2026-04-12T07:16:25.915202+00:00",
  "source": "tomsk_sos70_param_charts",
  "freq_max_hz": 40.0,
  "values": {
    "scale_ranges": {
      "F": {
        "F1": [
          7.2,
          8.4
        ],
        "F2": [
          13.1,
          14.5
        ],
        "F3": [
          18.6,
          20.2
        ],
        "F4": [
          24.1,
          26.5
        ]
      },
      "A": {
        "A1": [
          1.0,
          45.0
        ],
        "A2": [
          1.0,
          61.5
        ],
        "A3": [
          2.2,
          12.2
        ],
        "A4": [
          1.1,
          10.2
        ]
      },
      "Q": {
        "Q1": [
          4.0,
          38.0
        ],
        "Q2": [
          5.0,
          17.5
        ],
        "Q3": [
          7.0,
          23.0
        ],
        "Q4": [
          5.0,
          30.0
        ]
      }
    },
    "scale_units": {
      "F_hz": "Hz",
      "A_value": "idx",
      "Q_value": "idx"
    },
    "F_norm": {
      "F1": 0.1951219512195122,
      "F2": 0.40069686411149824,
      "F3": 0.5052264808362369,
      "F4": 0.7526132404181185
    },
    "F_y_px": {
      "F1": 91,
      "F2": 150,
      "F3": 180,
      "F4": 251
    },
    "F_lane_norm": {
      "F1": 0.8771929824561403,
      "F2": 0.8846153846153846,
      "F3": 0.4782608695652174,
      "F4": 0.9565217391304348
    },
    "F_hz": {
      "F1": 7.347368421052632,
      "F2": 13.26153846153846,
      "F3": 19.434782608695652,
      "F4": 24.20434782608696
    },
    "A_norm": {
      "A1": 0.2961672473867596,
      "A2": 0.41114982578397213,
      "A3": 0.4564459930313589,
      "A4": 0.9616724738675958
    },
    "A_y_px": {
      "A1": 120,
      "A2": 153,
      "A3": 166,
      "A4": 311
    },
    "A_lane_norm": {
      "A1": 0.9156626506024096,
      "A2": 0.6224489795918368,
      "A3": 0.10309278350515463,
      "A4": 0.8901098901098901
    },
    "A_value": {
      "A1": 4.710843373493979,
      "A2": 23.841836734693878,
      "A3": 11.169072164948453,
      "A4": 2.0999999999999996
    },
    "Q_norm": {
      "Q1": 0.31010452961672474,
      "Q2": 0.5226480836236934,
      "Q3": 0.7038327526132404,
      "Q4": 0.89198606271777
    },
    "Q_y_px": {
      "Q1": 124,
      "Q2": 185,
      "Q3": 237,
      "Q4": 291
    },
    "Q_lane_norm": {
      "Q1": 0.8426966292134831,
      "Q2": 0.8350515463917526,
      "Q3": 0.7864077669902912,
      "Q4": 0.6470588235294118
    },
    "Q_value": {
      "Q1": 9.348314606741575,
      "Q2": 7.061855670103093,
      "Q3": 10.41747572815534,
      "Q4": 13.823529411764707
    }
  },
  "debug": {
    "F": {
      "x_day0": 59,
      "x_day1": 363,
      "x_day2": 667,
      "day_w": 304.0,
      "x_day0_time": 59,
      "x_day1_time": 351,
      "x_day2_time": 643,
      "day_w_time": 292.0,
      "x_plot_end": 935,
      "x1_static": 936,
      "x1_dyn": 935,
      "x1_dyn_used": true,
      "pph": 12.166666666666666,
      "pph_source": "day_width (tick-mismatch-fallback)",
      "pph_tick": 19.0,
      "tick_pph_rel_err": 0.5616438356164384,
      "tick_pph_valid": false,
      "tick_count": 50,
      "tick_quality": 0.6944444444444444,
      "tick_used": false,
      "x_frontier": 819,
      "frontier_method": "activity_scan",
      "frontier_activity_thr": 0.4792764902114868,
      "frontier_activity_right_tail": 0.12336822599172592,
      "frontier_activity_run_px": 8,
      "guard_px": 4,
      "left_guard": 645,
      "right_guard": 815,
      "x_time": 817,
      "x_ideal": 817,
      "x_now": 817,
      "x_now_method": "harmonized_pair_cluster",
      "hour_now_tsst": 14.273611111111112,
      "rollover_hour_min": 3.0,
      "rollover_hour_max": 8.5,
      "delta_min_to_guard": -9.863013698630137,
      "delta_min_to_frontier": 9.863013698630137,
      "frontier_day_fill": 0.6027397260273972,
      "rollover_candidate": false,
      "bias_minutes_applied": 0.0,
      "measured_bias_minutes": null,
      "age_hours": null,
      "status": "ok",
      "x_now_before_harmonize": 817,
      "x_pick": 816,
      "x_pick_edge": 817,
      "x_pick_safe_right": 923,
      "x_overlay": 817,
      "f1_path_x_range": [
        803,
        817
      ],
      "f1_path_target_col": 13,
      "f1_path_y_px": 91,
      "f4_path_x_range": [
        803,
        817
      ],
      "f4_path_target_col": 13,
      "f4_path_y_px": 252,
      "f1_path2_x_range": [
        807,
        817
      ],
      "f1_path2_target_col": 9,
      "f1_path2_y_px": 91,
      "f1_path2_y_direct_px": 57,
      "f1_path2_direct_used": false,
      "f1_path2_direct_allowed": false,
      "f1_path2_left_weight": 0.35,
      "f1_path2_right_weight": 1.0,
      "f2_path2_x_range": [
        807,
        817
      ],
      "f2_path2_target_col": 9,
      "f2_path2_y_px": 151,
      "f2_path2_y_direct_px": 145,
      "f2_path2_direct_used": false,
      "f2_path2_direct_allowed": false,
      "f2_path2_left_weight": 0.4,
      "f2_path2_right_weight": 1.0,
      "f4_path2_x_range": [
        807,
        817
      ],
      "f4_path2_target_col": 9,
      "f4_path2_y_px": 252,
      "f4_path2_y_direct_px": 253,
      "f4_path2_direct_used": false,
      "f4_path2_direct_allowed": false,
      "f4_path2_left_weight": 0.4,
      "f4_path2_right_weight": 1.0,
      "f1_local_snap_x": 817,
      "f1_local_snap_y_px": 91,
      "f1_local_snap_search_px": 8,
      "f1_local_snap_search_up_px": 4,
      "f1_local_snap_search_down_px": 12,
      "f1_local_snap_prefer_lower_weight": 0.02,
      "f3_local_snap_x": 817,
      "f3_local_snap_y_px": 204,
      "f3_local_snap_search_px": 6,
      "f3_local_snap_search_up_px": 6,
      "f3_local_snap_search_down_px": 6,
      "f3_local_snap_prefer_lower_weight": 0.0,
      "f4_local_snap_x": 817,
      "f4_local_snap_y_px": 251,
      "f4_local_snap_search_px": 8,
      "f4_local_snap_search_up_px": 6,
      "f4_local_snap_search_down_px": 14,
      "f4_local_snap_prefer_lower_weight": 0.05,
      "f2_local_snap_x": 817,
      "f2_local_snap_y_px": 150,
      "f2_local_snap_search_px": 8,
      "f2_local_snap_search_up_px": 14,
      "f2_local_snap_search_down_px": 2,
      "f2_local_snap_prefer_lower_weight": 0.0,
      "f2_consensus_applied": false,
      "f2_consensus_x_range": [
        811,
        817
      ],
      "f2_consensus_y_px": 111,
      "f2_consensus_anchor_y_px": 150,
      "f2_consensus_seed_y_px": 111,
      "f2_consensus_support_cols": 4,
      "f2_consensus_support_ratio": 0.5085201112598373,
      "f2_consensus_jump_px": 39,
      "f2_consensus_tol_px": 5,
      "f2_consensus_reason": "low_support",
      "f3_consensus_x_range": [
        811,
        817
      ],
      "f3_consensus_y_px": 180,
      "f3_consensus_anchor_y_px": 204,
      "f3_consensus_seed_y_px": 180,
      "f3_consensus_support_cols": 5,
      "f3_consensus_support_ratio": 0.7262628089851774,
      "f3_consensus_jump_px": 24,
      "f3_consensus_tol_px": 5,
      "f3_consensus_reason": "accepted",
      "f3_consensus_applied": true,
      "f4_consensus_x_range": [
        811,
        817
      ],
      "f4_consensus_y_px": 251,
      "f4_consensus_anchor_y_px": 251,
      "f4_consensus_seed_y_px": 252,
      "f4_consensus_support_cols": 5,
      "f4_consensus_support_ratio": 0.6272848948374761,
      "f4_consensus_jump_px": 0,
      "f4_consensus_tol_px": 6,
      "f4_consensus_reason": "accepted",
      "f4_consensus_applied": true,
      "scale_ranges": {
        "F1": [
          7.2,
          8.4
        ],
        "F2": [
          13.1,
          14.5
        ],
        "F3": [
          18.6,
          20.2
        ],
        "F4": [
          24.1,
          26.5
        ]
      }
    },
    "A": {
      "x_day0": 59,
      "x_day1": 372,
      "x_day2": 684,
      "day_w": 312.5,
      "x_day0_time": 59,
      "x_day1_time": 351,
      "x_day2_time": 643,
      "day_w_time": 292.0,
      "x_plot_end": 935,
      "x1_static": 936,