{
  "saved_at_utc": "2026-03-21T00:41:02.214320+00:00",
  "source": "tomsk_sos70_param_charts",
  "freq_max_hz": 40.0,
  "values": {
    "scale_ranges": {
      "F": {
        "F1": [
          7.2,
          8.4
        ],
        "F2": [
          13.1,
          14.5
        ],
        "F3": [
          18.6,
          20.2
        ],
        "F4": [
          24.1,
          26.5
        ]
      },
      "A": {
        "A1": [
          1.0,
          45.0
        ],
        "A2": [
          1.0,
          61.5
        ],
        "A3": [
          2.2,
          12.2
        ],
        "A4": [
          1.1,
          10.2
        ]
      },
      "Q": {
        "Q1": [
          4.0,
          38.0
        ],
        "Q2": [
          5.0,
          17.5
        ],
        "Q3": [
          7.0,
          23.0
        ],
        "Q4": [
          5.0,
          30.0
        ]
      }
    },
    "scale_units": {
      "F_hz": "Hz",
      "A_value": "idx",
      "Q_value": "idx"
    },
    "F_norm": {
      "F1": 0.0313588850174216,
      "F2": 0.3832752613240418,
      "F3": 0.578397212543554,
      "F4": 0.7526132404181185
    },
    "F_y_px": {
      "F1": 44,
      "F2": 145,
      "F3": 201,
      "F4": 251
    },
    "F_lane_norm": {
      "F1": 0.05263157894736842,
      "F2": 0.7884615384615384,
      "F3": 0.9347826086956522,
      "F4": 0.9565217391304348
    },
    "F_hz": {
      "F1": 8.336842105263159,
      "F2": 13.396153846153846,
      "F3": 18.70434782608696,
      "F4": 24.20434782608696
    },
    "A_norm": {
      "A1": 0.28222996515679444,
      "A2": 0.43902439024390244,
      "A3": 0.6689895470383276,
      "A4": 0.8989547038327527
    },
    "A_y_px": {
      "A1": 116,
      "A2": 161,
      "A3": 227,
      "A4": 293
    },
    "A_lane_norm": {
      "A1": 0.8674698795180723,
      "A2": 0.7040816326530612,
      "A3": 0.7319587628865979,
      "A4": 0.6923076923076923
    },
    "A_value": {
      "A1": 6.831325301204821,
      "A2": 18.903061224489797,
      "A3": 4.88041237113402,
      "A4": 3.8999999999999995
    },
    "Q_norm": {
      "Q1": 0.313588850174216,
      "Q2": 0.3588850174216028,
      "Q3": 0.6968641114982579,
      "Q4": 0.8048780487804879
    },
    "Q_y_px": {
      "Q1": 125,
      "Q2": 138,
      "Q3": 235,
      "Q4": 266
    },
    "Q_lane_norm": {
      "Q1": 0.8539325842696629,
      "Q2": 0.35051546391752575,
      "Q3": 0.7669902912621359,
      "Q4": 0.35294117647058826
    },
    "Q_value": {
      "Q1": 8.966292134831463,
      "Q2": 13.11855670103093,
      "Q3": 10.728155339805825,
      "Q4": 21.176470588235293
    }
  },
  "debug": {
    "F": {
      "x_day0": 59,
      "x_day1": 356,
      "x_day2": 654,
      "day_w": 297.5,
      "x_day0_time": 59,
      "x_day1_time": 351,
      "x_day2_time": 643,
      "day_w_time": 292.0,
      "x_plot_end": 935,
      "x1_static": 936,
      "x1_dyn": 935,
      "x1_dyn_used": true,
      "pph": 12.166666666666666,
      "pph_source": "day_width (tick-mismatch-fallback)",
      "pph_tick": 19.0,
      "tick_pph_rel_err": 0.5616438356164384,
      "tick_pph_valid": false,
      "tick_count": 50,
      "tick_quality": 0.6944444444444444,
      "tick_used": false,
      "x_frontier": 727,
      "frontier_method": "activity_scan",
      "frontier_activity_thr": 0.4917660146951675,
      "frontier_activity_right_tail": 0.19028989970684052,
      "frontier_activity_run_px": 8,
      "guard_px": 4,
      "left_guard": 645,
      "right_guard": 723,
      "x_time": 736,
      "x_ideal": 736,
      "x_now": 728,
      "x_now_method": "harmonized_prefer_non_rollover",
      "hour_now_tsst": 7.683888888888889,
      "rollover_hour_min": 3.0,
      "rollover_hour_max": 8.5,
      "delta_min_to_guard": -64.10958904109589,
      "delta_min_to_frontier": -44.38356164383562,
      "frontier_day_fill": 0.2876712328767123,
      "rollover_candidate": false,
      "bias_minutes_applied": 0.0,
      "measured_bias_minutes": null,
      "age_hours": null,
      "status": "ok",
      "x_now_before_harmonize": 736,
      "x_pick": 727,
      "x_pick_edge": 728,
      "x_pick_safe_right": 923,
      "x_overlay": 728,
      "f1_path_x_range": [
        714,
        728
      ],
      "f1_path_target_col": 13,
      "f1_path_y_px": 76,
      "f4_path_x_range": [
        714,
        728
      ],
      "f4_path_target_col": 13,
      "f4_path_y_px": 251,
      "f1_path2_x_range": [
        718,
        728
      ],
      "f1_path2_target_col": 9,
      "f1_path2_y_px": 44,
      "f1_path2_y_direct_px": 44,
      "f1_path2_direct_used": false,
      "f1_path2_direct_allowed": false,
      "f1_path2_left_weight": 0.35,
      "f1_path2_right_weight": 1.0,
      "f2_path2_x_range": [
        718,
        728
      ],
      "f2_path2_target_col": 9,
      "f2_path2_y_px": 145,
      "f2_path2_y_direct_px": 144,
      "f2_path2_direct_used": false,
      "f2_path2_direct_allowed": false,
      "f2_path2_left_weight": 0.4,
      "f2_path2_right_weight": 1.0,
      "f4_path2_x_range": [
        718,
        728
      ],
      "f4_path2_target_col": 9,
      "f4_path2_y_px": 251,
      "f4_path2_y_direct_px": 251,
      "f4_path2_direct_used": false,
      "f4_path2_direct_allowed": false,
      "f4_path2_left_weight": 0.4,
      "f4_path2_right_weight": 1.0,
      "f1_local_snap_x": 728,
      "f1_local_snap_y_px": 44,
      "f1_local_snap_search_px": 8,
      "f1_local_snap_search_up_px": 4,
      "f1_local_snap_search_down_px": 12,
      "f1_local_snap_prefer_lower_weight": 0.02,
      "f3_local_snap_x": 728,
      "f3_local_snap_y_px": 201,
      "f3_local_snap_search_px": 6,
      "f3_local_snap_search_up_px": 6,
      "f3_local_snap_search_down_px": 6,
      "f3_local_snap_prefer_lower_weight": 0.0,
      "f4_local_snap_x": 728,
      "f4_local_snap_y_px": 251,
      "f4_local_snap_search_px": 8,
      "f4_local_snap_search_up_px": 6,
      "f4_local_snap_search_down_px": 14,
      "f4_local_snap_prefer_lower_weight": 0.05,
      "f2_local_snap_x": 728,
      "f2_local_snap_y_px": 145,
      "f2_local_snap_search_px": 8,
      "f2_local_snap_search_up_px": 14,
      "f2_local_snap_search_down_px": 2,
      "f2_local_snap_prefer_lower_weight": 0.0,
      "f2_consensus_x_range": [
        722,
        728
      ],
      "f2_consensus_y_px": 145,
      "f2_consensus_anchor_y_px": 145,
      "f2_consensus_seed_y_px": 146,
      "f2_consensus_support_cols": 7,
      "f2_consensus_support_ratio": 1.0,
      "f2_consensus_jump_px": 0,
      "f2_consensus_tol_px": 5,
      "f2_consensus_reason": "accepted",
      "f2_consensus_applied": true,
      "f3_consensus_applied": false,
      "f3_consensus_x_range": [
        722,
        728
      ],
      "f3_consensus_y_px": 202,
      "f3_consensus_anchor_y_px": 201,
      "f3_consensus_seed_y_px": 200,
      "f3_consensus_support_cols": 3,
      "f3_consensus_support_ratio": 0.5156232625375292,
      "f3_consensus_jump_px": 1,
      "f3_consensus_tol_px": 5,
      "f3_consensus_reason": "low_support",
      "f4_consensus_x_range": [
        722,
        728
      ],
      "f4_consensus_y_px": 251,
      "f4_consensus_anchor_y_px": 251,
      "f4_consensus_seed_y_px": 251,
      "f4_consensus_support_cols": 5,
      "f4_consensus_support_ratio": 0.795023923444976,
      "f4_consensus_jump_px": 0,
      "f4_consensus_tol_px": 6,
      "f4_consensus_reason": "accepted",
      "f4_consensus_applied": true,
      "scale_ranges": {
        "F1": [
          7.2,
          8.4
        ],
        "F2": [
          13.1,
          14.5
        ],
        "F3": [
          18.6,
          20.2
        ],
        "F4": [
          24.1,
          26.5
        ]
      }
    },
    "A": {
      "x_day0": 59,
      "x_day1": 380,
      "x_day2": 702,
      "day_w": 321.5,
      "x_day0_time": 59,
      "x_day1_time": 351,
      "x_day2_time": 643,
      "day_w_time": 292.0,
      "x_plot_end": 935,
      "x1_static": 936,