{
  "saved_at_utc": "2026-03-05T05:02:31.180902+00:00",
  "source": "tomsk_sos70_param_charts",
  "freq_max_hz": 40.0,
  "values": {
    "scale_ranges": {
      "F": {
        "F1": [
          7.2,
          8.4
        ],
        "F2": [
          13.1,
          14.5
        ],
        "F3": [
          18.6,
          20.2
        ],
        "F4": [
          24.1,
          26.5
        ]
      },
      "A": {
        "A1": [
          1.0,
          45.0
        ],
        "A2": [
          1.0,
          61.5
        ],
        "A3": [
          2.2,
          12.2
        ],
        "A4": [
          1.1,
          10.2
        ]
      },
      "Q": {
        "Q1": [
          4.0,
          38.0
        ],
        "Q2": [
          5.0,
          17.5
        ],
        "Q3": [
          7.0,
          23.0
        ],
        "Q4": [
          5.0,
          30.0
        ]
      }
    },
    "scale_units": {
      "F_hz": "Hz",
      "A_value": "idx",
      "Q_value": "idx"
    },
    "F_norm": {
      "F1": 0.0313588850174216,
      "F2": 0.42160278745644597,
      "F3": 0.5296167247386759,
      "F4": 0.7491289198606271
    },
    "F_y_px": {
      "F1": 44,
      "F2": 156,
      "F3": 187,
      "F4": 250
    },
    "F_lane_norm": {
      "F1": 0.05263157894736842,
      "F2": 1.0,
      "F3": 0.6304347826086957,
      "F4": 0.9347826086956522
    },
    "F_hz": {
      "F1": 8.336842105263159,
      "F2": 13.1,
      "F3": 19.191304347826087,
      "F4": 24.256521739130434
    },
    "A_norm": {
      "A1": 0.3170731707317073,
      "A2": 0.5226480836236934,
      "A3": 0.7317073170731707,
      "A4": 0.926829268292683
    },
    "A_y_px": {
      "A1": 126,
      "A2": 185,
      "A3": 245,
      "A4": 301
    },
    "A_lane_norm": {
      "A1": 0.9879518072289156,
      "A2": 0.9489795918367347,
      "A3": 0.9175257731958762,
      "A4": 0.7802197802197802
    },
    "A_value": {
      "A1": 1.5301204819277103,
      "A2": 4.0867346938775455,
      "A3": 3.024742268041237,
      "A4": 3.0999999999999996
    },
    "Q_norm": {
      "Q1": 0.28222996515679444,
      "Q2": 0.29965156794425085,
      "Q3": 0.6689895470383276,
      "Q4": 0.9337979094076655
    },
    "Q_y_px": {
      "Q1": 116,
      "Q2": 121,
      "Q3": 227,
      "Q4": 303
    },
    "Q_lane_norm": {
      "Q1": 0.7528089887640449,
      "Q2": 0.17525773195876287,
      "Q3": 0.6893203883495146,
      "Q4": 0.788235294117647
    },
    "Q_value": {
      "Q1": 12.404494382022474,
      "Q2": 15.309278350515465,
      "Q3": 11.970873786407767,
      "Q4": 10.294117647058822
    }
  },
  "debug": {
    "F": {
      "x_day0": 59,
      "x_day1": 372,
      "x_day2": 685,
      "day_w": 313.0,
      "x_day0_time": 59,
      "x_day1_time": 351,
      "x_day2_time": 643,
      "day_w_time": 292.0,
      "x_plot_end": 935,
      "x1_static": 936,
      "x1_dyn": 935,
      "x1_dyn_used": true,
      "pph": 12.166666666666666,
      "pph_source": "day_width (tick-mismatch-fallback)",
      "pph_tick": 19.0,
      "tick_pph_rel_err": 0.5616438356164384,
      "tick_pph_valid": false,
      "tick_count": 50,
      "tick_quality": 0.6944444444444444,
      "tick_used": false,
      "x_frontier": 785,
      "frontier_method": "activity_scan",
      "frontier_activity_thr": 0.46375097930431364,
      "frontier_activity_right_tail": 0.15874144434928894,
      "frontier_activity_run_px": 8,
      "guard_px": 4,
      "left_guard": 645,
      "right_guard": 781,
      "x_time": 790,
      "x_ideal": 790,
      "x_now": 781,
      "x_now_method": "snap_to_guard",
      "delta_min_to_guard": -44.38356164383562,
      "bias_minutes_applied": 0.0,
      "measured_bias_minutes": null,
      "age_hours": null,
      "status": "ok",
      "x_pick": 780,
      "x_pick_edge": 781,
      "x_pick_safe_right": 923,
      "x_overlay": 781,
      "f1_path_x_range": [
        767,
        781
      ],
      "f1_path_target_col": 14,
      "f1_path_y_px": 43,
      "f4_path_x_range": [
        767,
        781
      ],
      "f4_path_target_col": 14,
      "f4_path_y_px": 250,
      "f1_local_snap_x": 781,
      "f1_local_snap_y_px": 44,
      "f1_local_snap_search_px": 8,
      "f1_local_snap_search_up_px": 2,
      "f1_local_snap_search_down_px": 12,
      "f1_local_snap_prefer_lower_weight": 0.05,
      "f3_local_snap_x": 781,
      "f3_local_snap_y_px": 187,
      "f3_local_snap_search_px": 6,
      "f3_local_snap_search_up_px": 6,
      "f3_local_snap_search_down_px": 6,
      "f3_local_snap_prefer_lower_weight": 0.0,
      "f4_local_snap_x": 781,
      "f4_local_snap_y_px": 250,
      "f4_local_snap_search_px": 5,
      "f4_local_snap_search_up_px": 3,
      "f4_local_snap_search_down_px": 12,
      "f4_local_snap_prefer_lower_weight": 0.06,
      "f2_local_snap_x": 781,
      "f2_local_snap_y_px": 156,
      "f2_local_snap_search_px": 8,
      "f2_local_snap_search_up_px": 4,
      "f2_local_snap_search_down_px": 12,
      "f2_local_snap_prefer_lower_weight": 0.05,
      "scale_ranges": {
        "F1": [
          7.2,
          8.4
        ],
        "F2": [
          13.1,
          14.5
        ],
        "F3": [
          18.6,
          20.2
        ],
        "F4": [
          24.1,
          26.5
        ]
      }
    },
    "A": {
      "x_day0": 59,
      "x_day1": 372,
      "x_day2": 684,
      "day_w": 312.5,
      "x_day0_time": 59,
      "x_day1_time": 351,
      "x_day2_time": 643,
      "day_w_time": 292.0,
      "x_plot_end": 935,
      "x1_static": 936,
      "x1_dyn": 935,
      "x1_dyn_used": true,
      "pph": 12.166666666666666,
      "pph_source": "day_width (tick-mismatch-fallback)",
      "pph_tick": 19.0,
      "tick_pph_rel_err": 0.5616438356164384,
      "tick_pph_valid": false,
      "tick_count": 50,
      "tick_quality": 0.6944444444444444,
      "tick_used": false,
      "x_frontier": 934,
      "frontier_method": "activity_scan",
      "frontier_activity_thr": 0.2777836129069328,
      "frontier_activity_right_tail": 0.21494396030902863,
      "frontier_activity_run_px": 8,
      "guard_px": 6,
      "left_guard": 645,
      "right_guard": 928,
      "x_time": 790,
      "x_ideal": 790,
      "x_now": 790,
      "x_now_method": "ideal",
      "delta_min_to_guard": 680.5479452054796,
      "bias_minutes_applied": 0.0,
      "measured_bias_minutes": null,
      "age_hours": null,
      "status": "ok",
      "x_pick": 786,
      "x_pick_safe_right": 911,
      "x_overlay": 786,
      "a1_local_snap_x": 786,
      "a1_local_snap_y_px": 126,
      "a1_local_snap_search_px": 6,
      "a1_local_snap_search_up_px": 6,
      "a1_local_snap_search_down_px": 6,
      "a1_local_snap_prefer_lower_weight": 0.0,
      "a2_local_snap_x": 786,
      "a2_local_snap_y_px": 185,
      "a2_local_snap_search_px": 8,
      "a2_local_snap_search_up_px": 4,
      "a2_local_snap_search_down_px": 10,
      "a2_local_snap_prefer_lower_weight": 0.0,
      "a3_local_snap_x": 786,
      "a3_local_snap_y_px": 245,
      "a3_local_snap_search_px": 12,
      "a3_local_snap_search_up_px": 6,
      "a3_local_snap_search_down_px": 32,
      "a3_local_snap_prefer_lower_weight": 0.0,
      "a4_local_snap_x": 786,
      "a4_local_snap_y_px": 301,
      "a4_local_snap_search_px": 10,
      "a4_local_snap_search_up_px": 4,
      "a4_local_snap_search_down_px": 42,
      "a4_local_snap_prefer_lower_weight": 0.06,
      "scale_ranges": {
        "A1": [
          1.0,
          45.0
        ],
        "A2": [
          1.0,
          61.5
        ],
        "A3": [
          2.2,
          12.2
        ],
        "A4": [
          1.1,
          10.2
        ]
      }
    },
    "Q": {
      "x_day0": 59,
      "x_day1": 374,
      "x_day2": 690,
      "day_w": 315.5,
      "x_day0_time": 59,
      "x_day1_time": 351,
      "x_day2_time": 643,
      "day_w_time": 292.0,
      "x_plot_end": 935,
      "x1_static": 936,
      "x1_dyn": 935,
      "x1_dyn_used": true,
      "pph": 12.166666666666666,