{
  "saved_at_utc": "2026-03-15T10:29:32.136537+00:00",
  "source": "tomsk_sos70_param_charts",
  "freq_max_hz": 40.0,
  "values": {
    "scale_ranges": {
      "F": {
        "F1": [
          7.2,
          8.4
        ],
        "F2": [
          13.1,
          14.5
        ],
        "F3": [
          18.6,
          20.2
        ],
        "F4": [
          24.1,
          26.5
        ]
      },
      "A": {
        "A1": [
          1.0,
          45.0
        ],
        "A2": [
          1.0,
          61.5
        ],
        "A3": [
          2.2,
          12.2
        ],
        "A4": [
          1.1,
          10.2
        ]
      },
      "Q": {
        "Q1": [
          4.0,
          38.0
        ],
        "Q2": [
          5.0,
          17.5
        ],
        "Q3": [
          7.0,
          23.0
        ],
        "Q4": [
          5.0,
          30.0
        ]
      }
    },
    "scale_units": {
      "F_hz": "Hz",
      "A_value": "idx",
      "Q_value": "idx"
    },
    "F_norm": {
      "F1": 0.11498257839721254,
      "F2": 0.3344947735191638,
      "F3": 0.5818815331010453,
      "F4": 0.6794425087108014
    },
    "F_y_px": {
      "F1": 68,
      "F2": 131,
      "F3": 202,
      "F4": 230
    },
    "F_lane_norm": {
      "F1": 0.47368421052631576,
      "F2": 0.5192307692307693,
      "F3": 0.9565217391304348,
      "F4": 0.5
    },
    "F_hz": {
      "F1": 7.831578947368421,
      "F2": 13.773076923076923,
      "F3": 18.669565217391305,
      "F4": 25.3
    },
    "A_norm": {
      "A1": 0.2682926829268293,
      "A2": 0.5087108013937283,
      "A3": 0.7212543554006968,
      "A4": 0.9512195121951219
    },
    "A_y_px": {
      "A1": 112,
      "A2": 181,
      "A3": 242,
      "A4": 308
    },
    "A_lane_norm": {
      "A1": 0.8192771084337349,
      "A2": 0.9081632653061225,
      "A3": 0.8865979381443299,
      "A4": 0.8571428571428571
    },
    "A_value": {
      "A1": 8.951807228915662,
      "A2": 6.556122448979593,
      "A3": 3.3340206185567,
      "A4": 2.4000000000000004
    },
    "Q_norm": {
      "Q1": 0.1986062717770035,
      "Q2": 0.3344947735191638,
      "Q3": 0.7038327526132404,
      "Q4": 0.8954703832752613
    },
    "Q_y_px": {
      "Q1": 92,
      "Q2": 131,
      "Q3": 237,
      "Q4": 292
    },
    "Q_lane_norm": {
      "Q1": 0.48314606741573035,
      "Q2": 0.27835051546391754,
      "Q3": 0.7864077669902912,
      "Q4": 0.6588235294117647
    },
    "Q_value": {
      "Q1": 21.573033707865168,
      "Q2": 14.02061855670103,
      "Q3": 10.41747572815534,
      "Q4": 13.529411764705884
    }
  },
  "debug": {
    "F": {
      "x_day0": 59,
      "x_day1": 374,
      "x_day2": 689,
      "day_w": 315.0,
      "x_day0_time": 59,
      "x_day1_time": 351,
      "x_day2_time": 643,
      "day_w_time": 292.0,
      "x_plot_end": 935,
      "x1_static": 936,
      "x1_dyn": 935,
      "x1_dyn_used": true,
      "pph": 12.166666666666666,
      "pph_source": "day_width (tick-mismatch-fallback)",
      "pph_tick": 19.0,
      "tick_pph_rel_err": 0.5616438356164384,
      "tick_pph_valid": false,
      "tick_count": 50,
      "tick_quality": 0.6944444444444444,
      "tick_used": false,
      "x_frontier": 847,
      "frontier_method": "activity_scan",
      "frontier_activity_thr": 0.3850647002458572,
      "frontier_activity_right_tail": 0.0839870423078537,
      "frontier_activity_run_px": 8,
      "guard_px": 4,
      "left_guard": 645,
      "right_guard": 843,
      "x_time": 856,
      "x_ideal": 856,
      "x_now": 856,
      "x_now_method": "ideal",
      "hour_now_tsst": 17.491944444444446,
      "rollover_hour_min": 3.0,
      "rollover_hour_max": 8.5,
      "delta_min_to_guard": -64.10958904109589,
      "delta_min_to_frontier": -44.38356164383562,
      "frontier_day_fill": 0.6986301369863014,
      "rollover_candidate": false,
      "bias_minutes_applied": 0.0,
      "measured_bias_minutes": null,
      "age_hours": null,
      "status": "ok",
      "x_pick": 855,
      "x_pick_edge": 856,
      "x_pick_safe_right": 923,
      "x_overlay": 856,
      "f1_path_x_range": [
        842,
        856
      ],
      "f1_path_target_col": 13,
      "f1_path_y_px": 90,
      "f4_path_x_range": [
        842,
        856
      ],
      "f4_path_target_col": 13,
      "f4_path_y_px": 250,
      "f1_path2_x_range": [
        846,
        856
      ],
      "f1_path2_target_col": 9,
      "f1_path2_y_px": 70,
      "f1_path2_y_direct_px": 55,
      "f1_path2_direct_used": false,
      "f1_path2_direct_allowed": false,
      "f1_path2_left_weight": 0.35,
      "f1_path2_right_weight": 1.0,
      "f2_path2_x_range": [
        846,
        856
      ],
      "f2_path2_target_col": 9,
      "f2_path2_y_px": 131,
      "f2_path2_y_direct_px": 145,
      "f2_path2_direct_used": false,
      "f2_path2_direct_allowed": false,
      "f2_path2_left_weight": 0.4,
      "f2_path2_right_weight": 1.0,
      "f4_path2_x_range": [
        846,
        856
      ],
      "f4_path2_target_col": 9,
      "f4_path2_y_px": 230,
      "f4_path2_y_direct_px": 231,
      "f4_path2_direct_used": false,
      "f4_path2_direct_allowed": false,
      "f4_path2_left_weight": 0.4,
      "f4_path2_right_weight": 1.0,
      "f1_local_snap_x": 856,
      "f1_local_snap_y_px": 68,
      "f1_local_snap_search_px": 8,
      "f1_local_snap_search_up_px": 4,
      "f1_local_snap_search_down_px": 12,
      "f1_local_snap_prefer_lower_weight": 0.02,
      "f3_local_snap_x": 856,
      "f3_local_snap_y_px": 199,
      "f3_local_snap_search_px": 6,
      "f3_local_snap_search_up_px": 6,
      "f3_local_snap_search_down_px": 6,
      "f3_local_snap_prefer_lower_weight": 0.0,
      "f4_local_snap_x": 856,
      "f4_local_snap_y_px": 229,
      "f4_local_snap_search_px": 8,
      "f4_local_snap_search_up_px": 6,
      "f4_local_snap_search_down_px": 14,
      "f4_local_snap_prefer_lower_weight": 0.05,
      "f2_local_snap_x": 856,
      "f2_local_snap_y_px": 131,
      "f2_local_snap_search_px": 8,
      "f2_local_snap_search_up_px": 14,
      "f2_local_snap_search_down_px": 2,
      "f2_local_snap_prefer_lower_weight": 0.0,
      "f2_consensus_x_range": [
        850,
        856
      ],
      "f2_consensus_y_px": 131,
      "f2_consensus_anchor_y_px": 131,
      "f2_consensus_seed_y_px": 131,
      "f2_consensus_support_cols": 5,
      "f2_consensus_support_ratio": 0.6388049343937471,
      "f2_consensus_jump_px": 0,
      "f2_consensus_tol_px": 5,
      "f2_consensus_reason": "accepted",
      "f2_consensus_applied": true,
      "f3_consensus_x_range": [
        850,
        856
      ],
      "f3_consensus_y_px": 202,
      "f3_consensus_anchor_y_px": 199,
      "f3_consensus_seed_y_px": 202,
      "f3_consensus_support_cols": 6,
      "f3_consensus_support_ratio": 0.8491142196376045,
      "f3_consensus_jump_px": 3,
      "f3_consensus_tol_px": 5,
      "f3_consensus_reason": "accepted",
      "f3_consensus_applied": true,
      "f4_consensus_x_range": [
        850,
        856
      ],
      "f4_consensus_y_px": 230,
      "f4_consensus_anchor_y_px": 229,
      "f4_consensus_seed_y_px": 230,
      "f4_consensus_support_cols": 4,
      "f4_consensus_support_ratio": 0.6817595036704495,
      "f4_consensus_jump_px": 1,
      "f4_consensus_tol_px": 6,
      "f4_consensus_reason": "accepted",
      "f4_consensus_applied": true,
      "scale_ranges": {
        "F1": [
          7.2,
          8.4
        ],
        "F2": [
          13.1,
          14.5
        ],
        "F3": [
          18.6,
          20.2
        ],
        "F4": [
          24.1,
          26.5
        ]
      }
    },
    "A": {
      "x_day0": 59,
      "x_day1": 356,
      "x_day2": 654,
      "day_w": 297.5,
      "x_day0_time": 59,
      "x_day1_time": 351,
      "x_day2_time": 643,
      "day_w_time": 292.0,
      "x_plot_end": 935,
      "x1_static": 936,
      "x1_dyn": 935,
      "x1_dyn_used": true,
      "pph": 12.166666666666666,