{
  "saved_at_utc": "2026-03-28T11:54:01.399937+00:00",
  "source": "tomsk_sos70_param_charts",
  "freq_max_hz": 40.0,
  "values": {
    "scale_ranges": {
      "F": {
        "F1": [
          7.2,
          8.4
        ],
        "F2": [
          13.1,
          14.5
        ],
        "F3": [
          18.6,
          20.2
        ],
        "F4": [
          24.1,
          26.5
        ]
      },
      "A": {
        "A1": [
          1.0,
          45.0
        ],
        "A2": [
          1.0,
          61.5
        ],
        "A3": [
          2.2,
          12.2
        ],
        "A4": [
          1.1,
          10.2
        ]
      },
      "Q": {
        "Q1": [
          4.0,
          38.0
        ],
        "Q2": [
          5.0,
          17.5
        ],
        "Q3": [
          7.0,
          23.0
        ],
        "Q4": [
          5.0,
          30.0
        ]
      }
    },
    "scale_units": {
      "F_hz": "Hz",
      "A_value": "idx",
      "Q_value": "idx"
    },
    "F_norm": {
      "F1": 0.0313588850174216,
      "F2": 0.2613240418118467,
      "F3": 0.5331010452961672,
      "F4": 0.6794425087108014
    },
    "F_y_px": {
      "F1": 44,
      "F2": 110,
      "F3": 188,
      "F4": 230
    },
    "F_lane_norm": {
      "F1": 0.05263157894736842,
      "F2": 0.11538461538461539,
      "F3": 0.6521739130434783,
      "F4": 0.5
    },
    "F_hz": {
      "F1": 8.336842105263159,
      "F2": 14.338461538461539,
      "F3": 19.156521739130437,
      "F4": 25.3
    },
    "A_norm": {
      "A1": 0.30313588850174217,
      "A2": 0.4878048780487805,
      "A3": 0.6968641114982579,
      "A4": 0.9965156794425087
    },
    "A_y_px": {
      "A1": 122,
      "A2": 175,
      "A3": 235,
      "A4": 321
    },
    "A_lane_norm": {
      "A1": 0.9397590361445783,
      "A2": 0.8469387755102041,
      "A3": 0.8144329896907216,
      "A4": 1.0
    },
    "A_value": {
      "A1": 3.6506024096385516,
      "A2": 10.26020408163265,
      "A3": 4.055670103092783,
      "A4": 1.0999999999999996
    },
    "Q_norm": {
      "Q1": 0.2787456445993031,
      "Q2": 0.49825783972125437,
      "Q3": 0.5888501742160279,
      "Q4": 0.7491289198606271
    },
    "Q_y_px": {
      "Q1": 115,
      "Q2": 178,
      "Q3": 204,
      "Q4": 250
    },
    "Q_lane_norm": {
      "Q1": 0.7415730337078652,
      "Q2": 0.7628865979381443,
      "Q3": 0.46601941747572817,
      "Q4": 0.16470588235294117
    },
    "Q_value": {
      "Q1": 12.786516853932582,
      "Q2": 7.963917525773196,
      "Q3": 15.54368932038835,
      "Q4": 25.88235294117647
    }
  },
  "debug": {
    "F": {
      "x_day0": 59,
      "x_day1": 372,
      "x_day2": 685,
      "day_w": 313.0,
      "x_day0_time": 59,
      "x_day1_time": 351,
      "x_day2_time": 643,
      "day_w_time": 292.0,
      "x_plot_end": 935,
      "x1_static": 936,
      "x1_dyn": 935,
      "x1_dyn_used": true,
      "pph": 12.166666666666666,
      "pph_source": "day_width (tick-mismatch-fallback)",
      "pph_tick": 19.0,
      "tick_pph_rel_err": 0.5616438356164384,
      "tick_pph_valid": false,
      "tick_count": 50,
      "tick_quality": 0.6944444444444444,
      "tick_used": false,
      "x_frontier": 870,
      "frontier_method": "activity_scan",
      "frontier_activity_thr": 0.3950473219156265,
      "frontier_activity_right_tail": 0.07571631669998169,
      "frontier_activity_run_px": 8,
      "guard_px": 4,
      "left_guard": 645,
      "right_guard": 866,
      "x_time": 873,
      "x_ideal": 873,
      "x_now": 873,
      "x_now_method": "ideal",
      "hour_now_tsst": 18.900277777777777,
      "rollover_hour_min": 3.0,
      "rollover_hour_max": 8.5,
      "delta_min_to_guard": -34.520547945205486,
      "delta_min_to_frontier": -14.794520547945206,
      "frontier_day_fill": 0.7773972602739726,
      "rollover_candidate": false,
      "bias_minutes_applied": 0.0,
      "measured_bias_minutes": null,
      "age_hours": null,
      "status": "ok",
      "x_pick": 872,
      "x_pick_edge": 873,
      "x_pick_safe_right": 923,
      "x_overlay": 873,
      "f1_path_x_range": [
        859,
        873
      ],
      "f1_path_target_col": 13,
      "f1_path_y_px": 43,
      "f4_path_x_range": [
        859,
        873
      ],
      "f4_path_target_col": 13,
      "f4_path_y_px": 230,
      "f1_path2_x_range": [
        863,
        873
      ],
      "f1_path2_target_col": 9,
      "f1_path2_y_px": 44,
      "f1_path2_y_direct_px": 44,
      "f1_path2_direct_used": false,
      "f1_path2_direct_allowed": false,
      "f1_path2_left_weight": 0.35,
      "f1_path2_right_weight": 1.0,
      "f2_path2_x_range": [
        863,
        873
      ],
      "f2_path2_target_col": 9,
      "f2_path2_y_px": 122,
      "f2_path2_y_direct_px": 123,
      "f2_path2_direct_used": false,
      "f2_path2_direct_allowed": false,
      "f2_path2_left_weight": 0.4,
      "f2_path2_right_weight": 1.0,
      "f4_path2_x_range": [
        863,
        873
      ],
      "f4_path2_target_col": 9,
      "f4_path2_y_px": 230,
      "f4_path2_y_direct_px": 251,
      "f4_path2_direct_used": false,
      "f4_path2_direct_allowed": false,
      "f4_path2_left_weight": 0.4,
      "f4_path2_right_weight": 1.0,
      "f1_local_snap_x": 873,
      "f1_local_snap_y_px": 44,
      "f1_local_snap_search_px": 8,
      "f1_local_snap_search_up_px": 4,
      "f1_local_snap_search_down_px": 12,
      "f1_local_snap_prefer_lower_weight": 0.02,
      "f3_local_snap_x": 873,
      "f3_local_snap_y_px": 188,
      "f3_local_snap_search_px": 6,
      "f3_local_snap_search_up_px": 6,
      "f3_local_snap_search_down_px": 6,
      "f3_local_snap_prefer_lower_weight": 0.0,
      "f4_local_snap_x": 873,
      "f4_local_snap_y_px": 230,
      "f4_local_snap_search_px": 8,
      "f4_local_snap_search_up_px": 6,
      "f4_local_snap_search_down_px": 14,
      "f4_local_snap_prefer_lower_weight": 0.05,
      "f2_local_snap_x": 873,
      "f2_local_snap_y_px": 110,
      "f2_local_snap_search_px": 8,
      "f2_local_snap_search_up_px": 14,
      "f2_local_snap_search_down_px": 2,
      "f2_local_snap_prefer_lower_weight": 0.0,
      "f2_consensus_applied": false,
      "f2_consensus_x_range": [
        867,
        873
      ],
      "f2_consensus_y_px": 121,
      "f2_consensus_anchor_y_px": 110,
      "f2_consensus_seed_y_px": 123,
      "f2_consensus_support_cols": 4,
      "f2_consensus_support_ratio": 0.4788267731507891,
      "f2_consensus_jump_px": 11,
      "f2_consensus_tol_px": 5,
      "f2_consensus_reason": "low_support",
      "f3_consensus_applied": false,
      "f3_consensus_x_range": [
        867,
        873
      ],
      "f3_consensus_y_px": 187,
      "f3_consensus_anchor_y_px": 188,
      "f3_consensus_seed_y_px": 187,
      "f3_consensus_support_cols": 4,
      "f3_consensus_support_ratio": 0.48744525237062547,
      "f3_consensus_jump_px": 1,
      "f3_consensus_tol_px": 5,
      "f3_consensus_reason": "low_support",
      "f4_consensus_applied": false,
      "f4_consensus_x_range": [
        867,
        873
      ],
      "f4_consensus_y_px": 230,
      "f4_consensus_anchor_y_px": 230,
      "f4_consensus_seed_y_px": 230,
      "f4_consensus_support_cols": 3,
      "f4_consensus_support_ratio": 0.47504307787915595,
      "f4_consensus_jump_px": 0,
      "f4_consensus_tol_px": 6,
      "f4_consensus_reason": "low_support",
      "scale_ranges": {
        "F1": [
          7.2,
          8.4
        ],
        "F2": [
          13.1,
          14.5
        ],
        "F3": [
          18.6,
          20.2
        ],
        "F4": [
          24.1,
          26.5
        ]
      }
    },
    "A": {
      "x_day0": 59,
      "x_day1": 372,
      "x_day2": 685,
      "day_w": 313.0,
      "x_day0_time": 59,
      "x_day1_time": 351,
      "x_day2_time": 643,
      "day_w_time": 292.0,
      "x_plot_end": 935,
      "x1_static": 936,
      "x1_dyn": 935,
      "x1_dyn_used": true,
      "pph": 12.166666666666666,