{
  "saved_at_utc": "2026-03-13T11:16:04.893848+00:00",
  "source": "tomsk_sos70_param_charts",
  "freq_max_hz": 40.0,
  "values": {
    "scale_ranges": {
      "F": {
        "F1": [
          7.2,
          8.4
        ],
        "F2": [
          13.1,
          14.5
        ],
        "F3": [
          18.6,
          20.2
        ],
        "F4": [
          24.1,
          26.5
        ]
      },
      "A": {
        "A1": [
          1.0,
          45.0
        ],
        "A2": [
          1.0,
          61.5
        ],
        "A3": [
          2.2,
          12.2
        ],
        "A4": [
          1.1,
          10.2
        ]
      },
      "Q": {
        "Q1": [
          4.0,
          38.0
        ],
        "Q2": [
          5.0,
          17.5
        ],
        "Q3": [
          7.0,
          23.0
        ],
        "Q4": [
          5.0,
          30.0
        ]
      }
    },
    "scale_units": {
      "F_hz": "Hz",
      "A_value": "idx",
      "Q_value": "idx"
    },
    "F_norm": {
      "F1": 0.17421602787456447,
      "F2": 0.3554006968641115,
      "F3": 0.4843205574912892,
      "F4": 0.7526132404181185
    },
    "F_y_px": {
      "F1": 85,
      "F2": 137,
      "F3": 174,
      "F4": 251
    },
    "F_lane_norm": {
      "F1": 0.7719298245614035,
      "F2": 0.6346153846153846,
      "F3": 0.34782608695652173,
      "F4": 0.9565217391304348
    },
    "F_hz": {
      "F1": 7.473684210526316,
      "F2": 13.611538461538462,
      "F3": 19.643478260869564,
      "F4": 24.20434782608696
    },
    "A_norm": {
      "A1": 0.313588850174216,
      "A2": 0.519163763066202,
      "A3": 0.7282229965156795,
      "A4": 0.9407665505226481
    },
    "A_y_px": {
      "A1": 125,
      "A2": 184,
      "A3": 244,
      "A4": 305
    },
    "A_lane_norm": {
      "A1": 0.9759036144578314,
      "A2": 0.9387755102040817,
      "A3": 0.9072164948453608,
      "A4": 0.8241758241758241
    },
    "A_value": {
      "A1": 2.0602409638554207,
      "A2": 4.7040816326530575,
      "A3": 3.1278350515463913,
      "A4": 2.7
    },
    "Q_norm": {
      "Q1": 0.3170731707317073,
      "Q2": 0.44947735191637633,
      "Q3": 0.7038327526132404,
      "Q4": 0.9233449477351916
    },
    "Q_y_px": {
      "Q1": 126,
      "Q2": 164,
      "Q3": 237,
      "Q4": 300
    },
    "Q_lane_norm": {
      "Q1": 0.8651685393258427,
      "Q2": 0.6185567010309279,
      "Q3": 0.7864077669902912,
      "Q4": 0.7529411764705882
    },
    "Q_value": {
      "Q1": 8.584269662921347,
      "Q2": 9.768041237113401,
      "Q3": 10.41747572815534,
      "Q4": 11.176470588235293
    }
  },
  "debug": {
    "F": {
      "x_day0": 59,
      "x_day1": 368,
      "x_day2": 678,
      "day_w": 309.5,
      "x_day0_time": 59,
      "x_day1_time": 351,
      "x_day2_time": 643,
      "day_w_time": 292.0,
      "x_plot_end": 935,
      "x1_static": 936,
      "x1_dyn": 935,
      "x1_dyn_used": true,
      "pph": 12.166666666666666,
      "pph_source": "day_width (tick-mismatch-fallback)",
      "pph_tick": 19.0,
      "tick_pph_rel_err": 0.5616438356164384,
      "tick_pph_valid": false,
      "tick_count": 50,
      "tick_quality": 0.6944444444444444,
      "tick_used": false,
      "x_frontier": 868,
      "frontier_method": "activity_scan",
      "frontier_activity_thr": 0.4029325574636459,
      "frontier_activity_right_tail": 0.07203782349824905,
      "frontier_activity_run_px": 8,
      "guard_px": 4,
      "left_guard": 645,
      "right_guard": 864,
      "x_time": 865,
      "x_ideal": 865,
      "x_now": 865,
      "x_now_method": "ideal",
      "hour_now_tsst": 18.267777777777777,
      "rollover_hour_min": 3.0,
      "rollover_hour_max": 8.5,
      "delta_min_to_guard": -4.931506849315069,
      "delta_min_to_frontier": 14.794520547945206,
      "frontier_day_fill": 0.7705479452054794,
      "rollover_candidate": false,
      "bias_minutes_applied": 0.0,
      "measured_bias_minutes": null,
      "age_hours": null,
      "status": "ok",
      "x_pick": 864,
      "x_pick_edge": 865,
      "x_pick_safe_right": 923,
      "x_overlay": 865,
      "f1_path_x_range": [
        851,
        865
      ],
      "f1_path_target_col": 13,
      "f1_path_y_px": 79,
      "f4_path_x_range": [
        851,
        865
      ],
      "f4_path_target_col": 13,
      "f4_path_y_px": 251,
      "f1_path2_x_range": [
        855,
        865
      ],
      "f1_path2_target_col": 9,
      "f1_path2_y_px": 79,
      "f1_path2_y_direct_px": 57,
      "f1_path2_direct_used": false,
      "f1_path2_direct_allowed": false,
      "f1_path2_left_weight": 0.35,
      "f1_path2_right_weight": 1.0,
      "f2_path2_x_range": [
        855,
        865
      ],
      "f2_path2_target_col": 9,
      "f2_path2_y_px": 134,
      "f2_path2_y_direct_px": 137,
      "f2_path2_direct_used": false,
      "f2_path2_direct_allowed": false,
      "f2_path2_left_weight": 0.4,
      "f2_path2_right_weight": 1.0,
      "f4_path2_x_range": [
        855,
        865
      ],
      "f4_path2_target_col": 9,
      "f4_path2_y_px": 251,
      "f4_path2_y_direct_px": 253,
      "f4_path2_direct_used": false,
      "f4_path2_direct_allowed": false,
      "f4_path2_left_weight": 0.4,
      "f4_path2_right_weight": 1.0,
      "f1_local_snap_x": 865,
      "f1_local_snap_y_px": 85,
      "f1_local_snap_search_px": 8,
      "f1_local_snap_search_up_px": 4,
      "f1_local_snap_search_down_px": 12,
      "f1_local_snap_prefer_lower_weight": 0.02,
      "f3_local_snap_x": 865,
      "f3_local_snap_y_px": 174,
      "f3_local_snap_search_px": 6,
      "f3_local_snap_search_up_px": 6,
      "f3_local_snap_search_down_px": 6,
      "f3_local_snap_prefer_lower_weight": 0.0,
      "f4_local_snap_x": 865,
      "f4_local_snap_y_px": 251,
      "f4_local_snap_search_px": 8,
      "f4_local_snap_search_up_px": 6,
      "f4_local_snap_search_down_px": 14,
      "f4_local_snap_prefer_lower_weight": 0.05,
      "f2_local_snap_x": 865,
      "f2_local_snap_y_px": 131,
      "f2_local_snap_search_px": 8,
      "f2_local_snap_search_up_px": 14,
      "f2_local_snap_search_down_px": 2,
      "f2_local_snap_prefer_lower_weight": 0.0,
      "f2_consensus_x_range": [
        859,
        865
      ],
      "f2_consensus_y_px": 137,
      "f2_consensus_seed_y_px": 134,
      "f2_consensus_support_cols": 6,
      "f2_consensus_tol_px": 5,
      "f2_consensus_applied": true,
      "f3_consensus_x_range": [
        859,
        865
      ],
      "f3_consensus_y_px": 174,
      "f3_consensus_seed_y_px": 175,
      "f3_consensus_support_cols": 4,
      "f3_consensus_tol_px": 5,
      "f3_consensus_applied": true,
      "f4_consensus_applied": false,
      "f4_consensus_support_cols": 2,
      "f4_consensus_seed_y_px": 230,
      "scale_ranges": {
        "F1": [
          7.2,
          8.4
        ],
        "F2": [
          13.1,
          14.5
        ],
        "F3": [
          18.6,
          20.2
        ],
        "F4": [
          24.1,
          26.5
        ]
      }
    },
    "A": {
      "x_day0": 59,
      "x_day1": 393,
      "x_day2": 727,
      "day_w": 334.0,
      "x_day0_time": 59,
      "x_day1_time": 351,
      "x_day2_time": 644,
      "day_w_time": 292.3333333333333,
      "x_plot_end": 936,
      "x1_static": 936,
      "x1_dyn": 977,
      "x1_dyn_used": false,
      "pph": 12.180555555555555,
      "pph_source": "day_width (tick-mismatch-fallback)",
      "pph_tick": 19.0,
      "tick_pph_rel_err": 0.5598631698973775,
      "tick_pph_valid": false,
      "tick_count": 50,
      "tick_quality": 0.6944444444444444,
      "tick_used": false,
      "x_frontier": 935,
      "frontier_method": "activity_scan",
      "frontier_activity_thr": 0.3199627935886383,
      "frontier_activity_right_tail": 0.2639891505241394,
      "frontier_activity_run_px": 8,
      "guard_px": 6,
      "left_guard": 646,
      "right_guard": 929,
      "x_time": 867,
      "x_ideal": 867,
      "x_now": 867,