{
  "saved_at_utc": "2026-03-10T22:28:25.012906+00:00",
  "source": "tomsk_sos70_param_charts",
  "freq_max_hz": 40.0,
  "values": {
    "scale_ranges": {
      "F": {
        "F1": [
          7.2,
          8.4
        ],
        "F2": [
          13.1,
          14.5
        ],
        "F3": [
          18.6,
          20.2
        ],
        "F4": [
          24.1,
          26.5
        ]
      },
      "A": {
        "A1": [
          1.0,
          45.0
        ],
        "A2": [
          1.0,
          61.5
        ],
        "A3": [
          2.2,
          12.2
        ],
        "A4": [
          1.1,
          10.2
        ]
      },
      "Q": {
        "Q1": [
          4.0,
          38.0
        ],
        "Q2": [
          5.0,
          17.5
        ],
        "Q3": [
          7.0,
          23.0
        ],
        "Q4": [
          5.0,
          30.0
        ]
      }
    },
    "scale_units": {
      "F_hz": "Hz",
      "A_value": "idx",
      "Q_value": "idx"
    },
    "F_norm": {
      "F1": 0.1289198606271777,
      "F2": 0.3623693379790941,
      "F3": 0.44947735191637633,
      "F4": 0.7491289198606271
    },
    "F_y_px": {
      "F1": 72,
      "F2": 139,
      "F3": 164,
      "F4": 250
    },
    "F_lane_norm": {
      "F1": 0.543859649122807,
      "F2": 0.6730769230769231,
      "F3": 0.13043478260869565,
      "F4": 0.9347826086956522
    },
    "F_hz": {
      "F1": 7.747368421052632,
      "F2": 13.557692307692307,
      "F3": 19.991304347826087,
      "F4": 24.256521739130434
    },
    "A_norm": {
      "A1": 0.26480836236933797,
      "A2": 0.4878048780487805,
      "A3": 0.7212543554006968,
      "A4": 0.9581881533101045
    },
    "A_y_px": {
      "A1": 111,
      "A2": 175,
      "A3": 242,
      "A4": 310
    },
    "A_lane_norm": {
      "A1": 0.8072289156626506,
      "A2": 0.8469387755102041,
      "A3": 0.8865979381443299,
      "A4": 0.8791208791208791
    },
    "A_value": {
      "A1": 9.481927710843372,
      "A2": 10.26020408163265,
      "A3": 3.3340206185567,
      "A4": 2.2
    },
    "Q_norm": {
      "Q1": 0.2229965156794425,
      "Q2": 0.4355400696864111,
      "Q3": 0.7073170731707317,
      "Q4": 0.8257839721254355
    },
    "Q_y_px": {
      "Q1": 99,
      "Q2": 160,
      "Q3": 238,
      "Q4": 272
    },
    "Q_lane_norm": {
      "Q1": 0.5617977528089888,
      "Q2": 0.5773195876288659,
      "Q3": 0.7961165048543689,
      "Q4": 0.4235294117647059
    },
    "Q_value": {
      "Q1": 18.89887640449438,
      "Q2": 10.283505154639176,
      "Q3": 10.262135922330097,
      "Q4": 19.411764705882355
    }
  },
  "debug": {
    "F": {
      "x_day0": 59,
      "x_day1": 392,
      "x_day2": 726,
      "day_w": 333.5,
      "x_day0_time": 59,
      "x_day1_time": 351,
      "x_day2_time": 643,
      "day_w_time": 292.0,
      "x_plot_end": 935,
      "x1_static": 936,
      "x1_dyn": 935,
      "x1_dyn_used": true,
      "pph": 12.166666666666666,
      "pph_source": "day_width (tick-mismatch-fallback)",
      "pph_tick": 19.0,
      "tick_pph_rel_err": 0.5616438356164384,
      "tick_pph_valid": false,
      "tick_count": 50,
      "tick_quality": 0.6944444444444444,
      "tick_used": false,
      "x_frontier": 706,
      "frontier_method": "activity_scan",
      "frontier_activity_thr": 0.47292748689651487,
      "frontier_activity_right_tail": 0.1930852234363556,
      "frontier_activity_run_px": 8,
      "guard_px": 4,
      "left_guard": 645,
      "right_guard": 702,
      "x_time": 710,
      "x_ideal": 710,
      "x_now": 704,
      "x_now_method": "harmonized_median",
      "hour_now_tsst": 5.473333333333334,
      "rollover_hour_min": 3.0,
      "rollover_hour_max": 8.5,
      "delta_min_to_guard": -39.45205479452055,
      "frontier_day_fill": 0.21575342465753425,
      "rollover_candidate": false,
      "bias_minutes_applied": 0.0,
      "measured_bias_minutes": null,
      "age_hours": null,
      "status": "ok",
      "x_now_before_harmonize": 702,
      "x_pick": 703,
      "x_pick_edge": 704,
      "x_pick_safe_right": 923,
      "x_overlay": 704,
      "f1_path_x_range": [
        690,
        704
      ],
      "f1_path_target_col": 13,
      "f1_path_y_px": 96,
      "f4_path_x_range": [
        690,
        704
      ],
      "f4_path_target_col": 13,
      "f4_path_y_px": 250,
      "f1_path2_x_range": [
        694,
        704
      ],
      "f1_path2_target_col": 9,
      "f1_path2_y_px": 69,
      "f1_path2_y_direct_px": 78,
      "f1_path2_direct_used": false,
      "f1_path2_direct_allowed": false,
      "f1_path2_left_weight": 0.35,
      "f1_path2_right_weight": 1.0,
      "f2_path2_x_range": [
        694,
        704
      ],
      "f2_path2_target_col": 9,
      "f2_path2_y_px": 149,
      "f2_path2_y_direct_px": 154,
      "f2_path2_direct_used": false,
      "f2_path2_direct_allowed": false,
      "f2_path2_left_weight": 0.4,
      "f2_path2_right_weight": 1.0,
      "f4_path2_x_range": [
        694,
        704
      ],
      "f4_path2_target_col": 9,
      "f4_path2_y_px": 250,
      "f4_path2_y_direct_px": 249,
      "f4_path2_direct_used": false,
      "f4_path2_direct_allowed": false,
      "f4_path2_left_weight": 0.4,
      "f4_path2_right_weight": 1.0,
      "f1_local_snap_x": 704,
      "f1_local_snap_y_px": 72,
      "f1_local_snap_search_px": 8,
      "f1_local_snap_search_up_px": 4,
      "f1_local_snap_search_down_px": 12,
      "f1_local_snap_prefer_lower_weight": 0.02,
      "f3_local_snap_x": 704,
      "f3_local_snap_y_px": 164,
      "f3_local_snap_search_px": 6,
      "f3_local_snap_search_up_px": 6,
      "f3_local_snap_search_down_px": 6,
      "f3_local_snap_prefer_lower_weight": 0.0,
      "f4_local_snap_x": 704,
      "f4_local_snap_y_px": 250,
      "f4_local_snap_search_px": 8,
      "f4_local_snap_search_up_px": 6,
      "f4_local_snap_search_down_px": 14,
      "f4_local_snap_prefer_lower_weight": 0.05,
      "f2_local_snap_x": 704,
      "f2_local_snap_y_px": 139,
      "f2_local_snap_search_px": 8,
      "f2_local_snap_search_up_px": 14,
      "f2_local_snap_search_down_px": 2,
      "f2_local_snap_prefer_lower_weight": 0.0,
      "scale_ranges": {
        "F1": [
          7.2,
          8.4
        ],
        "F2": [
          13.1,
          14.5
        ],
        "F3": [
          18.6,
          20.2
        ],
        "F4": [
          24.1,
          26.5
        ]
      }
    },
    "A": {
      "x_day0": 59,
      "x_day1": 392,
      "x_day2": 726,
      "day_w": 333.5,
      "x_day0_time": 59,
      "x_day1_time": 351,
      "x_day2_time": 644,
      "day_w_time": 292.3333333333333,
      "x_plot_end": 936,
      "x1_static": 936,
      "x1_dyn": 977,
      "x1_dyn_used": false,
      "pph": 12.180555555555555,
      "pph_source": "day_width (tick-mismatch-fallback)",
      "pph_tick": 19.0,
      "tick_pph_rel_err": 0.5598631698973775,
      "tick_pph_valid": false,
      "tick_count": 50,
      "tick_quality": 0.6944444444444444,
      "tick_used": false,
      "x_frontier": 935,
      "frontier_method": "activity_scan",
      "frontier_activity_thr": 0.2657606527209282,
      "frontier_activity_right_tail": 0.3455684781074524,
      "frontier_activity_run_px": 8,
      "guard_px": 6,
      "left_guard": 646,
      "right_guard": 929,
      "x_time": 711,
      "x_ideal": 711,
      "x_now": 704,
      "x_now_method": "harmonized_median",
      "hour_now_tsst": 5.473333333333334,
      "rollover_hour_min": 3.0,
      "rollover_hour_max": 8.5,
      "delta_min_to_guard": 1073.842645381984,
      "frontier_day_fill": 0.9954389965792475,
      "rollover_candidate": true,
      "bias_minutes_applied": 0.0,
      "measured_bias_minutes": null,
      "age_hours": null,
      "status": "ok",
      "x_now_before_harmonize": 929,
      "x_pick": 700,
      "x_pick_safe_right": 912,
      "x_overlay": 700,
      "a2_path2_x_range": [
        690,
        700
      ],
      "a2_path2_target_col": 9,