{
  "saved_at_utc": "2026-07-01T18:13:38.055740+00:00",
  "source": "tomsk_sos70_param_charts",
  "freq_max_hz": 40.0,
  "values": {
    "scale_ranges": {
      "F": {
        "F1": [
          7.2,
          8.4
        ],
        "F2": [
          13.1,
          14.5
        ],
        "F3": [
          18.6,
          20.2
        ],
        "F4": [
          24.1,
          26.5
        ]
      },
      "A": {
        "A1": [
          1.0,
          45.0
        ],
        "A2": [
          1.0,
          61.5
        ],
        "A3": [
          2.2,
          12.2
        ],
        "A4": [
          1.1,
          10.2
        ]
      },
      "Q": {
        "Q1": [
          4.0,
          38.0
        ],
        "Q2": [
          5.0,
          17.5
        ],
        "Q3": [
          7.0,
          23.0
        ],
        "Q4": [
          5.0,
          30.0
        ]
      }
    },
    "scale_units": {
      "F_hz": "Hz",
      "A_value": "idx",
      "Q_value": "idx"
    },
    "F_norm": {
      "F1": 0.1254355400696864,
      "F2": 0.3310104529616725,
      "F3": 0.45993031358885017,
      "F4": 0.7839721254355401
    },
    "F_y_px": {
      "F1": 71,
      "F2": 130,
      "F3": 167,
      "F4": 260
    },
    "F_lane_norm": {
      "F1": 0.5263157894736842,
      "F2": 0.5,
      "F3": 0.1956521739130435,
      "F4": 1.0
    },
    "F_hz": {
      "F1": 7.768421052631579,
      "F2": 13.8,
      "F3": 19.88695652173913,
      "F4": 24.1
    },
    "A_norm": {
      "A1": 0.1951219512195122,
      "A2": 0.5365853658536586,
      "A3": 0.7421602787456446,
      "A4": 0.9512195121951219
    },
    "A_y_px": {
      "A1": 91,
      "A2": 189,
      "A3": 248,
      "A4": 308
    },
    "A_lane_norm": {
      "A1": 0.5662650602409639,
      "A2": 0.9897959183673469,
      "A3": 0.9484536082474226,
      "A4": 0.8571428571428571
    },
    "A_value": {
      "A1": 20.08433734939759,
      "A2": 1.617346938775512,
      "A3": 2.7154639175257724,
      "A4": 2.4000000000000004
    },
    "Q_norm": {
      "Q1": 0.289198606271777,
      "Q2": 0.5052264808362369,
      "Q3": 0.6933797909407665,
      "Q4": 0.9128919860627178
    },
    "Q_y_px": {
      "Q1": 118,
      "Q2": 180,
      "Q3": 234,
      "Q4": 297
    },
    "Q_lane_norm": {
      "Q1": 0.7752808988764045,
      "Q2": 0.7835051546391752,
      "Q3": 0.7572815533980582,
      "Q4": 0.7176470588235294
    },
    "Q_value": {
      "Q1": 11.640449438202246,
      "Q2": 7.7061855670103085,
      "Q3": 10.883495145631068,
      "Q4": 12.058823529411764
    }
  },
  "debug": {
    "F": {
      "x_day0": 59,
      "x_day1": 372,
      "x_day2": 684,
      "day_w": 312.5,
      "x_day0_time": 59,
      "x_day1_time": 351,
      "x_day2_time": 643,
      "day_w_time": 292.0,
      "x_plot_end": 935,
      "x1_static": 936,
      "x1_dyn": 935,
      "x1_dyn_used": true,
      "pph": 12.166666666666666,
      "pph_source": "day_width (tick-mismatch-fallback)",
      "pph_tick": 19.0,
      "tick_pph_rel_err": 0.5616438356164384,
      "tick_pph_valid": false,
      "tick_count": 50,
      "tick_quality": 0.6944444444444444,
      "tick_used": false,
      "x_frontier": 655,
      "frontier_method": "activity_scan",
      "frontier_activity_thr": 0.4804772764444351,
      "frontier_activity_right_tail": 0.2049681842327118,
      "frontier_activity_run_px": 8,
      "guard_px": 4,
      "left_guard": 645,
      "right_guard": 651,
      "x_time": 658,
      "x_ideal": 658,
      "x_now": 651,
      "x_now_method": "guard_invalid",
      "hour_now_tsst": 1.2269444444444446,
      "rollover_hour_min": 3.0,
      "rollover_hour_max": 8.5,
      "delta_min_to_guard": -34.520547945205486,
      "delta_min_to_frontier": -14.794520547945206,
      "frontier_day_fill": 0.0410958904109589,
      "rollover_candidate": false,
      "bias_minutes_applied": 0.0,
      "measured_bias_minutes": null,
      "age_hours": null,
      "status": "no_recent_data",
      "x_pick": 650,
      "x_pick_edge": 651,
      "x_pick_safe_right": 923,
      "x_overlay": 651,
      "f1_path_x_range": [
        637,
        651
      ],
      "f1_path_target_col": 13,
      "f1_path_y_px": 82,
      "f4_path_x_range": [
        637,
        651
      ],
      "f4_path_target_col": 13,
      "f4_path_y_px": 250,
      "f1_path2_x_range": [
        641,
        651
      ],
      "f1_path2_target_col": 9,
      "f1_path2_y_px": 69,
      "f1_path2_y_direct_px": 69,
      "f1_path2_direct_used": false,
      "f1_path2_direct_allowed": false,
      "f1_path2_left_weight": 0.35,
      "f1_path2_right_weight": 1.0,
      "f2_path2_x_range": [
        641,
        651
      ],
      "f2_path2_target_col": 9,
      "f2_path2_y_px": 130,
      "f2_path2_y_direct_px": 160,
      "f2_path2_direct_used": false,
      "f2_path2_direct_allowed": false,
      "f2_path2_left_weight": 0.4,
      "f2_path2_right_weight": 1.0,
      "f4_path2_x_range": [
        641,
        651
      ],
      "f4_path2_target_col": 9,
      "f4_path2_y_px": 250,
      "f4_path2_y_direct_px": 262,
      "f4_path2_direct_used": false,
      "f4_path2_direct_allowed": false,
      "f4_path2_left_weight": 0.4,
      "f4_path2_right_weight": 1.0,
      "f1_local_snap_x": 651,
      "f1_local_snap_y_px": 71,
      "f1_local_snap_search_px": 8,
      "f1_local_snap_search_up_px": 4,
      "f1_local_snap_search_down_px": 12,
      "f1_local_snap_prefer_lower_weight": 0.02,
      "f3_local_snap_x": 651,
      "f3_local_snap_y_px": 165,
      "f3_local_snap_search_px": 6,
      "f3_local_snap_search_up_px": 6,
      "f3_local_snap_search_down_px": 6,
      "f3_local_snap_prefer_lower_weight": 0.0,
      "f4_local_snap_x": 651,
      "f4_local_snap_y_px": 257,
      "f4_local_snap_search_px": 8,
      "f4_local_snap_search_up_px": 6,
      "f4_local_snap_search_down_px": 14,
      "f4_local_snap_prefer_lower_weight": 0.05,
      "f2_local_snap_x": 651,
      "f2_local_snap_y_px": 130,
      "f2_local_snap_search_px": 8,
      "f2_local_snap_search_up_px": 14,
      "f2_local_snap_search_down_px": 2,
      "f2_local_snap_prefer_lower_weight": 0.0,
      "f2_consensus_applied": false,
      "f2_consensus_x_range": [
        645,
        651
      ],
      "f2_consensus_y_px": 110,
      "f2_consensus_anchor_y_px": 130,
      "f2_consensus_seed_y_px": 110,
      "f2_consensus_support_cols": 4,
      "f2_consensus_support_ratio": 0.4568174878713515,
      "f2_consensus_jump_px": 20,
      "f2_consensus_tol_px": 5,
      "f2_consensus_reason": "low_support",
      "f3_consensus_x_range": [
        645,
        651
      ],
      "f3_consensus_y_px": 167,
      "f3_consensus_anchor_y_px": 165,
      "f3_consensus_seed_y_px": 166,
      "f3_consensus_support_cols": 7,
      "f3_consensus_support_ratio": 1.0,
      "f3_consensus_jump_px": 2,
      "f3_consensus_tol_px": 5,
      "f3_consensus_reason": "accepted",
      "f3_consensus_applied": true,
      "f4_consensus_x_range": [
        645,
        651
      ],
      "f4_consensus_y_px": 260,
      "f4_consensus_anchor_y_px": 257,
      "f4_consensus_seed_y_px": 259,
      "f4_consensus_support_cols": 5,
      "f4_consensus_support_ratio": 0.7924841607938877,
      "f4_consensus_jump_px": 3,
      "f4_consensus_tol_px": 6,
      "f4_consensus_reason": "accepted",
      "f4_consensus_applied": true,
      "scale_ranges": {
        "F1": [
          7.2,
          8.4
        ],
        "F2": [
          13.1,
          14.5
        ],
        "F3": [
          18.6,
          20.2
        ],
        "F4": [
          24.1,
          26.5
        ]
      }
    },
    "A": {
      "x_day0": 59,
      "x_day1": 372,
      "x_day2": 684,
      "day_w": 312.5,
      "x_day0_time": 59,
      "x_day1_time": 351,
      "x_day2_time": 644,
      "day_w_time": 292.3333333333333,
      "x_plot_end": 936,
      "x1_static": 936,
      "x1_dyn": 977,
      "x1_dyn_used": false,
      "pph": 12.180555555555555,