{
  "saved_at_utc": "2026-04-02T20:00:41.999661+00:00",
  "source": "tomsk_sos70_param_charts",
  "freq_max_hz": 40.0,
  "values": {
    "scale_ranges": {
      "F": {
        "F1": [
          7.2,
          8.4
        ],
        "F2": [
          13.1,
          14.5
        ],
        "F3": [
          18.6,
          20.2
        ],
        "F4": [
          24.1,
          26.5
        ]
      },
      "A": {
        "A1": [
          1.0,
          45.0
        ],
        "A2": [
          1.0,
          61.5
        ],
        "A3": [
          2.2,
          12.2
        ],
        "A4": [
          1.1,
          10.2
        ]
      },
      "Q": {
        "Q1": [
          4.0,
          38.0
        ],
        "Q2": [
          5.0,
          17.5
        ],
        "Q3": [
          7.0,
          23.0
        ],
        "Q4": [
          5.0,
          30.0
        ]
      }
    },
    "scale_units": {
      "F_hz": "Hz",
      "A_value": "idx",
      "Q_value": "idx"
    },
    "F_norm": {
      "F1": 0.027874564459930314,
      "F2": 0.313588850174216,
      "F3": 0.519163763066202,
      "F4": 0.759581881533101
    },
    "F_y_px": {
      "F1": 43,
      "F2": 125,
      "F3": 184,
      "F4": 253
    },
    "F_lane_norm": {
      "F1": 0.03508771929824561,
      "F2": 0.40384615384615385,
      "F3": 0.5652173913043478,
      "F4": 1.0
    },
    "F_hz": {
      "F1": 8.357894736842105,
      "F2": 13.934615384615384,
      "F3": 19.295652173913044,
      "F4": 24.1
    },
    "A_norm": {
      "A1": 0.2787456445993031,
      "A2": 0.37282229965156793,
      "A3": 0.5574912891986062,
      "A4": 0.8989547038327527
    },
    "A_y_px": {
      "A1": 115,
      "A2": 142,
      "A3": 195,
      "A4": 293
    },
    "A_lane_norm": {
      "A1": 0.8554216867469879,
      "A2": 0.5102040816326531,
      "A3": 0.4020618556701031,
      "A4": 0.6923076923076923
    },
    "A_value": {
      "A1": 7.361445783132531,
      "A2": 30.632653061224488,
      "A3": 8.179381443298968,
      "A4": 3.8999999999999995
    },
    "Q_norm": {
      "Q1": 0.29965156794425085,
      "Q2": 0.4738675958188153,
      "Q3": 0.686411149825784,
      "Q4": 0.9163763066202091
    },
    "Q_y_px": {
      "Q1": 121,
      "Q2": 171,
      "Q3": 232,
      "Q4": 298
    },
    "Q_lane_norm": {
      "Q1": 0.8089887640449438,
      "Q2": 0.6907216494845361,
      "Q3": 0.7378640776699029,
      "Q4": 0.7294117647058823
    },
    "Q_value": {
      "Q1": 10.49438202247191,
      "Q2": 8.8659793814433,
      "Q3": 11.194174757281553,
      "Q4": 11.764705882352942
    }
  },
  "debug": {
    "F": {
      "x_day0": 59,
      "x_day1": 392,
      "x_day2": 726,
      "day_w": 333.5,
      "x_day0_time": 59,
      "x_day1_time": 351,
      "x_day2_time": 643,
      "day_w_time": 292.0,
      "x_plot_end": 935,
      "x1_static": 936,
      "x1_dyn": 935,
      "x1_dyn_used": true,
      "pph": 12.166666666666666,
      "pph_source": "day_width (tick-mismatch-fallback)",
      "pph_tick": 19.0,
      "tick_pph_rel_err": 0.5616438356164384,
      "tick_pph_valid": false,
      "tick_count": 50,
      "tick_quality": 0.6944444444444444,
      "tick_used": false,
      "x_frontier": 680,
      "frontier_method": "activity_scan",
      "frontier_activity_thr": 0.48915590941905973,
      "frontier_activity_right_tail": 0.17848952114582062,
      "frontier_activity_run_px": 8,
      "guard_px": 4,
      "left_guard": 645,
      "right_guard": 676,
      "x_time": 680,
      "x_ideal": 680,
      "x_now": 680,
      "x_now_method": "harmonized_pair_cluster",
      "hour_now_tsst": 3.011388888888889,
      "rollover_hour_min": 3.0,
      "rollover_hour_max": 8.5,
      "delta_min_to_guard": -19.726027397260275,
      "delta_min_to_frontier": 0.0,
      "frontier_day_fill": 0.1267123287671233,
      "rollover_candidate": false,
      "bias_minutes_applied": 0.0,
      "measured_bias_minutes": null,
      "age_hours": null,
      "status": "ok",
      "x_now_before_harmonize": 680,
      "x_pick": 679,
      "x_pick_edge": 680,
      "x_pick_safe_right": 923,
      "x_overlay": 680,
      "f1_path_x_range": [
        666,
        680
      ],
      "f1_path_target_col": 13,
      "f1_path_y_px": 43,
      "f4_path_x_range": [
        666,
        680
      ],
      "f4_path_target_col": 13,
      "f4_path_y_px": 250,
      "f1_path2_x_range": [
        670,
        680
      ],
      "f1_path2_target_col": 9,
      "f1_path2_y_px": 44,
      "f1_path2_y_direct_px": 56,
      "f1_path2_direct_used": false,
      "f1_path2_direct_allowed": false,
      "f1_path2_left_weight": 0.35,
      "f1_path2_right_weight": 1.0,
      "f2_path2_x_range": [
        670,
        680
      ],
      "f2_path2_target_col": 9,
      "f2_path2_y_px": 121,
      "f2_path2_y_direct_px": 125,
      "f2_path2_direct_used": false,
      "f2_path2_direct_allowed": false,
      "f2_path2_left_weight": 0.4,
      "f2_path2_right_weight": 1.0,
      "f4_path2_x_range": [
        670,
        680
      ],
      "f4_path2_target_col": 9,
      "f4_path2_y_px": 251,
      "f4_path2_y_direct_px": 246,
      "f4_path2_direct_used": false,
      "f4_path2_direct_allowed": false,
      "f4_path2_left_weight": 0.4,
      "f4_path2_right_weight": 1.0,
      "f1_local_snap_x": 680,
      "f1_local_snap_y_px": 43,
      "f1_local_snap_search_px": 8,
      "f1_local_snap_search_up_px": 4,
      "f1_local_snap_search_down_px": 12,
      "f1_local_snap_prefer_lower_weight": 0.02,
      "f3_local_snap_x": 680,
      "f3_local_snap_y_px": 185,
      "f3_local_snap_search_px": 6,
      "f3_local_snap_search_up_px": 6,
      "f3_local_snap_search_down_px": 6,
      "f3_local_snap_prefer_lower_weight": 0.0,
      "f4_local_snap_x": 680,
      "f4_local_snap_y_px": 251,
      "f4_local_snap_search_px": 8,
      "f4_local_snap_search_up_px": 6,
      "f4_local_snap_search_down_px": 14,
      "f4_local_snap_prefer_lower_weight": 0.05,
      "f2_local_snap_x": 680,
      "f2_local_snap_y_px": 116,
      "f2_local_snap_search_px": 8,
      "f2_local_snap_search_up_px": 14,
      "f2_local_snap_search_down_px": 2,
      "f2_local_snap_prefer_lower_weight": 0.0,
      "f2_consensus_x_range": [
        674,
        680
      ],
      "f2_consensus_y_px": 125,
      "f2_consensus_anchor_y_px": 116,
      "f2_consensus_seed_y_px": 124,
      "f2_consensus_support_cols": 6,
      "f2_consensus_support_ratio": 0.9047052640314238,
      "f2_consensus_jump_px": 9,
      "f2_consensus_tol_px": 5,
      "f2_consensus_reason": "accepted",
      "f2_consensus_applied": true,
      "f3_consensus_x_range": [
        674,
        680
      ],
      "f3_consensus_y_px": 184,
      "f3_consensus_anchor_y_px": 185,
      "f3_consensus_seed_y_px": 188,
      "f3_consensus_support_cols": 7,
      "f3_consensus_support_ratio": 1.0,
      "f3_consensus_jump_px": 1,
      "f3_consensus_tol_px": 5,
      "f3_consensus_reason": "accepted",
      "f3_consensus_applied": true,
      "f4_consensus_x_range": [
        674,
        680
      ],
      "f4_consensus_y_px": 253,
      "f4_consensus_anchor_y_px": 251,
      "f4_consensus_seed_y_px": 249,
      "f4_consensus_support_cols": 6,
      "f4_consensus_support_ratio": 0.801058878620782,
      "f4_consensus_jump_px": 2,
      "f4_consensus_tol_px": 6,
      "f4_consensus_reason": "accepted",
      "f4_consensus_applied": true,
      "scale_ranges": {
        "F1": [
          7.2,
          8.4
        ],
        "F2": [
          13.1,
          14.5
        ],
        "F3": [
          18.6,
          20.2
        ],
        "F4": [
          24.1,
          26.5
        ]
      }
    },
    "A": {
      "x_day0": 59,
      "x_day1": 372,
      "x_day2": 684,
      "day_w": 312.5,
      "x_day0_time": 59,
      "x_day1_time": 351,
      "x_day2_time": 643,
      "day_w_time": 292.0,
      "x_plot_end": 935,
      "x1_static": 936,
      "x1_dyn": 935,
      "x1_dyn_used": true,