{
  "saved_at_utc": "2026-06-17T23:02:22.698675+00:00",
  "source": "tomsk_sos70_param_charts",
  "freq_max_hz": 40.0,
  "values": {
    "scale_ranges": {
      "F": {
        "F1": [
          7.2,
          8.4
        ],
        "F2": [
          13.1,
          14.5
        ],
        "F3": [
          18.6,
          20.2
        ],
        "F4": [
          24.1,
          26.5
        ]
      },
      "A": {
        "A1": [
          1.0,
          45.0
        ],
        "A2": [
          1.0,
          61.5
        ],
        "A3": [
          2.2,
          12.2
        ],
        "A4": [
          1.1,
          10.2
        ]
      },
      "Q": {
        "Q1": [
          4.0,
          38.0
        ],
        "Q2": [
          5.0,
          17.5
        ],
        "Q3": [
          7.0,
          23.0
        ],
        "Q4": [
          5.0,
          30.0
        ]
      }
    },
    "scale_units": {
      "F_hz": "Hz",
      "A_value": "idx",
      "Q_value": "idx"
    },
    "F_norm": {
      "F1": 0.059233449477351915,
      "F2": 0.4425087108013937,
      "F3": 0.578397212543554,
      "F4": 0.7456445993031359
    },
    "F_y_px": {
      "F1": 52,
      "F2": 162,
      "F3": 201,
      "F4": 249
    },
    "F_lane_norm": {
      "F1": 0.19298245614035087,
      "F2": 1.0,
      "F3": 0.9347826086956522,
      "F4": 0.9130434782608695
    },
    "F_hz": {
      "F1": 8.16842105263158,
      "F2": 13.1,
      "F3": 18.70434782608696,
      "F4": 24.308695652173913
    },
    "A_norm": {
      "A1": 0.26480836236933797,
      "A2": 0.45993031358885017,
      "A3": 0.7038327526132404,
      "A4": 0.9337979094076655
    },
    "A_y_px": {
      "A1": 111,
      "A2": 167,
      "A3": 237,
      "A4": 303
    },
    "A_lane_norm": {
      "A1": 0.8072289156626506,
      "A2": 0.7653061224489796,
      "A3": 0.8350515463917526,
      "A4": 0.8021978021978022
    },
    "A_value": {
      "A1": 9.481927710843372,
      "A2": 15.19897959183674,
      "A3": 3.849484536082473,
      "A4": 2.8999999999999995
    },
    "Q_norm": {
      "Q1": 0.26480836236933797,
      "Q2": 0.313588850174216,
      "Q3": 0.6933797909407665,
      "Q4": 0.8954703832752613
    },
    "Q_y_px": {
      "Q1": 111,
      "Q2": 125,
      "Q3": 234,
      "Q4": 292
    },
    "Q_lane_norm": {
      "Q1": 0.6966292134831461,
      "Q2": 0.21649484536082475,
      "Q3": 0.7572815533980582,
      "Q4": 0.6588235294117647
    },
    "Q_value": {
      "Q1": 14.314606741573034,
      "Q2": 14.793814432989691,
      "Q3": 10.883495145631068,
      "Q4": 13.529411764705884
    }
  },
  "debug": {
    "F": {
      "x_day0": 59,
      "x_day1": 392,
      "x_day2": 726,
      "day_w": 333.5,
      "x_day0_time": 59,
      "x_day1_time": 351,
      "x_day2_time": 643,
      "day_w_time": 292.0,
      "x_plot_end": 935,
      "x1_static": 936,
      "x1_dyn": 935,
      "x1_dyn_used": true,
      "pph": 12.166666666666666,
      "pph_source": "day_width (tick-mismatch-fallback)",
      "pph_tick": 19.0,
      "tick_pph_rel_err": 0.5616438356164384,
      "tick_pph_valid": false,
      "tick_count": 50,
      "tick_quality": 0.6944444444444444,
      "tick_used": false,
      "x_frontier": 705,
      "frontier_method": "activity_scan",
      "frontier_activity_thr": 0.49327878952026366,
      "frontier_activity_right_tail": 0.18699480593204498,
      "frontier_activity_run_px": 8,
      "guard_px": 4,
      "left_guard": 645,
      "right_guard": 701,
      "x_time": 716,
      "x_ideal": 716,
      "x_now": 700,
      "x_now_method": "harmonized_pair_cluster",
      "hour_now_tsst": 6.039444444444444,
      "rollover_hour_min": 3.0,
      "rollover_hour_max": 8.5,
      "delta_min_to_guard": -73.97260273972603,
      "delta_min_to_frontier": -54.24657534246576,
      "frontier_day_fill": 0.21232876712328766,
      "rollover_candidate": false,
      "bias_minutes_applied": 0.0,
      "measured_bias_minutes": null,
      "age_hours": null,
      "status": "ok",
      "x_now_before_harmonize": 701,
      "x_pick": 699,
      "x_pick_edge": 700,
      "x_pick_safe_right": 923,
      "x_overlay": 700,
      "f1_path_x_range": [
        686,
        700
      ],
      "f1_path_target_col": 13,
      "f1_path_y_px": 60,
      "f4_path_x_range": [
        686,
        700
      ],
      "f4_path_target_col": 13,
      "f4_path_y_px": 250,
      "f1_path2_x_range": [
        690,
        700
      ],
      "f1_path2_target_col": 9,
      "f1_path2_y_px": 54,
      "f1_path2_y_direct_px": 53,
      "f1_path2_direct_used": false,
      "f1_path2_direct_allowed": false,
      "f1_path2_left_weight": 0.35,
      "f1_path2_right_weight": 1.0,
      "f2_path2_x_range": [
        690,
        700
      ],
      "f2_path2_target_col": 9,
      "f2_path2_y_px": 140,
      "f2_path2_y_direct_px": 160,
      "f2_path2_direct_used": false,
      "f2_path2_direct_allowed": false,
      "f2_path2_left_weight": 0.4,
      "f2_path2_right_weight": 1.0,
      "f4_path2_x_range": [
        690,
        700
      ],
      "f4_path2_target_col": 9,
      "f4_path2_y_px": 250,
      "f4_path2_y_direct_px": 251,
      "f4_path2_direct_used": false,
      "f4_path2_direct_allowed": false,
      "f4_path2_left_weight": 0.4,
      "f4_path2_right_weight": 1.0,
      "f1_local_snap_x": 700,
      "f1_local_snap_y_px": 52,
      "f1_local_snap_search_px": 8,
      "f1_local_snap_search_up_px": 4,
      "f1_local_snap_search_down_px": 12,
      "f1_local_snap_prefer_lower_weight": 0.02,
      "f3_local_snap_x": 700,
      "f3_local_snap_y_px": 204,
      "f3_local_snap_search_px": 6,
      "f3_local_snap_search_up_px": 6,
      "f3_local_snap_search_down_px": 6,
      "f3_local_snap_prefer_lower_weight": 0.0,
      "f4_local_snap_x": 700,
      "f4_local_snap_y_px": 250,
      "f4_local_snap_search_px": 8,
      "f4_local_snap_search_up_px": 6,
      "f4_local_snap_search_down_px": 14,
      "f4_local_snap_prefer_lower_weight": 0.05,
      "f2_local_snap_x": 700,
      "f2_local_snap_y_px": 142,
      "f2_local_snap_search_px": 8,
      "f2_local_snap_search_up_px": 14,
      "f2_local_snap_search_down_px": 2,
      "f2_local_snap_prefer_lower_weight": 0.0,
      "f2_consensus_x_range": [
        694,
        700
      ],
      "f2_consensus_y_px": 162,
      "f2_consensus_anchor_y_px": 142,
      "f2_consensus_seed_y_px": 164,
      "f2_consensus_support_cols": 6,
      "f2_consensus_support_ratio": 0.8996405061827155,
      "f2_consensus_jump_px": 20,
      "f2_consensus_tol_px": 5,
      "f2_consensus_reason": "accepted",
      "f2_consensus_applied": true,
      "f3_consensus_x_range": [
        694,
        700
      ],
      "f3_consensus_y_px": 201,
      "f3_consensus_anchor_y_px": 204,
      "f3_consensus_seed_y_px": 200,
      "f3_consensus_support_cols": 6,
      "f3_consensus_support_ratio": 0.8031980319803198,
      "f3_consensus_jump_px": 3,
      "f3_consensus_tol_px": 5,
      "f3_consensus_reason": "accepted",
      "f3_consensus_applied": true,
      "f4_consensus_x_range": [
        694,
        700
      ],
      "f4_consensus_y_px": 249,
      "f4_consensus_anchor_y_px": 250,
      "f4_consensus_seed_y_px": 249,
      "f4_consensus_support_cols": 6,
      "f4_consensus_support_ratio": 0.8229209369726669,
      "f4_consensus_jump_px": 1,
      "f4_consensus_tol_px": 6,
      "f4_consensus_reason": "accepted",
      "f4_consensus_applied": true,
      "scale_ranges": {
        "F1": [
          7.2,
          8.4
        ],
        "F2": [
          13.1,
          14.5
        ],
        "F3": [
          18.6,
          20.2
        ],
        "F4": [
          24.1,
          26.5
        ]
      }
    },
    "A": {
      "x_day0": 59,
      "x_day1": 392,
      "x_day2": 726,
      "day_w": 333.5,
      "x_day0_time": 59,
      "x_day1_time": 351,
      "x_day2_time": 643,
      "day_w_time": 292.0,
      "x_plot_end": 935,
      "x1_static": 936,
      "x1_dyn": 935,