{
  "saved_at_utc": "2026-05-03T14:11:26.758711+00:00",
  "source": "tomsk_sos70_param_charts",
  "freq_max_hz": 40.0,
  "values": {
    "scale_ranges": {
      "F": {
        "F1": [
          7.2,
          8.4
        ],
        "F2": [
          13.1,
          14.5
        ],
        "F3": [
          18.6,
          20.2
        ],
        "F4": [
          24.1,
          26.5
        ]
      },
      "A": {
        "A1": [
          1.0,
          45.0
        ],
        "A2": [
          1.0,
          61.5
        ],
        "A3": [
          2.2,
          12.2
        ],
        "A4": [
          1.1,
          10.2
        ]
      },
      "Q": {
        "Q1": [
          4.0,
          38.0
        ],
        "Q2": [
          5.0,
          17.5
        ],
        "Q3": [
          7.0,
          23.0
        ],
        "Q4": [
          5.0,
          30.0
        ]
      }
    },
    "scale_units": {
      "F_hz": "Hz",
      "A_value": "idx",
      "Q_value": "idx"
    },
    "F_norm": {
      "F1": 0.09059233449477352,
      "F2": 0.2682926829268293,
      "F3": 0.4529616724738676,
      "F4": 0.6829268292682927
    },
    "F_y_px": {
      "F1": 61,
      "F2": 112,
      "F3": 165,
      "F4": 231
    },
    "F_lane_norm": {
      "F1": 0.3508771929824561,
      "F2": 0.15384615384615385,
      "F3": 0.15217391304347827,
      "F4": 0.5217391304347826
    },
    "F_hz": {
      "F1": 7.978947368421053,
      "F2": 14.284615384615385,
      "F3": 19.956521739130434,
      "F4": 25.247826086956522
    },
    "A_norm": {
      "A1": 0.1951219512195122,
      "A2": 0.40418118466898956,
      "A3": 0.7247386759581882,
      "A4": 0.9581881533101045
    },
    "A_y_px": {
      "A1": 91,
      "A2": 151,
      "A3": 243,
      "A4": 310
    },
    "A_lane_norm": {
      "A1": 0.5662650602409639,
      "A2": 0.6020408163265306,
      "A3": 0.8969072164948454,
      "A4": 0.8791208791208791
    },
    "A_value": {
      "A1": 20.08433734939759,
      "A2": 25.076530612244895,
      "A3": 3.2309278350515456,
      "A4": 2.2
    },
    "Q_norm": {
      "Q1": 0.1986062717770035,
      "Q2": 0.3344947735191638,
      "Q3": 0.4529616724738676,
      "Q4": 0.9547038327526133
    },
    "Q_y_px": {
      "Q1": 92,
      "Q2": 131,
      "Q3": 165,
      "Q4": 309
    },
    "Q_lane_norm": {
      "Q1": 0.48314606741573035,
      "Q2": 0.27835051546391754,
      "Q3": 0.08737864077669903,
      "Q4": 0.8588235294117647
    },
    "Q_value": {
      "Q1": 21.573033707865168,
      "Q2": 14.02061855670103,
      "Q3": 21.601941747572816,
      "Q4": 8.529411764705884
    }
  },
  "debug": {
    "F": {
      "x_day0": 59,
      "x_day1": 362,
      "x_day2": 665,
      "day_w": 303.0,
      "x_day0_time": 59,
      "x_day1_time": 351,
      "x_day2_time": 643,
      "day_w_time": 292.0,
      "x_plot_end": 935,
      "x1_static": 936,
      "x1_dyn": 935,
      "x1_dyn_used": true,
      "pph": 12.166666666666666,
      "pph_source": "day_width (tick-mismatch-fallback)",
      "pph_tick": 19.0,
      "tick_pph_rel_err": 0.5616438356164384,
      "tick_pph_valid": false,
      "tick_count": 50,
      "tick_quality": 0.6944444444444444,
      "tick_used": false,
      "x_frontier": 895,
      "frontier_method": "activity_scan",
      "frontier_activity_thr": 0.3609827071428299,
      "frontier_activity_right_tail": 0.07835756242275238,
      "frontier_activity_run_px": 8,
      "guard_px": 4,
      "left_guard": 645,
      "right_guard": 891,
      "x_time": 901,
      "x_ideal": 901,
      "x_now": 901,
      "x_now_method": "ideal",
      "hour_now_tsst": 21.190555555555555,
      "rollover_hour_min": 3.0,
      "rollover_hour_max": 8.5,
      "delta_min_to_guard": -49.31506849315069,
      "delta_min_to_frontier": -29.589041095890412,
      "frontier_day_fill": 0.863013698630137,
      "rollover_candidate": false,
      "bias_minutes_applied": 0.0,
      "measured_bias_minutes": null,
      "age_hours": null,
      "status": "ok",
      "x_pick": 900,
      "x_pick_edge": 901,
      "x_pick_safe_right": 923,
      "x_overlay": 901,
      "f1_path_x_range": [
        887,
        901
      ],
      "f1_path_target_col": 13,
      "f1_path_y_px": 63,
      "f4_path_x_range": [
        887,
        901
      ],
      "f4_path_target_col": 13,
      "f4_path_y_px": 230,
      "f1_path2_x_range": [
        891,
        901
      ],
      "f1_path2_target_col": 9,
      "f1_path2_y_px": 50,
      "f1_path2_y_direct_px": 61,
      "f1_path2_direct_used": false,
      "f1_path2_direct_allowed": false,
      "f1_path2_left_weight": 0.35,
      "f1_path2_right_weight": 1.0,
      "f2_path2_x_range": [
        891,
        901
      ],
      "f2_path2_target_col": 9,
      "f2_path2_y_px": 126,
      "f2_path2_y_direct_px": 131,
      "f2_path2_direct_used": false,
      "f2_path2_direct_allowed": false,
      "f2_path2_left_weight": 0.4,
      "f2_path2_right_weight": 1.0,
      "f4_path2_x_range": [
        891,
        901
      ],
      "f4_path2_target_col": 9,
      "f4_path2_y_px": 230,
      "f4_path2_y_direct_px": 251,
      "f4_path2_direct_used": false,
      "f4_path2_direct_allowed": false,
      "f4_path2_left_weight": 0.4,
      "f4_path2_right_weight": 1.0,
      "f1_local_snap_x": 901,
      "f1_local_snap_y_px": 61,
      "f1_local_snap_search_px": 8,
      "f1_local_snap_search_up_px": 4,
      "f1_local_snap_search_down_px": 12,
      "f1_local_snap_prefer_lower_weight": 0.02,
      "f3_local_snap_x": 901,
      "f3_local_snap_y_px": 165,
      "f3_local_snap_search_px": 6,
      "f3_local_snap_search_up_px": 6,
      "f3_local_snap_search_down_px": 6,
      "f3_local_snap_prefer_lower_weight": 0.0,
      "f4_local_snap_x": 901,
      "f4_local_snap_y_px": 231,
      "f4_local_snap_search_px": 8,
      "f4_local_snap_search_up_px": 6,
      "f4_local_snap_search_down_px": 14,
      "f4_local_snap_prefer_lower_weight": 0.05,
      "f2_local_snap_x": 901,
      "f2_local_snap_y_px": 112,
      "f2_local_snap_search_px": 8,
      "f2_local_snap_search_up_px": 14,
      "f2_local_snap_search_down_px": 2,
      "f2_local_snap_prefer_lower_weight": 0.0,
      "f2_consensus_applied": false,
      "f2_consensus_x_range": [
        895,
        901
      ],
      "f2_consensus_y_px": 125,
      "f2_consensus_anchor_y_px": 112,
      "f2_consensus_seed_y_px": 122,
      "f2_consensus_support_cols": 4,
      "f2_consensus_support_ratio": 0.48061928661050374,
      "f2_consensus_jump_px": 13,
      "f2_consensus_tol_px": 5,
      "f2_consensus_reason": "low_support",
      "f3_consensus_applied": false,
      "f3_consensus_x_range": [
        895,
        901
      ],
      "f3_consensus_y_px": 165,
      "f3_consensus_anchor_y_px": 165,
      "f3_consensus_seed_y_px": 165,
      "f3_consensus_support_cols": 3,
      "f3_consensus_support_ratio": 0.4750931999955751,
      "f3_consensus_jump_px": 0,
      "f3_consensus_tol_px": 5,
      "f3_consensus_reason": "low_support",
      "f4_consensus_applied": false,
      "f4_consensus_x_range": [
        895,
        901
      ],
      "f4_consensus_y_px": 261,
      "f4_consensus_anchor_y_px": 231,
      "f4_consensus_seed_y_px": 261,
      "f4_consensus_support_cols": 5,
      "f4_consensus_support_ratio": 0.6515461282903143,
      "f4_consensus_jump_px": 30,
      "f4_consensus_tol_px": 6,
      "f4_consensus_reason": "excessive_jump",
      "scale_ranges": {
        "F1": [
          7.2,
          8.4
        ],
        "F2": [
          13.1,
          14.5
        ],
        "F3": [
          18.6,
          20.2
        ],
        "F4": [
          24.1,
          26.5
        ]
      }
    },
    "A": {
      "x_day0": 59,
      "x_day1": 380,
      "x_day2": 702,
      "day_w": 321.5,
      "x_day0_time": 59,
      "x_day1_time": 351,
      "x_day2_time": 644,
      "day_w_time": 292.3333333333333,
      "x_plot_end": 936,
      "x1_static": 936,
      "x1_dyn": 977,