{
  "saved_at_utc": "2026-06-21T18:52:53.027833+00:00",
  "source": "tomsk_sos70_param_charts",
  "freq_max_hz": 40.0,
  "values": {
    "scale_ranges": {
      "F": {
        "F1": [
          7.2,
          8.4
        ],
        "F2": [
          13.1,
          14.5
        ],
        "F3": [
          18.6,
          20.2
        ],
        "F4": [
          24.1,
          26.5
        ]
      },
      "A": {
        "A1": [
          1.0,
          45.0
        ],
        "A2": [
          1.0,
          61.5
        ],
        "A3": [
          2.2,
          12.2
        ],
        "A4": [
          1.1,
          10.2
        ]
      },
      "Q": {
        "Q1": [
          4.0,
          38.0
        ],
        "Q2": [
          5.0,
          17.5
        ],
        "Q3": [
          7.0,
          23.0
        ],
        "Q4": [
          5.0,
          30.0
        ]
      }
    },
    "scale_units": {
      "F_hz": "Hz",
      "A_value": "idx",
      "Q_value": "idx"
    },
    "F_norm": {
      "F1": 0.1672473867595819,
      "F2": 0.2613240418118467,
      "F3": 0.49477351916376305,
      "F4": 0.6759581881533101
    },
    "F_y_px": {
      "F1": 83,
      "F2": 110,
      "F3": 177,
      "F4": 229
    },
    "F_lane_norm": {
      "F1": 0.7368421052631579,
      "F2": 0.11538461538461539,
      "F3": 0.41304347826086957,
      "F4": 0.4782608695652174
    },
    "F_hz": {
      "F1": 7.515789473684211,
      "F2": 14.338461538461539,
      "F3": 19.53913043478261,
      "F4": 25.35217391304348
    },
    "A_norm": {
      "A1": 0.31010452961672474,
      "A2": 0.5296167247386759,
      "A3": 0.7247386759581882,
      "A4": 0.9407665505226481
    },
    "A_y_px": {
      "A1": 124,
      "A2": 187,
      "A3": 243,
      "A4": 305
    },
    "A_lane_norm": {
      "A1": 0.963855421686747,
      "A2": 0.9693877551020408,
      "A3": 0.8969072164948454,
      "A4": 0.8241758241758241
    },
    "A_value": {
      "A1": 2.590361445783131,
      "A2": 2.852040816326536,
      "A3": 3.2309278350515456,
      "A4": 2.7
    },
    "Q_norm": {
      "Q1": 0.25435540069686413,
      "Q2": 0.4878048780487805,
      "Q3": 0.5749128919860628,
      "Q4": 0.8954703832752613
    },
    "Q_y_px": {
      "Q1": 108,
      "Q2": 175,
      "Q3": 200,
      "Q4": 292
    },
    "Q_lane_norm": {
      "Q1": 0.6629213483146067,
      "Q2": 0.7319587628865979,
      "Q3": 0.42718446601941745,
      "Q4": 0.6588235294117647
    },
    "Q_value": {
      "Q1": 15.460674157303373,
      "Q2": 8.350515463917526,
      "Q3": 16.16504854368932,
      "Q4": 13.529411764705884
    }
  },
  "debug": {
    "F": {
      "x_day0": 59,
      "x_day1": 372,
      "x_day2": 684,
      "day_w": 312.5,
      "x_day0_time": 59,
      "x_day1_time": 351,
      "x_day2_time": 643,
      "day_w_time": 292.0,
      "x_plot_end": 935,
      "x1_static": 936,
      "x1_dyn": 935,
      "x1_dyn_used": true,
      "pph": 12.166666666666666,
      "pph_source": "day_width (tick-mismatch-fallback)",
      "pph_tick": 19.0,
      "tick_pph_rel_err": 0.5616438356164384,
      "tick_pph_valid": false,
      "tick_count": 50,
      "tick_quality": 0.6944444444444444,
      "tick_used": false,
      "x_frontier": 666,
      "frontier_method": "activity_scan",
      "frontier_activity_thr": 0.5067980587482452,
      "frontier_activity_right_tail": 0.18583613634109497,
      "frontier_activity_run_px": 8,
      "guard_px": 4,
      "left_guard": 645,
      "right_guard": 662,
      "x_time": 666,
      "x_ideal": 666,
      "x_now": 666,
      "x_now_method": "ideal",
      "hour_now_tsst": 1.8811111111111112,
      "rollover_hour_min": 3.0,
      "rollover_hour_max": 8.5,
      "delta_min_to_guard": -19.726027397260275,
      "delta_min_to_frontier": 0.0,
      "frontier_day_fill": 0.07876712328767123,
      "rollover_candidate": false,
      "bias_minutes_applied": 0.0,
      "measured_bias_minutes": null,
      "age_hours": null,
      "status": "ok",
      "x_pick": 665,
      "x_pick_edge": 666,
      "x_pick_safe_right": 923,
      "x_overlay": 666,
      "f1_path_x_range": [
        652,
        666
      ],
      "f1_path_target_col": 13,
      "f1_path_y_px": 93,
      "f4_path_x_range": [
        652,
        666
      ],
      "f4_path_target_col": 13,
      "f4_path_y_px": 230,
      "f1_path2_x_range": [
        656,
        666
      ],
      "f1_path2_target_col": 9,
      "f1_path2_y_px": 84,
      "f1_path2_y_direct_px": 85,
      "f1_path2_direct_used": false,
      "f1_path2_direct_allowed": false,
      "f1_path2_left_weight": 0.35,
      "f1_path2_right_weight": 1.0,
      "f2_path2_x_range": [
        656,
        666
      ],
      "f2_path2_target_col": 9,
      "f2_path2_y_px": 122,
      "f2_path2_y_direct_px": 113,
      "f2_path2_direct_used": false,
      "f2_path2_direct_allowed": false,
      "f2_path2_left_weight": 0.4,
      "f2_path2_right_weight": 1.0,
      "f4_path2_x_range": [
        656,
        666
      ],
      "f4_path2_target_col": 9,
      "f4_path2_y_px": 250,
      "f4_path2_y_direct_px": 221,
      "f4_path2_direct_used": false,
      "f4_path2_direct_allowed": false,
      "f4_path2_left_weight": 0.4,
      "f4_path2_right_weight": 1.0,
      "f1_local_snap_x": 666,
      "f1_local_snap_y_px": 83,
      "f1_local_snap_search_px": 8,
      "f1_local_snap_search_up_px": 4,
      "f1_local_snap_search_down_px": 12,
      "f1_local_snap_prefer_lower_weight": 0.02,
      "f3_local_snap_x": 666,
      "f3_local_snap_y_px": 181,
      "f3_local_snap_search_px": 6,
      "f3_local_snap_search_up_px": 6,
      "f3_local_snap_search_down_px": 6,
      "f3_local_snap_prefer_lower_weight": 0.0,
      "f4_local_snap_x": 666,
      "f4_local_snap_y_px": 249,
      "f4_local_snap_search_px": 8,
      "f4_local_snap_search_up_px": 6,
      "f4_local_snap_search_down_px": 14,
      "f4_local_snap_prefer_lower_weight": 0.05,
      "f2_local_snap_x": 666,
      "f2_local_snap_y_px": 121,
      "f2_local_snap_search_px": 8,
      "f2_local_snap_search_up_px": 14,
      "f2_local_snap_search_down_px": 2,
      "f2_local_snap_prefer_lower_weight": 0.0,
      "f2_consensus_x_range": [
        660,
        666
      ],
      "f2_consensus_y_px": 110,
      "f2_consensus_anchor_y_px": 121,
      "f2_consensus_seed_y_px": 110,
      "f2_consensus_support_cols": 4,
      "f2_consensus_support_ratio": 0.5951862066305376,
      "f2_consensus_jump_px": 11,
      "f2_consensus_tol_px": 5,
      "f2_consensus_reason": "accepted",
      "f2_consensus_applied": true,
      "f3_consensus_x_range": [
        660,
        666
      ],
      "f3_consensus_y_px": 177,
      "f3_consensus_anchor_y_px": 181,
      "f3_consensus_seed_y_px": 177,
      "f3_consensus_support_cols": 6,
      "f3_consensus_support_ratio": 0.8057799091367995,
      "f3_consensus_jump_px": 4,
      "f3_consensus_tol_px": 5,
      "f3_consensus_reason": "accepted",
      "f3_consensus_applied": true,
      "f4_consensus_x_range": [
        660,
        666
      ],
      "f4_consensus_y_px": 229,
      "f4_consensus_anchor_y_px": 249,
      "f4_consensus_seed_y_px": 229,
      "f4_consensus_support_cols": 5,
      "f4_consensus_support_ratio": 0.7984162787349426,
      "f4_consensus_jump_px": 20,
      "f4_consensus_tol_px": 6,
      "f4_consensus_reason": "accepted",
      "f4_consensus_applied": true,
      "scale_ranges": {
        "F1": [
          7.2,
          8.4
        ],
        "F2": [
          13.1,
          14.5
        ],
        "F3": [
          18.6,
          20.2
        ],
        "F4": [
          24.1,
          26.5
        ]
      }
    },
    "A": {
      "x_day0": 59,
      "x_day1": 372,
      "x_day2": 684,
      "day_w": 312.5,
      "x_day0_time": 59,
      "x_day1_time": 351,
      "x_day2_time": 643,
      "day_w_time": 292.0,
      "x_plot_end": 935,
      "x1_static": 936,
      "x1_dyn": 935,
      "x1_dyn_used": true,
      "pph": 12.166666666666666,