{
  "saved_at_utc": "2026-05-25T17:15:25.494608+00:00",
  "source": "tomsk_sos70_param_charts",
  "freq_max_hz": 40.0,
  "values": {
    "scale_ranges": {
      "F": {
        "F1": [
          7.2,
          8.4
        ],
        "F2": [
          13.1,
          14.5
        ],
        "F3": [
          18.6,
          20.2
        ],
        "F4": [
          24.1,
          26.5
        ]
      },
      "A": {
        "A1": [
          1.0,
          45.0
        ],
        "A2": [
          1.0,
          61.5
        ],
        "A3": [
          2.2,
          12.2
        ],
        "A4": [
          1.1,
          10.2
        ]
      },
      "Q": {
        "Q1": [
          4.0,
          38.0
        ],
        "Q2": [
          5.0,
          17.5
        ],
        "Q3": [
          7.0,
          23.0
        ],
        "Q4": [
          5.0,
          30.0
        ]
      }
    },
    "scale_units": {
      "F_hz": "Hz",
      "A_value": "idx",
      "Q_value": "idx"
    },
    "F_norm": {
      "F1": 0.17770034843205576,
      "F2": 0.2682926829268293,
      "F3": 0.4843205574912892,
      "F4": 0.7142857142857143
    },
    "F_y_px": {
      "F1": 86,
      "F2": 112,
      "F3": 174,
      "F4": 240
    },
    "F_lane_norm": {
      "F1": 0.7894736842105263,
      "F2": 0.15384615384615385,
      "F3": 0.34782608695652173,
      "F4": 0.717391304347826
    },
    "F_hz": {
      "F1": 7.4526315789473685,
      "F2": 14.284615384615385,
      "F3": 19.643478260869564,
      "F4": 24.77826086956522
    },
    "A_norm": {
      "A1": 0.31010452961672474,
      "A2": 0.5296167247386759,
      "A3": 0.7142857142857143,
      "A4": 0.9581881533101045
    },
    "A_y_px": {
      "A1": 124,
      "A2": 187,
      "A3": 240,
      "A4": 310
    },
    "A_lane_norm": {
      "A1": 0.963855421686747,
      "A2": 0.9693877551020408,
      "A3": 0.865979381443299,
      "A4": 0.8791208791208791
    },
    "A_value": {
      "A1": 2.590361445783131,
      "A2": 2.852040816326536,
      "A3": 3.5402061855670084,
      "A4": 2.2
    },
    "Q_norm": {
      "Q1": 0.29965156794425085,
      "Q2": 0.5226480836236934,
      "Q3": 0.7038327526132404,
      "Q4": 0.9407665505226481
    },
    "Q_y_px": {
      "Q1": 121,
      "Q2": 185,
      "Q3": 237,
      "Q4": 305
    },
    "Q_lane_norm": {
      "Q1": 0.8089887640449438,
      "Q2": 0.8350515463917526,
      "Q3": 0.7864077669902912,
      "Q4": 0.8117647058823529
    },
    "Q_value": {
      "Q1": 10.49438202247191,
      "Q2": 7.061855670103093,
      "Q3": 10.41747572815534,
      "Q4": 9.705882352941178
    }
  },
  "debug": {
    "F": {
      "x_day0": 59,
      "x_day1": 368,
      "x_day2": 678,
      "day_w": 309.5,
      "x_day0_time": 59,
      "x_day1_time": 351,
      "x_day2_time": 644,
      "day_w_time": 292.3333333333333,
      "x_plot_end": 936,
      "x1_static": 936,
      "x1_dyn": 1006,
      "x1_dyn_used": false,
      "pph": 12.180555555555555,
      "pph_source": "day_width (tick-mismatch-fallback)",
      "pph_tick": 19.0,
      "tick_pph_rel_err": 0.5598631698973775,
      "tick_pph_valid": false,
      "tick_count": 50,
      "tick_quality": 0.6944444444444444,
      "tick_used": false,
      "x_frontier": 935,
      "frontier_method": "activity_scan",
      "frontier_activity_thr": 0.41667596399784085,
      "frontier_activity_right_tail": 0.41383132338523865,
      "frontier_activity_run_px": 8,
      "guard_px": 4,
      "left_guard": 646,
      "right_guard": 931,
      "x_time": 647,
      "x_ideal": 647,
      "x_now": 647,
      "x_now_method": "ideal",
      "hour_now_tsst": 0.2569444444444444,
      "rollover_hour_min": 3.0,
      "rollover_hour_max": 8.5,
      "delta_min_to_guard": 1398.950969213227,
      "delta_min_to_frontier": 1418.654503990878,
      "frontier_day_fill": 0.9954389965792475,
      "rollover_candidate": false,
      "bias_minutes_applied": 0.0,
      "measured_bias_minutes": null,
      "age_hours": null,
      "status": "ok",
      "x_pick": 646,
      "x_pick_edge": 647,
      "x_pick_safe_right": 924,
      "x_overlay": 647,
      "f1_path_x_range": [
        633,
        647
      ],
      "f1_path_target_col": 13,
      "f1_path_y_px": 87,
      "f4_path_x_range": [
        633,
        647
      ],
      "f4_path_target_col": 13,
      "f4_path_y_px": 251,
      "f1_path2_x_range": [
        637,
        647
      ],
      "f1_path2_target_col": 9,
      "f1_path2_y_px": 87,
      "f1_path2_y_direct_px": 88,
      "f1_path2_direct_used": false,
      "f1_path2_direct_allowed": false,
      "f1_path2_left_weight": 0.35,
      "f1_path2_right_weight": 1.0,
      "f2_path2_x_range": [
        637,
        647
      ],
      "f2_path2_target_col": 9,
      "f2_path2_y_px": 113,
      "f2_path2_y_direct_px": 150,
      "f2_path2_direct_used": false,
      "f2_path2_direct_allowed": false,
      "f2_path2_left_weight": 0.4,
      "f2_path2_right_weight": 1.0,
      "f4_path2_x_range": [
        637,
        647
      ],
      "f4_path2_target_col": 9,
      "f4_path2_y_px": 251,
      "f4_path2_y_direct_px": 235,
      "f4_path2_direct_used": false,
      "f4_path2_direct_allowed": false,
      "f4_path2_left_weight": 0.4,
      "f4_path2_right_weight": 1.0,
      "f1_local_snap_x": 647,
      "f1_local_snap_y_px": 86,
      "f1_local_snap_search_px": 8,
      "f1_local_snap_search_up_px": 4,
      "f1_local_snap_search_down_px": 12,
      "f1_local_snap_prefer_lower_weight": 0.02,
      "f3_local_snap_x": 647,
      "f3_local_snap_y_px": 175,
      "f3_local_snap_search_px": 6,
      "f3_local_snap_search_up_px": 6,
      "f3_local_snap_search_down_px": 6,
      "f3_local_snap_prefer_lower_weight": 0.0,
      "f4_local_snap_x": 647,
      "f4_local_snap_y_px": 251,
      "f4_local_snap_search_px": 8,
      "f4_local_snap_search_up_px": 6,
      "f4_local_snap_search_down_px": 14,
      "f4_local_snap_prefer_lower_weight": 0.05,
      "f2_local_snap_x": 647,
      "f2_local_snap_y_px": 110,
      "f2_local_snap_search_px": 8,
      "f2_local_snap_search_up_px": 14,
      "f2_local_snap_search_down_px": 2,
      "f2_local_snap_prefer_lower_weight": 0.0,
      "f2_consensus_x_range": [
        641,
        647
      ],
      "f2_consensus_y_px": 112,
      "f2_consensus_anchor_y_px": 110,
      "f2_consensus_seed_y_px": 113,
      "f2_consensus_support_cols": 7,
      "f2_consensus_support_ratio": 1.0,
      "f2_consensus_jump_px": 2,
      "f2_consensus_tol_px": 5,
      "f2_consensus_reason": "accepted",
      "f2_consensus_applied": true,
      "f3_consensus_x_range": [
        641,
        647
      ],
      "f3_consensus_y_px": 174,
      "f3_consensus_anchor_y_px": 175,
      "f3_consensus_seed_y_px": 173,
      "f3_consensus_support_cols": 7,
      "f3_consensus_support_ratio": 1.0,
      "f3_consensus_jump_px": 1,
      "f3_consensus_tol_px": 5,
      "f3_consensus_reason": "accepted",
      "f3_consensus_applied": true,
      "f4_consensus_x_range": [
        641,
        647
      ],
      "f4_consensus_y_px": 240,
      "f4_consensus_anchor_y_px": 251,
      "f4_consensus_seed_y_px": 240,
      "f4_consensus_support_cols": 5,
      "f4_consensus_support_ratio": 0.7344800610925889,
      "f4_consensus_jump_px": 11,
      "f4_consensus_tol_px": 6,
      "f4_consensus_reason": "accepted",
      "f4_consensus_applied": true,
      "scale_ranges": {
        "F1": [
          7.2,
          8.4
        ],
        "F2": [
          13.1,
          14.5
        ],
        "F3": [
          18.6,
          20.2
        ],
        "F4": [
          24.1,
          26.5
        ]
      }
    },
    "A": {
      "x_day0": 59,
      "x_day1": 372,
      "x_day2": 684,
      "day_w": 312.5,
      "x_day0_time": 59,
      "x_day1_time": 351,
      "x_day2_time": 644,
      "day_w_time": 292.3333333333333,
      "x_plot_end": 936,
      "x1_static": 936,
      "x1_dyn": 1006,
      "x1_dyn_used": false,
      "pph": 12.180555555555555,