{
  "saved_at_utc": "2026-05-18T05:31:57.645406+00:00",
  "source": "tomsk_sos70_param_charts",
  "freq_max_hz": 40.0,
  "values": {
    "scale_ranges": {
      "F": {
        "F1": [
          7.2,
          8.4
        ],
        "F2": [
          13.1,
          14.5
        ],
        "F3": [
          18.6,
          20.2
        ],
        "F4": [
          24.1,
          26.5
        ]
      },
      "A": {
        "A1": [
          1.0,
          45.0
        ],
        "A2": [
          1.0,
          61.5
        ],
        "A3": [
          2.2,
          12.2
        ],
        "A4": [
          1.1,
          10.2
        ]
      },
      "Q": {
        "Q1": [
          4.0,
          38.0
        ],
        "Q2": [
          5.0,
          17.5
        ],
        "Q3": [
          7.0,
          23.0
        ],
        "Q4": [
          5.0,
          30.0
        ]
      }
    },
    "scale_units": {
      "F_hz": "Hz",
      "A_value": "idx",
      "Q_value": "idx"
    },
    "F_norm": {
      "F1": 0.059233449477351915,
      "F2": 0.3170731707317073,
      "F3": 0.5087108013937283,
      "F4": 0.6724738675958188
    },
    "F_y_px": {
      "F1": 52,
      "F2": 126,
      "F3": 181,
      "F4": 228
    },
    "F_lane_norm": {
      "F1": 0.19298245614035087,
      "F2": 0.4230769230769231,
      "F3": 0.5,
      "F4": 0.45652173913043476
    },
    "F_hz": {
      "F1": 8.16842105263158,
      "F2": 13.907692307692308,
      "F3": 19.4,
      "F4": 25.40434782608696
    },
    "A_norm": {
      "A1": 0.11498257839721254,
      "A2": 0.5331010452961672,
      "A3": 0.735191637630662,
      "A4": 0.9547038327526133
    },
    "A_y_px": {
      "A1": 68,
      "A2": 188,
      "A3": 246,
      "A4": 309
    },
    "A_lane_norm": {
      "A1": 0.2891566265060241,
      "A2": 0.9795918367346939,
      "A3": 0.9278350515463918,
      "A4": 0.8681318681318682
    },
    "A_value": {
      "A1": 32.27710843373494,
      "A2": 2.234693877551024,
      "A3": 2.921649484536081,
      "A4": 2.299999999999999
    },
    "Q_norm": {
      "Q1": 0.31010452961672474,
      "Q2": 0.3344947735191638,
      "Q3": 0.7177700348432056,
      "Q4": 0.8780487804878049
    },
    "Q_y_px": {
      "Q1": 124,
      "Q2": 131,
      "Q3": 241,
      "Q4": 287
    },
    "Q_lane_norm": {
      "Q1": 0.8426966292134831,
      "Q2": 0.27835051546391754,
      "Q3": 0.8252427184466019,
      "Q4": 0.6
    },
    "Q_value": {
      "Q1": 9.348314606741575,
      "Q2": 14.02061855670103,
      "Q3": 9.79611650485437,
      "Q4": 15.0
    }
  },
  "debug": {
    "F": {
      "x_day0": 59,
      "x_day1": 393,
      "x_day2": 727,
      "day_w": 334.0,
      "x_day0_time": 59,
      "x_day1_time": 351,
      "x_day2_time": 643,
      "day_w_time": 292.0,
      "x_plot_end": 935,
      "x1_static": 936,
      "x1_dyn": 935,
      "x1_dyn_used": true,
      "pph": 12.166666666666666,
      "pph_source": "day_width (tick-mismatch-fallback)",
      "pph_tick": 19.0,
      "tick_pph_rel_err": 0.5616438356164384,
      "tick_pph_valid": false,
      "tick_count": 50,
      "tick_quality": 0.6944444444444444,
      "tick_used": false,
      "x_frontier": 796,
      "frontier_method": "activity_scan",
      "frontier_activity_thr": 0.4830636203289032,
      "frontier_activity_right_tail": 0.14871883392333984,
      "frontier_activity_run_px": 8,
      "guard_px": 4,
      "left_guard": 645,
      "right_guard": 792,
      "x_time": 795,
      "x_ideal": 795,
      "x_now": 795,
      "x_now_method": "ideal",
      "hour_now_tsst": 12.5325,
      "rollover_hour_min": 3.0,
      "rollover_hour_max": 8.5,
      "delta_min_to_guard": -14.794520547945206,
      "delta_min_to_frontier": 4.931506849315069,
      "frontier_day_fill": 0.523972602739726,
      "rollover_candidate": false,
      "bias_minutes_applied": 0.0,
      "measured_bias_minutes": null,
      "age_hours": null,
      "status": "ok",
      "x_pick": 794,
      "x_pick_edge": 795,
      "x_pick_safe_right": 923,
      "x_overlay": 795,
      "f1_path_x_range": [
        781,
        795
      ],
      "f1_path_target_col": 13,
      "f1_path_y_px": 45,
      "f4_path_x_range": [
        781,
        795
      ],
      "f4_path_target_col": 13,
      "f4_path_y_px": 229,
      "f1_path2_x_range": [
        785,
        795
      ],
      "f1_path2_target_col": 9,
      "f1_path2_y_px": 44,
      "f1_path2_y_direct_px": 44,
      "f1_path2_direct_used": false,
      "f1_path2_direct_allowed": false,
      "f1_path2_left_weight": 0.35,
      "f1_path2_right_weight": 1.0,
      "f2_path2_x_range": [
        785,
        795
      ],
      "f2_path2_target_col": 9,
      "f2_path2_y_px": 126,
      "f2_path2_y_direct_px": 124,
      "f2_path2_direct_used": false,
      "f2_path2_direct_allowed": false,
      "f2_path2_left_weight": 0.4,
      "f2_path2_right_weight": 1.0,
      "f4_path2_x_range": [
        785,
        795
      ],
      "f4_path2_target_col": 9,
      "f4_path2_y_px": 229,
      "f4_path2_y_direct_px": 229,
      "f4_path2_direct_used": false,
      "f4_path2_direct_allowed": false,
      "f4_path2_left_weight": 0.4,
      "f4_path2_right_weight": 1.0,
      "f1_local_snap_x": 795,
      "f1_local_snap_y_px": 52,
      "f1_local_snap_search_px": 8,
      "f1_local_snap_search_up_px": 4,
      "f1_local_snap_search_down_px": 12,
      "f1_local_snap_prefer_lower_weight": 0.02,
      "f3_local_snap_x": 795,
      "f3_local_snap_y_px": 184,
      "f3_local_snap_search_px": 6,
      "f3_local_snap_search_up_px": 6,
      "f3_local_snap_search_down_px": 6,
      "f3_local_snap_prefer_lower_weight": 0.0,
      "f4_local_snap_x": 795,
      "f4_local_snap_y_px": 229,
      "f4_local_snap_search_px": 8,
      "f4_local_snap_search_up_px": 6,
      "f4_local_snap_search_down_px": 14,
      "f4_local_snap_prefer_lower_weight": 0.05,
      "f2_local_snap_x": 795,
      "f2_local_snap_y_px": 127,
      "f2_local_snap_search_px": 8,
      "f2_local_snap_search_up_px": 14,
      "f2_local_snap_search_down_px": 2,
      "f2_local_snap_prefer_lower_weight": 0.0,
      "f2_consensus_x_range": [
        789,
        795
      ],
      "f2_consensus_y_px": 126,
      "f2_consensus_anchor_y_px": 127,
      "f2_consensus_seed_y_px": 125,
      "f2_consensus_support_cols": 7,
      "f2_consensus_support_ratio": 1.0,
      "f2_consensus_jump_px": 1,
      "f2_consensus_tol_px": 5,
      "f2_consensus_reason": "accepted",
      "f2_consensus_applied": true,
      "f3_consensus_x_range": [
        789,
        795
      ],
      "f3_consensus_y_px": 181,
      "f3_consensus_anchor_y_px": 184,
      "f3_consensus_seed_y_px": 180,
      "f3_consensus_support_cols": 7,
      "f3_consensus_support_ratio": 1.0,
      "f3_consensus_jump_px": 3,
      "f3_consensus_tol_px": 5,
      "f3_consensus_reason": "accepted",
      "f3_consensus_applied": true,
      "f4_consensus_x_range": [
        789,
        795
      ],
      "f4_consensus_y_px": 228,
      "f4_consensus_anchor_y_px": 229,
      "f4_consensus_seed_y_px": 232,
      "f4_consensus_support_cols": 7,
      "f4_consensus_support_ratio": 1.0,
      "f4_consensus_jump_px": 1,
      "f4_consensus_tol_px": 6,
      "f4_consensus_reason": "accepted",
      "f4_consensus_applied": true,
      "scale_ranges": {
        "F1": [
          7.2,
          8.4
        ],
        "F2": [
          13.1,
          14.5
        ],
        "F3": [
          18.6,
          20.2
        ],
        "F4": [
          24.1,
          26.5
        ]
      }
    },
    "A": {
      "x_day0": 59,
      "x_day1": 372,
      "x_day2": 684,
      "day_w": 312.5,
      "x_day0_time": 59,
      "x_day1_time": 351,
      "x_day2_time": 644,
      "day_w_time": 292.3333333333333,
      "x_plot_end": 936,
      "x1_static": 936,
      "x1_dyn": 977,
      "x1_dyn_used": false,
      "pph": 12.180555555555555,
      "pph_source": "day_width (tick-mismatch-fallback)",
      "pph_tick": 19.0,