{
  "saved_at_utc": "2026-05-19T21:03:24.684509+00:00",
  "source": "tomsk_sos70_param_charts",
  "freq_max_hz": 40.0,
  "values": {
    "scale_ranges": {
      "F": {
        "F1": [
          7.2,
          8.4
        ],
        "F2": [
          13.1,
          14.5
        ],
        "F3": [
          18.6,
          20.2
        ],
        "F4": [
          24.1,
          26.5
        ]
      },
      "A": {
        "A1": [
          1.0,
          45.0
        ],
        "A2": [
          1.0,
          61.5
        ],
        "A3": [
          2.2,
          12.2
        ],
        "A4": [
          1.1,
          10.2
        ]
      },
      "Q": {
        "Q1": [
          4.0,
          38.0
        ],
        "Q2": [
          5.0,
          17.5
        ],
        "Q3": [
          7.0,
          23.0
        ],
        "Q4": [
          5.0,
          30.0
        ]
      }
    },
    "scale_units": {
      "F_hz": "Hz",
      "A_value": "idx",
      "Q_value": "idx"
    },
    "F_norm": {
      "F1": 0.0313588850174216,
      "F2": 0.2961672473867596,
      "F3": 0.5226480836236934,
      "F4": 0.6898954703832753
    },
    "F_y_px": {
      "F1": 44,
      "F2": 120,
      "F3": 185,
      "F4": 233
    },
    "F_lane_norm": {
      "F1": 0.05263157894736842,
      "F2": 0.3076923076923077,
      "F3": 0.5869565217391305,
      "F4": 0.5652173913043478
    },
    "F_hz": {
      "F1": 8.336842105263159,
      "F2": 14.069230769230769,
      "F3": 19.26086956521739,
      "F4": 25.143478260869568
    },
    "A_norm": {
      "A1": 0.313588850174216,
      "A2": 0.5261324041811847,
      "A3": 0.710801393728223,
      "A4": 0.9372822299651568
    },
    "A_y_px": {
      "A1": 125,
      "A2": 186,
      "A3": 239,
      "A4": 304
    },
    "A_lane_norm": {
      "A1": 0.9759036144578314,
      "A2": 0.9591836734693877,
      "A3": 0.8556701030927835,
      "A4": 0.8131868131868132
    },
    "A_value": {
      "A1": 2.0602409638554207,
      "A2": 3.4693877551020407,
      "A3": 3.6432989690721644,
      "A4": 2.8
    },
    "Q_norm": {
      "Q1": 0.313588850174216,
      "Q2": 0.5121951219512195,
      "Q3": 0.6236933797909407,
      "Q4": 0.9059233449477352
    },
    "Q_y_px": {
      "Q1": 125,
      "Q2": 182,
      "Q3": 214,
      "Q4": 295
    },
    "Q_lane_norm": {
      "Q1": 0.8539325842696629,
      "Q2": 0.8041237113402062,
      "Q3": 0.5631067961165048,
      "Q4": 0.6941176470588235
    },
    "Q_value": {
      "Q1": 8.966292134831463,
      "Q2": 7.448453608247423,
      "Q3": 13.990291262135923,
      "Q4": 12.647058823529413
    }
  },
  "debug": {
    "F": {
      "x_day0": 59,
      "x_day1": 392,
      "x_day2": 726,
      "day_w": 333.5,
      "x_day0_time": 59,
      "x_day1_time": 351,
      "x_day2_time": 643,
      "day_w_time": 292.0,
      "x_plot_end": 935,
      "x1_static": 936,
      "x1_dyn": 935,
      "x1_dyn_used": true,
      "pph": 12.166666666666666,
      "pph_source": "day_width (tick-mismatch-fallback)",
      "pph_tick": 19.0,
      "tick_pph_rel_err": 0.5616438356164384,
      "tick_pph_valid": false,
      "tick_count": 50,
      "tick_quality": 0.6944444444444444,
      "tick_used": false,
      "x_frontier": 687,
      "frontier_method": "activity_scan",
      "frontier_activity_thr": 0.49071134328842164,
      "frontier_activity_right_tail": 0.18983379006385803,
      "frontier_activity_run_px": 8,
      "guard_px": 4,
      "left_guard": 645,
      "right_guard": 683,
      "x_time": 692,
      "x_ideal": 692,
      "x_now": 682,
      "x_now_method": "harmonized_prefer_non_rollover",
      "hour_now_tsst": 4.056666666666667,
      "rollover_hour_min": 3.0,
      "rollover_hour_max": 8.5,
      "delta_min_to_guard": -44.38356164383562,
      "delta_min_to_frontier": -24.657534246575345,
      "frontier_day_fill": 0.1506849315068493,
      "rollover_candidate": false,
      "bias_minutes_applied": 0.0,
      "measured_bias_minutes": null,
      "age_hours": null,
      "status": "ok",
      "x_now_before_harmonize": 692,
      "x_pick": 681,
      "x_pick_edge": 682,
      "x_pick_safe_right": 923,
      "x_overlay": 682,
      "f1_path_x_range": [
        668,
        682
      ],
      "f1_path_target_col": 13,
      "f1_path_y_px": 69,
      "f4_path_x_range": [
        668,
        682
      ],
      "f4_path_target_col": 13,
      "f4_path_y_px": 231,
      "f1_path2_x_range": [
        672,
        682
      ],
      "f1_path2_target_col": 9,
      "f1_path2_y_px": 44,
      "f1_path2_y_direct_px": 75,
      "f1_path2_direct_used": false,
      "f1_path2_direct_allowed": false,
      "f1_path2_left_weight": 0.35,
      "f1_path2_right_weight": 1.0,
      "f2_path2_x_range": [
        672,
        682
      ],
      "f2_path2_target_col": 9,
      "f2_path2_y_px": 118,
      "f2_path2_y_direct_px": 119,
      "f2_path2_direct_used": false,
      "f2_path2_direct_allowed": false,
      "f2_path2_left_weight": 0.4,
      "f2_path2_right_weight": 1.0,
      "f4_path2_x_range": [
        672,
        682
      ],
      "f4_path2_target_col": 9,
      "f4_path2_y_px": 231,
      "f4_path2_y_direct_px": 233,
      "f4_path2_direct_used": false,
      "f4_path2_direct_allowed": false,
      "f4_path2_left_weight": 0.4,
      "f4_path2_right_weight": 1.0,
      "f1_local_snap_x": 682,
      "f1_local_snap_y_px": 44,
      "f1_local_snap_search_px": 8,
      "f1_local_snap_search_up_px": 4,
      "f1_local_snap_search_down_px": 12,
      "f1_local_snap_prefer_lower_weight": 0.02,
      "f3_local_snap_x": 682,
      "f3_local_snap_y_px": 186,
      "f3_local_snap_search_px": 6,
      "f3_local_snap_search_up_px": 6,
      "f3_local_snap_search_down_px": 6,
      "f3_local_snap_prefer_lower_weight": 0.0,
      "f4_local_snap_x": 682,
      "f4_local_snap_y_px": 235,
      "f4_local_snap_search_px": 8,
      "f4_local_snap_search_up_px": 6,
      "f4_local_snap_search_down_px": 14,
      "f4_local_snap_prefer_lower_weight": 0.05,
      "f2_local_snap_x": 682,
      "f2_local_snap_y_px": 117,
      "f2_local_snap_search_px": 8,
      "f2_local_snap_search_up_px": 14,
      "f2_local_snap_search_down_px": 2,
      "f2_local_snap_prefer_lower_weight": 0.0,
      "f2_consensus_x_range": [
        676,
        682
      ],
      "f2_consensus_y_px": 120,
      "f2_consensus_anchor_y_px": 117,
      "f2_consensus_seed_y_px": 119,
      "f2_consensus_support_cols": 7,
      "f2_consensus_support_ratio": 1.0,
      "f2_consensus_jump_px": 3,
      "f2_consensus_tol_px": 5,
      "f2_consensus_reason": "accepted",
      "f2_consensus_applied": true,
      "f3_consensus_x_range": [
        676,
        682
      ],
      "f3_consensus_y_px": 185,
      "f3_consensus_anchor_y_px": 186,
      "f3_consensus_seed_y_px": 184,
      "f3_consensus_support_cols": 7,
      "f3_consensus_support_ratio": 1.0,
      "f3_consensus_jump_px": 1,
      "f3_consensus_tol_px": 5,
      "f3_consensus_reason": "accepted",
      "f3_consensus_applied": true,
      "f4_consensus_x_range": [
        676,
        682
      ],
      "f4_consensus_y_px": 233,
      "f4_consensus_anchor_y_px": 235,
      "f4_consensus_seed_y_px": 238,
      "f4_consensus_support_cols": 6,
      "f4_consensus_support_ratio": 0.909270124822483,
      "f4_consensus_jump_px": 2,
      "f4_consensus_tol_px": 6,
      "f4_consensus_reason": "accepted",
      "f4_consensus_applied": true,
      "scale_ranges": {
        "F1": [
          7.2,
          8.4
        ],
        "F2": [
          13.1,
          14.5
        ],
        "F3": [
          18.6,
          20.2
        ],
        "F4": [
          24.1,
          26.5
        ]
      }
    },
    "A": {
      "x_day0": 59,
      "x_day1": 392,
      "x_day2": 726,
      "day_w": 333.5,
      "x_day0_time": 59,
      "x_day1_time": 351,
      "x_day2_time": 643,
      "day_w_time": 292.0,
      "x_plot_end": 935,
      "x1_static": 936,
      "x1_dyn": 935,
      "x1_dyn_used": true,