{
  "saved_at_utc": "2026-06-30T07:03:28.189659+00:00",
  "source": "tomsk_sos70_param_charts",
  "freq_max_hz": 40.0,
  "values": {
    "scale_ranges": {
      "F": {
        "F1": [
          7.2,
          8.4
        ],
        "F2": [
          13.1,
          14.5
        ],
        "F3": [
          18.6,
          20.2
        ],
        "F4": [
          24.1,
          26.5
        ]
      },
      "A": {
        "A1": [
          1.0,
          45.0
        ],
        "A2": [
          1.0,
          61.5
        ],
        "A3": [
          2.2,
          12.2
        ],
        "A4": [
          1.1,
          10.2
        ]
      },
      "Q": {
        "Q1": [
          4.0,
          38.0
        ],
        "Q2": [
          5.0,
          17.5
        ],
        "Q3": [
          7.0,
          23.0
        ],
        "Q4": [
          5.0,
          30.0
        ]
      }
    },
    "scale_units": {
      "F_hz": "Hz",
      "A_value": "idx",
      "Q_value": "idx"
    },
    "F_norm": {
      "F1": 0.15331010452961671,
      "F2": 0.3310104529616725,
      "F3": 0.5052264808362369,
      "F4": 0.6759581881533101
    },
    "F_y_px": {
      "F1": 79,
      "F2": 130,
      "F3": 180,
      "F4": 229
    },
    "F_lane_norm": {
      "F1": 0.6666666666666666,
      "F2": 0.5,
      "F3": 0.4782608695652174,
      "F4": 0.4782608695652174
    },
    "F_hz": {
      "F1": 7.6000000000000005,
      "F2": 13.8,
      "F3": 19.434782608695652,
      "F4": 25.35217391304348
    },
    "A_norm": {
      "A1": 0.31010452961672474,
      "A2": 0.5156794425087108,
      "A3": 0.710801393728223,
      "A4": 0.7526132404181185
    },
    "A_y_px": {
      "A1": 124,
      "A2": 183,
      "A3": 239,
      "A4": 251
    },
    "A_lane_norm": {
      "A1": 0.963855421686747,
      "A2": 0.9285714285714286,
      "A3": 0.8556701030927835,
      "A4": 0.23076923076923078
    },
    "A_value": {
      "A1": 2.590361445783131,
      "A2": 5.321428571428569,
      "A3": 3.6432989690721644,
      "A4": 8.1
    },
    "Q_norm": {
      "Q1": 0.31010452961672474,
      "Q2": 0.49825783972125437,
      "Q3": 0.6236933797909407,
      "Q4": 0.7526132404181185
    },
    "Q_y_px": {
      "Q1": 124,
      "Q2": 178,
      "Q3": 214,
      "Q4": 251
    },
    "Q_lane_norm": {
      "Q1": 0.8426966292134831,
      "Q2": 0.7628865979381443,
      "Q3": 0.5631067961165048,
      "Q4": 0.17647058823529413
    },
    "Q_value": {
      "Q1": 9.348314606741575,
      "Q2": 7.963917525773196,
      "Q3": 13.990291262135923,
      "Q4": 25.588235294117645
    }
  },
  "debug": {
    "F": {
      "x_day0": 59,
      "x_day1": 369,
      "x_day2": 679,
      "day_w": 310.0,
      "x_day0_time": 59,
      "x_day1_time": 351,
      "x_day2_time": 643,
      "day_w_time": 292.0,
      "x_plot_end": 935,
      "x1_static": 936,
      "x1_dyn": 935,
      "x1_dyn_used": true,
      "pph": 12.166666666666666,
      "pph_source": "day_width (tick-mismatch-fallback)",
      "pph_tick": 19.0,
      "tick_pph_rel_err": 0.5616438356164384,
      "tick_pph_valid": false,
      "tick_count": 50,
      "tick_quality": 0.6944444444444444,
      "tick_used": false,
      "x_frontier": 817,
      "frontier_method": "activity_scan",
      "frontier_activity_thr": 0.4418745398521423,
      "frontier_activity_right_tail": 0.12193077802658081,
      "frontier_activity_run_px": 8,
      "guard_px": 4,
      "left_guard": 645,
      "right_guard": 813,
      "x_time": 814,
      "x_ideal": 814,
      "x_now": 814,
      "x_now_method": "ideal",
      "hour_now_tsst": 14.057777777777778,
      "rollover_hour_min": 3.0,
      "rollover_hour_max": 8.5,
      "delta_min_to_guard": -4.931506849315069,
      "delta_min_to_frontier": 14.794520547945206,
      "frontier_day_fill": 0.5958904109589042,
      "rollover_candidate": false,
      "bias_minutes_applied": 0.0,
      "measured_bias_minutes": null,
      "age_hours": null,
      "status": "ok",
      "x_pick": 813,
      "x_pick_edge": 814,
      "x_pick_safe_right": 923,
      "x_overlay": 814,
      "f1_path_x_range": [
        800,
        814
      ],
      "f1_path_target_col": 13,
      "f1_path_y_px": 80,
      "f4_path_x_range": [
        800,
        814
      ],
      "f4_path_target_col": 13,
      "f4_path_y_px": 220,
      "f1_path2_x_range": [
        804,
        814
      ],
      "f1_path2_target_col": 9,
      "f1_path2_y_px": 80,
      "f1_path2_y_direct_px": 70,
      "f1_path2_direct_used": false,
      "f1_path2_direct_allowed": false,
      "f1_path2_left_weight": 0.35,
      "f1_path2_right_weight": 1.0,
      "f2_path2_x_range": [
        804,
        814
      ],
      "f2_path2_target_col": 9,
      "f2_path2_y_px": 128,
      "f2_path2_y_direct_px": 142,
      "f2_path2_direct_used": false,
      "f2_path2_direct_allowed": false,
      "f2_path2_left_weight": 0.4,
      "f2_path2_right_weight": 1.0,
      "f4_path2_x_range": [
        804,
        814
      ],
      "f4_path2_target_col": 9,
      "f4_path2_y_px": 217,
      "f4_path2_y_direct_px": 230,
      "f4_path2_direct_used": false,
      "f4_path2_direct_allowed": false,
      "f4_path2_left_weight": 0.4,
      "f4_path2_right_weight": 1.0,
      "f1_local_snap_x": 814,
      "f1_local_snap_y_px": 79,
      "f1_local_snap_search_px": 8,
      "f1_local_snap_search_up_px": 4,
      "f1_local_snap_search_down_px": 12,
      "f1_local_snap_prefer_lower_weight": 0.02,
      "f3_local_snap_x": 814,
      "f3_local_snap_y_px": 180,
      "f3_local_snap_search_px": 6,
      "f3_local_snap_search_up_px": 6,
      "f3_local_snap_search_down_px": 6,
      "f3_local_snap_prefer_lower_weight": 0.0,
      "f4_local_snap_x": 814,
      "f4_local_snap_y_px": 229,
      "f4_local_snap_search_px": 8,
      "f4_local_snap_search_up_px": 6,
      "f4_local_snap_search_down_px": 14,
      "f4_local_snap_prefer_lower_weight": 0.05,
      "f2_local_snap_x": 814,
      "f2_local_snap_y_px": 130,
      "f2_local_snap_search_px": 8,
      "f2_local_snap_search_up_px": 14,
      "f2_local_snap_search_down_px": 2,
      "f2_local_snap_prefer_lower_weight": 0.0,
      "f2_consensus_applied": false,
      "f2_consensus_x_range": [
        808,
        814
      ],
      "f2_consensus_y_px": 121,
      "f2_consensus_anchor_y_px": 130,
      "f2_consensus_seed_y_px": 122,
      "f2_consensus_support_cols": 4,
      "f2_consensus_support_ratio": 0.4633773926800776,
      "f2_consensus_jump_px": 9,
      "f2_consensus_tol_px": 5,
      "f2_consensus_reason": "low_support",
      "f3_consensus_x_range": [
        808,
        814
      ],
      "f3_consensus_y_px": 180,
      "f3_consensus_anchor_y_px": 180,
      "f3_consensus_seed_y_px": 181,
      "f3_consensus_support_cols": 7,
      "f3_consensus_support_ratio": 1.0,
      "f3_consensus_jump_px": 0,
      "f3_consensus_tol_px": 5,
      "f3_consensus_reason": "accepted",
      "f3_consensus_applied": true,
      "f4_consensus_applied": false,
      "f4_consensus_x_range": [
        808,
        814
      ],
      "f4_consensus_y_px": 229,
      "f4_consensus_anchor_y_px": 229,
      "f4_consensus_seed_y_px": 229,
      "f4_consensus_support_cols": 3,
      "f4_consensus_support_ratio": 0.540814437309375,
      "f4_consensus_jump_px": 0,
      "f4_consensus_tol_px": 6,
      "f4_consensus_reason": "low_support",
      "scale_ranges": {
        "F1": [
          7.2,
          8.4
        ],
        "F2": [
          13.1,
          14.5
        ],
        "F3": [
          18.6,
          20.2
        ],
        "F4": [
          24.1,
          26.5
        ]
      }
    },
    "A": {
      "x_day0": 59,
      "x_day1": 372,
      "x_day2": 685,
      "day_w": 313.0,
      "x_day0_time": 59,
      "x_day1_time": 351,
      "x_day2_time": 644,
      "day_w_time": 292.3333333333333,
      "x_plot_end": 936,
      "x1_static": 936,
      "x1_dyn": 977,
      "x1_dyn_used": false,
      "pph": 12.180555555555555,