{
  "saved_at_utc": "2026-04-22T11:11:06.835087+00:00",
  "source": "tomsk_sos70_param_charts",
  "freq_max_hz": 40.0,
  "values": {
    "scale_ranges": {
      "F": {
        "F1": [
          7.2,
          8.4
        ],
        "F2": [
          13.1,
          14.5
        ],
        "F3": [
          18.6,
          20.2
        ],
        "F4": [
          24.1,
          26.5
        ]
      },
      "A": {
        "A1": [
          1.0,
          45.0
        ],
        "A2": [
          1.0,
          61.5
        ],
        "A3": [
          2.2,
          12.2
        ],
        "A4": [
          1.1,
          10.2
        ]
      },
      "Q": {
        "Q1": [
          4.0,
          38.0
        ],
        "Q2": [
          5.0,
          17.5
        ],
        "Q3": [
          7.0,
          23.0
        ],
        "Q4": [
          5.0,
          30.0
        ]
      }
    },
    "scale_units": {
      "F_hz": "Hz",
      "A_value": "idx",
      "Q_value": "idx"
    },
    "F_norm": {
      "F1": 0.11498257839721254,
      "F2": 0.40418118466898956,
      "F3": 0.5574912891986062,
      "F4": 0.7491289198606271
    },
    "F_y_px": {
      "F1": 68,
      "F2": 151,
      "F3": 195,
      "F4": 250
    },
    "F_lane_norm": {
      "F1": 0.47368421052631576,
      "F2": 0.9038461538461539,
      "F3": 0.8043478260869565,
      "F4": 0.9347826086956522
    },
    "F_hz": {
      "F1": 7.831578947368421,
      "F2": 13.234615384615385,
      "F3": 18.91304347826087,
      "F4": 24.256521739130434
    },
    "A_norm": {
      "A1": 0.2682926829268293,
      "A2": 0.43902439024390244,
      "A3": 0.6968641114982579,
      "A4": 0.9581881533101045
    },
    "A_y_px": {
      "A1": 112,
      "A2": 161,
      "A3": 235,
      "A4": 310
    },
    "A_lane_norm": {
      "A1": 0.8192771084337349,
      "A2": 0.7040816326530612,
      "A3": 0.8144329896907216,
      "A4": 0.8791208791208791
    },
    "A_value": {
      "A1": 8.951807228915662,
      "A2": 18.903061224489797,
      "A3": 4.055670103092783,
      "A4": 2.2
    },
    "Q_norm": {
      "Q1": 0.28222996515679444,
      "Q2": 0.5400696864111498,
      "Q3": 0.5714285714285714,
      "Q4": 0.9616724738675958
    },
    "Q_y_px": {
      "Q1": 116,
      "Q2": 190,
      "Q3": 199,
      "Q4": 311
    },
    "Q_lane_norm": {
      "Q1": 0.7528089887640449,
      "Q2": 0.8865979381443299,
      "Q3": 0.4174757281553398,
      "Q4": 0.8823529411764706
    },
    "Q_value": {
      "Q1": 12.404494382022474,
      "Q2": 6.417525773195877,
      "Q3": 16.320388349514563,
      "Q4": 7.9411764705882355
    }
  },
  "debug": {
    "F": {
      "x_day0": 59,
      "x_day1": 384,
      "x_day2": 709,
      "day_w": 325.0,
      "x_day0_time": 59,
      "x_day1_time": 351,
      "x_day2_time": 643,
      "day_w_time": 292.0,
      "x_plot_end": 935,
      "x1_static": 936,
      "x1_dyn": 935,
      "x1_dyn_used": true,
      "pph": 12.166666666666666,
      "pph_source": "day_width (tick-mismatch-fallback)",
      "pph_tick": 19.0,
      "tick_pph_rel_err": 0.5616438356164384,
      "tick_pph_valid": false,
      "tick_count": 50,
      "tick_quality": 0.6944444444444444,
      "tick_used": false,
      "x_frontier": 865,
      "frontier_method": "activity_scan",
      "frontier_activity_thr": 0.4353891998529434,
      "frontier_activity_right_tail": 0.04867105931043625,
      "frontier_activity_run_px": 8,
      "guard_px": 4,
      "left_guard": 645,
      "right_guard": 861,
      "x_time": 864,
      "x_ideal": 864,
      "x_now": 864,
      "x_now_method": "ideal",
      "hour_now_tsst": 18.185,
      "rollover_hour_min": 3.0,
      "rollover_hour_max": 8.5,
      "delta_min_to_guard": -14.794520547945206,
      "delta_min_to_frontier": 4.931506849315069,
      "frontier_day_fill": 0.7602739726027398,
      "rollover_candidate": false,
      "bias_minutes_applied": 0.0,
      "measured_bias_minutes": null,
      "age_hours": null,
      "status": "ok",
      "x_pick": 863,
      "x_pick_edge": 864,
      "x_pick_safe_right": 923,
      "x_overlay": 864,
      "f1_path_x_range": [
        850,
        864
      ],
      "f1_path_target_col": 13,
      "f1_path_y_px": 61,
      "f4_path_x_range": [
        850,
        864
      ],
      "f4_path_target_col": 13,
      "f4_path_y_px": 260,
      "f1_path2_x_range": [
        854,
        864
      ],
      "f1_path2_target_col": 9,
      "f1_path2_y_px": 61,
      "f1_path2_y_direct_px": 85,
      "f1_path2_direct_used": false,
      "f1_path2_direct_allowed": false,
      "f1_path2_left_weight": 0.35,
      "f1_path2_right_weight": 1.0,
      "f2_path2_x_range": [
        854,
        864
      ],
      "f2_path2_target_col": 9,
      "f2_path2_y_px": 160,
      "f2_path2_y_direct_px": 145,
      "f2_path2_direct_used": false,
      "f2_path2_direct_allowed": false,
      "f2_path2_left_weight": 0.4,
      "f2_path2_right_weight": 1.0,
      "f4_path2_x_range": [
        854,
        864
      ],
      "f4_path2_target_col": 9,
      "f4_path2_y_px": 250,
      "f4_path2_y_direct_px": 253,
      "f4_path2_direct_used": false,
      "f4_path2_direct_allowed": false,
      "f4_path2_left_weight": 0.4,
      "f4_path2_right_weight": 1.0,
      "f1_local_snap_x": 864,
      "f1_local_snap_y_px": 68,
      "f1_local_snap_search_px": 8,
      "f1_local_snap_search_up_px": 4,
      "f1_local_snap_search_down_px": 12,
      "f1_local_snap_prefer_lower_weight": 0.02,
      "f3_local_snap_x": 864,
      "f3_local_snap_y_px": 195,
      "f3_local_snap_search_px": 6,
      "f3_local_snap_search_up_px": 6,
      "f3_local_snap_search_down_px": 6,
      "f3_local_snap_prefer_lower_weight": 0.0,
      "f4_local_snap_x": 864,
      "f4_local_snap_y_px": 251,
      "f4_local_snap_search_px": 8,
      "f4_local_snap_search_up_px": 6,
      "f4_local_snap_search_down_px": 14,
      "f4_local_snap_prefer_lower_weight": 0.05,
      "f2_local_snap_x": 864,
      "f2_local_snap_y_px": 151,
      "f2_local_snap_search_px": 8,
      "f2_local_snap_search_up_px": 14,
      "f2_local_snap_search_down_px": 2,
      "f2_local_snap_prefer_lower_weight": 0.0,
      "f2_consensus_applied": false,
      "f2_consensus_x_range": [
        858,
        864
      ],
      "f2_consensus_y_px": 148,
      "f2_consensus_anchor_y_px": 151,
      "f2_consensus_seed_y_px": 148,
      "f2_consensus_support_cols": 3,
      "f2_consensus_support_ratio": 0.4492945000554057,
      "f2_consensus_jump_px": 3,
      "f2_consensus_tol_px": 5,
      "f2_consensus_reason": "low_support",
      "f3_consensus_applied": false,
      "f3_consensus_x_range": [
        858,
        864
      ],
      "f3_consensus_y_px": 194,
      "f3_consensus_anchor_y_px": 195,
      "f3_consensus_seed_y_px": 194,
      "f3_consensus_support_cols": 3,
      "f3_consensus_support_ratio": 0.4400041412154467,
      "f3_consensus_jump_px": 1,
      "f3_consensus_tol_px": 5,
      "f3_consensus_reason": "low_support",
      "f4_consensus_x_range": [
        858,
        864
      ],
      "f4_consensus_y_px": 250,
      "f4_consensus_anchor_y_px": 251,
      "f4_consensus_seed_y_px": 250,
      "f4_consensus_support_cols": 6,
      "f4_consensus_support_ratio": 0.8056198252289807,
      "f4_consensus_jump_px": 1,
      "f4_consensus_tol_px": 6,
      "f4_consensus_reason": "accepted",
      "f4_consensus_applied": true,
      "scale_ranges": {
        "F1": [
          7.2,
          8.4
        ],
        "F2": [
          13.1,
          14.5
        ],
        "F3": [
          18.6,
          20.2
        ],
        "F4": [
          24.1,
          26.5
        ]
      }
    },
    "A": {
      "x_day0": 59,
      "x_day1": 368,
      "x_day2": 678,
      "day_w": 309.5,
      "x_day0_time": 59,
      "x_day1_time": 351,
      "x_day2_time": 643,
      "day_w_time": 292.0,
      "x_plot_end": 935,
      "x1_static": 936,
      "x1_dyn": 935,
      "x1_dyn_used": true,
      "pph": 12.166666666666666,