{
  "saved_at_utc": "2026-06-15T08:22:53.443680+00:00",
  "source": "tomsk_sos70_param_charts",
  "freq_max_hz": 40.0,
  "values": {
    "scale_ranges": {
      "F": {
        "F1": [
          7.2,
          8.4
        ],
        "F2": [
          13.1,
          14.5
        ],
        "F3": [
          18.6,
          20.2
        ],
        "F4": [
          24.1,
          26.5
        ]
      },
      "A": {
        "A1": [
          1.0,
          45.0
        ],
        "A2": [
          1.0,
          61.5
        ],
        "A3": [
          2.2,
          12.2
        ],
        "A4": [
          1.1,
          10.2
        ]
      },
      "Q": {
        "Q1": [
          4.0,
          38.0
        ],
        "Q2": [
          5.0,
          17.5
        ],
        "Q3": [
          7.0,
          23.0
        ],
        "Q4": [
          5.0,
          30.0
        ]
      }
    },
    "scale_units": {
      "F_hz": "Hz",
      "A_value": "idx",
      "Q_value": "idx"
    },
    "F_norm": {
      "F1": 0.0313588850174216,
      "F2": 0.3344947735191638,
      "F3": 0.5749128919860628,
      "F4": 0.7735191637630662
    },
    "F_y_px": {
      "F1": 44,
      "F2": 131,
      "F3": 200,
      "F4": 257
    },
    "F_lane_norm": {
      "F1": 0.05263157894736842,
      "F2": 0.5192307692307693,
      "F3": 0.9130434782608695,
      "F4": 1.0
    },
    "F_hz": {
      "F1": 8.336842105263159,
      "F2": 13.773076923076923,
      "F3": 18.73913043478261,
      "F4": 24.1
    },
    "A_norm": {
      "A1": 0.0313588850174216,
      "A2": 0.2508710801393728,
      "A3": 0.6027874564459931,
      "A4": 0.8501742160278746
    },
    "A_y_px": {
      "A1": 44,
      "A2": 107,
      "A3": 208,
      "A4": 279
    },
    "A_lane_norm": {
      "A1": 0.0,
      "A2": 0.15306122448979592,
      "A3": 0.5360824742268041,
      "A4": 0.5384615384615384
    },
    "A_value": {
      "A1": 45.0,
      "A2": 52.23979591836735,
      "A3": 6.8391752577319584,
      "A4": 5.3
    },
    "Q_norm": {
      "Q1": 0.156794425087108,
      "Q2": 0.3554006968641115,
      "Q3": 0.6236933797909407,
      "Q4": 0.7526132404181185
    },
    "Q_y_px": {
      "Q1": 80,
      "Q2": 137,
      "Q3": 214,
      "Q4": 251
    },
    "Q_lane_norm": {
      "Q1": 0.34831460674157305,
      "Q2": 0.3402061855670103,
      "Q3": 0.5631067961165048,
      "Q4": 0.17647058823529413
    },
    "Q_value": {
      "Q1": 26.157303370786515,
      "Q2": 13.24742268041237,
      "Q3": 13.990291262135923,
      "Q4": 25.588235294117645
    }
  },
  "debug": {
    "F": {
      "x_day0": 59,
      "x_day1": 392,
      "x_day2": 725,
      "day_w": 333.0,
      "x_day0_time": 59,
      "x_day1_time": 351,
      "x_day2_time": 643,
      "day_w_time": 292.0,
      "x_plot_end": 935,
      "x1_static": 936,
      "x1_dyn": 935,
      "x1_dyn_used": true,
      "pph": 12.166666666666666,
      "pph_source": "day_width (tick-mismatch-fallback)",
      "pph_tick": 19.0,
      "tick_pph_rel_err": 0.5616438356164384,
      "tick_pph_valid": false,
      "tick_count": 50,
      "tick_quality": 0.6944444444444444,
      "tick_used": false,
      "x_frontier": 827,
      "frontier_method": "activity_scan",
      "frontier_activity_thr": 0.458379790186882,
      "frontier_activity_right_tail": 0.09609436243772507,
      "frontier_activity_run_px": 8,
      "guard_px": 4,
      "left_guard": 645,
      "right_guard": 823,
      "x_time": 830,
      "x_ideal": 830,
      "x_now": 830,
      "x_now_method": "ideal",
      "hour_now_tsst": 15.381388888888889,
      "rollover_hour_min": 3.0,
      "rollover_hour_max": 8.5,
      "delta_min_to_guard": -34.520547945205486,
      "delta_min_to_frontier": -14.794520547945206,
      "frontier_day_fill": 0.6301369863013698,
      "rollover_candidate": false,
      "bias_minutes_applied": 0.0,
      "measured_bias_minutes": null,
      "age_hours": null,
      "status": "ok",
      "x_pick": 829,
      "x_pick_edge": 830,
      "x_pick_safe_right": 923,
      "x_overlay": 830,
      "f1_path_x_range": [
        816,
        830
      ],
      "f1_path_target_col": 13,
      "f1_path_y_px": 43,
      "f4_path_x_range": [
        816,
        830
      ],
      "f4_path_target_col": 13,
      "f4_path_y_px": 251,
      "f1_path2_x_range": [
        820,
        830
      ],
      "f1_path2_target_col": 9,
      "f1_path2_y_px": 44,
      "f1_path2_y_direct_px": 44,
      "f1_path2_direct_used": false,
      "f1_path2_direct_allowed": false,
      "f1_path2_left_weight": 0.35,
      "f1_path2_right_weight": 1.0,
      "f2_path2_x_range": [
        820,
        830
      ],
      "f2_path2_target_col": 9,
      "f2_path2_y_px": 131,
      "f2_path2_y_direct_px": 140,
      "f2_path2_direct_used": false,
      "f2_path2_direct_allowed": false,
      "f2_path2_left_weight": 0.4,
      "f2_path2_right_weight": 1.0,
      "f4_path2_x_range": [
        820,
        830
      ],
      "f4_path2_target_col": 9,
      "f4_path2_y_px": 260,
      "f4_path2_y_direct_px": 228,
      "f4_path2_direct_used": false,
      "f4_path2_direct_allowed": false,
      "f4_path2_left_weight": 0.4,
      "f4_path2_right_weight": 1.0,
      "f1_local_snap_x": 830,
      "f1_local_snap_y_px": 44,
      "f1_local_snap_search_px": 8,
      "f1_local_snap_search_up_px": 4,
      "f1_local_snap_search_down_px": 12,
      "f1_local_snap_prefer_lower_weight": 0.02,
      "f3_local_snap_x": 830,
      "f3_local_snap_y_px": 200,
      "f3_local_snap_search_px": 6,
      "f3_local_snap_search_up_px": 6,
      "f3_local_snap_search_down_px": 6,
      "f3_local_snap_prefer_lower_weight": 0.0,
      "f4_local_snap_x": 830,
      "f4_local_snap_y_px": 260,
      "f4_local_snap_search_px": 8,
      "f4_local_snap_search_up_px": 6,
      "f4_local_snap_search_down_px": 14,
      "f4_local_snap_prefer_lower_weight": 0.05,
      "f2_local_snap_x": 830,
      "f2_local_snap_y_px": 131,
      "f2_local_snap_search_px": 8,
      "f2_local_snap_search_up_px": 14,
      "f2_local_snap_search_down_px": 2,
      "f2_local_snap_prefer_lower_weight": 0.0,
      "f2_consensus_applied": false,
      "f2_consensus_x_range": [
        824,
        830
      ],
      "f2_consensus_y_px": 110,
      "f2_consensus_anchor_y_px": 131,
      "f2_consensus_seed_y_px": 110,
      "f2_consensus_support_cols": 3,
      "f2_consensus_support_ratio": 0.40982684956150217,
      "f2_consensus_jump_px": 21,
      "f2_consensus_tol_px": 5,
      "f2_consensus_reason": "low_support",
      "f3_consensus_applied": false,
      "f3_consensus_x_range": [
        824,
        830
      ],
      "f3_consensus_y_px": 195,
      "f3_consensus_anchor_y_px": 200,
      "f3_consensus_seed_y_px": 195,
      "f3_consensus_support_cols": 3,
      "f3_consensus_support_ratio": 0.48006822989931663,
      "f3_consensus_jump_px": 5,
      "f3_consensus_tol_px": 5,
      "f3_consensus_reason": "low_support",
      "f4_consensus_x_range": [
        824,
        830
      ],
      "f4_consensus_y_px": 257,
      "f4_consensus_anchor_y_px": 260,
      "f4_consensus_seed_y_px": 257,
      "f4_consensus_support_cols": 6,
      "f4_consensus_support_ratio": 0.8020063357972544,
      "f4_consensus_jump_px": 3,
      "f4_consensus_tol_px": 6,
      "f4_consensus_reason": "accepted",
      "f4_consensus_applied": true,
      "scale_ranges": {
        "F1": [
          7.2,
          8.4
        ],
        "F2": [
          13.1,
          14.5
        ],
        "F3": [
          18.6,
          20.2
        ],
        "F4": [
          24.1,
          26.5
        ]
      }
    },
    "A": {
      "x_day0": 59,
      "x_day1": 368,
      "x_day2": 678,
      "day_w": 309.5,
      "x_day0_time": 59,
      "x_day1_time": 351,
      "x_day2_time": 643,
      "day_w_time": 292.0,
      "x_plot_end": 935,
      "x1_static": 936,
      "x1_dyn": 935,
      "x1_dyn_used": true,
      "pph": 12.166666666666666,