{
  "saved_at_utc": "2026-04-10T11:34:21.980746+00:00",
  "source": "tomsk_sos70_param_charts",
  "freq_max_hz": 40.0,
  "values": {
    "scale_ranges": {
      "F": {
        "F1": [
          7.2,
          8.4
        ],
        "F2": [
          13.1,
          14.5
        ],
        "F3": [
          18.6,
          20.2
        ],
        "F4": [
          24.1,
          26.5
        ]
      },
      "A": {
        "A1": [
          1.0,
          45.0
        ],
        "A2": [
          1.0,
          61.5
        ],
        "A3": [
          2.2,
          12.2
        ],
        "A4": [
          1.1,
          10.2
        ]
      },
      "Q": {
        "Q1": [
          4.0,
          38.0
        ],
        "Q2": [
          5.0,
          17.5
        ],
        "Q3": [
          7.0,
          23.0
        ],
        "Q4": [
          5.0,
          30.0
        ]
      }
    },
    "scale_units": {
      "F_hz": "Hz",
      "A_value": "idx",
      "Q_value": "idx"
    },
    "F_norm": {
      "F1": 0.0313588850174216,
      "F2": 0.40418118466898956,
      "F3": 0.5714285714285714,
      "F4": 0.6829268292682927
    },
    "F_y_px": {
      "F1": 44,
      "F2": 151,
      "F3": 199,
      "F4": 231
    },
    "F_lane_norm": {
      "F1": 0.05263157894736842,
      "F2": 0.9038461538461539,
      "F3": 0.8913043478260869,
      "F4": 0.5217391304347826
    },
    "F_hz": {
      "F1": 8.336842105263159,
      "F2": 13.234615384615385,
      "F3": 18.773913043478263,
      "F4": 25.247826086956522
    },
    "A_norm": {
      "A1": 0.313588850174216,
      "A2": 0.519163763066202,
      "A3": 0.7386759581881533,
      "A4": 0.9512195121951219
    },
    "A_y_px": {
      "A1": 125,
      "A2": 184,
      "A3": 247,
      "A4": 308
    },
    "A_lane_norm": {
      "A1": 0.9759036144578314,
      "A2": 0.9387755102040817,
      "A3": 0.9381443298969072,
      "A4": 0.8571428571428571
    },
    "A_value": {
      "A1": 2.0602409638554207,
      "A2": 4.7040816326530575,
      "A3": 2.8185567010309267,
      "A4": 2.4000000000000004
    },
    "Q_norm": {
      "Q1": 0.28222996515679444,
      "Q2": 0.49825783972125437,
      "Q3": 0.7142857142857143,
      "Q4": 0.8954703832752613
    },
    "Q_y_px": {
      "Q1": 116,
      "Q2": 178,
      "Q3": 240,
      "Q4": 292
    },
    "Q_lane_norm": {
      "Q1": 0.7528089887640449,
      "Q2": 0.7628865979381443,
      "Q3": 0.8155339805825242,
      "Q4": 0.6588235294117647
    },
    "Q_value": {
      "Q1": 12.404494382022474,
      "Q2": 7.963917525773196,
      "Q3": 9.951456310679612,
      "Q4": 13.529411764705884
    }
  },
  "debug": {
    "F": {
      "x_day0": 59,
      "x_day1": 392,
      "x_day2": 726,
      "day_w": 333.5,
      "x_day0_time": 59,
      "x_day1_time": 351,
      "x_day2_time": 643,
      "day_w_time": 292.0,
      "x_plot_end": 935,
      "x1_static": 936,
      "x1_dyn": 935,
      "x1_dyn_used": true,
      "pph": 12.166666666666666,
      "pph_source": "day_width (tick-mismatch-fallback)",
      "pph_tick": 19.0,
      "tick_pph_rel_err": 0.5616438356164384,
      "tick_pph_valid": false,
      "tick_count": 50,
      "tick_quality": 0.6944444444444444,
      "tick_used": false,
      "x_frontier": 869,
      "frontier_method": "activity_scan",
      "frontier_activity_thr": 0.38349768966436387,
      "frontier_activity_right_tail": 0.07334745675325394,
      "frontier_activity_run_px": 8,
      "guard_px": 4,
      "left_guard": 645,
      "right_guard": 865,
      "x_time": 869,
      "x_ideal": 869,
      "x_now": 869,
      "x_now_method": "ideal",
      "hour_now_tsst": 18.572499999999998,
      "rollover_hour_min": 3.0,
      "rollover_hour_max": 8.5,
      "delta_min_to_guard": -19.726027397260275,
      "delta_min_to_frontier": 0.0,
      "frontier_day_fill": 0.773972602739726,
      "rollover_candidate": false,
      "bias_minutes_applied": 0.0,
      "measured_bias_minutes": null,
      "age_hours": null,
      "status": "ok",
      "x_pick": 868,
      "x_pick_edge": 869,
      "x_pick_safe_right": 923,
      "x_overlay": 869,
      "f1_path_x_range": [
        855,
        869
      ],
      "f1_path_target_col": 13,
      "f1_path_y_px": 43,
      "f4_path_x_range": [
        855,
        869
      ],
      "f4_path_target_col": 13,
      "f4_path_y_px": 230,
      "f1_path2_x_range": [
        859,
        869
      ],
      "f1_path2_target_col": 9,
      "f1_path2_y_px": 44,
      "f1_path2_y_direct_px": 44,
      "f1_path2_direct_used": false,
      "f1_path2_direct_allowed": false,
      "f1_path2_left_weight": 0.35,
      "f1_path2_right_weight": 1.0,
      "f2_path2_x_range": [
        859,
        869
      ],
      "f2_path2_target_col": 9,
      "f2_path2_y_px": 158,
      "f2_path2_y_direct_px": 148,
      "f2_path2_direct_used": false,
      "f2_path2_direct_allowed": false,
      "f2_path2_left_weight": 0.4,
      "f2_path2_right_weight": 1.0,
      "f4_path2_x_range": [
        859,
        869
      ],
      "f4_path2_target_col": 9,
      "f4_path2_y_px": 230,
      "f4_path2_y_direct_px": 231,
      "f4_path2_direct_used": false,
      "f4_path2_direct_allowed": false,
      "f4_path2_left_weight": 0.4,
      "f4_path2_right_weight": 1.0,
      "f1_local_snap_x": 869,
      "f1_local_snap_y_px": 44,
      "f1_local_snap_search_px": 8,
      "f1_local_snap_search_up_px": 4,
      "f1_local_snap_search_down_px": 12,
      "f1_local_snap_prefer_lower_weight": 0.02,
      "f3_local_snap_x": 869,
      "f3_local_snap_y_px": 197,
      "f3_local_snap_search_px": 6,
      "f3_local_snap_search_up_px": 6,
      "f3_local_snap_search_down_px": 6,
      "f3_local_snap_prefer_lower_weight": 0.0,
      "f4_local_snap_x": 869,
      "f4_local_snap_y_px": 231,
      "f4_local_snap_search_px": 8,
      "f4_local_snap_search_up_px": 6,
      "f4_local_snap_search_down_px": 14,
      "f4_local_snap_prefer_lower_weight": 0.05,
      "f2_local_snap_x": 869,
      "f2_local_snap_y_px": 151,
      "f2_local_snap_search_px": 8,
      "f2_local_snap_search_up_px": 14,
      "f2_local_snap_search_down_px": 2,
      "f2_local_snap_prefer_lower_weight": 0.0,
      "f2_consensus_applied": false,
      "f2_consensus_x_range": [
        863,
        869
      ],
      "f2_consensus_y_px": 149,
      "f2_consensus_anchor_y_px": 151,
      "f2_consensus_seed_y_px": 148,
      "f2_consensus_support_cols": 3,
      "f2_consensus_support_ratio": 0.4492972027646769,
      "f2_consensus_jump_px": 2,
      "f2_consensus_tol_px": 5,
      "f2_consensus_reason": "low_support",
      "f3_consensus_x_range": [
        863,
        869
      ],
      "f3_consensus_y_px": 199,
      "f3_consensus_anchor_y_px": 197,
      "f3_consensus_seed_y_px": 198,
      "f3_consensus_support_cols": 6,
      "f3_consensus_support_ratio": 0.8100629148230089,
      "f3_consensus_jump_px": 2,
      "f3_consensus_tol_px": 5,
      "f3_consensus_reason": "accepted",
      "f3_consensus_applied": true,
      "f4_consensus_applied": false,
      "f4_consensus_x_range": [
        863,
        869
      ],
      "f4_consensus_y_px": 244,
      "f4_consensus_anchor_y_px": 231,
      "f4_consensus_seed_y_px": 243,
      "f4_consensus_support_cols": 4,
      "f4_consensus_support_ratio": 0.5227407637730729,
      "f4_consensus_jump_px": 13,
      "f4_consensus_tol_px": 6,
      "f4_consensus_reason": "low_support",
      "scale_ranges": {
        "F1": [
          7.2,
          8.4
        ],
        "F2": [
          13.1,
          14.5
        ],
        "F3": [
          18.6,
          20.2
        ],
        "F4": [
          24.1,
          26.5
        ]
      }
    },
    "A": {
      "x_day0": 59,
      "x_day1": 372,
      "x_day2": 684,
      "day_w": 312.5,
      "x_day0_time": 59,
      "x_day1_time": 351,
      "x_day2_time": 644,
      "day_w_time": 292.3333333333333,
      "x_plot_end": 936,
      "x1_static": 936,
      "x1_dyn": 977,
      "x1_dyn_used": false,