{
  "saved_at_utc": "2026-03-16T08:38:58.236777+00:00",
  "source": "tomsk_sos70_param_charts",
  "freq_max_hz": 40.0,
  "values": {
    "scale_ranges": {
      "F": {
        "F1": [
          7.2,
          8.4
        ],
        "F2": [
          13.1,
          14.5
        ],
        "F3": [
          18.6,
          20.2
        ],
        "F4": [
          24.1,
          26.5
        ]
      },
      "A": {
        "A1": [
          1.0,
          45.0
        ],
        "A2": [
          1.0,
          61.5
        ],
        "A3": [
          2.2,
          12.2
        ],
        "A4": [
          1.1,
          10.2
        ]
      },
      "Q": {
        "Q1": [
          4.0,
          38.0
        ],
        "Q2": [
          5.0,
          17.5
        ],
        "Q3": [
          7.0,
          23.0
        ],
        "Q4": [
          5.0,
          30.0
        ]
      }
    },
    "scale_units": {
      "F_hz": "Hz",
      "A_value": "idx",
      "Q_value": "idx"
    },
    "F_norm": {
      "F1": 0.1289198606271777,
      "F2": 0.33797909407665505,
      "F3": 0.5156794425087108,
      "F4": 0.6724738675958188
    },
    "F_y_px": {
      "F1": 72,
      "F2": 132,
      "F3": 183,
      "F4": 228
    },
    "F_lane_norm": {
      "F1": 0.543859649122807,
      "F2": 0.5384615384615384,
      "F3": 0.5434782608695652,
      "F4": 0.45652173913043476
    },
    "F_hz": {
      "F1": 7.747368421052632,
      "F2": 13.746153846153845,
      "F3": 19.330434782608695,
      "F4": 25.40434782608696
    },
    "A_norm": {
      "A1": 0.31010452961672474,
      "A2": 0.519163763066202,
      "A3": 0.710801393728223,
      "A4": 0.9233449477351916
    },
    "A_y_px": {
      "A1": 124,
      "A2": 184,
      "A3": 239,
      "A4": 300
    },
    "A_lane_norm": {
      "A1": 0.963855421686747,
      "A2": 0.9387755102040817,
      "A3": 0.8556701030927835,
      "A4": 0.7692307692307693
    },
    "A_value": {
      "A1": 2.590361445783131,
      "A2": 4.7040816326530575,
      "A3": 3.6432989690721644,
      "A4": 3.1999999999999993
    },
    "Q_norm": {
      "Q1": 0.30662020905923343,
      "Q2": 0.3344947735191638,
      "Q3": 0.519163763066202,
      "Q4": 0.7491289198606271
    },
    "Q_y_px": {
      "Q1": 123,
      "Q2": 131,
      "Q3": 184,
      "Q4": 250
    },
    "Q_lane_norm": {
      "Q1": 0.8314606741573034,
      "Q2": 0.27835051546391754,
      "Q3": 0.27184466019417475,
      "Q4": 0.16470588235294117
    },
    "Q_value": {
      "Q1": 9.730337078651683,
      "Q2": 14.02061855670103,
      "Q3": 18.650485436893206,
      "Q4": 25.88235294117647
    }
  },
  "debug": {
    "F": {
      "x_day0": 59,
      "x_day1": 369,
      "x_day2": 679,
      "day_w": 310.0,
      "x_day0_time": 59,
      "x_day1_time": 351,
      "x_day2_time": 643,
      "day_w_time": 292.0,
      "x_plot_end": 935,
      "x1_static": 936,
      "x1_dyn": 935,
      "x1_dyn_used": true,
      "pph": 12.166666666666666,
      "pph_source": "day_width (tick-mismatch-fallback)",
      "pph_tick": 19.0,
      "tick_pph_rel_err": 0.5616438356164384,
      "tick_pph_valid": false,
      "tick_count": 50,
      "tick_quality": 0.6944444444444444,
      "tick_used": false,
      "x_frontier": 822,
      "frontier_method": "activity_scan",
      "frontier_activity_thr": 0.43143710792064666,
      "frontier_activity_right_tail": 0.09340424835681915,
      "frontier_activity_run_px": 8,
      "guard_px": 4,
      "left_guard": 645,
      "right_guard": 818,
      "x_time": 833,
      "x_ideal": 833,
      "x_now": 818,
      "x_now_method": "snap_to_guard",
      "hour_now_tsst": 15.649444444444445,
      "rollover_hour_min": 3.0,
      "rollover_hour_max": 8.5,
      "delta_min_to_guard": -73.97260273972603,
      "delta_min_to_frontier": -54.24657534246576,
      "frontier_day_fill": 0.613013698630137,
      "rollover_candidate": false,
      "bias_minutes_applied": 0.0,
      "measured_bias_minutes": null,
      "age_hours": null,
      "status": "ok",
      "x_pick": 817,
      "x_pick_edge": 818,
      "x_pick_safe_right": 923,
      "x_overlay": 818,
      "f1_path_x_range": [
        804,
        818
      ],
      "f1_path_target_col": 13,
      "f1_path_y_px": 70,
      "f4_path_x_range": [
        804,
        818
      ],
      "f4_path_target_col": 13,
      "f4_path_y_px": 229,
      "f1_path2_x_range": [
        808,
        818
      ],
      "f1_path2_target_col": 9,
      "f1_path2_y_px": 70,
      "f1_path2_y_direct_px": 44,
      "f1_path2_direct_used": false,
      "f1_path2_direct_allowed": false,
      "f1_path2_left_weight": 0.35,
      "f1_path2_right_weight": 1.0,
      "f2_path2_x_range": [
        808,
        818
      ],
      "f2_path2_target_col": 9,
      "f2_path2_y_px": 136,
      "f2_path2_y_direct_px": 129,
      "f2_path2_direct_used": false,
      "f2_path2_direct_allowed": false,
      "f2_path2_left_weight": 0.4,
      "f2_path2_right_weight": 1.0,
      "f4_path2_x_range": [
        808,
        818
      ],
      "f4_path2_target_col": 9,
      "f4_path2_y_px": 229,
      "f4_path2_y_direct_px": 226,
      "f4_path2_direct_used": false,
      "f4_path2_direct_allowed": false,
      "f4_path2_left_weight": 0.4,
      "f4_path2_right_weight": 1.0,
      "f1_local_snap_x": 818,
      "f1_local_snap_y_px": 72,
      "f1_local_snap_search_px": 8,
      "f1_local_snap_search_up_px": 4,
      "f1_local_snap_search_down_px": 12,
      "f1_local_snap_prefer_lower_weight": 0.02,
      "f3_local_snap_x": 818,
      "f3_local_snap_y_px": 184,
      "f3_local_snap_search_px": 6,
      "f3_local_snap_search_up_px": 6,
      "f3_local_snap_search_down_px": 6,
      "f3_local_snap_prefer_lower_weight": 0.0,
      "f4_local_snap_x": 818,
      "f4_local_snap_y_px": 228,
      "f4_local_snap_search_px": 8,
      "f4_local_snap_search_up_px": 6,
      "f4_local_snap_search_down_px": 14,
      "f4_local_snap_prefer_lower_weight": 0.05,
      "f2_local_snap_x": 818,
      "f2_local_snap_y_px": 128,
      "f2_local_snap_search_px": 8,
      "f2_local_snap_search_up_px": 14,
      "f2_local_snap_search_down_px": 2,
      "f2_local_snap_prefer_lower_weight": 0.0,
      "f2_consensus_x_range": [
        812,
        818
      ],
      "f2_consensus_y_px": 132,
      "f2_consensus_anchor_y_px": 128,
      "f2_consensus_seed_y_px": 132,
      "f2_consensus_support_cols": 7,
      "f2_consensus_support_ratio": 1.0,
      "f2_consensus_jump_px": 4,
      "f2_consensus_tol_px": 5,
      "f2_consensus_reason": "accepted",
      "f2_consensus_applied": true,
      "f3_consensus_x_range": [
        812,
        818
      ],
      "f3_consensus_y_px": 183,
      "f3_consensus_anchor_y_px": 184,
      "f3_consensus_seed_y_px": 179,
      "f3_consensus_support_cols": 7,
      "f3_consensus_support_ratio": 1.0,
      "f3_consensus_jump_px": 1,
      "f3_consensus_tol_px": 5,
      "f3_consensus_reason": "accepted",
      "f3_consensus_applied": true,
      "f4_consensus_x_range": [
        812,
        818
      ],
      "f4_consensus_y_px": 228,
      "f4_consensus_anchor_y_px": 228,
      "f4_consensus_seed_y_px": 232,
      "f4_consensus_support_cols": 7,
      "f4_consensus_support_ratio": 1.0,
      "f4_consensus_jump_px": 0,
      "f4_consensus_tol_px": 6,
      "f4_consensus_reason": "accepted",
      "f4_consensus_applied": true,
      "scale_ranges": {
        "F1": [
          7.2,
          8.4
        ],
        "F2": [
          13.1,
          14.5
        ],
        "F3": [
          18.6,
          20.2
        ],
        "F4": [
          24.1,
          26.5
        ]
      }
    },
    "A": {
      "x_day0": 59,
      "x_day1": 372,
      "x_day2": 684,
      "day_w": 312.5,
      "x_day0_time": 59,
      "x_day1_time": 351,
      "x_day2_time": 643,
      "day_w_time": 292.0,
      "x_plot_end": 935,
      "x1_static": 936,
      "x1_dyn": 935,
      "x1_dyn_used": true,
      "pph": 12.166666666666666,