{
  "saved_at_utc": "2026-03-19T23:55:17.811417+00:00",
  "source": "tomsk_sos70_param_charts",
  "freq_max_hz": 40.0,
  "values": {
    "scale_ranges": {
      "F": {
        "F1": [
          7.2,
          8.4
        ],
        "F2": [
          13.1,
          14.5
        ],
        "F3": [
          18.6,
          20.2
        ],
        "F4": [
          24.1,
          26.5
        ]
      },
      "A": {
        "A1": [
          1.0,
          45.0
        ],
        "A2": [
          1.0,
          61.5
        ],
        "A3": [
          2.2,
          12.2
        ],
        "A4": [
          1.1,
          10.2
        ]
      },
      "Q": {
        "Q1": [
          4.0,
          38.0
        ],
        "Q2": [
          5.0,
          17.5
        ],
        "Q3": [
          7.0,
          23.0
        ],
        "Q4": [
          5.0,
          30.0
        ]
      }
    },
    "scale_units": {
      "F_hz": "Hz",
      "A_value": "idx",
      "Q_value": "idx"
    },
    "F_norm": {
      "F1": 0.024390243902439025,
      "F2": 0.30313588850174217,
      "F3": 0.5261324041811847,
      "F4": 0.7526132404181185
    },
    "F_y_px": {
      "F1": 42,
      "F2": 122,
      "F3": 186,
      "F4": 251
    },
    "F_lane_norm": {
      "F1": 0.017543859649122806,
      "F2": 0.34615384615384615,
      "F3": 0.6086956521739131,
      "F4": 0.9565217391304348
    },
    "F_hz": {
      "F1": 8.378947368421054,
      "F2": 14.015384615384615,
      "F3": 19.22608695652174,
      "F4": 24.20434782608696
    },
    "A_norm": {
      "A1": 0.28222996515679444,
      "A2": 0.5365853658536586,
      "A3": 0.7456445993031359,
      "A4": 0.9547038327526133
    },
    "A_y_px": {
      "A1": 116,
      "A2": 189,
      "A3": 249,
      "A4": 309
    },
    "A_lane_norm": {
      "A1": 0.8674698795180723,
      "A2": 0.9897959183673469,
      "A3": 0.9587628865979382,
      "A4": 0.8681318681318682
    },
    "A_value": {
      "A1": 6.831325301204821,
      "A2": 1.617346938775512,
      "A3": 2.612371134020618,
      "A4": 2.299999999999999
    },
    "Q_norm": {
      "Q1": 0.2787456445993031,
      "Q2": 0.5365853658536586,
      "Q3": 0.6898954703832753,
      "Q4": 0.7526132404181185
    },
    "Q_y_px": {
      "Q1": 115,
      "Q2": 189,
      "Q3": 233,
      "Q4": 251
    },
    "Q_lane_norm": {
      "Q1": 0.7415730337078652,
      "Q2": 0.8762886597938144,
      "Q3": 0.7475728155339806,
      "Q4": 0.17647058823529413
    },
    "Q_value": {
      "Q1": 12.786516853932582,
      "Q2": 6.546391752577319,
      "Q3": 11.03883495145631,
      "Q4": 25.588235294117645
    }
  },
  "debug": {
    "F": {
      "x_day0": 59,
      "x_day1": 392,
      "x_day2": 726,
      "day_w": 333.5,
      "x_day0_time": 59,
      "x_day1_time": 351,
      "x_day2_time": 643,
      "day_w_time": 292.0,
      "x_plot_end": 935,
      "x1_static": 936,
      "x1_dyn": 935,
      "x1_dyn_used": true,
      "pph": 12.166666666666666,
      "pph_source": "day_width (tick-mismatch-fallback)",
      "pph_tick": 19.0,
      "tick_pph_rel_err": 0.5616438356164384,
      "tick_pph_valid": false,
      "tick_count": 50,
      "tick_quality": 0.6944444444444444,
      "tick_used": false,
      "x_frontier": 727,
      "frontier_method": "activity_scan",
      "frontier_activity_thr": 0.4859963029623032,
      "frontier_activity_right_tail": 0.19046613574028015,
      "frontier_activity_run_px": 8,
      "guard_px": 4,
      "left_guard": 645,
      "right_guard": 723,
      "x_time": 727,
      "x_ideal": 727,
      "x_now": 727,
      "x_now_method": "harmonized_prefer_non_rollover",
      "hour_now_tsst": 6.921388888888889,
      "rollover_hour_min": 3.0,
      "rollover_hour_max": 8.5,
      "delta_min_to_guard": -19.726027397260275,
      "delta_min_to_frontier": 0.0,
      "frontier_day_fill": 0.2876712328767123,
      "rollover_candidate": false,
      "bias_minutes_applied": 0.0,
      "measured_bias_minutes": null,
      "age_hours": null,
      "status": "ok",
      "x_now_before_harmonize": 727,
      "x_pick": 726,
      "x_pick_edge": 727,
      "x_pick_safe_right": 923,
      "x_overlay": 727,
      "f1_path_x_range": [
        713,
        727
      ],
      "f1_path_target_col": 13,
      "f1_path_y_px": 43,
      "f4_path_x_range": [
        713,
        727
      ],
      "f4_path_target_col": 13,
      "f4_path_y_px": 251,
      "f1_path2_x_range": [
        717,
        727
      ],
      "f1_path2_target_col": 9,
      "f1_path2_y_px": 44,
      "f1_path2_y_direct_px": 44,
      "f1_path2_direct_used": false,
      "f1_path2_direct_allowed": false,
      "f1_path2_left_weight": 0.35,
      "f1_path2_right_weight": 1.0,
      "f2_path2_x_range": [
        717,
        727
      ],
      "f2_path2_target_col": 9,
      "f2_path2_y_px": 121,
      "f2_path2_y_direct_px": 123,
      "f2_path2_direct_used": false,
      "f2_path2_direct_allowed": false,
      "f2_path2_left_weight": 0.4,
      "f2_path2_right_weight": 1.0,
      "f4_path2_x_range": [
        717,
        727
      ],
      "f4_path2_target_col": 9,
      "f4_path2_y_px": 251,
      "f4_path2_y_direct_px": 252,
      "f4_path2_direct_used": false,
      "f4_path2_direct_allowed": false,
      "f4_path2_left_weight": 0.4,
      "f4_path2_right_weight": 1.0,
      "f1_local_snap_x": 727,
      "f1_local_snap_y_px": 42,
      "f1_local_snap_search_px": 8,
      "f1_local_snap_search_up_px": 4,
      "f1_local_snap_search_down_px": 12,
      "f1_local_snap_prefer_lower_weight": 0.02,
      "f3_local_snap_x": 727,
      "f3_local_snap_y_px": 195,
      "f3_local_snap_search_px": 6,
      "f3_local_snap_search_up_px": 6,
      "f3_local_snap_search_down_px": 6,
      "f3_local_snap_prefer_lower_weight": 0.0,
      "f4_local_snap_x": 727,
      "f4_local_snap_y_px": 251,
      "f4_local_snap_search_px": 8,
      "f4_local_snap_search_up_px": 6,
      "f4_local_snap_search_down_px": 14,
      "f4_local_snap_prefer_lower_weight": 0.05,
      "f2_local_snap_x": 727,
      "f2_local_snap_y_px": 122,
      "f2_local_snap_search_px": 8,
      "f2_local_snap_search_up_px": 14,
      "f2_local_snap_search_down_px": 2,
      "f2_local_snap_prefer_lower_weight": 0.0,
      "f2_consensus_x_range": [
        721,
        727
      ],
      "f2_consensus_y_px": 122,
      "f2_consensus_anchor_y_px": 122,
      "f2_consensus_seed_y_px": 121,
      "f2_consensus_support_cols": 6,
      "f2_consensus_support_ratio": 0.8160348042262275,
      "f2_consensus_jump_px": 0,
      "f2_consensus_tol_px": 5,
      "f2_consensus_reason": "accepted",
      "f2_consensus_applied": true,
      "f3_consensus_x_range": [
        721,
        727
      ],
      "f3_consensus_y_px": 186,
      "f3_consensus_anchor_y_px": 195,
      "f3_consensus_seed_y_px": 183,
      "f3_consensus_support_cols": 6,
      "f3_consensus_support_ratio": 0.8332571610777488,
      "f3_consensus_jump_px": 9,
      "f3_consensus_tol_px": 5,
      "f3_consensus_reason": "accepted",
      "f3_consensus_applied": true,
      "f4_consensus_x_range": [
        721,
        727
      ],
      "f4_consensus_y_px": 251,
      "f4_consensus_anchor_y_px": 251,
      "f4_consensus_seed_y_px": 251,
      "f4_consensus_support_cols": 4,
      "f4_consensus_support_ratio": 0.6678890671556268,
      "f4_consensus_jump_px": 0,
      "f4_consensus_tol_px": 6,
      "f4_consensus_reason": "accepted",
      "f4_consensus_applied": true,
      "scale_ranges": {
        "F1": [
          7.2,
          8.4
        ],
        "F2": [
          13.1,
          14.5
        ],
        "F3": [
          18.6,
          20.2
        ],
        "F4": [
          24.1,
          26.5
        ]
      }
    },
    "A": {
      "x_day0": 59,
      "x_day1": 392,
      "x_day2": 726,
      "day_w": 333.5,
      "x_day0_time": 59,
      "x_day1_time": 351,
      "x_day2_time": 644,
      "day_w_time": 292.3333333333333,
      "x_plot_end": 936,
      "x1_static": 936,