{
  "saved_at_utc": "2026-06-30T20:46:53.489688+00:00",
  "source": "tomsk_sos70_param_charts",
  "freq_max_hz": 40.0,
  "values": {
    "scale_ranges": {
      "F": {
        "F1": [
          7.2,
          8.4
        ],
        "F2": [
          13.1,
          14.5
        ],
        "F3": [
          18.6,
          20.2
        ],
        "F4": [
          24.1,
          26.5
        ]
      },
      "A": {
        "A1": [
          1.0,
          45.0
        ],
        "A2": [
          1.0,
          61.5
        ],
        "A3": [
          2.2,
          12.2
        ],
        "A4": [
          1.1,
          10.2
        ]
      },
      "Q": {
        "Q1": [
          4.0,
          38.0
        ],
        "Q2": [
          5.0,
          17.5
        ],
        "Q3": [
          7.0,
          23.0
        ],
        "Q4": [
          5.0,
          30.0
        ]
      }
    },
    "scale_units": {
      "F_hz": "Hz",
      "A_value": "idx",
      "Q_value": "idx"
    },
    "F_norm": {
      "F1": 0.11498257839721254,
      "F2": 0.3170731707317073,
      "F3": 0.5052264808362369,
      "F4": 0.686411149825784
    },
    "F_y_px": {
      "F1": 68,
      "F2": 126,
      "F3": 180,
      "F4": 232
    },
    "F_lane_norm": {
      "F1": 0.47368421052631576,
      "F2": 0.4230769230769231,
      "F3": 0.4782608695652174,
      "F4": 0.5434782608695652
    },
    "F_hz": {
      "F1": 7.831578947368421,
      "F2": 13.907692307692308,
      "F3": 19.434782608695652,
      "F4": 25.195652173913043
    },
    "A_norm": {
      "A1": 0.313588850174216,
      "A2": 0.5296167247386759,
      "A3": 0.7421602787456446,
      "A4": 0.9512195121951219
    },
    "A_y_px": {
      "A1": 125,
      "A2": 187,
      "A3": 248,
      "A4": 308
    },
    "A_lane_norm": {
      "A1": 0.9759036144578314,
      "A2": 0.9693877551020408,
      "A3": 0.9484536082474226,
      "A4": 0.8571428571428571
    },
    "A_value": {
      "A1": 2.0602409638554207,
      "A2": 2.852040816326536,
      "A3": 2.7154639175257724,
      "A4": 2.4000000000000004
    },
    "Q_norm": {
      "Q1": 0.30662020905923343,
      "Q2": 0.519163763066202,
      "Q3": 0.6655052264808362,
      "Q4": 0.926829268292683
    },
    "Q_y_px": {
      "Q1": 123,
      "Q2": 184,
      "Q3": 226,
      "Q4": 301
    },
    "Q_lane_norm": {
      "Q1": 0.8314606741573034,
      "Q2": 0.8247422680412371,
      "Q3": 0.6796116504854369,
      "Q4": 0.7647058823529411
    },
    "Q_value": {
      "Q1": 9.730337078651683,
      "Q2": 7.190721649484537,
      "Q3": 12.12621359223301,
      "Q4": 10.882352941176471
    }
  },
  "debug": {
    "F": {
      "x_day0": 59,
      "x_day1": 392,
      "x_day2": 726,
      "day_w": 333.5,
      "x_day0_time": 59,
      "x_day1_time": 351,
      "x_day2_time": 643,
      "day_w_time": 292.0,
      "x_plot_end": 935,
      "x1_static": 936,
      "x1_dyn": 935,
      "x1_dyn_used": true,
      "pph": 12.166666666666666,
      "pph_source": "day_width (tick-mismatch-fallback)",
      "pph_tick": 19.0,
      "tick_pph_rel_err": 0.5616438356164384,
      "tick_pph_valid": false,
      "tick_count": 50,
      "tick_quality": 0.6944444444444444,
      "tick_used": false,
      "x_frontier": 681,
      "frontier_method": "activity_scan",
      "frontier_activity_thr": 0.47910311818122864,
      "frontier_activity_right_tail": 0.19418051838874817,
      "frontier_activity_run_px": 8,
      "guard_px": 4,
      "left_guard": 645,
      "right_guard": 677,
      "x_time": 689,
      "x_ideal": 689,
      "x_now": 689,
      "x_now_method": "harmonized_prefer_non_rollover",
      "hour_now_tsst": 3.781388888888889,
      "rollover_hour_min": 3.0,
      "rollover_hour_max": 8.5,
      "delta_min_to_guard": -59.178082191780824,
      "delta_min_to_frontier": -39.45205479452055,
      "frontier_day_fill": 0.13013698630136986,
      "rollover_candidate": false,
      "bias_minutes_applied": 0.0,
      "measured_bias_minutes": null,
      "age_hours": null,
      "status": "ok",
      "x_now_before_harmonize": 689,
      "x_pick": 688,
      "x_pick_edge": 689,
      "x_pick_safe_right": 923,
      "x_overlay": 689,
      "f1_path_x_range": [
        675,
        689
      ],
      "f1_path_target_col": 13,
      "f1_path_y_px": 45,
      "f4_path_x_range": [
        675,
        689
      ],
      "f4_path_target_col": 13,
      "f4_path_y_px": 230,
      "f1_path2_x_range": [
        679,
        689
      ],
      "f1_path2_target_col": 9,
      "f1_path2_y_px": 67,
      "f1_path2_y_direct_px": 68,
      "f1_path2_direct_used": false,
      "f1_path2_direct_allowed": false,
      "f1_path2_left_weight": 0.35,
      "f1_path2_right_weight": 1.0,
      "f2_path2_x_range": [
        679,
        689
      ],
      "f2_path2_target_col": 9,
      "f2_path2_y_px": 126,
      "f2_path2_y_direct_px": 125,
      "f2_path2_direct_used": false,
      "f2_path2_direct_allowed": false,
      "f2_path2_left_weight": 0.4,
      "f2_path2_right_weight": 1.0,
      "f4_path2_x_range": [
        679,
        689
      ],
      "f4_path2_target_col": 9,
      "f4_path2_y_px": 231,
      "f4_path2_y_direct_px": 232,
      "f4_path2_direct_used": false,
      "f4_path2_direct_allowed": false,
      "f4_path2_left_weight": 0.4,
      "f4_path2_right_weight": 1.0,
      "f1_local_snap_x": 689,
      "f1_local_snap_y_px": 68,
      "f1_local_snap_search_px": 8,
      "f1_local_snap_search_up_px": 4,
      "f1_local_snap_search_down_px": 12,
      "f1_local_snap_prefer_lower_weight": 0.02,
      "f3_local_snap_x": 689,
      "f3_local_snap_y_px": 180,
      "f3_local_snap_search_px": 6,
      "f3_local_snap_search_up_px": 6,
      "f3_local_snap_search_down_px": 6,
      "f3_local_snap_prefer_lower_weight": 0.0,
      "f4_local_snap_x": 689,
      "f4_local_snap_y_px": 232,
      "f4_local_snap_search_px": 8,
      "f4_local_snap_search_up_px": 6,
      "f4_local_snap_search_down_px": 14,
      "f4_local_snap_prefer_lower_weight": 0.05,
      "f2_local_snap_x": 689,
      "f2_local_snap_y_px": 126,
      "f2_local_snap_search_px": 8,
      "f2_local_snap_search_up_px": 14,
      "f2_local_snap_search_down_px": 2,
      "f2_local_snap_prefer_lower_weight": 0.0,
      "f2_consensus_x_range": [
        683,
        689
      ],
      "f2_consensus_y_px": 126,
      "f2_consensus_anchor_y_px": 126,
      "f2_consensus_seed_y_px": 126,
      "f2_consensus_support_cols": 7,
      "f2_consensus_support_ratio": 1.0,
      "f2_consensus_jump_px": 0,
      "f2_consensus_tol_px": 5,
      "f2_consensus_reason": "accepted",
      "f2_consensus_applied": true,
      "f3_consensus_x_range": [
        683,
        689
      ],
      "f3_consensus_y_px": 180,
      "f3_consensus_anchor_y_px": 180,
      "f3_consensus_seed_y_px": 183,
      "f3_consensus_support_cols": 7,
      "f3_consensus_support_ratio": 1.0,
      "f3_consensus_jump_px": 0,
      "f3_consensus_tol_px": 5,
      "f3_consensus_reason": "accepted",
      "f3_consensus_applied": true,
      "f4_consensus_x_range": [
        683,
        689
      ],
      "f4_consensus_y_px": 232,
      "f4_consensus_anchor_y_px": 232,
      "f4_consensus_seed_y_px": 232,
      "f4_consensus_support_cols": 7,
      "f4_consensus_support_ratio": 1.0,
      "f4_consensus_jump_px": 0,
      "f4_consensus_tol_px": 6,
      "f4_consensus_reason": "accepted",
      "f4_consensus_applied": true,
      "scale_ranges": {
        "F1": [
          7.2,
          8.4
        ],
        "F2": [
          13.1,
          14.5
        ],
        "F3": [
          18.6,
          20.2
        ],
        "F4": [
          24.1,
          26.5
        ]
      }
    },
    "A": {
      "x_day0": 59,
      "x_day1": 392,
      "x_day2": 726,
      "day_w": 333.5,
      "x_day0_time": 59,
      "x_day1_time": 351,
      "x_day2_time": 644,
      "day_w_time": 292.3333333333333,
      "x_plot_end": 936,
      "x1_static": 936,
      "x1_dyn": 977,