{
  "saved_at_utc": "2026-04-26T00:57:16.471343+00:00",
  "source": "tomsk_sos70_param_charts",
  "freq_max_hz": 40.0,
  "values": {
    "scale_ranges": {
      "F": {
        "F1": [
          7.2,
          8.4
        ],
        "F2": [
          13.1,
          14.5
        ],
        "F3": [
          18.6,
          20.2
        ],
        "F4": [
          24.1,
          26.5
        ]
      },
      "A": {
        "A1": [
          1.0,
          45.0
        ],
        "A2": [
          1.0,
          61.5
        ],
        "A3": [
          2.2,
          12.2
        ],
        "A4": [
          1.1,
          10.2
        ]
      },
      "Q": {
        "Q1": [
          4.0,
          38.0
        ],
        "Q2": [
          5.0,
          17.5
        ],
        "Q3": [
          7.0,
          23.0
        ],
        "Q4": [
          5.0,
          30.0
        ]
      }
    },
    "scale_units": {
      "F_hz": "Hz",
      "A_value": "idx",
      "Q_value": "idx"
    },
    "F_norm": {
      "F1": 0.024390243902439025,
      "F2": 0.31010452961672474,
      "F3": 0.5679442508710801,
      "F4": 0.6689895470383276
    },
    "F_y_px": {
      "F1": 42,
      "F2": 124,
      "F3": 198,
      "F4": 227
    },
    "F_lane_norm": {
      "F1": 0.017543859649122806,
      "F2": 0.38461538461538464,
      "F3": 0.8695652173913043,
      "F4": 0.43478260869565216
    },
    "F_hz": {
      "F1": 8.378947368421054,
      "F2": 13.961538461538462,
      "F3": 18.808695652173913,
      "F4": 25.456521739130437
    },
    "A_norm": {
      "A1": 0.313588850174216,
      "A2": 0.5296167247386759,
      "A3": 0.7282229965156795,
      "A4": 0.8466898954703833
    },
    "A_y_px": {
      "A1": 125,
      "A2": 187,
      "A3": 244,
      "A4": 278
    },
    "A_lane_norm": {
      "A1": 0.9759036144578314,
      "A2": 0.9693877551020408,
      "A3": 0.9072164948453608,
      "A4": 0.5274725274725275
    },
    "A_value": {
      "A1": 2.0602409638554207,
      "A2": 2.852040816326536,
      "A3": 3.1278350515463913,
      "A4": 5.3999999999999995
    },
    "Q_norm": {
      "Q1": 0.2857142857142857,
      "Q2": 0.5087108013937283,
      "Q3": 0.7073170731707317,
      "Q4": 0.8885017421602788
    },
    "Q_y_px": {
      "Q1": 117,
      "Q2": 181,
      "Q3": 238,
      "Q4": 290
    },
    "Q_lane_norm": {
      "Q1": 0.7640449438202247,
      "Q2": 0.7938144329896907,
      "Q3": 0.7961165048543689,
      "Q4": 0.6352941176470588
    },
    "Q_value": {
      "Q1": 12.022471910112362,
      "Q2": 7.577319587628866,
      "Q3": 10.262135922330097,
      "Q4": 14.11764705882353
    }
  },
  "debug": {
    "F": {
      "x_day0": 59,
      "x_day1": 374,
      "x_day2": 690,
      "day_w": 315.5,
      "x_day0_time": 59,
      "x_day1_time": 351,
      "x_day2_time": 643,
      "day_w_time": 292.0,
      "x_plot_end": 935,
      "x1_static": 936,
      "x1_dyn": 935,
      "x1_dyn_used": true,
      "pph": 12.166666666666666,
      "pph_source": "day_width (tick-mismatch-fallback)",
      "pph_tick": 19.0,
      "tick_pph_rel_err": 0.5616438356164384,
      "tick_pph_valid": false,
      "tick_count": 50,
      "tick_quality": 0.6944444444444444,
      "tick_used": false,
      "x_frontier": 800,
      "frontier_method": "activity_scan",
      "frontier_activity_thr": 0.45659221410751344,
      "frontier_activity_right_tail": 0.15261733531951904,
      "frontier_activity_run_px": 8,
      "guard_px": 4,
      "left_guard": 645,
      "right_guard": 796,
      "x_time": 740,
      "x_ideal": 740,
      "x_now": 740,
      "x_now_method": "harmonized_prefer_non_rollover",
      "hour_now_tsst": 7.954444444444444,
      "rollover_hour_min": 3.0,
      "rollover_hour_max": 8.5,
      "delta_min_to_guard": 276.1643835616439,
      "delta_min_to_frontier": 295.8904109589041,
      "frontier_day_fill": 0.5376712328767124,
      "rollover_candidate": false,
      "bias_minutes_applied": 0.0,
      "measured_bias_minutes": null,
      "age_hours": null,
      "status": "ok",
      "x_now_before_harmonize": 740,
      "x_pick": 739,
      "x_pick_edge": 740,
      "x_pick_safe_right": 923,
      "x_overlay": 740,
      "f1_path_x_range": [
        726,
        740
      ],
      "f1_path_target_col": 13,
      "f1_path_y_px": 45,
      "f4_path_x_range": [
        726,
        740
      ],
      "f4_path_target_col": 13,
      "f4_path_y_px": 223,
      "f1_path2_x_range": [
        730,
        740
      ],
      "f1_path2_target_col": 9,
      "f1_path2_y_px": 46,
      "f1_path2_y_direct_px": 80,
      "f1_path2_direct_used": false,
      "f1_path2_direct_allowed": false,
      "f1_path2_left_weight": 0.35,
      "f1_path2_right_weight": 1.0,
      "f2_path2_x_range": [
        730,
        740
      ],
      "f2_path2_target_col": 9,
      "f2_path2_y_px": 134,
      "f2_path2_y_direct_px": 123,
      "f2_path2_direct_used": false,
      "f2_path2_direct_allowed": false,
      "f2_path2_left_weight": 0.4,
      "f2_path2_right_weight": 1.0,
      "f4_path2_x_range": [
        730,
        740
      ],
      "f4_path2_target_col": 9,
      "f4_path2_y_px": 223,
      "f4_path2_y_direct_px": 223,
      "f4_path2_direct_used": false,
      "f4_path2_direct_allowed": false,
      "f4_path2_left_weight": 0.4,
      "f4_path2_right_weight": 1.0,
      "f1_local_snap_x": 740,
      "f1_local_snap_y_px": 42,
      "f1_local_snap_search_px": 8,
      "f1_local_snap_search_up_px": 4,
      "f1_local_snap_search_down_px": 12,
      "f1_local_snap_prefer_lower_weight": 0.02,
      "f3_local_snap_x": 740,
      "f3_local_snap_y_px": 204,
      "f3_local_snap_search_px": 6,
      "f3_local_snap_search_up_px": 6,
      "f3_local_snap_search_down_px": 6,
      "f3_local_snap_prefer_lower_weight": 0.0,
      "f4_local_snap_x": 740,
      "f4_local_snap_y_px": 224,
      "f4_local_snap_search_px": 8,
      "f4_local_snap_search_up_px": 6,
      "f4_local_snap_search_down_px": 14,
      "f4_local_snap_prefer_lower_weight": 0.05,
      "f2_local_snap_x": 740,
      "f2_local_snap_y_px": 124,
      "f2_local_snap_search_px": 8,
      "f2_local_snap_search_up_px": 14,
      "f2_local_snap_search_down_px": 2,
      "f2_local_snap_prefer_lower_weight": 0.0,
      "f2_consensus_x_range": [
        734,
        740
      ],
      "f2_consensus_y_px": 124,
      "f2_consensus_anchor_y_px": 124,
      "f2_consensus_seed_y_px": 128,
      "f2_consensus_support_cols": 5,
      "f2_consensus_support_ratio": 0.7917428508739852,
      "f2_consensus_jump_px": 0,
      "f2_consensus_tol_px": 5,
      "f2_consensus_reason": "accepted",
      "f2_consensus_applied": true,
      "f3_consensus_x_range": [
        734,
        740
      ],
      "f3_consensus_y_px": 198,
      "f3_consensus_anchor_y_px": 204,
      "f3_consensus_seed_y_px": 200,
      "f3_consensus_support_cols": 7,
      "f3_consensus_support_ratio": 1.0,
      "f3_consensus_jump_px": 6,
      "f3_consensus_tol_px": 5,
      "f3_consensus_reason": "accepted",
      "f3_consensus_applied": true,
      "f4_consensus_x_range": [
        734,
        740
      ],
      "f4_consensus_y_px": 227,
      "f4_consensus_anchor_y_px": 224,
      "f4_consensus_seed_y_px": 229,
      "f4_consensus_support_cols": 4,
      "f4_consensus_support_ratio": 0.612690744351639,
      "f4_consensus_jump_px": 3,
      "f4_consensus_tol_px": 6,
      "f4_consensus_reason": "accepted",
      "f4_consensus_applied": true,
      "scale_ranges": {
        "F1": [
          7.2,
          8.4
        ],
        "F2": [
          13.1,
          14.5
        ],
        "F3": [
          18.6,
          20.2
        ],
        "F4": [
          24.1,
          26.5
        ]
      }
    },
    "A": {
      "x_day0": 59,
      "x_day1": 372,
      "x_day2": 684,
      "day_w": 312.5,
      "x_day0_time": 59,
      "x_day1_time": 351,
      "x_day2_time": 644,
      "day_w_time": 292.3333333333333,
      "x_plot_end": 936,
      "x1_static": 936,