{
  "saved_at_utc": "2026-05-05T00:55:10.951549+00:00",
  "source": "tomsk_sos70_param_charts",
  "freq_max_hz": 40.0,
  "values": {
    "scale_ranges": {
      "F": {
        "F1": [
          7.2,
          8.4
        ],
        "F2": [
          13.1,
          14.5
        ],
        "F3": [
          18.6,
          20.2
        ],
        "F4": [
          24.1,
          26.5
        ]
      },
      "A": {
        "A1": [
          1.0,
          45.0
        ],
        "A2": [
          1.0,
          61.5
        ],
        "A3": [
          2.2,
          12.2
        ],
        "A4": [
          1.1,
          10.2
        ]
      },
      "Q": {
        "Q1": [
          4.0,
          38.0
        ],
        "Q2": [
          5.0,
          17.5
        ],
        "Q3": [
          7.0,
          23.0
        ],
        "Q4": [
          5.0,
          30.0
        ]
      }
    },
    "scale_units": {
      "F_hz": "Hz",
      "A_value": "idx",
      "Q_value": "idx"
    },
    "F_norm": {
      "F1": 0.03832752613240418,
      "F2": 0.30313588850174217,
      "F3": 0.5226480836236934,
      "F4": 0.6933797909407665
    },
    "F_y_px": {
      "F1": 46,
      "F2": 122,
      "F3": 185,
      "F4": 234
    },
    "F_lane_norm": {
      "F1": 0.08771929824561403,
      "F2": 0.34615384615384615,
      "F3": 0.5869565217391305,
      "F4": 0.5869565217391305
    },
    "F_hz": {
      "F1": 8.294736842105264,
      "F2": 14.015384615384615,
      "F3": 19.26086956521739,
      "F4": 25.09130434782609
    },
    "A_norm": {
      "A1": 0.11498257839721254,
      "A2": 0.519163763066202,
      "A3": 0.7212543554006968,
      "A4": 0.8815331010452961
    },
    "A_y_px": {
      "A1": 68,
      "A2": 184,
      "A3": 242,
      "A4": 288
    },
    "A_lane_norm": {
      "A1": 0.2891566265060241,
      "A2": 0.9387755102040817,
      "A3": 0.8865979381443299,
      "A4": 0.6373626373626373
    },
    "A_value": {
      "A1": 32.27710843373494,
      "A2": 4.7040816326530575,
      "A3": 3.3340206185567,
      "A4": 4.4
    },
    "Q_norm": {
      "Q1": 0.2961672473867596,
      "Q2": 0.5052264808362369,
      "Q3": 0.6724738675958188,
      "Q4": 0.9616724738675958
    },
    "Q_y_px": {
      "Q1": 120,
      "Q2": 180,
      "Q3": 228,
      "Q4": 311
    },
    "Q_lane_norm": {
      "Q1": 0.797752808988764,
      "Q2": 0.7835051546391752,
      "Q3": 0.6990291262135923,
      "Q4": 0.8823529411764706
    },
    "Q_value": {
      "Q1": 10.876404494382022,
      "Q2": 7.7061855670103085,
      "Q3": 11.815533980582524,
      "Q4": 7.9411764705882355
    }
  },
  "debug": {
    "F": {
      "x_day0": 59,
      "x_day1": 357,
      "x_day2": 655,
      "day_w": 298.0,
      "x_day0_time": 59,
      "x_day1_time": 351,
      "x_day2_time": 643,
      "day_w_time": 292.0,
      "x_plot_end": 935,
      "x1_static": 936,
      "x1_dyn": 935,
      "x1_dyn_used": true,
      "pph": 12.166666666666666,
      "pph_source": "day_width (tick-mismatch-fallback)",
      "pph_tick": 19.0,
      "tick_pph_rel_err": 0.5616438356164384,
      "tick_pph_valid": false,
      "tick_count": 50,
      "tick_quality": 0.6944444444444444,
      "tick_used": false,
      "x_frontier": 725,
      "frontier_method": "activity_scan",
      "frontier_activity_thr": 0.47917293310165404,
      "frontier_activity_right_tail": 0.18345710635185242,
      "frontier_activity_run_px": 8,
      "guard_px": 4,
      "left_guard": 645,
      "right_guard": 721,
      "x_time": 739,
      "x_ideal": 739,
      "x_now": 720,
      "x_now_method": "harmonized_pair_cluster",
      "hour_now_tsst": 7.919444444444445,
      "rollover_hour_min": 3.0,
      "rollover_hour_max": 8.5,
      "delta_min_to_guard": -88.76712328767124,
      "delta_min_to_frontier": -69.04109589041097,
      "frontier_day_fill": 0.2808219178082192,
      "rollover_candidate": false,
      "bias_minutes_applied": 0.0,
      "measured_bias_minutes": null,
      "age_hours": null,
      "status": "ok",
      "x_now_before_harmonize": 721,
      "x_pick": 719,
      "x_pick_edge": 720,
      "x_pick_safe_right": 923,
      "x_overlay": 720,
      "f1_path_x_range": [
        706,
        720
      ],
      "f1_path_target_col": 13,
      "f1_path_y_px": 48,
      "f4_path_x_range": [
        706,
        720
      ],
      "f4_path_target_col": 13,
      "f4_path_y_px": 234,
      "f1_path2_x_range": [
        710,
        720
      ],
      "f1_path2_target_col": 9,
      "f1_path2_y_px": 48,
      "f1_path2_y_direct_px": 85,
      "f1_path2_direct_used": false,
      "f1_path2_direct_allowed": false,
      "f1_path2_left_weight": 0.35,
      "f1_path2_right_weight": 1.0,
      "f2_path2_x_range": [
        710,
        720
      ],
      "f2_path2_target_col": 9,
      "f2_path2_y_px": 126,
      "f2_path2_y_direct_px": 121,
      "f2_path2_direct_used": false,
      "f2_path2_direct_allowed": false,
      "f2_path2_left_weight": 0.4,
      "f2_path2_right_weight": 1.0,
      "f4_path2_x_range": [
        710,
        720
      ],
      "f4_path2_target_col": 9,
      "f4_path2_y_px": 234,
      "f4_path2_y_direct_px": 235,
      "f4_path2_direct_used": false,
      "f4_path2_direct_allowed": false,
      "f4_path2_left_weight": 0.4,
      "f4_path2_right_weight": 1.0,
      "f1_local_snap_x": 720,
      "f1_local_snap_y_px": 46,
      "f1_local_snap_search_px": 8,
      "f1_local_snap_search_up_px": 4,
      "f1_local_snap_search_down_px": 12,
      "f1_local_snap_prefer_lower_weight": 0.02,
      "f3_local_snap_x": 720,
      "f3_local_snap_y_px": 186,
      "f3_local_snap_search_px": 6,
      "f3_local_snap_search_up_px": 6,
      "f3_local_snap_search_down_px": 6,
      "f3_local_snap_prefer_lower_weight": 0.0,
      "f4_local_snap_x": 720,
      "f4_local_snap_y_px": 234,
      "f4_local_snap_search_px": 8,
      "f4_local_snap_search_up_px": 6,
      "f4_local_snap_search_down_px": 14,
      "f4_local_snap_prefer_lower_weight": 0.05,
      "f2_local_snap_x": 720,
      "f2_local_snap_y_px": 122,
      "f2_local_snap_search_px": 8,
      "f2_local_snap_search_up_px": 14,
      "f2_local_snap_search_down_px": 2,
      "f2_local_snap_prefer_lower_weight": 0.0,
      "f2_consensus_x_range": [
        714,
        720
      ],
      "f2_consensus_y_px": 122,
      "f2_consensus_anchor_y_px": 122,
      "f2_consensus_seed_y_px": 126,
      "f2_consensus_support_cols": 7,
      "f2_consensus_support_ratio": 1.0,
      "f2_consensus_jump_px": 0,
      "f2_consensus_tol_px": 5,
      "f2_consensus_reason": "accepted",
      "f2_consensus_applied": true,
      "f3_consensus_x_range": [
        714,
        720
      ],
      "f3_consensus_y_px": 185,
      "f3_consensus_anchor_y_px": 186,
      "f3_consensus_seed_y_px": 183,
      "f3_consensus_support_cols": 5,
      "f3_consensus_support_ratio": 0.7982403519296141,
      "f3_consensus_jump_px": 1,
      "f3_consensus_tol_px": 5,
      "f3_consensus_reason": "accepted",
      "f3_consensus_applied": true,
      "f4_consensus_x_range": [
        714,
        720
      ],
      "f4_consensus_y_px": 234,
      "f4_consensus_anchor_y_px": 234,
      "f4_consensus_seed_y_px": 235,
      "f4_consensus_support_cols": 6,
      "f4_consensus_support_ratio": 0.8926633617902558,
      "f4_consensus_jump_px": 0,
      "f4_consensus_tol_px": 6,
      "f4_consensus_reason": "accepted",
      "f4_consensus_applied": true,
      "scale_ranges": {
        "F1": [
          7.2,
          8.4
        ],
        "F2": [
          13.1,
          14.5
        ],
        "F3": [
          18.6,
          20.2
        ],
        "F4": [
          24.1,
          26.5
        ]
      }
    },
    "A": {
      "x_day0": 59,
      "x_day1": 372,
      "x_day2": 685,
      "day_w": 313.0,
      "x_day0_time": 59,
      "x_day1_time": 351,
      "x_day2_time": 644,
      "day_w_time": 292.3333333333333,
      "x_plot_end": 936,
      "x1_static": 936,
      "x1_dyn": 977,