{
  "saved_at_utc": "2026-03-20T20:31:00.826184+00:00",
  "source": "tomsk_sos70_param_charts",
  "freq_max_hz": 40.0,
  "values": {
    "scale_ranges": {
      "F": {
        "F1": [
          7.2,
          8.4
        ],
        "F2": [
          13.1,
          14.5
        ],
        "F3": [
          18.6,
          20.2
        ],
        "F4": [
          24.1,
          26.5
        ]
      },
      "A": {
        "A1": [
          1.0,
          45.0
        ],
        "A2": [
          1.0,
          61.5
        ],
        "A3": [
          2.2,
          12.2
        ],
        "A4": [
          1.1,
          10.2
        ]
      },
      "Q": {
        "Q1": [
          4.0,
          38.0
        ],
        "Q2": [
          5.0,
          17.5
        ],
        "Q3": [
          7.0,
          23.0
        ],
        "Q4": [
          5.0,
          30.0
        ]
      }
    },
    "scale_units": {
      "F_hz": "Hz",
      "A_value": "idx",
      "Q_value": "idx"
    },
    "F_norm": {
      "F1": 0.024390243902439025,
      "F2": 0.3519163763066202,
      "F3": 0.5644599303135889,
      "F4": 0.7874564459930313
    },
    "F_y_px": {
      "F1": 42,
      "F2": 136,
      "F3": 197,
      "F4": 261
    },
    "F_lane_norm": {
      "F1": 0.017543859649122806,
      "F2": 0.6153846153846154,
      "F3": 0.8478260869565217,
      "F4": 1.0
    },
    "F_hz": {
      "F1": 8.378947368421054,
      "F2": 13.638461538461538,
      "F3": 18.843478260869567,
      "F4": 24.1
    },
    "A_norm": {
      "A1": 0.2787456445993031,
      "A2": 0.39372822299651566,
      "A3": 0.6132404181184669,
      "A4": 0.8710801393728222
    },
    "A_y_px": {
      "A1": 115,
      "A2": 148,
      "A3": 211,
      "A4": 285
    },
    "A_lane_norm": {
      "A1": 0.8554216867469879,
      "A2": 0.5714285714285714,
      "A3": 0.5670103092783505,
      "A4": 0.6043956043956044
    },
    "A_value": {
      "A1": 7.361445783132531,
      "A2": 26.92857142857143,
      "A3": 6.529896907216495,
      "A4": 4.7
    },
    "Q_norm": {
      "Q1": 0.3240418118466899,
      "Q2": 0.39372822299651566,
      "Q3": 0.662020905923345,
      "Q4": 0.8954703832752613
    },
    "Q_y_px": {
      "Q1": 128,
      "Q2": 148,
      "Q3": 225,
      "Q4": 292
    },
    "Q_lane_norm": {
      "Q1": 0.8876404494382022,
      "Q2": 0.4536082474226804,
      "Q3": 0.6699029126213593,
      "Q4": 0.6588235294117647
    },
    "Q_value": {
      "Q1": 7.820224719101127,
      "Q2": 11.829896907216494,
      "Q3": 12.281553398058252,
      "Q4": 13.529411764705884
    }
  },
  "debug": {
    "F": {
      "x_day0": 59,
      "x_day1": 392,
      "x_day2": 726,
      "day_w": 333.5,
      "x_day0_time": 59,
      "x_day1_time": 351,
      "x_day2_time": 643,
      "day_w_time": 292.0,
      "x_plot_end": 935,
      "x1_static": 936,
      "x1_dyn": 935,
      "x1_dyn_used": true,
      "pph": 12.166666666666666,
      "pph_source": "day_width (tick-mismatch-fallback)",
      "pph_tick": 19.0,
      "tick_pph_rel_err": 0.5616438356164384,
      "tick_pph_valid": false,
      "tick_count": 50,
      "tick_quality": 0.6944444444444444,
      "tick_used": false,
      "x_frontier": 687,
      "frontier_method": "activity_scan",
      "frontier_activity_thr": 0.49701343178749086,
      "frontier_activity_right_tail": 0.19580964744091034,
      "frontier_activity_run_px": 8,
      "guard_px": 4,
      "left_guard": 645,
      "right_guard": 683,
      "x_time": 686,
      "x_ideal": 686,
      "x_now": 686,
      "x_now_method": "harmonized_pair_cluster",
      "hour_now_tsst": 3.5166666666666666,
      "rollover_hour_min": 3.0,
      "rollover_hour_max": 8.5,
      "delta_min_to_guard": -14.794520547945206,
      "delta_min_to_frontier": 4.931506849315069,
      "frontier_day_fill": 0.1506849315068493,
      "rollover_candidate": false,
      "bias_minutes_applied": 0.0,
      "measured_bias_minutes": null,
      "age_hours": null,
      "status": "ok",
      "x_now_before_harmonize": 686,
      "x_pick": 685,
      "x_pick_edge": 686,
      "x_pick_safe_right": 923,
      "x_overlay": 686,
      "f1_path_x_range": [
        672,
        686
      ],
      "f1_path_target_col": 13,
      "f1_path_y_px": 45,
      "f4_path_x_range": [
        672,
        686
      ],
      "f4_path_target_col": 13,
      "f4_path_y_px": 251,
      "f1_path2_x_range": [
        676,
        686
      ],
      "f1_path2_target_col": 9,
      "f1_path2_y_px": 45,
      "f1_path2_y_direct_px": 45,
      "f1_path2_direct_used": false,
      "f1_path2_direct_allowed": false,
      "f1_path2_left_weight": 0.35,
      "f1_path2_right_weight": 1.0,
      "f2_path2_x_range": [
        676,
        686
      ],
      "f2_path2_target_col": 9,
      "f2_path2_y_px": 136,
      "f2_path2_y_direct_px": 142,
      "f2_path2_direct_used": false,
      "f2_path2_direct_allowed": false,
      "f2_path2_left_weight": 0.4,
      "f2_path2_right_weight": 1.0,
      "f4_path2_x_range": [
        676,
        686
      ],
      "f4_path2_target_col": 9,
      "f4_path2_y_px": 260,
      "f4_path2_y_direct_px": 262,
      "f4_path2_direct_used": false,
      "f4_path2_direct_allowed": false,
      "f4_path2_left_weight": 0.4,
      "f4_path2_right_weight": 1.0,
      "f1_local_snap_x": 686,
      "f1_local_snap_y_px": 42,
      "f1_local_snap_search_px": 8,
      "f1_local_snap_search_up_px": 4,
      "f1_local_snap_search_down_px": 12,
      "f1_local_snap_prefer_lower_weight": 0.02,
      "f3_local_snap_x": 686,
      "f3_local_snap_y_px": 197,
      "f3_local_snap_search_px": 6,
      "f3_local_snap_search_up_px": 6,
      "f3_local_snap_search_down_px": 6,
      "f3_local_snap_prefer_lower_weight": 0.0,
      "f4_local_snap_x": 686,
      "f4_local_snap_y_px": 264,
      "f4_local_snap_search_px": 8,
      "f4_local_snap_search_up_px": 6,
      "f4_local_snap_search_down_px": 14,
      "f4_local_snap_prefer_lower_weight": 0.05,
      "f2_local_snap_x": 686,
      "f2_local_snap_y_px": 129,
      "f2_local_snap_search_px": 8,
      "f2_local_snap_search_up_px": 14,
      "f2_local_snap_search_down_px": 2,
      "f2_local_snap_prefer_lower_weight": 0.0,
      "f2_consensus_x_range": [
        680,
        686
      ],
      "f2_consensus_y_px": 136,
      "f2_consensus_anchor_y_px": 129,
      "f2_consensus_seed_y_px": 136,
      "f2_consensus_support_cols": 6,
      "f2_consensus_support_ratio": 0.8098286020353508,
      "f2_consensus_jump_px": 7,
      "f2_consensus_tol_px": 5,
      "f2_consensus_reason": "accepted",
      "f2_consensus_applied": true,
      "f3_consensus_applied": false,
      "f3_consensus_x_range": [
        680,
        686
      ],
      "f3_consensus_y_px": 194,
      "f3_consensus_anchor_y_px": 197,
      "f3_consensus_seed_y_px": 194,
      "f3_consensus_support_cols": 3,
      "f3_consensus_support_ratio": 0.5154425207011507,
      "f3_consensus_jump_px": 3,
      "f3_consensus_tol_px": 5,
      "f3_consensus_reason": "low_support",
      "f4_consensus_x_range": [
        680,
        686
      ],
      "f4_consensus_y_px": 261,
      "f4_consensus_anchor_y_px": 264,
      "f4_consensus_seed_y_px": 260,
      "f4_consensus_support_cols": 7,
      "f4_consensus_support_ratio": 1.0,
      "f4_consensus_jump_px": 3,
      "f4_consensus_tol_px": 6,
      "f4_consensus_reason": "accepted",
      "f4_consensus_applied": true,
      "scale_ranges": {
        "F1": [
          7.2,
          8.4
        ],
        "F2": [
          13.1,
          14.5
        ],
        "F3": [
          18.6,
          20.2
        ],
        "F4": [
          24.1,
          26.5
        ]
      }
    },
    "A": {
      "x_day0": 59,
      "x_day1": 392,
      "x_day2": 726,
      "day_w": 333.5,
      "x_day0_time": 59,
      "x_day1_time": 351,
      "x_day2_time": 643,
      "day_w_time": 292.0,
      "x_plot_end": 935,
      "x1_static": 936,
      "x1_dyn": 935,
      "x1_dyn_used": true,