{
  "saved_at_utc": "2026-06-22T23:36:14.554291+00:00",
  "source": "tomsk_sos70_param_charts",
  "freq_max_hz": 40.0,
  "values": {
    "scale_ranges": {
      "F": {
        "F1": [
          7.2,
          8.4
        ],
        "F2": [
          13.1,
          14.5
        ],
        "F3": [
          18.6,
          20.2
        ],
        "F4": [
          24.1,
          26.5
        ]
      },
      "A": {
        "A1": [
          1.0,
          45.0
        ],
        "A2": [
          1.0,
          61.5
        ],
        "A3": [
          2.2,
          12.2
        ],
        "A4": [
          1.1,
          10.2
        ]
      },
      "Q": {
        "Q1": [
          4.0,
          38.0
        ],
        "Q2": [
          5.0,
          17.5
        ],
        "Q3": [
          7.0,
          23.0
        ],
        "Q4": [
          5.0,
          30.0
        ]
      }
    },
    "scale_units": {
      "F_hz": "Hz",
      "A_value": "idx",
      "Q_value": "idx"
    },
    "F_norm": {
      "F1": 0.156794425087108,
      "F2": 0.2613240418118467,
      "F3": 0.5818815331010453,
      "F4": 0.7526132404181185
    },
    "F_y_px": {
      "F1": 80,
      "F2": 110,
      "F3": 202,
      "F4": 251
    },
    "F_lane_norm": {
      "F1": 0.6842105263157895,
      "F2": 0.11538461538461539,
      "F3": 0.9565217391304348,
      "F4": 0.9565217391304348
    },
    "F_hz": {
      "F1": 7.578947368421053,
      "F2": 14.338461538461539,
      "F3": 18.669565217391305,
      "F4": 24.20434782608696
    },
    "A_norm": {
      "A1": 0.11498257839721254,
      "A2": 0.37282229965156793,
      "A3": 0.5993031358885017,
      "A4": 0.8815331010452961
    },
    "A_y_px": {
      "A1": 68,
      "A2": 142,
      "A3": 207,
      "A4": 288
    },
    "A_lane_norm": {
      "A1": 0.2891566265060241,
      "A2": 0.5102040816326531,
      "A3": 0.5257731958762887,
      "A4": 0.6373626373626373
    },
    "A_value": {
      "A1": 32.27710843373494,
      "A2": 30.632653061224488,
      "A3": 6.942268041237113,
      "A4": 4.4
    },
    "Q_norm": {
      "Q1": 0.30313588850174217,
      "Q2": 0.4843205574912892,
      "Q3": 0.6794425087108014,
      "Q4": 0.8641114982578397
    },
    "Q_y_px": {
      "Q1": 122,
      "Q2": 174,
      "Q3": 230,
      "Q4": 283
    },
    "Q_lane_norm": {
      "Q1": 0.8202247191011236,
      "Q2": 0.7216494845360825,
      "Q3": 0.7184466019417476,
      "Q4": 0.5529411764705883
    },
    "Q_value": {
      "Q1": 10.112359550561798,
      "Q2": 8.47938144329897,
      "Q3": 11.504854368932039,
      "Q4": 16.176470588235293
    }
  },
  "debug": {
    "F": {
      "x_day0": 59,
      "x_day1": 392,
      "x_day2": 726,
      "day_w": 333.5,
      "x_day0_time": 59,
      "x_day1_time": 351,
      "x_day2_time": 643,
      "day_w_time": 292.0,
      "x_plot_end": 935,
      "x1_static": 936,
      "x1_dyn": 935,
      "x1_dyn_used": true,
      "pph": 12.166666666666666,
      "pph_source": "day_width (tick-mismatch-fallback)",
      "pph_tick": 19.0,
      "tick_pph_rel_err": 0.5616438356164384,
      "tick_pph_valid": false,
      "tick_count": 50,
      "tick_quality": 0.6944444444444444,
      "tick_used": false,
      "x_frontier": 725,
      "frontier_method": "activity_scan",
      "frontier_activity_thr": 0.5326308965682983,
      "frontier_activity_right_tail": 0.18387046456336975,
      "frontier_activity_run_px": 8,
      "guard_px": 4,
      "left_guard": 645,
      "right_guard": 721,
      "x_time": 723,
      "x_ideal": 723,
      "x_now": 723,
      "x_now_method": "harmonized_pair_cluster",
      "hour_now_tsst": 6.603888888888888,
      "rollover_hour_min": 3.0,
      "rollover_hour_max": 8.5,
      "delta_min_to_guard": -9.863013698630137,
      "delta_min_to_frontier": 9.863013698630137,
      "frontier_day_fill": 0.2808219178082192,
      "rollover_candidate": false,
      "bias_minutes_applied": 0.0,
      "measured_bias_minutes": null,
      "age_hours": null,
      "status": "ok",
      "x_now_before_harmonize": 723,
      "x_pick": 722,
      "x_pick_edge": 723,
      "x_pick_safe_right": 923,
      "x_overlay": 723,
      "f1_path_x_range": [
        709,
        723
      ],
      "f1_path_target_col": 13,
      "f1_path_y_px": 68,
      "f4_path_x_range": [
        709,
        723
      ],
      "f4_path_target_col": 13,
      "f4_path_y_px": 251,
      "f1_path2_x_range": [
        713,
        723
      ],
      "f1_path2_target_col": 9,
      "f1_path2_y_px": 68,
      "f1_path2_y_direct_px": 44,
      "f1_path2_direct_used": false,
      "f1_path2_direct_allowed": false,
      "f1_path2_left_weight": 0.35,
      "f1_path2_right_weight": 1.0,
      "f2_path2_x_range": [
        713,
        723
      ],
      "f2_path2_target_col": 9,
      "f2_path2_y_px": 113,
      "f2_path2_y_direct_px": 150,
      "f2_path2_direct_used": false,
      "f2_path2_direct_allowed": false,
      "f2_path2_left_weight": 0.4,
      "f2_path2_right_weight": 1.0,
      "f4_path2_x_range": [
        713,
        723
      ],
      "f4_path2_target_col": 9,
      "f4_path2_y_px": 251,
      "f4_path2_y_direct_px": 231,
      "f4_path2_direct_used": false,
      "f4_path2_direct_allowed": false,
      "f4_path2_left_weight": 0.4,
      "f4_path2_right_weight": 1.0,
      "f1_local_snap_x": 723,
      "f1_local_snap_y_px": 80,
      "f1_local_snap_search_px": 8,
      "f1_local_snap_search_up_px": 4,
      "f1_local_snap_search_down_px": 12,
      "f1_local_snap_prefer_lower_weight": 0.02,
      "f3_local_snap_x": 723,
      "f3_local_snap_y_px": 202,
      "f3_local_snap_search_px": 6,
      "f3_local_snap_search_up_px": 6,
      "f3_local_snap_search_down_px": 6,
      "f3_local_snap_prefer_lower_weight": 0.0,
      "f4_local_snap_x": 723,
      "f4_local_snap_y_px": 251,
      "f4_local_snap_search_px": 8,
      "f4_local_snap_search_up_px": 6,
      "f4_local_snap_search_down_px": 14,
      "f4_local_snap_prefer_lower_weight": 0.05,
      "f2_local_snap_x": 723,
      "f2_local_snap_y_px": 110,
      "f2_local_snap_search_px": 8,
      "f2_local_snap_search_up_px": 14,
      "f2_local_snap_search_down_px": 2,
      "f2_local_snap_prefer_lower_weight": 0.0,
      "f2_consensus_x_range": [
        717,
        723
      ],
      "f2_consensus_y_px": 110,
      "f2_consensus_anchor_y_px": 110,
      "f2_consensus_seed_y_px": 115,
      "f2_consensus_support_cols": 7,
      "f2_consensus_support_ratio": 1.0,
      "f2_consensus_jump_px": 0,
      "f2_consensus_tol_px": 5,
      "f2_consensus_reason": "accepted",
      "f2_consensus_applied": true,
      "f3_consensus_x_range": [
        717,
        723
      ],
      "f3_consensus_y_px": 202,
      "f3_consensus_anchor_y_px": 202,
      "f3_consensus_seed_y_px": 200,
      "f3_consensus_support_cols": 7,
      "f3_consensus_support_ratio": 1.0,
      "f3_consensus_jump_px": 0,
      "f3_consensus_tol_px": 5,
      "f3_consensus_reason": "accepted",
      "f3_consensus_applied": true,
      "f4_consensus_applied": false,
      "f4_consensus_x_range": [
        717,
        723
      ],
      "f4_consensus_y_px": 265,
      "f4_consensus_anchor_y_px": 251,
      "f4_consensus_seed_y_px": 263,
      "f4_consensus_support_cols": 4,
      "f4_consensus_support_ratio": 0.4748013755484406,
      "f4_consensus_jump_px": 14,
      "f4_consensus_tol_px": 6,
      "f4_consensus_reason": "low_support",
      "scale_ranges": {
        "F1": [
          7.2,
          8.4
        ],
        "F2": [
          13.1,
          14.5
        ],
        "F3": [
          18.6,
          20.2
        ],
        "F4": [
          24.1,
          26.5
        ]
      }
    },
    "A": {
      "x_day0": 59,
      "x_day1": 392,
      "x_day2": 726,
      "day_w": 333.5,
      "x_day0_time": 59,
      "x_day1_time": 351,
      "x_day2_time": 643,
      "day_w_time": 292.0,
      "x_plot_end": 935,
      "x1_static": 936,
      "x1_dyn": 935,
      "x1_dyn_used": true,