{
  "saved_at_utc": "2026-03-28T09:18:02.012180+00:00",
  "source": "tomsk_sos70_param_charts",
  "freq_max_hz": 40.0,
  "values": {
    "scale_ranges": {
      "F": {
        "F1": [
          7.2,
          8.4
        ],
        "F2": [
          13.1,
          14.5
        ],
        "F3": [
          18.6,
          20.2
        ],
        "F4": [
          24.1,
          26.5
        ]
      },
      "A": {
        "A1": [
          1.0,
          45.0
        ],
        "A2": [
          1.0,
          61.5
        ],
        "A3": [
          2.2,
          12.2
        ],
        "A4": [
          1.1,
          10.2
        ]
      },
      "Q": {
        "Q1": [
          4.0,
          38.0
        ],
        "Q2": [
          5.0,
          17.5
        ],
        "Q3": [
          7.0,
          23.0
        ],
        "Q4": [
          5.0,
          30.0
        ]
      }
    },
    "scale_units": {
      "F_hz": "Hz",
      "A_value": "idx",
      "Q_value": "idx"
    },
    "F_norm": {
      "F1": 0.11149825783972125,
      "F2": 0.34494773519163763,
      "F3": 0.4912891986062718,
      "F4": 0.686411149825784
    },
    "F_y_px": {
      "F1": 67,
      "F2": 134,
      "F3": 176,
      "F4": 232
    },
    "F_lane_norm": {
      "F1": 0.45614035087719296,
      "F2": 0.5769230769230769,
      "F3": 0.391304347826087,
      "F4": 0.5434782608695652
    },
    "F_hz": {
      "F1": 7.852631578947369,
      "F2": 13.692307692307692,
      "F3": 19.57391304347826,
      "F4": 25.195652173913043
    },
    "A_norm": {
      "A1": 0.2613240418118467,
      "A2": 0.47735191637630664,
      "A3": 0.6689895470383276,
      "A4": 0.9059233449477352
    },
    "A_y_px": {
      "A1": 110,
      "A2": 172,
      "A3": 227,
      "A4": 295
    },
    "A_lane_norm": {
      "A1": 0.7951807228915663,
      "A2": 0.8163265306122449,
      "A3": 0.7319587628865979,
      "A4": 0.7142857142857143
    },
    "A_value": {
      "A1": 10.012048192771083,
      "A2": 12.11224489795918,
      "A3": 4.88041237113402,
      "A4": 3.6999999999999993
    },
    "Q_norm": {
      "Q1": 0.11498257839721254,
      "Q2": 0.4878048780487805,
      "Q3": 0.7073170731707317,
      "Q4": 0.8885017421602788
    },
    "Q_y_px": {
      "Q1": 68,
      "Q2": 175,
      "Q3": 238,
      "Q4": 290
    },
    "Q_lane_norm": {
      "Q1": 0.21348314606741572,
      "Q2": 0.7319587628865979,
      "Q3": 0.7961165048543689,
      "Q4": 0.6352941176470588
    },
    "Q_value": {
      "Q1": 30.741573033707866,
      "Q2": 8.350515463917526,
      "Q3": 10.262135922330097,
      "Q4": 14.11764705882353
    }
  },
  "debug": {
    "F": {
      "x_day0": 59,
      "x_day1": 372,
      "x_day2": 685,
      "day_w": 313.0,
      "x_day0_time": 59,
      "x_day1_time": 351,
      "x_day2_time": 643,
      "day_w_time": 292.0,
      "x_plot_end": 935,
      "x1_static": 936,
      "x1_dyn": 935,
      "x1_dyn_used": true,
      "pph": 12.166666666666666,
      "pph_source": "day_width (tick-mismatch-fallback)",
      "pph_tick": 19.0,
      "tick_pph_rel_err": 0.5616438356164384,
      "tick_pph_valid": false,
      "tick_count": 50,
      "tick_quality": 0.6944444444444444,
      "tick_used": false,
      "x_frontier": 844,
      "frontier_method": "activity_scan",
      "frontier_activity_thr": 0.41888602674007414,
      "frontier_activity_right_tail": 0.0816010981798172,
      "frontier_activity_run_px": 8,
      "guard_px": 4,
      "left_guard": 645,
      "right_guard": 840,
      "x_time": 841,
      "x_ideal": 841,
      "x_now": 841,
      "x_now_method": "ideal",
      "hour_now_tsst": 16.30027777777778,
      "rollover_hour_min": 3.0,
      "rollover_hour_max": 8.5,
      "delta_min_to_guard": -4.931506849315069,
      "delta_min_to_frontier": 14.794520547945206,
      "frontier_day_fill": 0.6883561643835616,
      "rollover_candidate": false,
      "bias_minutes_applied": 0.0,
      "measured_bias_minutes": null,
      "age_hours": null,
      "status": "ok",
      "x_pick": 840,
      "x_pick_edge": 841,
      "x_pick_safe_right": 923,
      "x_overlay": 841,
      "f1_path_x_range": [
        827,
        841
      ],
      "f1_path_target_col": 13,
      "f1_path_y_px": 49,
      "f4_path_x_range": [
        827,
        841
      ],
      "f4_path_target_col": 13,
      "f4_path_y_px": 230,
      "f1_path2_x_range": [
        831,
        841
      ],
      "f1_path2_target_col": 9,
      "f1_path2_y_px": 55,
      "f1_path2_y_direct_px": 65,
      "f1_path2_direct_used": false,
      "f1_path2_direct_allowed": false,
      "f1_path2_left_weight": 0.35,
      "f1_path2_right_weight": 1.0,
      "f2_path2_x_range": [
        831,
        841
      ],
      "f2_path2_target_col": 9,
      "f2_path2_y_px": 127,
      "f2_path2_y_direct_px": 120,
      "f2_path2_direct_used": false,
      "f2_path2_direct_allowed": false,
      "f2_path2_left_weight": 0.4,
      "f2_path2_right_weight": 1.0,
      "f4_path2_x_range": [
        831,
        841
      ],
      "f4_path2_target_col": 9,
      "f4_path2_y_px": 230,
      "f4_path2_y_direct_px": 231,
      "f4_path2_direct_used": false,
      "f4_path2_direct_allowed": false,
      "f4_path2_left_weight": 0.4,
      "f4_path2_right_weight": 1.0,
      "f1_local_snap_x": 841,
      "f1_local_snap_y_px": 67,
      "f1_local_snap_search_px": 8,
      "f1_local_snap_search_up_px": 4,
      "f1_local_snap_search_down_px": 12,
      "f1_local_snap_prefer_lower_weight": 0.02,
      "f3_local_snap_x": 841,
      "f3_local_snap_y_px": 177,
      "f3_local_snap_search_px": 6,
      "f3_local_snap_search_up_px": 6,
      "f3_local_snap_search_down_px": 6,
      "f3_local_snap_prefer_lower_weight": 0.0,
      "f4_local_snap_x": 841,
      "f4_local_snap_y_px": 230,
      "f4_local_snap_search_px": 8,
      "f4_local_snap_search_up_px": 6,
      "f4_local_snap_search_down_px": 14,
      "f4_local_snap_prefer_lower_weight": 0.05,
      "f2_local_snap_x": 841,
      "f2_local_snap_y_px": 129,
      "f2_local_snap_search_px": 8,
      "f2_local_snap_search_up_px": 14,
      "f2_local_snap_search_down_px": 2,
      "f2_local_snap_prefer_lower_weight": 0.0,
      "f2_consensus_x_range": [
        835,
        841
      ],
      "f2_consensus_y_px": 134,
      "f2_consensus_anchor_y_px": 129,
      "f2_consensus_seed_y_px": 134,
      "f2_consensus_support_cols": 4,
      "f2_consensus_support_ratio": 0.5817134760018893,
      "f2_consensus_jump_px": 5,
      "f2_consensus_tol_px": 5,
      "f2_consensus_reason": "accepted",
      "f2_consensus_applied": true,
      "f3_consensus_x_range": [
        835,
        841
      ],
      "f3_consensus_y_px": 176,
      "f3_consensus_anchor_y_px": 177,
      "f3_consensus_seed_y_px": 178,
      "f3_consensus_support_cols": 6,
      "f3_consensus_support_ratio": 0.9105504587155964,
      "f3_consensus_jump_px": 1,
      "f3_consensus_tol_px": 5,
      "f3_consensus_reason": "accepted",
      "f3_consensus_applied": true,
      "f4_consensus_x_range": [
        835,
        841
      ],
      "f4_consensus_y_px": 232,
      "f4_consensus_anchor_y_px": 230,
      "f4_consensus_seed_y_px": 232,
      "f4_consensus_support_cols": 7,
      "f4_consensus_support_ratio": 1.0,
      "f4_consensus_jump_px": 2,
      "f4_consensus_tol_px": 6,
      "f4_consensus_reason": "accepted",
      "f4_consensus_applied": true,
      "scale_ranges": {
        "F1": [
          7.2,
          8.4
        ],
        "F2": [
          13.1,
          14.5
        ],
        "F3": [
          18.6,
          20.2
        ],
        "F4": [
          24.1,
          26.5
        ]
      }
    },
    "A": {
      "x_day0": 59,
      "x_day1": 372,
      "x_day2": 685,
      "day_w": 313.0,
      "x_day0_time": 59,
      "x_day1_time": 351,
      "x_day2_time": 643,
      "day_w_time": 292.0,
      "x_plot_end": 935,
      "x1_static": 936,
      "x1_dyn": 935,
      "x1_dyn_used": true,
      "pph": 12.166666666666666,