{
  "saved_at_utc": "2026-03-18T16:15:59.531174+00:00",
  "source": "tomsk_sos70_param_charts",
  "freq_max_hz": 40.0,
  "values": {
    "scale_ranges": {
      "F": {
        "F1": [
          7.2,
          8.4
        ],
        "F2": [
          13.1,
          14.5
        ],
        "F3": [
          18.6,
          20.2
        ],
        "F4": [
          24.1,
          26.5
        ]
      },
      "A": {
        "A1": [
          1.0,
          45.0
        ],
        "A2": [
          1.0,
          61.5
        ],
        "A3": [
          2.2,
          12.2
        ],
        "A4": [
          1.1,
          10.2
        ]
      },
      "Q": {
        "Q1": [
          4.0,
          38.0
        ],
        "Q2": [
          5.0,
          17.5
        ],
        "Q3": [
          7.0,
          23.0
        ],
        "Q4": [
          5.0,
          30.0
        ]
      }
    },
    "scale_units": {
      "F_hz": "Hz",
      "A_value": "idx",
      "Q_value": "idx"
    },
    "F_norm": {
      "F1": 0.11149825783972125,
      "F2": 0.397212543554007,
      "F3": 0.5331010452961672,
      "F4": 0.7526132404181185
    },
    "F_y_px": {
      "F1": 67,
      "F2": 149,
      "F3": 188,
      "F4": 251
    },
    "F_lane_norm": {
      "F1": 0.45614035087719296,
      "F2": 0.8653846153846154,
      "F3": 0.6521739130434783,
      "F4": 0.9565217391304348
    },
    "F_hz": {
      "F1": 7.852631578947369,
      "F2": 13.288461538461538,
      "F3": 19.156521739130437,
      "F4": 24.20434782608696
    },
    "A_norm": {
      "A1": 0.2961672473867596,
      "A2": 0.46689895470383275,
      "A3": 0.7177700348432056,
      "A4": 0.9094076655052264
    },
    "A_y_px": {
      "A1": 120,
      "A2": 169,
      "A3": 241,
      "A4": 296
    },
    "A_lane_norm": {
      "A1": 0.9156626506024096,
      "A2": 0.7857142857142857,
      "A3": 0.8762886597938144,
      "A4": 0.7252747252747253
    },
    "A_value": {
      "A1": 4.710843373493979,
      "A2": 13.964285714285715,
      "A3": 3.437113402061854,
      "A4": 3.5999999999999996
    },
    "Q_norm": {
      "Q1": 0.3240418118466899,
      "Q2": 0.3797909407665505,
      "Q3": 0.6724738675958188,
      "Q4": 0.8118466898954704
    },
    "Q_y_px": {
      "Q1": 128,
      "Q2": 144,
      "Q3": 228,
      "Q4": 268
    },
    "Q_lane_norm": {
      "Q1": 0.8876404494382022,
      "Q2": 0.41237113402061853,
      "Q3": 0.6990291262135923,
      "Q4": 0.3764705882352941
    },
    "Q_value": {
      "Q1": 7.820224719101127,
      "Q2": 12.345360824742269,
      "Q3": 11.815533980582524,
      "Q4": 20.588235294117645
    }
  },
  "debug": {
    "F": {
      "x_day0": 59,
      "x_day1": 360,
      "x_day2": 661,
      "day_w": 301.0,
      "x_day0_time": 59,
      "x_day1_time": 351,
      "x_day2_time": 643,
      "day_w_time": 292.0,
      "x_plot_end": 935,
      "x1_static": 936,
      "x1_dyn": 935,
      "x1_dyn_used": true,
      "pph": 12.166666666666666,
      "pph_source": "day_width (tick-mismatch-fallback)",
      "pph_tick": 19.0,
      "tick_pph_rel_err": 0.5616438356164384,
      "tick_pph_valid": false,
      "tick_count": 50,
      "tick_quality": 0.6944444444444444,
      "tick_used": false,
      "x_frontier": 919,
      "frontier_method": "activity_scan",
      "frontier_activity_thr": 0.4018397361040115,
      "frontier_activity_right_tail": 0.16732418537139893,
      "frontier_activity_run_px": 8,
      "guard_px": 4,
      "left_guard": 645,
      "right_guard": 915,
      "x_time": 926,
      "x_ideal": 926,
      "x_now": 926,
      "x_now_method": "ideal",
      "hour_now_tsst": 23.26638888888889,
      "rollover_hour_min": 3.0,
      "rollover_hour_max": 8.5,
      "delta_min_to_guard": -54.24657534246576,
      "delta_min_to_frontier": -34.520547945205486,
      "frontier_day_fill": 0.9452054794520548,
      "rollover_candidate": false,
      "bias_minutes_applied": 0.0,
      "measured_bias_minutes": null,
      "age_hours": null,
      "status": "ok",
      "x_pick": 923,
      "x_pick_edge": 923,
      "x_pick_safe_right": 923,
      "x_overlay": 923,
      "f1_path_x_range": [
        909,
        923
      ],
      "f1_path_target_col": 13,
      "f1_path_y_px": 50,
      "f4_path_x_range": [
        909,
        923
      ],
      "f4_path_target_col": 13,
      "f4_path_y_px": 251,
      "f1_path2_x_range": [
        913,
        923
      ],
      "f1_path2_target_col": 9,
      "f1_path2_y_px": 71,
      "f1_path2_y_direct_px": 72,
      "f1_path2_direct_used": false,
      "f1_path2_direct_allowed": false,
      "f1_path2_left_weight": 0.35,
      "f1_path2_right_weight": 1.0,
      "f2_path2_x_range": [
        913,
        923
      ],
      "f2_path2_target_col": 9,
      "f2_path2_y_px": 149,
      "f2_path2_y_direct_px": 149,
      "f2_path2_direct_used": false,
      "f2_path2_direct_allowed": false,
      "f2_path2_left_weight": 0.4,
      "f2_path2_right_weight": 1.0,
      "f4_path2_x_range": [
        913,
        923
      ],
      "f4_path2_target_col": 9,
      "f4_path2_y_px": 251,
      "f4_path2_y_direct_px": 231,
      "f4_path2_direct_used": false,
      "f4_path2_direct_allowed": false,
      "f4_path2_left_weight": 0.4,
      "f4_path2_right_weight": 1.0,
      "f1_local_snap_x": 923,
      "f1_local_snap_y_px": 67,
      "f1_local_snap_search_px": 8,
      "f1_local_snap_search_up_px": 4,
      "f1_local_snap_search_down_px": 12,
      "f1_local_snap_prefer_lower_weight": 0.02,
      "f3_local_snap_x": 923,
      "f3_local_snap_y_px": 188,
      "f3_local_snap_search_px": 6,
      "f3_local_snap_search_up_px": 6,
      "f3_local_snap_search_down_px": 6,
      "f3_local_snap_prefer_lower_weight": 0.0,
      "f4_local_snap_x": 923,
      "f4_local_snap_y_px": 251,
      "f4_local_snap_search_px": 8,
      "f4_local_snap_search_up_px": 6,
      "f4_local_snap_search_down_px": 14,
      "f4_local_snap_prefer_lower_weight": 0.05,
      "f2_local_snap_x": 923,
      "f2_local_snap_y_px": 150,
      "f2_local_snap_search_px": 8,
      "f2_local_snap_search_up_px": 14,
      "f2_local_snap_search_down_px": 2,
      "f2_local_snap_prefer_lower_weight": 0.0,
      "f2_consensus_x_range": [
        917,
        923
      ],
      "f2_consensus_y_px": 149,
      "f2_consensus_anchor_y_px": 150,
      "f2_consensus_seed_y_px": 154,
      "f2_consensus_support_cols": 7,
      "f2_consensus_support_ratio": 1.0,
      "f2_consensus_jump_px": 1,
      "f2_consensus_tol_px": 5,
      "f2_consensus_reason": "accepted",
      "f2_consensus_applied": true,
      "f3_consensus_x_range": [
        917,
        923
      ],
      "f3_consensus_y_px": 188,
      "f3_consensus_anchor_y_px": 188,
      "f3_consensus_seed_y_px": 184,
      "f3_consensus_support_cols": 7,
      "f3_consensus_support_ratio": 1.0,
      "f3_consensus_jump_px": 0,
      "f3_consensus_tol_px": 5,
      "f3_consensus_reason": "accepted",
      "f3_consensus_applied": true,
      "f4_consensus_applied": false,
      "f4_consensus_x_range": [
        917,
        923
      ],
      "f4_consensus_y_px": 231,
      "f4_consensus_anchor_y_px": 251,
      "f4_consensus_seed_y_px": 231,
      "f4_consensus_support_cols": 3,
      "f4_consensus_support_ratio": 0.5325565455791639,
      "f4_consensus_jump_px": 20,
      "f4_consensus_tol_px": 6,
      "f4_consensus_reason": "low_support",
      "scale_ranges": {
        "F1": [
          7.2,
          8.4
        ],
        "F2": [
          13.1,
          14.5
        ],
        "F3": [
          18.6,
          20.2
        ],
        "F4": [
          24.1,
          26.5
        ]
      }
    },
    "A": {
      "x_day0": 59,
      "x_day1": 372,
      "x_day2": 684,
      "day_w": 312.5,
      "x_day0_time": 59,
      "x_day1_time": 351,
      "x_day2_time": 644,
      "day_w_time": 292.3333333333333,
      "x_plot_end": 936,
      "x1_static": 936,
      "x1_dyn": 977,
      "x1_dyn_used": false,