{
  "saved_at_utc": "2026-06-08T03:49:33.166474+00:00",
  "source": "tomsk_sos70_param_charts",
  "freq_max_hz": 40.0,
  "values": {
    "scale_ranges": {
      "F": {
        "F1": [
          7.2,
          8.4
        ],
        "F2": [
          13.1,
          14.5
        ],
        "F3": [
          18.6,
          20.2
        ],
        "F4": [
          24.1,
          26.5
        ]
      },
      "A": {
        "A1": [
          1.0,
          45.0
        ],
        "A2": [
          1.0,
          61.5
        ],
        "A3": [
          2.2,
          12.2
        ],
        "A4": [
          1.1,
          10.2
        ]
      },
      "Q": {
        "Q1": [
          4.0,
          38.0
        ],
        "Q2": [
          5.0,
          17.5
        ],
        "Q3": [
          7.0,
          23.0
        ],
        "Q4": [
          5.0,
          30.0
        ]
      }
    },
    "scale_units": {
      "F_hz": "Hz",
      "A_value": "idx",
      "Q_value": "idx"
    },
    "F_norm": {
      "F1": 0.0313588850174216,
      "F2": 0.37630662020905925,
      "F3": 0.5574912891986062,
      "F4": 0.7456445993031359
    },
    "F_y_px": {
      "F1": 44,
      "F2": 143,
      "F3": 195,
      "F4": 249
    },
    "F_lane_norm": {
      "F1": 0.05263157894736842,
      "F2": 0.75,
      "F3": 0.8043478260869565,
      "F4": 0.9130434782608695
    },
    "F_hz": {
      "F1": 8.336842105263159,
      "F2": 13.45,
      "F3": 18.91304347826087,
      "F4": 24.308695652173913
    },
    "A_norm": {
      "A1": 0.0313588850174216,
      "A2": 0.37282229965156793,
      "A3": 0.6655052264808362,
      "A4": 0.9094076655052264
    },
    "A_y_px": {
      "A1": 44,
      "A2": 142,
      "A3": 226,
      "A4": 296
    },
    "A_lane_norm": {
      "A1": 0.0,
      "A2": 0.5102040816326531,
      "A3": 0.7216494845360825,
      "A4": 0.7252747252747253
    },
    "A_value": {
      "A1": 45.0,
      "A2": 30.632653061224488,
      "A3": 4.983505154639174,
      "A4": 3.5999999999999996
    },
    "Q_norm": {
      "Q1": 0.2787456445993031,
      "Q2": 0.4564459930313589,
      "Q3": 0.7073170731707317,
      "Q4": 0.8501742160278746
    },
    "Q_y_px": {
      "Q1": 115,
      "Q2": 166,
      "Q3": 238,
      "Q4": 279
    },
    "Q_lane_norm": {
      "Q1": 0.7415730337078652,
      "Q2": 0.6391752577319587,
      "Q3": 0.7961165048543689,
      "Q4": 0.5058823529411764
    },
    "Q_value": {
      "Q1": 12.786516853932582,
      "Q2": 9.510309278350515,
      "Q3": 10.262135922330097,
      "Q4": 17.352941176470587
    }
  },
  "debug": {
    "F": {
      "x_day0": 59,
      "x_day1": 357,
      "x_day2": 655,
      "day_w": 298.0,
      "x_day0_time": 59,
      "x_day1_time": 351,
      "x_day2_time": 643,
      "day_w_time": 292.0,
      "x_plot_end": 935,
      "x1_static": 936,
      "x1_dyn": 935,
      "x1_dyn_used": true,
      "pph": 12.166666666666666,
      "pph_source": "day_width (tick-mismatch-fallback)",
      "pph_tick": 19.0,
      "tick_pph_rel_err": 0.5616438356164384,
      "tick_pph_valid": false,
      "tick_count": 50,
      "tick_quality": 0.6944444444444444,
      "tick_used": false,
      "x_frontier": 776,
      "frontier_method": "activity_scan",
      "frontier_activity_thr": 0.5035673201084137,
      "frontier_activity_right_tail": 0.18860580027103424,
      "frontier_activity_run_px": 8,
      "guard_px": 4,
      "left_guard": 645,
      "right_guard": 772,
      "x_time": 775,
      "x_ideal": 775,
      "x_now": 775,
      "x_now_method": "ideal",
      "hour_now_tsst": 10.825833333333334,
      "rollover_hour_min": 3.0,
      "rollover_hour_max": 8.5,
      "delta_min_to_guard": -14.794520547945206,
      "delta_min_to_frontier": 4.931506849315069,
      "frontier_day_fill": 0.4554794520547945,
      "rollover_candidate": false,
      "bias_minutes_applied": 0.0,
      "measured_bias_minutes": null,
      "age_hours": null,
      "status": "ok",
      "x_pick": 774,
      "x_pick_edge": 775,
      "x_pick_safe_right": 923,
      "x_overlay": 775,
      "f1_path_x_range": [
        761,
        775
      ],
      "f1_path_target_col": 13,
      "f1_path_y_px": 43,
      "f4_path_x_range": [
        761,
        775
      ],
      "f4_path_target_col": 13,
      "f4_path_y_px": 251,
      "f1_path2_x_range": [
        765,
        775
      ],
      "f1_path2_target_col": 9,
      "f1_path2_y_px": 44,
      "f1_path2_y_direct_px": 44,
      "f1_path2_direct_used": false,
      "f1_path2_direct_allowed": false,
      "f1_path2_left_weight": 0.35,
      "f1_path2_right_weight": 1.0,
      "f2_path2_x_range": [
        765,
        775
      ],
      "f2_path2_target_col": 9,
      "f2_path2_y_px": 144,
      "f2_path2_y_direct_px": 142,
      "f2_path2_direct_used": false,
      "f2_path2_direct_allowed": false,
      "f2_path2_left_weight": 0.4,
      "f2_path2_right_weight": 1.0,
      "f4_path2_x_range": [
        765,
        775
      ],
      "f4_path2_target_col": 9,
      "f4_path2_y_px": 251,
      "f4_path2_y_direct_px": 259,
      "f4_path2_direct_used": false,
      "f4_path2_direct_allowed": false,
      "f4_path2_left_weight": 0.4,
      "f4_path2_right_weight": 1.0,
      "f1_local_snap_x": 775,
      "f1_local_snap_y_px": 44,
      "f1_local_snap_search_px": 8,
      "f1_local_snap_search_up_px": 4,
      "f1_local_snap_search_down_px": 12,
      "f1_local_snap_prefer_lower_weight": 0.02,
      "f3_local_snap_x": 775,
      "f3_local_snap_y_px": 195,
      "f3_local_snap_search_px": 6,
      "f3_local_snap_search_up_px": 6,
      "f3_local_snap_search_down_px": 6,
      "f3_local_snap_prefer_lower_weight": 0.0,
      "f4_local_snap_x": 775,
      "f4_local_snap_y_px": 259,
      "f4_local_snap_search_px": 8,
      "f4_local_snap_search_up_px": 6,
      "f4_local_snap_search_down_px": 14,
      "f4_local_snap_prefer_lower_weight": 0.05,
      "f2_local_snap_x": 775,
      "f2_local_snap_y_px": 139,
      "f2_local_snap_search_px": 8,
      "f2_local_snap_search_up_px": 14,
      "f2_local_snap_search_down_px": 2,
      "f2_local_snap_prefer_lower_weight": 0.0,
      "f2_consensus_x_range": [
        769,
        775
      ],
      "f2_consensus_y_px": 143,
      "f2_consensus_anchor_y_px": 139,
      "f2_consensus_seed_y_px": 143,
      "f2_consensus_support_cols": 5,
      "f2_consensus_support_ratio": 0.8046307588692502,
      "f2_consensus_jump_px": 4,
      "f2_consensus_tol_px": 5,
      "f2_consensus_reason": "accepted",
      "f2_consensus_applied": true,
      "f3_consensus_applied": false,
      "f3_consensus_x_range": [
        769,
        775
      ],
      "f3_consensus_y_px": 196,
      "f3_consensus_anchor_y_px": 195,
      "f3_consensus_seed_y_px": 196,
      "f3_consensus_support_cols": 3,
      "f3_consensus_support_ratio": 0.43058768832261424,
      "f3_consensus_jump_px": 1,
      "f3_consensus_tol_px": 5,
      "f3_consensus_reason": "low_support",
      "f4_consensus_x_range": [
        769,
        775
      ],
      "f4_consensus_y_px": 249,
      "f4_consensus_anchor_y_px": 259,
      "f4_consensus_seed_y_px": 249,
      "f4_consensus_support_cols": 5,
      "f4_consensus_support_ratio": 0.6341730453406068,
      "f4_consensus_jump_px": 10,
      "f4_consensus_tol_px": 6,
      "f4_consensus_reason": "accepted",
      "f4_consensus_applied": true,
      "scale_ranges": {
        "F1": [
          7.2,
          8.4
        ],
        "F2": [
          13.1,
          14.5
        ],
        "F3": [
          18.6,
          20.2
        ],
        "F4": [
          24.1,
          26.5
        ]
      }
    },
    "A": {
      "x_day0": 59,
      "x_day1": 368,
      "x_day2": 678,
      "day_w": 309.5,
      "x_day0_time": 59,
      "x_day1_time": 351,
      "x_day2_time": 643,
      "day_w_time": 292.0,
      "x_plot_end": 935,
      "x1_static": 936,
      "x1_dyn": 935,
      "x1_dyn_used": true,
      "pph": 12.166666666666666,