{
  "saved_at_utc": "2026-05-22T23:40:30.873597+00:00",
  "source": "tomsk_sos70_param_charts",
  "freq_max_hz": 40.0,
  "values": {
    "scale_ranges": {
      "F": {
        "F1": [
          7.2,
          8.4
        ],
        "F2": [
          13.1,
          14.5
        ],
        "F3": [
          18.6,
          20.2
        ],
        "F4": [
          24.1,
          26.5
        ]
      },
      "A": {
        "A1": [
          1.0,
          45.0
        ],
        "A2": [
          1.0,
          61.5
        ],
        "A3": [
          2.2,
          12.2
        ],
        "A4": [
          1.1,
          10.2
        ]
      },
      "Q": {
        "Q1": [
          4.0,
          38.0
        ],
        "Q2": [
          5.0,
          17.5
        ],
        "Q3": [
          7.0,
          23.0
        ],
        "Q4": [
          5.0,
          30.0
        ]
      }
    },
    "scale_units": {
      "F_hz": "Hz",
      "A_value": "idx",
      "Q_value": "idx"
    },
    "F_norm": {
      "F1": 0.0313588850174216,
      "F2": 0.2613240418118467,
      "F3": 0.5679442508710801,
      "F4": 0.7491289198606271
    },
    "F_y_px": {
      "F1": 44,
      "F2": 110,
      "F3": 198,
      "F4": 250
    },
    "F_lane_norm": {
      "F1": 0.05263157894736842,
      "F2": 0.11538461538461539,
      "F3": 0.8695652173913043,
      "F4": 0.9347826086956522
    },
    "F_hz": {
      "F1": 8.336842105263159,
      "F2": 14.338461538461539,
      "F3": 18.808695652173913,
      "F4": 24.256521739130434
    },
    "A_norm": {
      "A1": 0.31010452961672474,
      "A2": 0.5365853658536586,
      "A3": 0.7282229965156795,
      "A4": 0.9407665505226481
    },
    "A_y_px": {
      "A1": 124,
      "A2": 189,
      "A3": 244,
      "A4": 305
    },
    "A_lane_norm": {
      "A1": 0.963855421686747,
      "A2": 0.9897959183673469,
      "A3": 0.9072164948453608,
      "A4": 0.8241758241758241
    },
    "A_value": {
      "A1": 2.590361445783131,
      "A2": 1.617346938775512,
      "A3": 3.1278350515463913,
      "A4": 2.7
    },
    "Q_norm": {
      "Q1": 0.30662020905923343,
      "Q2": 0.2613240418118467,
      "Q3": 0.7247386759581882,
      "Q4": 0.9024390243902439
    },
    "Q_y_px": {
      "Q1": 123,
      "Q2": 110,
      "Q3": 243,
      "Q4": 294
    },
    "Q_lane_norm": {
      "Q1": 0.8314606741573034,
      "Q2": 0.061855670103092786,
      "Q3": 0.8446601941747572,
      "Q4": 0.6823529411764706
    },
    "Q_value": {
      "Q1": 9.730337078651683,
      "Q2": 16.72680412371134,
      "Q3": 9.485436893203884,
      "Q4": 12.941176470588236
    }
  },
  "debug": {
    "F": {
      "x_day0": 59,
      "x_day1": 392,
      "x_day2": 726,
      "day_w": 333.5,
      "x_day0_time": 59,
      "x_day1_time": 351,
      "x_day2_time": 643,
      "day_w_time": 292.0,
      "x_plot_end": 935,
      "x1_static": 936,
      "x1_dyn": 935,
      "x1_dyn_used": true,
      "pph": 12.166666666666666,
      "pph_source": "day_width (tick-mismatch-fallback)",
      "pph_tick": 19.0,
      "tick_pph_rel_err": 0.5616438356164384,
      "tick_pph_valid": false,
      "tick_count": 50,
      "tick_quality": 0.6944444444444444,
      "tick_used": false,
      "x_frontier": 725,
      "frontier_method": "activity_scan",
      "frontier_activity_thr": 0.4902738094329834,
      "frontier_activity_right_tail": 0.176954448223114,
      "frontier_activity_run_px": 8,
      "guard_px": 4,
      "left_guard": 645,
      "right_guard": 721,
      "x_time": 724,
      "x_ideal": 724,
      "x_now": 724,
      "x_now_method": "harmonized_pair_cluster",
      "hour_now_tsst": 6.675000000000001,
      "rollover_hour_min": 3.0,
      "rollover_hour_max": 8.5,
      "delta_min_to_guard": -14.794520547945206,
      "delta_min_to_frontier": 4.931506849315069,
      "frontier_day_fill": 0.2808219178082192,
      "rollover_candidate": false,
      "bias_minutes_applied": 0.0,
      "measured_bias_minutes": null,
      "age_hours": null,
      "status": "ok",
      "x_now_before_harmonize": 724,
      "x_pick": 723,
      "x_pick_edge": 724,
      "x_pick_safe_right": 923,
      "x_overlay": 724,
      "f1_path_x_range": [
        710,
        724
      ],
      "f1_path_target_col": 13,
      "f1_path_y_px": 45,
      "f4_path_x_range": [
        710,
        724
      ],
      "f4_path_target_col": 13,
      "f4_path_y_px": 250,
      "f1_path2_x_range": [
        714,
        724
      ],
      "f1_path2_target_col": 9,
      "f1_path2_y_px": 45,
      "f1_path2_y_direct_px": 44,
      "f1_path2_direct_used": false,
      "f1_path2_direct_allowed": false,
      "f1_path2_left_weight": 0.35,
      "f1_path2_right_weight": 1.0,
      "f2_path2_x_range": [
        714,
        724
      ],
      "f2_path2_target_col": 9,
      "f2_path2_y_px": 131,
      "f2_path2_y_direct_px": 150,
      "f2_path2_direct_used": false,
      "f2_path2_direct_allowed": false,
      "f2_path2_left_weight": 0.4,
      "f2_path2_right_weight": 1.0,
      "f4_path2_x_range": [
        714,
        724
      ],
      "f4_path2_target_col": 9,
      "f4_path2_y_px": 250,
      "f4_path2_y_direct_px": 231,
      "f4_path2_direct_used": false,
      "f4_path2_direct_allowed": false,
      "f4_path2_left_weight": 0.4,
      "f4_path2_right_weight": 1.0,
      "f1_local_snap_x": 724,
      "f1_local_snap_y_px": 44,
      "f1_local_snap_search_px": 8,
      "f1_local_snap_search_up_px": 4,
      "f1_local_snap_search_down_px": 12,
      "f1_local_snap_prefer_lower_weight": 0.02,
      "f3_local_snap_x": 724,
      "f3_local_snap_y_px": 198,
      "f3_local_snap_search_px": 6,
      "f3_local_snap_search_up_px": 6,
      "f3_local_snap_search_down_px": 6,
      "f3_local_snap_prefer_lower_weight": 0.0,
      "f4_local_snap_x": 724,
      "f4_local_snap_y_px": 252,
      "f4_local_snap_search_px": 8,
      "f4_local_snap_search_up_px": 6,
      "f4_local_snap_search_down_px": 14,
      "f4_local_snap_prefer_lower_weight": 0.05,
      "f2_local_snap_x": 724,
      "f2_local_snap_y_px": 131,
      "f2_local_snap_search_px": 8,
      "f2_local_snap_search_up_px": 14,
      "f2_local_snap_search_down_px": 2,
      "f2_local_snap_prefer_lower_weight": 0.0,
      "f2_consensus_x_range": [
        718,
        724
      ],
      "f2_consensus_y_px": 110,
      "f2_consensus_anchor_y_px": 131,
      "f2_consensus_seed_y_px": 110,
      "f2_consensus_support_cols": 7,
      "f2_consensus_support_ratio": 1.0,
      "f2_consensus_jump_px": 21,
      "f2_consensus_tol_px": 5,
      "f2_consensus_reason": "accepted",
      "f2_consensus_applied": true,
      "f3_consensus_applied": false,
      "f3_consensus_x_range": [
        718,
        724
      ],
      "f3_consensus_y_px": 199,
      "f3_consensus_anchor_y_px": 198,
      "f3_consensus_seed_y_px": 199,
      "f3_consensus_support_cols": 3,
      "f3_consensus_support_ratio": 0.5123424484277552,
      "f3_consensus_jump_px": 1,
      "f3_consensus_tol_px": 5,
      "f3_consensus_reason": "low_support",
      "f4_consensus_x_range": [
        718,
        724
      ],
      "f4_consensus_y_px": 250,
      "f4_consensus_anchor_y_px": 252,
      "f4_consensus_seed_y_px": 251,
      "f4_consensus_support_cols": 5,
      "f4_consensus_support_ratio": 0.6280212559282327,
      "f4_consensus_jump_px": 2,
      "f4_consensus_tol_px": 6,
      "f4_consensus_reason": "accepted",
      "f4_consensus_applied": true,
      "scale_ranges": {
        "F1": [
          7.2,
          8.4
        ],
        "F2": [
          13.1,
          14.5
        ],
        "F3": [
          18.6,
          20.2
        ],
        "F4": [
          24.1,
          26.5
        ]
      }
    },
    "A": {
      "x_day0": 59,
      "x_day1": 392,
      "x_day2": 726,
      "day_w": 333.5,
      "x_day0_time": 59,
      "x_day1_time": 351,
      "x_day2_time": 643,
      "day_w_time": 292.0,
      "x_plot_end": 935,
      "x1_static": 936,
      "x1_dyn": 935,