{
  "saved_at_utc": "2026-06-20T05:38:21.567732+00:00",
  "source": "tomsk_sos70_param_charts",
  "freq_max_hz": 40.0,
  "values": {
    "scale_ranges": {
      "F": {
        "F1": [
          7.2,
          8.4
        ],
        "F2": [
          13.1,
          14.5
        ],
        "F3": [
          18.6,
          20.2
        ],
        "F4": [
          24.1,
          26.5
        ]
      },
      "A": {
        "A1": [
          1.0,
          45.0
        ],
        "A2": [
          1.0,
          61.5
        ],
        "A3": [
          2.2,
          12.2
        ],
        "A4": [
          1.1,
          10.2
        ]
      },
      "Q": {
        "Q1": [
          4.0,
          38.0
        ],
        "Q2": [
          5.0,
          17.5
        ],
        "Q3": [
          7.0,
          23.0
        ],
        "Q4": [
          5.0,
          30.0
        ]
      }
    },
    "scale_units": {
      "F_hz": "Hz",
      "A_value": "idx",
      "Q_value": "idx"
    },
    "F_norm": {
      "F1": 0.059233449477351915,
      "F2": 0.40069686411149824,
      "F3": 0.4843205574912892,
      "F4": 0.6794425087108014
    },
    "F_y_px": {
      "F1": 52,
      "F2": 150,
      "F3": 174,
      "F4": 230
    },
    "F_lane_norm": {
      "F1": 0.19298245614035087,
      "F2": 0.8846153846153846,
      "F3": 0.34782608695652173,
      "F4": 0.5
    },
    "F_hz": {
      "F1": 8.16842105263158,
      "F2": 13.26153846153846,
      "F3": 19.643478260869564,
      "F4": 25.3
    },
    "A_norm": {
      "A1": 0.11498257839721254,
      "A2": 0.4425087108013937,
      "A3": 0.6585365853658537,
      "A4": 0.9930313588850174
    },
    "A_y_px": {
      "A1": 68,
      "A2": 162,
      "A3": 224,
      "A4": 320
    },
    "A_lane_norm": {
      "A1": 0.2891566265060241,
      "A2": 0.7142857142857143,
      "A3": 0.7010309278350515,
      "A4": 0.989010989010989
    },
    "A_value": {
      "A1": 32.27710843373494,
      "A2": 18.285714285714285,
      "A3": 5.189690721649484,
      "A4": 1.1999999999999993
    },
    "Q_norm": {
      "Q1": 0.25435540069686413,
      "Q2": 0.5714285714285714,
      "Q3": 0.5993031358885017,
      "Q4": 0.7491289198606271
    },
    "Q_y_px": {
      "Q1": 108,
      "Q2": 199,
      "Q3": 207,
      "Q4": 250
    },
    "Q_lane_norm": {
      "Q1": 0.6629213483146067,
      "Q2": 0.979381443298969,
      "Q3": 0.49514563106796117,
      "Q4": 0.16470588235294117
    },
    "Q_value": {
      "Q1": 15.460674157303373,
      "Q2": 5.2577319587628875,
      "Q3": 15.077669902912621,
      "Q4": 25.88235294117647
    }
  },
  "debug": {
    "F": {
      "x_day0": 59,
      "x_day1": 369,
      "x_day2": 679,
      "day_w": 310.0,
      "x_day0_time": 59,
      "x_day1_time": 351,
      "x_day2_time": 643,
      "day_w_time": 292.0,
      "x_plot_end": 935,
      "x1_static": 936,
      "x1_dyn": 935,
      "x1_dyn_used": true,
      "pph": 12.166666666666666,
      "pph_source": "day_width (tick-mismatch-fallback)",
      "pph_tick": 19.0,
      "tick_pph_rel_err": 0.5616438356164384,
      "tick_pph_valid": false,
      "tick_count": 50,
      "tick_quality": 0.6944444444444444,
      "tick_used": false,
      "x_frontier": 797,
      "frontier_method": "activity_scan",
      "frontier_activity_thr": 0.49137225449085237,
      "frontier_activity_right_tail": 0.1459180861711502,
      "frontier_activity_run_px": 8,
      "guard_px": 4,
      "left_guard": 645,
      "right_guard": 793,
      "x_time": 797,
      "x_ideal": 797,
      "x_now": 797,
      "x_now_method": "ideal",
      "hour_now_tsst": 12.639166666666666,
      "rollover_hour_min": 3.0,
      "rollover_hour_max": 8.5,
      "delta_min_to_guard": -19.726027397260275,
      "delta_min_to_frontier": 0.0,
      "frontier_day_fill": 0.5273972602739726,
      "rollover_candidate": false,
      "bias_minutes_applied": 0.0,
      "measured_bias_minutes": null,
      "age_hours": null,
      "status": "ok",
      "x_pick": 796,
      "x_pick_edge": 797,
      "x_pick_safe_right": 923,
      "x_overlay": 797,
      "f1_path_x_range": [
        783,
        797
      ],
      "f1_path_target_col": 13,
      "f1_path_y_px": 53,
      "f4_path_x_range": [
        783,
        797
      ],
      "f4_path_target_col": 13,
      "f4_path_y_px": 230,
      "f1_path2_x_range": [
        787,
        797
      ],
      "f1_path2_target_col": 9,
      "f1_path2_y_px": 50,
      "f1_path2_y_direct_px": 70,
      "f1_path2_direct_used": false,
      "f1_path2_direct_allowed": false,
      "f1_path2_left_weight": 0.35,
      "f1_path2_right_weight": 1.0,
      "f2_path2_x_range": [
        787,
        797
      ],
      "f2_path2_target_col": 9,
      "f2_path2_y_px": 156,
      "f2_path2_y_direct_px": 135,
      "f2_path2_direct_used": false,
      "f2_path2_direct_allowed": false,
      "f2_path2_left_weight": 0.4,
      "f2_path2_right_weight": 1.0,
      "f4_path2_x_range": [
        787,
        797
      ],
      "f4_path2_target_col": 9,
      "f4_path2_y_px": 230,
      "f4_path2_y_direct_px": 230,
      "f4_path2_direct_used": false,
      "f4_path2_direct_allowed": false,
      "f4_path2_left_weight": 0.4,
      "f4_path2_right_weight": 1.0,
      "f1_local_snap_x": 797,
      "f1_local_snap_y_px": 52,
      "f1_local_snap_search_px": 8,
      "f1_local_snap_search_up_px": 4,
      "f1_local_snap_search_down_px": 12,
      "f1_local_snap_prefer_lower_weight": 0.02,
      "f3_local_snap_x": 797,
      "f3_local_snap_y_px": 174,
      "f3_local_snap_search_px": 6,
      "f3_local_snap_search_up_px": 6,
      "f3_local_snap_search_down_px": 6,
      "f3_local_snap_prefer_lower_weight": 0.0,
      "f4_local_snap_x": 797,
      "f4_local_snap_y_px": 230,
      "f4_local_snap_search_px": 8,
      "f4_local_snap_search_up_px": 6,
      "f4_local_snap_search_down_px": 14,
      "f4_local_snap_prefer_lower_weight": 0.05,
      "f2_local_snap_x": 797,
      "f2_local_snap_y_px": 150,
      "f2_local_snap_search_px": 8,
      "f2_local_snap_search_up_px": 14,
      "f2_local_snap_search_down_px": 2,
      "f2_local_snap_prefer_lower_weight": 0.0,
      "f2_consensus_applied": false,
      "f2_consensus_x_range": [
        791,
        797
      ],
      "f2_consensus_y_px": 131,
      "f2_consensus_anchor_y_px": 150,
      "f2_consensus_seed_y_px": 129,
      "f2_consensus_support_cols": 3,
      "f2_consensus_support_ratio": 0.5459659318450635,
      "f2_consensus_jump_px": 19,
      "f2_consensus_tol_px": 5,
      "f2_consensus_reason": "low_support",
      "f3_consensus_x_range": [
        791,
        797
      ],
      "f3_consensus_y_px": 174,
      "f3_consensus_anchor_y_px": 174,
      "f3_consensus_seed_y_px": 176,
      "f3_consensus_support_cols": 5,
      "f3_consensus_support_ratio": 0.6418893939064436,
      "f3_consensus_jump_px": 0,
      "f3_consensus_tol_px": 5,
      "f3_consensus_reason": "accepted",
      "f3_consensus_applied": true,
      "f4_consensus_applied": false,
      "f4_consensus_x_range": [
        791,
        797
      ],
      "f4_consensus_y_px": 230,
      "f4_consensus_anchor_y_px": 230,
      "f4_consensus_seed_y_px": 230,
      "f4_consensus_support_cols": 3,
      "f4_consensus_support_ratio": 0.537488786642359,
      "f4_consensus_jump_px": 0,
      "f4_consensus_tol_px": 6,
      "f4_consensus_reason": "low_support",
      "scale_ranges": {
        "F1": [
          7.2,
          8.4
        ],
        "F2": [
          13.1,
          14.5
        ],
        "F3": [
          18.6,
          20.2
        ],
        "F4": [
          24.1,
          26.5
        ]
      }
    },
    "A": {
      "x_day0": 59,
      "x_day1": 372,
      "x_day2": 685,
      "day_w": 313.0,
      "x_day0_time": 59,
      "x_day1_time": 351,
      "x_day2_time": 643,
      "day_w_time": 292.0,
      "x_plot_end": 935,
      "x1_static": 936,
      "x1_dyn": 935,
      "x1_dyn_used": true,
      "pph": 12.166666666666666,