{
  "saved_at_utc": "2026-03-14T11:53:52.517028+00:00",
  "source": "tomsk_sos70_param_charts",
  "freq_max_hz": 40.0,
  "values": {
    "scale_ranges": {
      "F": {
        "F1": [
          7.2,
          8.4
        ],
        "F2": [
          13.1,
          14.5
        ],
        "F3": [
          18.6,
          20.2
        ],
        "F4": [
          24.1,
          26.5
        ]
      },
      "A": {
        "A1": [
          1.0,
          45.0
        ],
        "A2": [
          1.0,
          61.5
        ],
        "A3": [
          2.2,
          12.2
        ],
        "A4": [
          1.1,
          10.2
        ]
      },
      "Q": {
        "Q1": [
          4.0,
          38.0
        ],
        "Q2": [
          5.0,
          17.5
        ],
        "Q3": [
          7.0,
          23.0
        ],
        "Q4": [
          5.0,
          30.0
        ]
      }
    },
    "scale_units": {
      "F_hz": "Hz",
      "A_value": "idx",
      "Q_value": "idx"
    },
    "F_norm": {
      "F1": 0.0313588850174216,
      "F2": 0.3344947735191638,
      "F3": 0.5644599303135889,
      "F4": 0.7317073170731707
    },
    "F_y_px": {
      "F1": 44,
      "F2": 131,
      "F3": 197,
      "F4": 245
    },
    "F_lane_norm": {
      "F1": 0.05263157894736842,
      "F2": 0.5192307692307693,
      "F3": 0.8478260869565217,
      "F4": 0.8260869565217391
    },
    "F_hz": {
      "F1": 8.336842105263159,
      "F2": 13.773076923076923,
      "F3": 18.843478260869567,
      "F4": 24.51739130434783
    },
    "A_norm": {
      "A1": 0.2787456445993031,
      "A2": 0.4878048780487805,
      "A3": 0.662020905923345,
      "A4": 0.8641114982578397
    },
    "A_y_px": {
      "A1": 115,
      "A2": 175,
      "A3": 225,
      "A4": 283
    },
    "A_lane_norm": {
      "A1": 0.8554216867469879,
      "A2": 0.8469387755102041,
      "A3": 0.711340206185567,
      "A4": 0.5824175824175825
    },
    "A_value": {
      "A1": 7.361445783132531,
      "A2": 10.26020408163265,
      "A3": 5.086597938144329,
      "A4": 4.8999999999999995
    },
    "Q_norm": {
      "Q1": 0.31010452961672474,
      "Q2": 0.4564459930313589,
      "Q3": 0.7142857142857143,
      "Q4": 0.7526132404181185
    },
    "Q_y_px": {
      "Q1": 124,
      "Q2": 166,
      "Q3": 240,
      "Q4": 251
    },
    "Q_lane_norm": {
      "Q1": 0.8426966292134831,
      "Q2": 0.6391752577319587,
      "Q3": 0.8155339805825242,
      "Q4": 0.17647058823529413
    },
    "Q_value": {
      "Q1": 9.348314606741575,
      "Q2": 9.510309278350515,
      "Q3": 9.951456310679612,
      "Q4": 25.588235294117645
    }
  },
  "debug": {
    "F": {
      "x_day0": 59,
      "x_day1": 375,
      "x_day2": 691,
      "day_w": 316.0,
      "x_day0_time": 59,
      "x_day1_time": 351,
      "x_day2_time": 643,
      "day_w_time": 292.0,
      "x_plot_end": 935,
      "x1_static": 936,
      "x1_dyn": 935,
      "x1_dyn_used": true,
      "pph": 12.166666666666666,
      "pph_source": "day_width (tick-mismatch-fallback)",
      "pph_tick": 19.0,
      "tick_pph_rel_err": 0.5616438356164384,
      "tick_pph_valid": false,
      "tick_count": 50,
      "tick_quality": 0.6944444444444444,
      "tick_used": false,
      "x_frontier": 871,
      "frontier_method": "activity_scan",
      "frontier_activity_thr": 0.37698663771152496,
      "frontier_activity_right_tail": 0.07649998366832733,
      "frontier_activity_run_px": 8,
      "guard_px": 4,
      "left_guard": 645,
      "right_guard": 867,
      "x_time": 873,
      "x_ideal": 873,
      "x_now": 873,
      "x_now_method": "ideal",
      "hour_now_tsst": 18.897777777777776,
      "rollover_hour_min": 3.0,
      "rollover_hour_max": 8.5,
      "delta_min_to_guard": -29.589041095890412,
      "delta_min_to_frontier": -9.863013698630137,
      "frontier_day_fill": 0.7808219178082192,
      "rollover_candidate": false,
      "bias_minutes_applied": 0.0,
      "measured_bias_minutes": null,
      "age_hours": null,
      "status": "ok",
      "x_pick": 872,
      "x_pick_edge": 873,
      "x_pick_safe_right": 923,
      "x_overlay": 873,
      "f1_path_x_range": [
        859,
        873
      ],
      "f1_path_target_col": 13,
      "f1_path_y_px": 43,
      "f4_path_x_range": [
        859,
        873
      ],
      "f4_path_target_col": 13,
      "f4_path_y_px": 250,
      "f1_path2_x_range": [
        863,
        873
      ],
      "f1_path2_target_col": 9,
      "f1_path2_y_px": 44,
      "f1_path2_y_direct_px": 44,
      "f1_path2_direct_used": false,
      "f1_path2_direct_allowed": false,
      "f1_path2_left_weight": 0.35,
      "f1_path2_right_weight": 1.0,
      "f2_path2_x_range": [
        863,
        873
      ],
      "f2_path2_target_col": 9,
      "f2_path2_y_px": 136,
      "f2_path2_y_direct_px": 150,
      "f2_path2_direct_used": false,
      "f2_path2_direct_allowed": false,
      "f2_path2_left_weight": 0.4,
      "f2_path2_right_weight": 1.0,
      "f4_path2_x_range": [
        863,
        873
      ],
      "f4_path2_target_col": 9,
      "f4_path2_y_px": 250,
      "f4_path2_y_direct_px": 230,
      "f4_path2_direct_used": false,
      "f4_path2_direct_allowed": false,
      "f4_path2_left_weight": 0.4,
      "f4_path2_right_weight": 1.0,
      "f1_local_snap_x": 873,
      "f1_local_snap_y_px": 44,
      "f1_local_snap_search_px": 8,
      "f1_local_snap_search_up_px": 4,
      "f1_local_snap_search_down_px": 12,
      "f1_local_snap_prefer_lower_weight": 0.02,
      "f3_local_snap_x": 873,
      "f3_local_snap_y_px": 203,
      "f3_local_snap_search_px": 6,
      "f3_local_snap_search_up_px": 6,
      "f3_local_snap_search_down_px": 6,
      "f3_local_snap_prefer_lower_weight": 0.0,
      "f4_local_snap_x": 873,
      "f4_local_snap_y_px": 251,
      "f4_local_snap_search_px": 8,
      "f4_local_snap_search_up_px": 6,
      "f4_local_snap_search_down_px": 14,
      "f4_local_snap_prefer_lower_weight": 0.05,
      "f2_local_snap_x": 873,
      "f2_local_snap_y_px": 131,
      "f2_local_snap_search_px": 8,
      "f2_local_snap_search_up_px": 14,
      "f2_local_snap_search_down_px": 2,
      "f2_local_snap_prefer_lower_weight": 0.0,
      "f2_consensus_applied": false,
      "f2_consensus_x_range": [
        867,
        873
      ],
      "f2_consensus_y_px": 139,
      "f2_consensus_anchor_y_px": 131,
      "f2_consensus_seed_y_px": 140,
      "f2_consensus_support_cols": 4,
      "f2_consensus_support_ratio": 0.491757528556594,
      "f2_consensus_jump_px": 8,
      "f2_consensus_tol_px": 5,
      "f2_consensus_reason": "low_support",
      "f3_consensus_x_range": [
        867,
        873
      ],
      "f3_consensus_y_px": 197,
      "f3_consensus_anchor_y_px": 203,
      "f3_consensus_seed_y_px": 200,
      "f3_consensus_support_cols": 6,
      "f3_consensus_support_ratio": 0.8573607248587064,
      "f3_consensus_jump_px": 6,
      "f3_consensus_tol_px": 5,
      "f3_consensus_reason": "accepted",
      "f3_consensus_applied": true,
      "f4_consensus_x_range": [
        867,
        873
      ],
      "f4_consensus_y_px": 245,
      "f4_consensus_anchor_y_px": 251,
      "f4_consensus_seed_y_px": 245,
      "f4_consensus_support_cols": 6,
      "f4_consensus_support_ratio": 0.8088275395161215,
      "f4_consensus_jump_px": 6,
      "f4_consensus_tol_px": 6,
      "f4_consensus_reason": "accepted",
      "f4_consensus_applied": true,
      "scale_ranges": {
        "F1": [
          7.2,
          8.4
        ],
        "F2": [
          13.1,
          14.5
        ],
        "F3": [
          18.6,
          20.2
        ],
        "F4": [
          24.1,
          26.5
        ]
      }
    },
    "A": {
      "x_day0": 59,
      "x_day1": 372,
      "x_day2": 684,
      "day_w": 312.5,
      "x_day0_time": 59,
      "x_day1_time": 351,
      "x_day2_time": 643,
      "day_w_time": 292.0,
      "x_plot_end": 935,
      "x1_static": 936,
      "x1_dyn": 935,
      "x1_dyn_used": true,