{
  "saved_at_utc": "2026-04-28T13:06:45.871788+00:00",
  "source": "tomsk_sos70_param_charts",
  "freq_max_hz": 40.0,
  "values": {
    "scale_ranges": {
      "F": {
        "F1": [
          7.2,
          8.4
        ],
        "F2": [
          13.1,
          14.5
        ],
        "F3": [
          18.6,
          20.2
        ],
        "F4": [
          24.1,
          26.5
        ]
      },
      "A": {
        "A1": [
          1.0,
          45.0
        ],
        "A2": [
          1.0,
          61.5
        ],
        "A3": [
          2.2,
          12.2
        ],
        "A4": [
          1.1,
          10.2
        ]
      },
      "Q": {
        "Q1": [
          4.0,
          38.0
        ],
        "Q2": [
          5.0,
          17.5
        ],
        "Q3": [
          7.0,
          23.0
        ],
        "Q4": [
          5.0,
          30.0
        ]
      }
    },
    "scale_units": {
      "F_hz": "Hz",
      "A_value": "idx",
      "Q_value": "idx"
    },
    "F_norm": {
      "F1": 0.11498257839721254,
      "F2": 0.40069686411149824,
      "F3": 0.4912891986062718,
      "F4": 0.7456445993031359
    },
    "F_y_px": {
      "F1": 68,
      "F2": 150,
      "F3": 176,
      "F4": 249
    },
    "F_lane_norm": {
      "F1": 0.47368421052631576,
      "F2": 0.8846153846153846,
      "F3": 0.391304347826087,
      "F4": 0.9130434782608695
    },
    "F_hz": {
      "F1": 7.831578947368421,
      "F2": 13.26153846153846,
      "F3": 19.57391304347826,
      "F4": 24.308695652173913
    },
    "A_norm": {
      "A1": 0.31010452961672474,
      "A2": 0.5052264808362369,
      "A3": 0.7038327526132404,
      "A4": 0.7491289198606271
    },
    "A_y_px": {
      "A1": 124,
      "A2": 180,
      "A3": 237,
      "A4": 250
    },
    "A_lane_norm": {
      "A1": 0.963855421686747,
      "A2": 0.8979591836734694,
      "A3": 0.8350515463917526,
      "A4": 0.21978021978021978
    },
    "A_value": {
      "A1": 2.590361445783131,
      "A2": 7.173469387755105,
      "A3": 3.849484536082473,
      "A4": 8.2
    },
    "Q_norm": {
      "Q1": 0.25435540069686413,
      "Q2": 0.46689895470383275,
      "Q3": 0.6655052264808362,
      "Q4": 0.8222996515679443
    },
    "Q_y_px": {
      "Q1": 108,
      "Q2": 169,
      "Q3": 226,
      "Q4": 271
    },
    "Q_lane_norm": {
      "Q1": 0.6629213483146067,
      "Q2": 0.6701030927835051,
      "Q3": 0.6796116504854369,
      "Q4": 0.4117647058823529
    },
    "Q_value": {
      "Q1": 15.460674157303373,
      "Q2": 9.123711340206187,
      "Q3": 12.12621359223301,
      "Q4": 19.705882352941178
    }
  },
  "debug": {
    "F": {
      "x_day0": 59,
      "x_day1": 381,
      "x_day2": 703,
      "day_w": 322.0,
      "x_day0_time": 59,
      "x_day1_time": 351,
      "x_day2_time": 643,
      "day_w_time": 292.0,
      "x_plot_end": 935,
      "x1_static": 936,
      "x1_dyn": 935,
      "x1_dyn_used": true,
      "pph": 12.166666666666666,
      "pph_source": "day_width (tick-mismatch-fallback)",
      "pph_tick": 19.0,
      "tick_pph_rel_err": 0.5616438356164384,
      "tick_pph_valid": false,
      "tick_count": 50,
      "tick_quality": 0.6944444444444444,
      "tick_used": false,
      "x_frontier": 881,
      "frontier_method": "activity_scan",
      "frontier_activity_thr": 0.4196960672736168,
      "frontier_activity_right_tail": 0.08258523792028427,
      "frontier_activity_run_px": 8,
      "guard_px": 4,
      "left_guard": 645,
      "right_guard": 877,
      "x_time": 888,
      "x_ideal": 888,
      "x_now": 888,
      "x_now_method": "ideal",
      "hour_now_tsst": 20.1125,
      "rollover_hour_min": 3.0,
      "rollover_hour_max": 8.5,
      "delta_min_to_guard": -54.24657534246576,
      "delta_min_to_frontier": -34.520547945205486,
      "frontier_day_fill": 0.815068493150685,
      "rollover_candidate": false,
      "bias_minutes_applied": 0.0,
      "measured_bias_minutes": null,
      "age_hours": null,
      "status": "ok",
      "x_pick": 887,
      "x_pick_edge": 888,
      "x_pick_safe_right": 923,
      "x_overlay": 888,
      "f1_path_x_range": [
        874,
        888
      ],
      "f1_path_target_col": 13,
      "f1_path_y_px": 96,
      "f4_path_x_range": [
        874,
        888
      ],
      "f4_path_target_col": 13,
      "f4_path_y_px": 251,
      "f1_path2_x_range": [
        878,
        888
      ],
      "f1_path2_target_col": 9,
      "f1_path2_y_px": 67,
      "f1_path2_y_direct_px": 85,
      "f1_path2_direct_used": false,
      "f1_path2_direct_allowed": false,
      "f1_path2_left_weight": 0.35,
      "f1_path2_right_weight": 1.0,
      "f2_path2_x_range": [
        878,
        888
      ],
      "f2_path2_target_col": 9,
      "f2_path2_y_px": 150,
      "f2_path2_y_direct_px": 124,
      "f2_path2_direct_used": false,
      "f2_path2_direct_allowed": false,
      "f2_path2_left_weight": 0.4,
      "f2_path2_right_weight": 1.0,
      "f4_path2_x_range": [
        878,
        888
      ],
      "f4_path2_target_col": 9,
      "f4_path2_y_px": 230,
      "f4_path2_y_direct_px": 229,
      "f4_path2_direct_used": false,
      "f4_path2_direct_allowed": false,
      "f4_path2_left_weight": 0.4,
      "f4_path2_right_weight": 1.0,
      "f1_local_snap_x": 888,
      "f1_local_snap_y_px": 68,
      "f1_local_snap_search_px": 8,
      "f1_local_snap_search_up_px": 4,
      "f1_local_snap_search_down_px": 12,
      "f1_local_snap_prefer_lower_weight": 0.02,
      "f3_local_snap_x": 888,
      "f3_local_snap_y_px": 179,
      "f3_local_snap_search_px": 6,
      "f3_local_snap_search_up_px": 6,
      "f3_local_snap_search_down_px": 6,
      "f3_local_snap_prefer_lower_weight": 0.0,
      "f4_local_snap_x": 888,
      "f4_local_snap_y_px": 229,
      "f4_local_snap_search_px": 8,
      "f4_local_snap_search_up_px": 6,
      "f4_local_snap_search_down_px": 14,
      "f4_local_snap_prefer_lower_weight": 0.05,
      "f2_local_snap_x": 888,
      "f2_local_snap_y_px": 150,
      "f2_local_snap_search_px": 8,
      "f2_local_snap_search_up_px": 14,
      "f2_local_snap_search_down_px": 2,
      "f2_local_snap_prefer_lower_weight": 0.0,
      "f2_consensus_applied": false,
      "f2_consensus_x_range": [
        882,
        888
      ],
      "f2_consensus_y_px": 131,
      "f2_consensus_anchor_y_px": 150,
      "f2_consensus_seed_y_px": 131,
      "f2_consensus_support_cols": 4,
      "f2_consensus_support_ratio": 0.5510858744146603,
      "f2_consensus_jump_px": 19,
      "f2_consensus_tol_px": 5,
      "f2_consensus_reason": "excessive_jump",
      "f3_consensus_x_range": [
        882,
        888
      ],
      "f3_consensus_y_px": 176,
      "f3_consensus_anchor_y_px": 179,
      "f3_consensus_seed_y_px": 176,
      "f3_consensus_support_cols": 5,
      "f3_consensus_support_ratio": 0.6370217166494313,
      "f3_consensus_jump_px": 3,
      "f3_consensus_tol_px": 5,
      "f3_consensus_reason": "accepted",
      "f3_consensus_applied": true,
      "f4_consensus_x_range": [
        882,
        888
      ],
      "f4_consensus_y_px": 249,
      "f4_consensus_anchor_y_px": 229,
      "f4_consensus_seed_y_px": 251,
      "f4_consensus_support_cols": 5,
      "f4_consensus_support_ratio": 0.7867336837957579,
      "f4_consensus_jump_px": 20,
      "f4_consensus_tol_px": 6,
      "f4_consensus_reason": "accepted",
      "f4_consensus_applied": true,
      "scale_ranges": {
        "F1": [
          7.2,
          8.4
        ],
        "F2": [
          13.1,
          14.5
        ],
        "F3": [
          18.6,
          20.2
        ],
        "F4": [
          24.1,
          26.5
        ]
      }
    },
    "A": {
      "x_day0": 59,
      "x_day1": 372,
      "x_day2": 685,
      "day_w": 313.0,
      "x_day0_time": 59,
      "x_day1_time": 351,
      "x_day2_time": 643,
      "day_w_time": 292.0,
      "x_plot_end": 935,
      "x1_static": 936,
      "x1_dyn": 935,
      "x1_dyn_used": true,
      "pph": 12.166666666666666,