{
  "saved_at_utc": "2026-06-27T21:10:38.424731+00:00",
  "source": "tomsk_sos70_param_charts",
  "freq_max_hz": 40.0,
  "values": {
    "scale_ranges": {
      "F": {
        "F1": [
          7.2,
          8.4
        ],
        "F2": [
          13.1,
          14.5
        ],
        "F3": [
          18.6,
          20.2
        ],
        "F4": [
          24.1,
          26.5
        ]
      },
      "A": {
        "A1": [
          1.0,
          45.0
        ],
        "A2": [
          1.0,
          61.5
        ],
        "A3": [
          2.2,
          12.2
        ],
        "A4": [
          1.1,
          10.2
        ]
      },
      "Q": {
        "Q1": [
          4.0,
          38.0
        ],
        "Q2": [
          5.0,
          17.5
        ],
        "Q3": [
          7.0,
          23.0
        ],
        "Q4": [
          5.0,
          30.0
        ]
      }
    },
    "scale_units": {
      "F_hz": "Hz",
      "A_value": "idx",
      "Q_value": "idx"
    },
    "F_norm": {
      "F1": 0.05574912891986063,
      "F2": 0.28222996515679444,
      "F3": 0.445993031358885,
      "F4": 0.6898954703832753
    },
    "F_y_px": {
      "F1": 51,
      "F2": 116,
      "F3": 163,
      "F4": 233
    },
    "F_lane_norm": {
      "F1": 0.17543859649122806,
      "F2": 0.23076923076923078,
      "F3": 0.10869565217391304,
      "F4": 0.5652173913043478
    },
    "F_hz": {
      "F1": 8.189473684210526,
      "F2": 14.176923076923076,
      "F3": 20.026086956521738,
      "F4": 25.143478260869568
    },
    "A_norm": {
      "A1": 0.30662020905923343,
      "A2": 0.5365853658536586,
      "A3": 0.7421602787456446,
      "A4": 0.9512195121951219
    },
    "A_y_px": {
      "A1": 123,
      "A2": 189,
      "A3": 248,
      "A4": 308
    },
    "A_lane_norm": {
      "A1": 0.9518072289156626,
      "A2": 0.9897959183673469,
      "A3": 0.9484536082474226,
      "A4": 0.8571428571428571
    },
    "A_value": {
      "A1": 3.1204819277108484,
      "A2": 1.617346938775512,
      "A3": 2.7154639175257724,
      "A4": 2.4000000000000004
    },
    "Q_norm": {
      "Q1": 0.3170731707317073,
      "Q2": 0.4634146341463415,
      "Q3": 0.7038327526132404,
      "Q4": 0.818815331010453
    },
    "Q_y_px": {
      "Q1": 126,
      "Q2": 168,
      "Q3": 237,
      "Q4": 270
    },
    "Q_lane_norm": {
      "Q1": 0.8651685393258427,
      "Q2": 0.6597938144329897,
      "Q3": 0.7864077669902912,
      "Q4": 0.4
    },
    "Q_value": {
      "Q1": 8.584269662921347,
      "Q2": 9.25257731958763,
      "Q3": 10.41747572815534,
      "Q4": 20.0
    }
  },
  "debug": {
    "F": {
      "x_day0": 59,
      "x_day1": 392,
      "x_day2": 726,
      "day_w": 333.5,
      "x_day0_time": 59,
      "x_day1_time": 351,
      "x_day2_time": 643,
      "day_w_time": 292.0,
      "x_plot_end": 935,
      "x1_static": 936,
      "x1_dyn": 935,
      "x1_dyn_used": true,
      "pph": 12.166666666666666,
      "pph_source": "day_width (tick-mismatch-fallback)",
      "pph_tick": 19.0,
      "tick_pph_rel_err": 0.5616438356164384,
      "tick_pph_valid": false,
      "tick_count": 50,
      "tick_quality": 0.6944444444444444,
      "tick_used": false,
      "x_frontier": 698,
      "frontier_method": "activity_scan",
      "frontier_activity_thr": 0.49257354736328124,
      "frontier_activity_right_tail": 0.19692298769950867,
      "frontier_activity_run_px": 8,
      "guard_px": 4,
      "left_guard": 645,
      "right_guard": 694,
      "x_time": 694,
      "x_ideal": 694,
      "x_now": 694,
      "x_now_method": "harmonized_prefer_non_rollover",
      "hour_now_tsst": 4.177222222222222,
      "rollover_hour_min": 3.0,
      "rollover_hour_max": 8.5,
      "delta_min_to_guard": 0.0,
      "delta_min_to_frontier": 19.726027397260275,
      "frontier_day_fill": 0.18835616438356165,
      "rollover_candidate": false,
      "bias_minutes_applied": 0.0,
      "measured_bias_minutes": null,
      "age_hours": null,
      "status": "ok",
      "x_now_before_harmonize": 694,
      "x_pick": 693,
      "x_pick_edge": 694,
      "x_pick_safe_right": 923,
      "x_overlay": 694,
      "f1_path_x_range": [
        680,
        694
      ],
      "f1_path_target_col": 13,
      "f1_path_y_px": 60,
      "f4_path_x_range": [
        680,
        694
      ],
      "f4_path_target_col": 13,
      "f4_path_y_px": 231,
      "f1_path2_x_range": [
        684,
        694
      ],
      "f1_path2_target_col": 9,
      "f1_path2_y_px": 51,
      "f1_path2_y_direct_px": 50,
      "f1_path2_direct_used": false,
      "f1_path2_direct_allowed": false,
      "f1_path2_left_weight": 0.35,
      "f1_path2_right_weight": 1.0,
      "f2_path2_x_range": [
        684,
        694
      ],
      "f2_path2_target_col": 9,
      "f2_path2_y_px": 114,
      "f2_path2_y_direct_px": 124,
      "f2_path2_direct_used": false,
      "f2_path2_direct_allowed": false,
      "f2_path2_left_weight": 0.4,
      "f2_path2_right_weight": 1.0,
      "f4_path2_x_range": [
        684,
        694
      ],
      "f4_path2_target_col": 9,
      "f4_path2_y_px": 237,
      "f4_path2_y_direct_px": 231,
      "f4_path2_direct_used": false,
      "f4_path2_direct_allowed": false,
      "f4_path2_left_weight": 0.4,
      "f4_path2_right_weight": 1.0,
      "f1_local_snap_x": 694,
      "f1_local_snap_y_px": 51,
      "f1_local_snap_search_px": 8,
      "f1_local_snap_search_up_px": 4,
      "f1_local_snap_search_down_px": 12,
      "f1_local_snap_prefer_lower_weight": 0.02,
      "f3_local_snap_x": 694,
      "f3_local_snap_y_px": 163,
      "f3_local_snap_search_px": 6,
      "f3_local_snap_search_up_px": 6,
      "f3_local_snap_search_down_px": 6,
      "f3_local_snap_prefer_lower_weight": 0.0,
      "f4_local_snap_x": 694,
      "f4_local_snap_y_px": 251,
      "f4_local_snap_search_px": 8,
      "f4_local_snap_search_up_px": 6,
      "f4_local_snap_search_down_px": 14,
      "f4_local_snap_prefer_lower_weight": 0.05,
      "f2_local_snap_x": 694,
      "f2_local_snap_y_px": 115,
      "f2_local_snap_search_px": 8,
      "f2_local_snap_search_up_px": 14,
      "f2_local_snap_search_down_px": 2,
      "f2_local_snap_prefer_lower_weight": 0.0,
      "f2_consensus_x_range": [
        688,
        694
      ],
      "f2_consensus_y_px": 116,
      "f2_consensus_anchor_y_px": 115,
      "f2_consensus_seed_y_px": 118,
      "f2_consensus_support_cols": 6,
      "f2_consensus_support_ratio": 0.7996091259063319,
      "f2_consensus_jump_px": 1,
      "f2_consensus_tol_px": 5,
      "f2_consensus_reason": "accepted",
      "f2_consensus_applied": true,
      "f3_consensus_x_range": [
        688,
        694
      ],
      "f3_consensus_y_px": 163,
      "f3_consensus_anchor_y_px": 163,
      "f3_consensus_seed_y_px": 162,
      "f3_consensus_support_cols": 6,
      "f3_consensus_support_ratio": 0.7952027678898167,
      "f3_consensus_jump_px": 0,
      "f3_consensus_tol_px": 5,
      "f3_consensus_reason": "accepted",
      "f3_consensus_applied": true,
      "f4_consensus_x_range": [
        688,
        694
      ],
      "f4_consensus_y_px": 233,
      "f4_consensus_anchor_y_px": 251,
      "f4_consensus_seed_y_px": 232,
      "f4_consensus_support_cols": 6,
      "f4_consensus_support_ratio": 0.8099037784557616,
      "f4_consensus_jump_px": 18,
      "f4_consensus_tol_px": 6,
      "f4_consensus_reason": "accepted",
      "f4_consensus_applied": true,
      "scale_ranges": {
        "F1": [
          7.2,
          8.4
        ],
        "F2": [
          13.1,
          14.5
        ],
        "F3": [
          18.6,
          20.2
        ],
        "F4": [
          24.1,
          26.5
        ]
      }
    },
    "A": {
      "x_day0": 59,
      "x_day1": 392,
      "x_day2": 726,
      "day_w": 333.5,
      "x_day0_time": 59,
      "x_day1_time": 351,
      "x_day2_time": 644,
      "day_w_time": 292.3333333333333,
      "x_plot_end": 936,
      "x1_static": 936,
      "x1_dyn": 977,