{
  "saved_at_utc": "2026-03-07T05:09:07.865113+00:00",
  "source": "tomsk_sos70_param_charts",
  "freq_max_hz": 40.0,
  "values": {
    "scale_ranges": {
      "F": {
        "F1": [
          7.2,
          8.4
        ],
        "F2": [
          13.1,
          14.5
        ],
        "F3": [
          18.6,
          20.2
        ],
        "F4": [
          24.1,
          26.5
        ]
      },
      "A": {
        "A1": [
          1.0,
          45.0
        ],
        "A2": [
          1.0,
          61.5
        ],
        "A3": [
          2.2,
          12.2
        ],
        "A4": [
          1.1,
          10.2
        ]
      },
      "Q": {
        "Q1": [
          4.0,
          38.0
        ],
        "Q2": [
          5.0,
          17.5
        ],
        "Q3": [
          7.0,
          23.0
        ],
        "Q4": [
          5.0,
          30.0
        ]
      }
    },
    "scale_units": {
      "F_hz": "Hz",
      "A_value": "idx",
      "Q_value": "idx"
    },
    "F_norm": {
      "F1": 0.11498257839721254,
      "F2": 0.40418118466898956,
      "F3": 0.43902439024390244,
      "F4": 0.7456445993031359
    },
    "F_y_px": {
      "F1": 68,
      "F2": 151,
      "F3": 161,
      "F4": 249
    },
    "F_lane_norm": {
      "F1": 0.47368421052631576,
      "F2": 0.9038461538461539,
      "F3": 0.06521739130434782,
      "F4": 0.9130434782608695
    },
    "F_hz": {
      "F1": 7.831578947368421,
      "F2": 13.234615384615385,
      "F3": 20.09565217391304,
      "F4": 24.308695652173913
    },
    "A_norm": {
      "A1": 0.30662020905923343,
      "A2": 0.519163763066202,
      "A3": 0.7073170731707317,
      "A4": 0.9337979094076655
    },
    "A_y_px": {
      "A1": 123,
      "A2": 184,
      "A3": 238,
      "A4": 303
    },
    "A_lane_norm": {
      "A1": 0.9518072289156626,
      "A2": 0.9387755102040817,
      "A3": 0.845360824742268,
      "A4": 0.8021978021978022
    },
    "A_value": {
      "A1": 3.1204819277108484,
      "A2": 4.7040816326530575,
      "A3": 3.7463917525773187,
      "A4": 2.8999999999999995
    },
    "Q_norm": {
      "Q1": 0.21254355400696864,
      "Q2": 0.445993031358885,
      "Q3": 0.6585365853658537,
      "Q4": 0.9547038327526133
    },
    "Q_y_px": {
      "Q1": 96,
      "Q2": 163,
      "Q3": 224,
      "Q4": 309
    },
    "Q_lane_norm": {
      "Q1": 0.5280898876404494,
      "Q2": 0.6082474226804123,
      "Q3": 0.6601941747572816,
      "Q4": 0.8588235294117647
    },
    "Q_value": {
      "Q1": 20.04494382022472,
      "Q2": 9.896907216494846,
      "Q3": 12.436893203883495,
      "Q4": 8.529411764705884
    }
  },
  "debug": {
    "F": {
      "x_day0": 59,
      "x_day1": 369,
      "x_day2": 679,
      "day_w": 310.0,
      "x_day0_time": 59,
      "x_day1_time": 351,
      "x_day2_time": 643,
      "day_w_time": 292.0,
      "x_plot_end": 935,
      "x1_static": 936,
      "x1_dyn": 935,
      "x1_dyn_used": true,
      "pph": 12.166666666666666,
      "pph_source": "day_width (tick-mismatch-fallback)",
      "pph_tick": 19.0,
      "tick_pph_rel_err": 0.5616438356164384,
      "tick_pph_valid": false,
      "tick_count": 50,
      "tick_quality": 0.6944444444444444,
      "tick_used": false,
      "x_frontier": 916,
      "frontier_method": "activity_scan",
      "frontier_activity_thr": 0.42628493905067444,
      "frontier_activity_right_tail": 0.17651468515396118,
      "frontier_activity_run_px": 8,
      "guard_px": 4,
      "left_guard": 645,
      "right_guard": 912,
      "x_time": 791,
      "x_ideal": 791,
      "x_now": 791,
      "x_now_method": "ideal",
      "hour_now_tsst": 12.151944444444444,
      "delta_min_to_guard": 596.7123287671233,
      "frontier_day_fill": 0.934931506849315,
      "rollover_candidate": false,
      "bias_minutes_applied": 0.0,
      "measured_bias_minutes": null,
      "age_hours": null,
      "status": "ok",
      "x_pick": 790,
      "x_pick_edge": 791,
      "x_pick_safe_right": 923,
      "x_overlay": 791,
      "f1_path_x_range": [
        777,
        791
      ],
      "f1_path_target_col": 13,
      "f1_path_y_px": 50,
      "f4_path_x_range": [
        777,
        791
      ],
      "f4_path_target_col": 13,
      "f4_path_y_px": 251,
      "f1_path2_x_range": [
        781,
        791
      ],
      "f1_path2_target_col": 9,
      "f1_path2_y_px": 70,
      "f1_path2_y_direct_px": 50,
      "f1_path2_direct_used": false,
      "f1_path2_direct_allowed": false,
      "f1_path2_left_weight": 0.35,
      "f1_path2_right_weight": 1.0,
      "f2_path2_x_range": [
        781,
        791
      ],
      "f2_path2_target_col": 9,
      "f2_path2_y_px": 150,
      "f2_path2_y_direct_px": 160,
      "f2_path2_direct_used": false,
      "f2_path2_direct_allowed": false,
      "f2_path2_left_weight": 0.4,
      "f2_path2_right_weight": 1.0,
      "f4_path2_x_range": [
        781,
        791
      ],
      "f4_path2_target_col": 9,
      "f4_path2_y_px": 251,
      "f4_path2_y_direct_px": 230,
      "f4_path2_direct_used": false,
      "f4_path2_direct_allowed": false,
      "f4_path2_left_weight": 0.4,
      "f4_path2_right_weight": 1.0,
      "f1_local_snap_x": 791,
      "f1_local_snap_y_px": 68,
      "f1_local_snap_search_px": 8,
      "f1_local_snap_search_up_px": 4,
      "f1_local_snap_search_down_px": 12,
      "f1_local_snap_prefer_lower_weight": 0.02,
      "f3_local_snap_x": 791,
      "f3_local_snap_y_px": 161,
      "f3_local_snap_search_px": 6,
      "f3_local_snap_search_up_px": 6,
      "f3_local_snap_search_down_px": 6,
      "f3_local_snap_prefer_lower_weight": 0.0,
      "f4_local_snap_x": 791,
      "f4_local_snap_y_px": 249,
      "f4_local_snap_search_px": 8,
      "f4_local_snap_search_up_px": 6,
      "f4_local_snap_search_down_px": 14,
      "f4_local_snap_prefer_lower_weight": 0.05,
      "f2_local_snap_x": 791,
      "f2_local_snap_y_px": 151,
      "f2_local_snap_search_px": 8,
      "f2_local_snap_search_up_px": 14,
      "f2_local_snap_search_down_px": 2,
      "f2_local_snap_prefer_lower_weight": 0.0,
      "scale_ranges": {
        "F1": [
          7.2,
          8.4
        ],
        "F2": [
          13.1,
          14.5
        ],
        "F3": [
          18.6,
          20.2
        ],
        "F4": [
          24.1,
          26.5
        ]
      }
    },
    "A": {
      "x_day0": 59,
      "x_day1": 368,
      "x_day2": 678,
      "day_w": 309.5,
      "x_day0_time": 59,
      "x_day1_time": 351,
      "x_day2_time": 643,
      "day_w_time": 292.0,
      "x_plot_end": 935,
      "x1_static": 936,
      "x1_dyn": 935,
      "x1_dyn_used": true,
      "pph": 12.166666666666666,
      "pph_source": "day_width (tick-mismatch-fallback)",
      "pph_tick": 19.0,
      "tick_pph_rel_err": 0.5616438356164384,
      "tick_pph_valid": false,
      "tick_count": 50,
      "tick_quality": 0.6944444444444444,
      "tick_used": false,
      "x_frontier": 934,
      "frontier_method": "activity_scan",
      "frontier_activity_thr": 0.2721657156944275,
      "frontier_activity_right_tail": 0.21875500679016113,
      "frontier_activity_run_px": 8,
      "guard_px": 6,
      "left_guard": 645,
      "right_guard": 928,
      "x_time": 791,
      "x_ideal": 791,
      "x_now": 791,
      "x_now_method": "ideal",
      "hour_now_tsst": 12.151944444444444,
      "delta_min_to_guard": 675.6164383561644,
      "frontier_day_fill": 0.9965753424657534,
      "rollover_candidate": false,
      "bias_minutes_applied": 0.0,
      "measured_bias_minutes": null,
      "age_hours": null,
      "status": "ok",
      "x_pick": 787,
      "x_pick_safe_right": 911,
      "x_overlay": 787,
      "a2_path2_x_range": [
        777,
        787
      ],
      "a2_path2_target_col": 9,
      "a2_path2_y_px": 181,
      "a2_path2_y_direct_px": 183,
      "a2_path2_direct_used": false,
      "a2_path2_direct_allowed": true,
      "a2_path2_left_weight": 0.45,
      "a2_path2_right_weight": 1.0,