{
  "saved_at_utc": "2026-03-24T17:11:17.173205+00:00",
  "source": "tomsk_sos70_param_charts",
  "freq_max_hz": 40.0,
  "values": {
    "scale_ranges": {
      "F": {
        "F1": [
          7.2,
          8.4
        ],
        "F2": [
          13.1,
          14.5
        ],
        "F3": [
          18.6,
          20.2
        ],
        "F4": [
          24.1,
          26.5
        ]
      },
      "A": {
        "A1": [
          1.0,
          45.0
        ],
        "A2": [
          1.0,
          61.5
        ],
        "A3": [
          2.2,
          12.2
        ],
        "A4": [
          1.1,
          10.2
        ]
      },
      "Q": {
        "Q1": [
          4.0,
          38.0
        ],
        "Q2": [
          5.0,
          17.5
        ],
        "Q3": [
          7.0,
          23.0
        ],
        "Q4": [
          5.0,
          30.0
        ]
      }
    },
    "scale_units": {
      "F_hz": "Hz",
      "A_value": "idx",
      "Q_value": "idx"
    },
    "F_norm": {
      "F1": 0.1986062717770035,
      "F2": 0.40418118466898956,
      "F3": 0.578397212543554,
      "F4": 0.6794425087108014
    },
    "F_y_px": {
      "F1": 92,
      "F2": 151,
      "F3": 201,
      "F4": 230
    },
    "F_lane_norm": {
      "F1": 0.8947368421052632,
      "F2": 0.9038461538461539,
      "F3": 0.9347826086956522,
      "F4": 0.5
    },
    "F_hz": {
      "F1": 7.326315789473684,
      "F2": 13.234615384615385,
      "F3": 18.70434782608696,
      "F4": 25.3
    },
    "A_norm": {
      "A1": 0.0975609756097561,
      "A2": 0.27526132404181186,
      "A3": 0.4843205574912892,
      "A4": 0.7804878048780488
    },
    "A_y_px": {
      "A1": 63,
      "A2": 114,
      "A3": 174,
      "A4": 259
    },
    "A_lane_norm": {
      "A1": 0.2289156626506024,
      "A2": 0.22448979591836735,
      "A3": 0.18556701030927836,
      "A4": 0.31868131868131866
    },
    "A_value": {
      "A1": 34.9277108433735,
      "A2": 47.91836734693878,
      "A3": 10.344329896907215,
      "A4": 7.3
    },
    "Q_norm": {
      "Q1": 0.30662020905923343,
      "Q2": 0.4529616724738676,
      "Q3": 0.7177700348432056,
      "Q4": 0.8850174216027874
    },
    "Q_y_px": {
      "Q1": 123,
      "Q2": 165,
      "Q3": 241,
      "Q4": 289
    },
    "Q_lane_norm": {
      "Q1": 0.8314606741573034,
      "Q2": 0.6288659793814433,
      "Q3": 0.8252427184466019,
      "Q4": 0.6235294117647059
    },
    "Q_value": {
      "Q1": 9.730337078651683,
      "Q2": 9.63917525773196,
      "Q3": 9.79611650485437,
      "Q4": 14.411764705882353
    }
  },
  "debug": {
    "F": {
      "x_day0": 59,
      "x_day1": 362,
      "x_day2": 665,
      "day_w": 303.0,
      "x_day0_time": 59,
      "x_day1_time": 351,
      "x_day2_time": 644,
      "day_w_time": 292.3333333333333,
      "x_plot_end": 936,
      "x1_static": 936,
      "x1_dyn": 1006,
      "x1_dyn_used": false,
      "pph": 12.180555555555555,
      "pph_source": "day_width (tick-mismatch-fallback)",
      "pph_tick": 19.0,
      "tick_pph_rel_err": 0.5598631698973775,
      "tick_pph_valid": false,
      "tick_count": 50,
      "tick_quality": 0.6944444444444444,
      "tick_used": false,
      "x_frontier": 935,
      "frontier_method": "activity_scan",
      "frontier_activity_thr": 0.36302494555711745,
      "frontier_activity_right_tail": 0.32657209038734436,
      "frontier_activity_run_px": 8,
      "guard_px": 4,
      "left_guard": 646,
      "right_guard": 931,
      "x_time": 646,
      "x_ideal": 646,
      "x_now": 646,
      "x_now_method": "ideal",
      "hour_now_tsst": 0.18805555555555553,
      "rollover_hour_min": 3.0,
      "rollover_hour_max": 8.5,
      "delta_min_to_guard": 1403.8768529076397,
      "delta_min_to_frontier": 1423.5803876852908,
      "frontier_day_fill": 0.9954389965792475,
      "rollover_candidate": false,
      "bias_minutes_applied": 0.0,
      "measured_bias_minutes": null,
      "age_hours": null,
      "status": "ok",
      "x_pick": 645,
      "x_pick_edge": 646,
      "x_pick_safe_right": 924,
      "x_overlay": 646,
      "f1_path_x_range": [
        632,
        646
      ],
      "f1_path_target_col": 13,
      "f1_path_y_px": 94,
      "f4_path_x_range": [
        632,
        646
      ],
      "f4_path_target_col": 13,
      "f4_path_y_px": 251,
      "f1_path2_x_range": [
        636,
        646
      ],
      "f1_path2_target_col": 9,
      "f1_path2_y_px": 94,
      "f1_path2_y_direct_px": 95,
      "f1_path2_direct_used": false,
      "f1_path2_direct_allowed": false,
      "f1_path2_left_weight": 0.35,
      "f1_path2_right_weight": 1.0,
      "f2_path2_x_range": [
        636,
        646
      ],
      "f2_path2_target_col": 9,
      "f2_path2_y_px": 151,
      "f2_path2_y_direct_px": 151,
      "f2_path2_direct_used": false,
      "f2_path2_direct_allowed": false,
      "f2_path2_left_weight": 0.4,
      "f2_path2_right_weight": 1.0,
      "f4_path2_x_range": [
        636,
        646
      ],
      "f4_path2_target_col": 9,
      "f4_path2_y_px": 251,
      "f4_path2_y_direct_px": 230,
      "f4_path2_direct_used": false,
      "f4_path2_direct_allowed": false,
      "f4_path2_left_weight": 0.4,
      "f4_path2_right_weight": 1.0,
      "f1_local_snap_x": 646,
      "f1_local_snap_y_px": 92,
      "f1_local_snap_search_px": 8,
      "f1_local_snap_search_up_px": 4,
      "f1_local_snap_search_down_px": 12,
      "f1_local_snap_prefer_lower_weight": 0.02,
      "f3_local_snap_x": 646,
      "f3_local_snap_y_px": 202,
      "f3_local_snap_search_px": 6,
      "f3_local_snap_search_up_px": 6,
      "f3_local_snap_search_down_px": 6,
      "f3_local_snap_prefer_lower_weight": 0.0,
      "f4_local_snap_x": 646,
      "f4_local_snap_y_px": 251,
      "f4_local_snap_search_px": 8,
      "f4_local_snap_search_up_px": 6,
      "f4_local_snap_search_down_px": 14,
      "f4_local_snap_prefer_lower_weight": 0.05,
      "f2_local_snap_x": 646,
      "f2_local_snap_y_px": 152,
      "f2_local_snap_search_px": 8,
      "f2_local_snap_search_up_px": 14,
      "f2_local_snap_search_down_px": 2,
      "f2_local_snap_prefer_lower_weight": 0.0,
      "f2_consensus_x_range": [
        640,
        646
      ],
      "f2_consensus_y_px": 151,
      "f2_consensus_anchor_y_px": 152,
      "f2_consensus_seed_y_px": 154,
      "f2_consensus_support_cols": 7,
      "f2_consensus_support_ratio": 1.0,
      "f2_consensus_jump_px": 1,
      "f2_consensus_tol_px": 5,
      "f2_consensus_reason": "accepted",
      "f2_consensus_applied": true,
      "f3_consensus_x_range": [
        640,
        646
      ],
      "f3_consensus_y_px": 201,
      "f3_consensus_anchor_y_px": 202,
      "f3_consensus_seed_y_px": 204,
      "f3_consensus_support_cols": 4,
      "f3_consensus_support_ratio": 0.6099438497181073,
      "f3_consensus_jump_px": 1,
      "f3_consensus_tol_px": 5,
      "f3_consensus_reason": "accepted",
      "f3_consensus_applied": true,
      "f4_consensus_x_range": [
        640,
        646
      ],
      "f4_consensus_y_px": 230,
      "f4_consensus_anchor_y_px": 251,
      "f4_consensus_seed_y_px": 230,
      "f4_consensus_support_cols": 6,
      "f4_consensus_support_ratio": 0.9078145469043687,
      "f4_consensus_jump_px": 21,
      "f4_consensus_tol_px": 6,
      "f4_consensus_reason": "accepted",
      "f4_consensus_applied": true,
      "scale_ranges": {
        "F1": [
          7.2,
          8.4
        ],
        "F2": [
          13.1,
          14.5
        ],
        "F3": [
          18.6,
          20.2
        ],
        "F4": [
          24.1,
          26.5
        ]
      }
    },
    "A": {
      "x_day0": 59,
      "x_day1": 380,
      "x_day2": 702,
      "day_w": 321.5,
      "x_day0_time": 59,
      "x_day1_time": 351,
      "x_day2_time": 644,
      "day_w_time": 292.3333333333333,
      "x_plot_end": 936,
      "x1_static": 936,
      "x1_dyn": 1006,
      "x1_dyn_used": false,
      "pph": 12.180555555555555,