{
  "saved_at_utc": "2026-03-14T14:14:02.214937+00:00",
  "source": "tomsk_sos70_param_charts",
  "freq_max_hz": 40.0,
  "values": {
    "scale_ranges": {
      "F": {
        "F1": [
          7.2,
          8.4
        ],
        "F2": [
          13.1,
          14.5
        ],
        "F3": [
          18.6,
          20.2
        ],
        "F4": [
          24.1,
          26.5
        ]
      },
      "A": {
        "A1": [
          1.0,
          45.0
        ],
        "A2": [
          1.0,
          61.5
        ],
        "A3": [
          2.2,
          12.2
        ],
        "A4": [
          1.1,
          10.2
        ]
      },
      "Q": {
        "Q1": [
          4.0,
          38.0
        ],
        "Q2": [
          5.0,
          17.5
        ],
        "Q3": [
          7.0,
          23.0
        ],
        "Q4": [
          5.0,
          30.0
        ]
      }
    },
    "scale_units": {
      "F_hz": "Hz",
      "A_value": "idx",
      "Q_value": "idx"
    },
    "F_norm": {
      "F1": 0.1986062717770035,
      "F2": 0.3554006968641115,
      "F3": 0.4529616724738676,
      "F4": 0.686411149825784
    },
    "F_y_px": {
      "F1": 92,
      "F2": 137,
      "F3": 165,
      "F4": 232
    },
    "F_lane_norm": {
      "F1": 0.8947368421052632,
      "F2": 0.6346153846153846,
      "F3": 0.15217391304347827,
      "F4": 0.5434782608695652
    },
    "F_hz": {
      "F1": 7.326315789473684,
      "F2": 13.611538461538462,
      "F3": 19.956521739130434,
      "F4": 25.195652173913043
    },
    "A_norm": {
      "A1": 0.1951219512195122,
      "A2": 0.3344947735191638,
      "A3": 0.6968641114982579,
      "A4": 0.9581881533101045
    },
    "A_y_px": {
      "A1": 91,
      "A2": 131,
      "A3": 235,
      "A4": 310
    },
    "A_lane_norm": {
      "A1": 0.5662650602409639,
      "A2": 0.3979591836734694,
      "A3": 0.8144329896907216,
      "A4": 0.8791208791208791
    },
    "A_value": {
      "A1": 20.08433734939759,
      "A2": 37.423469387755105,
      "A3": 4.055670103092783,
      "A4": 2.2
    },
    "Q_norm": {
      "Q1": 0.1986062717770035,
      "Q2": 0.3344947735191638,
      "Q3": 0.4529616724738676,
      "Q4": 0.9581881533101045
    },
    "Q_y_px": {
      "Q1": 92,
      "Q2": 131,
      "Q3": 165,
      "Q4": 310
    },
    "Q_lane_norm": {
      "Q1": 0.48314606741573035,
      "Q2": 0.27835051546391754,
      "Q3": 0.08737864077669903,
      "Q4": 0.8705882352941177
    },
    "Q_value": {
      "Q1": 21.573033707865168,
      "Q2": 14.02061855670103,
      "Q3": 21.601941747572816,
      "Q4": 8.235294117647058
    }
  },
  "debug": {
    "F": {
      "x_day0": 59,
      "x_day1": 375,
      "x_day2": 691,
      "day_w": 316.0,
      "x_day0_time": 59,
      "x_day1_time": 351,
      "x_day2_time": 643,
      "day_w_time": 292.0,
      "x_plot_end": 935,
      "x1_static": 936,
      "x1_dyn": 935,
      "x1_dyn_used": true,
      "pph": 12.166666666666666,
      "pph_source": "day_width (tick-mismatch-fallback)",
      "pph_tick": 19.0,
      "tick_pph_rel_err": 0.5616438356164384,
      "tick_pph_valid": false,
      "tick_count": 50,
      "tick_quality": 0.6944444444444444,
      "tick_used": false,
      "x_frontier": 895,
      "frontier_method": "activity_scan",
      "frontier_activity_thr": 0.36305967569351194,
      "frontier_activity_right_tail": 0.07178886234760284,
      "frontier_activity_run_px": 8,
      "guard_px": 4,
      "left_guard": 645,
      "right_guard": 891,
      "x_time": 901,
      "x_ideal": 901,
      "x_now": 901,
      "x_now_method": "ideal",
      "hour_now_tsst": 21.233888888888888,
      "rollover_hour_min": 3.0,
      "rollover_hour_max": 8.5,
      "delta_min_to_guard": -49.31506849315069,
      "delta_min_to_frontier": -29.589041095890412,
      "frontier_day_fill": 0.863013698630137,
      "rollover_candidate": false,
      "bias_minutes_applied": 0.0,
      "measured_bias_minutes": null,
      "age_hours": null,
      "status": "ok",
      "x_pick": 900,
      "x_pick_edge": 901,
      "x_pick_safe_right": 923,
      "x_overlay": 901,
      "f1_path_x_range": [
        887,
        901
      ],
      "f1_path_target_col": 13,
      "f1_path_y_px": 84,
      "f4_path_x_range": [
        887,
        901
      ],
      "f4_path_target_col": 13,
      "f4_path_y_px": 231,
      "f1_path2_x_range": [
        891,
        901
      ],
      "f1_path2_target_col": 9,
      "f1_path2_y_px": 90,
      "f1_path2_y_direct_px": 93,
      "f1_path2_direct_used": false,
      "f1_path2_direct_allowed": false,
      "f1_path2_left_weight": 0.35,
      "f1_path2_right_weight": 1.0,
      "f2_path2_x_range": [
        891,
        901
      ],
      "f2_path2_target_col": 9,
      "f2_path2_y_px": 131,
      "f2_path2_y_direct_px": 137,
      "f2_path2_direct_used": false,
      "f2_path2_direct_allowed": false,
      "f2_path2_left_weight": 0.4,
      "f2_path2_right_weight": 1.0,
      "f4_path2_x_range": [
        891,
        901
      ],
      "f4_path2_target_col": 9,
      "f4_path2_y_px": 231,
      "f4_path2_y_direct_px": 233,
      "f4_path2_direct_used": false,
      "f4_path2_direct_allowed": false,
      "f4_path2_left_weight": 0.4,
      "f4_path2_right_weight": 1.0,
      "f1_local_snap_x": 901,
      "f1_local_snap_y_px": 92,
      "f1_local_snap_search_px": 8,
      "f1_local_snap_search_up_px": 4,
      "f1_local_snap_search_down_px": 12,
      "f1_local_snap_prefer_lower_weight": 0.02,
      "f3_local_snap_x": 901,
      "f3_local_snap_y_px": 165,
      "f3_local_snap_search_px": 6,
      "f3_local_snap_search_up_px": 6,
      "f3_local_snap_search_down_px": 6,
      "f3_local_snap_prefer_lower_weight": 0.0,
      "f4_local_snap_x": 901,
      "f4_local_snap_y_px": 232,
      "f4_local_snap_search_px": 8,
      "f4_local_snap_search_up_px": 6,
      "f4_local_snap_search_down_px": 14,
      "f4_local_snap_prefer_lower_weight": 0.05,
      "f2_local_snap_x": 901,
      "f2_local_snap_y_px": 130,
      "f2_local_snap_search_px": 8,
      "f2_local_snap_search_up_px": 14,
      "f2_local_snap_search_down_px": 2,
      "f2_local_snap_prefer_lower_weight": 0.0,
      "f2_consensus_x_range": [
        895,
        901
      ],
      "f2_consensus_y_px": 137,
      "f2_consensus_anchor_y_px": 130,
      "f2_consensus_seed_y_px": 137,
      "f2_consensus_support_cols": 6,
      "f2_consensus_support_ratio": 0.8516337510662029,
      "f2_consensus_jump_px": 7,
      "f2_consensus_tol_px": 5,
      "f2_consensus_reason": "accepted",
      "f2_consensus_applied": true,
      "f3_consensus_x_range": [
        895,
        901
      ],
      "f3_consensus_y_px": 165,
      "f3_consensus_anchor_y_px": 165,
      "f3_consensus_seed_y_px": 169,
      "f3_consensus_support_cols": 6,
      "f3_consensus_support_ratio": 0.8090981856990395,
      "f3_consensus_jump_px": 0,
      "f3_consensus_tol_px": 5,
      "f3_consensus_reason": "accepted",
      "f3_consensus_applied": true,
      "f4_consensus_x_range": [
        895,
        901
      ],
      "f4_consensus_y_px": 232,
      "f4_consensus_anchor_y_px": 232,
      "f4_consensus_seed_y_px": 231,
      "f4_consensus_support_cols": 7,
      "f4_consensus_support_ratio": 1.0,
      "f4_consensus_jump_px": 0,
      "f4_consensus_tol_px": 6,
      "f4_consensus_reason": "accepted",
      "f4_consensus_applied": true,
      "scale_ranges": {
        "F1": [
          7.2,
          8.4
        ],
        "F2": [
          13.1,
          14.5
        ],
        "F3": [
          18.6,
          20.2
        ],
        "F4": [
          24.1,
          26.5
        ]
      }
    },
    "A": {
      "x_day0": 59,
      "x_day1": 372,
      "x_day2": 684,
      "day_w": 312.5,
      "x_day0_time": 59,
      "x_day1_time": 351,
      "x_day2_time": 643,
      "day_w_time": 292.0,
      "x_plot_end": 935,
      "x1_static": 936,
      "x1_dyn": 935,
      "x1_dyn_used": true,
      "pph": 12.166666666666666,