{
  "saved_at_utc": "2026-05-16T00:05:12.224608+00:00",
  "source": "tomsk_sos70_param_charts",
  "freq_max_hz": 40.0,
  "values": {
    "scale_ranges": {
      "F": {
        "F1": [
          7.2,
          8.4
        ],
        "F2": [
          13.1,
          14.5
        ],
        "F3": [
          18.6,
          20.2
        ],
        "F4": [
          24.1,
          26.5
        ]
      },
      "A": {
        "A1": [
          1.0,
          45.0
        ],
        "A2": [
          1.0,
          61.5
        ],
        "A3": [
          2.2,
          12.2
        ],
        "A4": [
          1.1,
          10.2
        ]
      },
      "Q": {
        "Q1": [
          4.0,
          38.0
        ],
        "Q2": [
          5.0,
          17.5
        ],
        "Q3": [
          7.0,
          23.0
        ],
        "Q4": [
          5.0,
          30.0
        ]
      }
    },
    "scale_units": {
      "F_hz": "Hz",
      "A_value": "idx",
      "Q_value": "idx"
    },
    "F_norm": {
      "F1": 0.0313588850174216,
      "F2": 0.3519163763066202,
      "F3": 0.5574912891986062,
      "F4": 0.8013937282229965
    },
    "F_y_px": {
      "F1": 44,
      "F2": 136,
      "F3": 195,
      "F4": 265
    },
    "F_lane_norm": {
      "F1": 0.05263157894736842,
      "F2": 0.6153846153846154,
      "F3": 0.8043478260869565,
      "F4": 1.0
    },
    "F_hz": {
      "F1": 8.336842105263159,
      "F2": 13.638461538461538,
      "F3": 18.91304347826087,
      "F4": 24.1
    },
    "A_norm": {
      "A1": 0.2857142857142857,
      "A2": 0.3867595818815331,
      "A3": 0.6480836236933798,
      "A4": 0.8989547038327527
    },
    "A_y_px": {
      "A1": 117,
      "A2": 146,
      "A3": 221,
      "A4": 293
    },
    "A_lane_norm": {
      "A1": 0.8795180722891566,
      "A2": 0.5510204081632653,
      "A3": 0.6701030927835051,
      "A4": 0.6923076923076923
    },
    "A_value": {
      "A1": 6.30120481927711,
      "A2": 28.163265306122454,
      "A3": 5.4989690721649485,
      "A4": 3.8999999999999995
    },
    "Q_norm": {
      "Q1": 0.28222996515679444,
      "Q2": 0.4425087108013937,
      "Q3": 0.6550522648083623,
      "Q4": 0.818815331010453
    },
    "Q_y_px": {
      "Q1": 116,
      "Q2": 162,
      "Q3": 223,
      "Q4": 270
    },
    "Q_lane_norm": {
      "Q1": 0.7528089887640449,
      "Q2": 0.5979381443298969,
      "Q3": 0.6504854368932039,
      "Q4": 0.4
    },
    "Q_value": {
      "Q1": 12.404494382022474,
      "Q2": 10.025773195876289,
      "Q3": 12.592233009708737,
      "Q4": 20.0
    }
  },
  "debug": {
    "F": {
      "x_day0": 59,
      "x_day1": 374,
      "x_day2": 690,
      "day_w": 315.5,
      "x_day0_time": 59,
      "x_day1_time": 351,
      "x_day2_time": 643,
      "day_w_time": 292.0,
      "x_plot_end": 935,
      "x1_static": 936,
      "x1_dyn": 935,
      "x1_dyn_used": true,
      "pph": 12.166666666666666,
      "pph_source": "day_width (tick-mismatch-fallback)",
      "pph_tick": 19.0,
      "tick_pph_rel_err": 0.5616438356164384,
      "tick_pph_valid": false,
      "tick_count": 50,
      "tick_quality": 0.6944444444444444,
      "tick_used": false,
      "x_frontier": 731,
      "frontier_method": "activity_scan",
      "frontier_activity_thr": 0.49909389615058897,
      "frontier_activity_right_tail": 0.1875559538602829,
      "frontier_activity_run_px": 8,
      "guard_px": 4,
      "left_guard": 645,
      "right_guard": 727,
      "x_time": 729,
      "x_ideal": 729,
      "x_now": 729,
      "x_now_method": "harmonized_pair_cluster",
      "hour_now_tsst": 7.086666666666666,
      "rollover_hour_min": 3.0,
      "rollover_hour_max": 8.5,
      "delta_min_to_guard": -9.863013698630137,
      "delta_min_to_frontier": 9.863013698630137,
      "frontier_day_fill": 0.3013698630136986,
      "rollover_candidate": false,
      "bias_minutes_applied": 0.0,
      "measured_bias_minutes": null,
      "age_hours": null,
      "status": "ok",
      "x_now_before_harmonize": 729,
      "x_pick": 728,
      "x_pick_edge": 729,
      "x_pick_safe_right": 923,
      "x_overlay": 729,
      "f1_path_x_range": [
        715,
        729
      ],
      "f1_path_target_col": 13,
      "f1_path_y_px": 67,
      "f4_path_x_range": [
        715,
        729
      ],
      "f4_path_target_col": 13,
      "f4_path_y_px": 263,
      "f1_path2_x_range": [
        719,
        729
      ],
      "f1_path2_target_col": 9,
      "f1_path2_y_px": 44,
      "f1_path2_y_direct_px": 76,
      "f1_path2_direct_used": false,
      "f1_path2_direct_allowed": false,
      "f1_path2_left_weight": 0.35,
      "f1_path2_right_weight": 1.0,
      "f2_path2_x_range": [
        719,
        729
      ],
      "f2_path2_target_col": 9,
      "f2_path2_y_px": 135,
      "f2_path2_y_direct_px": 134,
      "f2_path2_direct_used": false,
      "f2_path2_direct_allowed": false,
      "f2_path2_left_weight": 0.4,
      "f2_path2_right_weight": 1.0,
      "f4_path2_x_range": [
        719,
        729
      ],
      "f4_path2_target_col": 9,
      "f4_path2_y_px": 262,
      "f4_path2_y_direct_px": 260,
      "f4_path2_direct_used": false,
      "f4_path2_direct_allowed": false,
      "f4_path2_left_weight": 0.4,
      "f4_path2_right_weight": 1.0,
      "f1_local_snap_x": 729,
      "f1_local_snap_y_px": 44,
      "f1_local_snap_search_px": 8,
      "f1_local_snap_search_up_px": 4,
      "f1_local_snap_search_down_px": 12,
      "f1_local_snap_prefer_lower_weight": 0.02,
      "f3_local_snap_x": 729,
      "f3_local_snap_y_px": 195,
      "f3_local_snap_search_px": 6,
      "f3_local_snap_search_up_px": 6,
      "f3_local_snap_search_down_px": 6,
      "f3_local_snap_prefer_lower_weight": 0.0,
      "f4_local_snap_x": 729,
      "f4_local_snap_y_px": 262,
      "f4_local_snap_search_px": 8,
      "f4_local_snap_search_up_px": 6,
      "f4_local_snap_search_down_px": 14,
      "f4_local_snap_prefer_lower_weight": 0.05,
      "f2_local_snap_x": 729,
      "f2_local_snap_y_px": 133,
      "f2_local_snap_search_px": 8,
      "f2_local_snap_search_up_px": 14,
      "f2_local_snap_search_down_px": 2,
      "f2_local_snap_prefer_lower_weight": 0.0,
      "f2_consensus_x_range": [
        723,
        729
      ],
      "f2_consensus_y_px": 136,
      "f2_consensus_anchor_y_px": 133,
      "f2_consensus_seed_y_px": 135,
      "f2_consensus_support_cols": 6,
      "f2_consensus_support_ratio": 0.811823153079095,
      "f2_consensus_jump_px": 3,
      "f2_consensus_tol_px": 5,
      "f2_consensus_reason": "accepted",
      "f2_consensus_applied": true,
      "f3_consensus_x_range": [
        723,
        729
      ],
      "f3_consensus_y_px": 195,
      "f3_consensus_anchor_y_px": 195,
      "f3_consensus_seed_y_px": 197,
      "f3_consensus_support_cols": 6,
      "f3_consensus_support_ratio": 0.8592235158705566,
      "f3_consensus_jump_px": 0,
      "f3_consensus_tol_px": 5,
      "f3_consensus_reason": "accepted",
      "f3_consensus_applied": true,
      "f4_consensus_x_range": [
        723,
        729
      ],
      "f4_consensus_y_px": 265,
      "f4_consensus_anchor_y_px": 262,
      "f4_consensus_seed_y_px": 265,
      "f4_consensus_support_cols": 7,
      "f4_consensus_support_ratio": 1.0,
      "f4_consensus_jump_px": 3,
      "f4_consensus_tol_px": 6,
      "f4_consensus_reason": "accepted",
      "f4_consensus_applied": true,
      "scale_ranges": {
        "F1": [
          7.2,
          8.4
        ],
        "F2": [
          13.1,
          14.5
        ],
        "F3": [
          18.6,
          20.2
        ],
        "F4": [
          24.1,
          26.5
        ]
      }
    },
    "A": {
      "x_day0": 59,
      "x_day1": 372,
      "x_day2": 684,
      "day_w": 312.5,
      "x_day0_time": 59,
      "x_day1_time": 351,
      "x_day2_time": 643,
      "day_w_time": 292.0,
      "x_plot_end": 935,
      "x1_static": 936,
      "x1_dyn": 935,
      "x1_dyn_used": true,
      "pph": 12.166666666666666,