{
  "saved_at_utc": "2026-04-10T12:01:57.710016+00:00",
  "source": "tomsk_sos70_param_charts",
  "freq_max_hz": 40.0,
  "values": {
    "scale_ranges": {
      "F": {
        "F1": [
          7.2,
          8.4
        ],
        "F2": [
          13.1,
          14.5
        ],
        "F3": [
          18.6,
          20.2
        ],
        "F4": [
          24.1,
          26.5
        ]
      },
      "A": {
        "A1": [
          1.0,
          45.0
        ],
        "A2": [
          1.0,
          61.5
        ],
        "A3": [
          2.2,
          12.2
        ],
        "A4": [
          1.1,
          10.2
        ]
      },
      "Q": {
        "Q1": [
          4.0,
          38.0
        ],
        "Q2": [
          5.0,
          17.5
        ],
        "Q3": [
          7.0,
          23.0
        ],
        "Q4": [
          5.0,
          30.0
        ]
      }
    },
    "scale_units": {
      "F_hz": "Hz",
      "A_value": "idx",
      "Q_value": "idx"
    },
    "F_norm": {
      "F1": 0.0313588850174216,
      "F2": 0.3344947735191638,
      "F3": 0.5749128919860628,
      "F4": 0.686411149825784
    },
    "F_y_px": {
      "F1": 44,
      "F2": 131,
      "F3": 200,
      "F4": 232
    },
    "F_lane_norm": {
      "F1": 0.05263157894736842,
      "F2": 0.5192307692307693,
      "F3": 0.9130434782608695,
      "F4": 0.5434782608695652
    },
    "F_hz": {
      "F1": 8.336842105263159,
      "F2": 13.773076923076923,
      "F3": 18.73913043478261,
      "F4": 25.195652173913043
    },
    "A_norm": {
      "A1": 0.31010452961672474,
      "A2": 0.4738675958188153,
      "A3": 0.735191637630662,
      "A4": 0.9512195121951219
    },
    "A_y_px": {
      "A1": 124,
      "A2": 171,
      "A3": 246,
      "A4": 308
    },
    "A_lane_norm": {
      "A1": 0.963855421686747,
      "A2": 0.8061224489795918,
      "A3": 0.9278350515463918,
      "A4": 0.8571428571428571
    },
    "A_value": {
      "A1": 2.590361445783131,
      "A2": 12.729591836734691,
      "A3": 2.921649484536081,
      "A4": 2.4000000000000004
    },
    "Q_norm": {
      "Q1": 0.2857142857142857,
      "Q2": 0.39372822299651566,
      "Q3": 0.5818815331010453,
      "Q4": 0.8745644599303136
    },
    "Q_y_px": {
      "Q1": 117,
      "Q2": 148,
      "Q3": 202,
      "Q4": 286
    },
    "Q_lane_norm": {
      "Q1": 0.7640449438202247,
      "Q2": 0.4536082474226804,
      "Q3": 0.44660194174757284,
      "Q4": 0.5882352941176471
    },
    "Q_value": {
      "Q1": 12.022471910112362,
      "Q2": 11.829896907216494,
      "Q3": 15.854368932038835,
      "Q4": 15.294117647058822
    }
  },
  "debug": {
    "F": {
      "x_day0": 59,
      "x_day1": 392,
      "x_day2": 726,
      "day_w": 333.5,
      "x_day0_time": 59,
      "x_day1_time": 351,
      "x_day2_time": 643,
      "day_w_time": 292.0,
      "x_plot_end": 935,
      "x1_static": 936,
      "x1_dyn": 935,
      "x1_dyn_used": true,
      "pph": 12.166666666666666,
      "pph_source": "day_width (tick-mismatch-fallback)",
      "pph_tick": 19.0,
      "tick_pph_rel_err": 0.5616438356164384,
      "tick_pph_valid": false,
      "tick_count": 50,
      "tick_quality": 0.6944444444444444,
      "tick_used": false,
      "x_frontier": 871,
      "frontier_method": "activity_scan",
      "frontier_activity_thr": 0.3795596823096275,
      "frontier_activity_right_tail": 0.07235795259475708,
      "frontier_activity_run_px": 8,
      "guard_px": 4,
      "left_guard": 645,
      "right_guard": 867,
      "x_time": 875,
      "x_ideal": 875,
      "x_now": 875,
      "x_now_method": "ideal",
      "hour_now_tsst": 19.0325,
      "rollover_hour_min": 3.0,
      "rollover_hour_max": 8.5,
      "delta_min_to_guard": -39.45205479452055,
      "delta_min_to_frontier": -19.726027397260275,
      "frontier_day_fill": 0.7808219178082192,
      "rollover_candidate": false,
      "bias_minutes_applied": 0.0,
      "measured_bias_minutes": null,
      "age_hours": null,
      "status": "ok",
      "x_pick": 874,
      "x_pick_edge": 875,
      "x_pick_safe_right": 923,
      "x_overlay": 875,
      "f1_path_x_range": [
        861,
        875
      ],
      "f1_path_target_col": 13,
      "f1_path_y_px": 43,
      "f4_path_x_range": [
        861,
        875
      ],
      "f4_path_target_col": 13,
      "f4_path_y_px": 244,
      "f1_path2_x_range": [
        865,
        875
      ],
      "f1_path2_target_col": 9,
      "f1_path2_y_px": 44,
      "f1_path2_y_direct_px": 44,
      "f1_path2_direct_used": false,
      "f1_path2_direct_allowed": false,
      "f1_path2_left_weight": 0.35,
      "f1_path2_right_weight": 1.0,
      "f2_path2_x_range": [
        865,
        875
      ],
      "f2_path2_target_col": 9,
      "f2_path2_y_px": 131,
      "f2_path2_y_direct_px": 130,
      "f2_path2_direct_used": false,
      "f2_path2_direct_allowed": false,
      "f2_path2_left_weight": 0.4,
      "f2_path2_right_weight": 1.0,
      "f4_path2_x_range": [
        865,
        875
      ],
      "f4_path2_target_col": 9,
      "f4_path2_y_px": 250,
      "f4_path2_y_direct_px": 251,
      "f4_path2_direct_used": false,
      "f4_path2_direct_allowed": false,
      "f4_path2_left_weight": 0.4,
      "f4_path2_right_weight": 1.0,
      "f1_local_snap_x": 875,
      "f1_local_snap_y_px": 44,
      "f1_local_snap_search_px": 8,
      "f1_local_snap_search_up_px": 4,
      "f1_local_snap_search_down_px": 12,
      "f1_local_snap_prefer_lower_weight": 0.02,
      "f3_local_snap_x": 875,
      "f3_local_snap_y_px": 200,
      "f3_local_snap_search_px": 6,
      "f3_local_snap_search_up_px": 6,
      "f3_local_snap_search_down_px": 6,
      "f3_local_snap_prefer_lower_weight": 0.0,
      "f4_local_snap_x": 875,
      "f4_local_snap_y_px": 251,
      "f4_local_snap_search_px": 8,
      "f4_local_snap_search_up_px": 6,
      "f4_local_snap_search_down_px": 14,
      "f4_local_snap_prefer_lower_weight": 0.05,
      "f2_local_snap_x": 875,
      "f2_local_snap_y_px": 131,
      "f2_local_snap_search_px": 8,
      "f2_local_snap_search_up_px": 14,
      "f2_local_snap_search_down_px": 2,
      "f2_local_snap_prefer_lower_weight": 0.0,
      "f2_consensus_applied": false,
      "f2_consensus_x_range": [
        869,
        875
      ],
      "f2_consensus_y_px": 110,
      "f2_consensus_anchor_y_px": 131,
      "f2_consensus_seed_y_px": 110,
      "f2_consensus_support_cols": 4,
      "f2_consensus_support_ratio": 0.6355509058918636,
      "f2_consensus_jump_px": 21,
      "f2_consensus_tol_px": 5,
      "f2_consensus_reason": "excessive_jump",
      "f3_consensus_applied": false,
      "f3_consensus_x_range": [
        869,
        875
      ],
      "f3_consensus_y_px": 198,
      "f3_consensus_anchor_y_px": 200,
      "f3_consensus_seed_y_px": 198,
      "f3_consensus_support_cols": 4,
      "f3_consensus_support_ratio": 0.4601062959042246,
      "f3_consensus_jump_px": 2,
      "f3_consensus_tol_px": 5,
      "f3_consensus_reason": "low_support",
      "f4_consensus_x_range": [
        869,
        875
      ],
      "f4_consensus_y_px": 232,
      "f4_consensus_anchor_y_px": 251,
      "f4_consensus_seed_y_px": 233,
      "f4_consensus_support_cols": 5,
      "f4_consensus_support_ratio": 0.7618940858859027,
      "f4_consensus_jump_px": 19,
      "f4_consensus_tol_px": 6,
      "f4_consensus_reason": "accepted",
      "f4_consensus_applied": true,
      "scale_ranges": {
        "F1": [
          7.2,
          8.4
        ],
        "F2": [
          13.1,
          14.5
        ],
        "F3": [
          18.6,
          20.2
        ],
        "F4": [
          24.1,
          26.5
        ]
      }
    },
    "A": {
      "x_day0": 59,
      "x_day1": 372,
      "x_day2": 684,
      "day_w": 312.5,
      "x_day0_time": 59,
      "x_day1_time": 351,
      "x_day2_time": 644,
      "day_w_time": 292.3333333333333,
      "x_plot_end": 936,
      "x1_static": 936,
      "x1_dyn": 977,
      "x1_dyn_used": false,