{
  "saved_at_utc": "2026-04-22T16:31:30.299483+00:00",
  "source": "tomsk_sos70_param_charts",
  "freq_max_hz": 40.0,
  "values": {
    "scale_ranges": {
      "F": {
        "F1": [
          7.2,
          8.4
        ],
        "F2": [
          13.1,
          14.5
        ],
        "F3": [
          18.6,
          20.2
        ],
        "F4": [
          24.1,
          26.5
        ]
      },
      "A": {
        "A1": [
          1.0,
          45.0
        ],
        "A2": [
          1.0,
          61.5
        ],
        "A3": [
          2.2,
          12.2
        ],
        "A4": [
          1.1,
          10.2
        ]
      },
      "Q": {
        "Q1": [
          4.0,
          38.0
        ],
        "Q2": [
          5.0,
          17.5
        ],
        "Q3": [
          7.0,
          23.0
        ],
        "Q4": [
          5.0,
          30.0
        ]
      }
    },
    "scale_units": {
      "F_hz": "Hz",
      "A_value": "idx",
      "Q_value": "idx"
    },
    "F_norm": {
      "F1": 0.08362369337979095,
      "F2": 0.3310104529616725,
      "F3": 0.5052264808362369,
      "F4": 0.7491289198606271
    },
    "F_y_px": {
      "F1": 59,
      "F2": 130,
      "F3": 180,
      "F4": 250
    },
    "F_lane_norm": {
      "F1": 0.3157894736842105,
      "F2": 0.5,
      "F3": 0.4782608695652174,
      "F4": 0.9347826086956522
    },
    "F_hz": {
      "F1": 8.021052631578948,
      "F2": 13.8,
      "F3": 19.434782608695652,
      "F4": 24.256521739130434
    },
    "A_norm": {
      "A1": 0.2926829268292683,
      "A2": 0.37282229965156793,
      "A3": 0.7177700348432056,
      "A4": 0.9163763066202091
    },
    "A_y_px": {
      "A1": 119,
      "A2": 142,
      "A3": 241,
      "A4": 298
    },
    "A_lane_norm": {
      "A1": 0.9036144578313253,
      "A2": 0.5102040816326531,
      "A3": 0.8762886597938144,
      "A4": 0.7472527472527473
    },
    "A_value": {
      "A1": 5.240963855421683,
      "A2": 30.632653061224488,
      "A3": 3.437113402061854,
      "A4": 3.3999999999999995
    },
    "Q_norm": {
      "Q1": 0.2682926829268293,
      "Q2": 0.4425087108013937,
      "Q3": 0.6585365853658537,
      "Q4": 0.9616724738675958
    },
    "Q_y_px": {
      "Q1": 112,
      "Q2": 162,
      "Q3": 224,
      "Q4": 311
    },
    "Q_lane_norm": {
      "Q1": 0.7078651685393258,
      "Q2": 0.5979381443298969,
      "Q3": 0.6601941747572816,
      "Q4": 0.8823529411764706
    },
    "Q_value": {
      "Q1": 13.932584269662922,
      "Q2": 10.025773195876289,
      "Q3": 12.436893203883495,
      "Q4": 7.9411764705882355
    }
  },
  "debug": {
    "F": {
      "x_day0": 59,
      "x_day1": 384,
      "x_day2": 709,
      "day_w": 325.0,
      "x_day0_time": 59,
      "x_day1_time": 351,
      "x_day2_time": 643,
      "day_w_time": 292.0,
      "x_plot_end": 935,
      "x1_static": 936,
      "x1_dyn": 935,
      "x1_dyn_used": true,
      "pph": 12.166666666666666,
      "pph_source": "day_width (tick-mismatch-fallback)",
      "pph_tick": 19.0,
      "tick_pph_rel_err": 0.5616438356164384,
      "tick_pph_valid": false,
      "tick_count": 50,
      "tick_quality": 0.6944444444444444,
      "tick_used": false,
      "x_frontier": 918,
      "frontier_method": "activity_scan",
      "frontier_activity_thr": 0.4115782082080841,
      "frontier_activity_right_tail": 0.15559116005897522,
      "frontier_activity_run_px": 8,
      "guard_px": 4,
      "left_guard": 645,
      "right_guard": 914,
      "x_time": 929,
      "x_ideal": 929,
      "x_now": 914,
      "x_now_method": "snap_to_guard",
      "hour_now_tsst": 23.525,
      "rollover_hour_min": 3.0,
      "rollover_hour_max": 8.5,
      "delta_min_to_guard": -73.97260273972603,
      "delta_min_to_frontier": -54.24657534246576,
      "frontier_day_fill": 0.9417808219178082,
      "rollover_candidate": false,
      "bias_minutes_applied": 0.0,
      "measured_bias_minutes": null,
      "age_hours": null,
      "status": "ok",
      "x_pick": 913,
      "x_pick_edge": 914,
      "x_pick_safe_right": 923,
      "x_overlay": 914,
      "f1_path_x_range": [
        900,
        914
      ],
      "f1_path_target_col": 13,
      "f1_path_y_px": 57,
      "f4_path_x_range": [
        900,
        914
      ],
      "f4_path_target_col": 13,
      "f4_path_y_px": 249,
      "f1_path2_x_range": [
        904,
        914
      ],
      "f1_path2_target_col": 9,
      "f1_path2_y_px": 57,
      "f1_path2_y_direct_px": 57,
      "f1_path2_direct_used": false,
      "f1_path2_direct_allowed": false,
      "f1_path2_left_weight": 0.35,
      "f1_path2_right_weight": 1.0,
      "f2_path2_x_range": [
        904,
        914
      ],
      "f2_path2_target_col": 9,
      "f2_path2_y_px": 131,
      "f2_path2_y_direct_px": 160,
      "f2_path2_direct_used": false,
      "f2_path2_direct_allowed": false,
      "f2_path2_left_weight": 0.4,
      "f2_path2_right_weight": 1.0,
      "f4_path2_x_range": [
        904,
        914
      ],
      "f4_path2_target_col": 9,
      "f4_path2_y_px": 249,
      "f4_path2_y_direct_px": 250,
      "f4_path2_direct_used": false,
      "f4_path2_direct_allowed": false,
      "f4_path2_left_weight": 0.4,
      "f4_path2_right_weight": 1.0,
      "f1_local_snap_x": 914,
      "f1_local_snap_y_px": 59,
      "f1_local_snap_search_px": 8,
      "f1_local_snap_search_up_px": 4,
      "f1_local_snap_search_down_px": 12,
      "f1_local_snap_prefer_lower_weight": 0.02,
      "f3_local_snap_x": 914,
      "f3_local_snap_y_px": 180,
      "f3_local_snap_search_px": 6,
      "f3_local_snap_search_up_px": 6,
      "f3_local_snap_search_down_px": 6,
      "f3_local_snap_prefer_lower_weight": 0.0,
      "f4_local_snap_x": 914,
      "f4_local_snap_y_px": 249,
      "f4_local_snap_search_px": 8,
      "f4_local_snap_search_up_px": 6,
      "f4_local_snap_search_down_px": 14,
      "f4_local_snap_prefer_lower_weight": 0.05,
      "f2_local_snap_x": 914,
      "f2_local_snap_y_px": 130,
      "f2_local_snap_search_px": 8,
      "f2_local_snap_search_up_px": 14,
      "f2_local_snap_search_down_px": 2,
      "f2_local_snap_prefer_lower_weight": 0.0,
      "f2_consensus_applied": false,
      "f2_consensus_x_range": [
        908,
        914
      ],
      "f2_consensus_y_px": 111,
      "f2_consensus_anchor_y_px": 130,
      "f2_consensus_seed_y_px": 111,
      "f2_consensus_support_cols": 4,
      "f2_consensus_support_ratio": 0.5206685366540168,
      "f2_consensus_jump_px": 19,
      "f2_consensus_tol_px": 5,
      "f2_consensus_reason": "low_support",
      "f3_consensus_x_range": [
        908,
        914
      ],
      "f3_consensus_y_px": 180,
      "f3_consensus_anchor_y_px": 180,
      "f3_consensus_seed_y_px": 180,
      "f3_consensus_support_cols": 5,
      "f3_consensus_support_ratio": 0.8001981680000844,
      "f3_consensus_jump_px": 0,
      "f3_consensus_tol_px": 5,
      "f3_consensus_reason": "accepted",
      "f3_consensus_applied": true,
      "f4_consensus_x_range": [
        908,
        914
      ],
      "f4_consensus_y_px": 250,
      "f4_consensus_anchor_y_px": 249,
      "f4_consensus_seed_y_px": 251,
      "f4_consensus_support_cols": 4,
      "f4_consensus_support_ratio": 0.5846337478353603,
      "f4_consensus_jump_px": 1,
      "f4_consensus_tol_px": 6,
      "f4_consensus_reason": "accepted",
      "f4_consensus_applied": true,
      "scale_ranges": {
        "F1": [
          7.2,
          8.4
        ],
        "F2": [
          13.1,
          14.5
        ],
        "F3": [
          18.6,
          20.2
        ],
        "F4": [
          24.1,
          26.5
        ]
      }
    },
    "A": {
      "x_day0": 59,
      "x_day1": 368,
      "x_day2": 678,
      "day_w": 309.5,
      "x_day0_time": 59,
      "x_day1_time": 351,
      "x_day2_time": 643,
      "day_w_time": 292.0,
      "x_plot_end": 935,
      "x1_static": 936,
      "x1_dyn": 935,
      "x1_dyn_used": true,
      "pph": 12.166666666666666,