{
  "saved_at_utc": "2026-03-23T14:41:17.421486+00:00",
  "source": "tomsk_sos70_param_charts",
  "freq_max_hz": 40.0,
  "values": {
    "scale_ranges": {
      "F": {
        "F1": [
          7.2,
          8.4
        ],
        "F2": [
          13.1,
          14.5
        ],
        "F3": [
          18.6,
          20.2
        ],
        "F4": [
          24.1,
          26.5
        ]
      },
      "A": {
        "A1": [
          1.0,
          45.0
        ],
        "A2": [
          1.0,
          61.5
        ],
        "A3": [
          2.2,
          12.2
        ],
        "A4": [
          1.1,
          10.2
        ]
      },
      "Q": {
        "Q1": [
          4.0,
          38.0
        ],
        "Q2": [
          5.0,
          17.5
        ],
        "Q3": [
          7.0,
          23.0
        ],
        "Q4": [
          5.0,
          30.0
        ]
      }
    },
    "scale_units": {
      "F_hz": "Hz",
      "A_value": "idx",
      "Q_value": "idx"
    },
    "F_norm": {
      "F1": 0.21602787456445993,
      "F2": 0.42857142857142855,
      "F3": 0.5052264808362369,
      "F4": 0.6898954703832753
    },
    "F_y_px": {
      "F1": 97,
      "F2": 158,
      "F3": 180,
      "F4": 233
    },
    "F_lane_norm": {
      "F1": 0.9824561403508771,
      "F2": 1.0,
      "F3": 0.4782608695652174,
      "F4": 0.5652173913043478
    },
    "F_hz": {
      "F1": 7.221052631578948,
      "F2": 13.1,
      "F3": 19.434782608695652,
      "F4": 25.143478260869568
    },
    "A_norm": {
      "A1": 0.3170731707317073,
      "A2": 0.44947735191637633,
      "A3": 0.7282229965156795,
      "A4": 0.9581881533101045
    },
    "A_y_px": {
      "A1": 126,
      "A2": 164,
      "A3": 244,
      "A4": 310
    },
    "A_lane_norm": {
      "A1": 0.9879518072289156,
      "A2": 0.7346938775510204,
      "A3": 0.9072164948453608,
      "A4": 0.8791208791208791
    },
    "A_value": {
      "A1": 1.5301204819277103,
      "A2": 17.05102040816326,
      "A3": 3.1278350515463913,
      "A4": 2.2
    },
    "Q_norm": {
      "Q1": 0.2613240418118467,
      "Q2": 0.3240418118466899,
      "Q3": 0.6689895470383276,
      "Q4": 0.9059233449477352
    },
    "Q_y_px": {
      "Q1": 110,
      "Q2": 128,
      "Q3": 227,
      "Q4": 295
    },
    "Q_lane_norm": {
      "Q1": 0.6853932584269663,
      "Q2": 0.24742268041237114,
      "Q3": 0.6893203883495146,
      "Q4": 0.6941176470588235
    },
    "Q_value": {
      "Q1": 14.696629213483146,
      "Q2": 14.407216494845361,
      "Q3": 11.970873786407767,
      "Q4": 12.647058823529413
    }
  },
  "debug": {
    "F": {
      "x_day0": 59,
      "x_day1": 392,
      "x_day2": 725,
      "day_w": 333.0,
      "x_day0_time": 59,
      "x_day1_time": 351,
      "x_day2_time": 643,
      "day_w_time": 292.0,
      "x_plot_end": 935,
      "x1_static": 936,
      "x1_dyn": 935,
      "x1_dyn_used": true,
      "pph": 12.166666666666666,
      "pph_source": "day_width (tick-mismatch-fallback)",
      "pph_tick": 19.0,
      "tick_pph_rel_err": 0.5616438356164384,
      "tick_pph_valid": false,
      "tick_count": 50,
      "tick_quality": 0.6944444444444444,
      "tick_used": false,
      "x_frontier": 894,
      "frontier_method": "activity_scan",
      "frontier_activity_thr": 0.37357568740844727,
      "frontier_activity_right_tail": 0.06833333522081375,
      "frontier_activity_run_px": 8,
      "guard_px": 4,
      "left_guard": 645,
      "right_guard": 890,
      "x_time": 907,
      "x_ideal": 907,
      "x_now": 889,
      "x_now_method": "harmonized_pair_cluster",
      "hour_now_tsst": 21.688055555555557,
      "rollover_hour_min": 3.0,
      "rollover_hour_max": 8.5,
      "delta_min_to_guard": -83.83561643835617,
      "delta_min_to_frontier": -64.10958904109589,
      "frontier_day_fill": 0.8595890410958904,
      "rollover_candidate": false,
      "bias_minutes_applied": 0.0,
      "measured_bias_minutes": null,
      "age_hours": null,
      "status": "ok",
      "x_now_before_harmonize": 890,
      "x_pick": 888,
      "x_pick_edge": 889,
      "x_pick_safe_right": 923,
      "x_overlay": 889,
      "f1_path_x_range": [
        875,
        889
      ],
      "f1_path_target_col": 13,
      "f1_path_y_px": 96,
      "f4_path_x_range": [
        875,
        889
      ],
      "f4_path_target_col": 13,
      "f4_path_y_px": 231,
      "f1_path2_x_range": [
        879,
        889
      ],
      "f1_path2_target_col": 9,
      "f1_path2_y_px": 95,
      "f1_path2_y_direct_px": 96,
      "f1_path2_direct_used": false,
      "f1_path2_direct_allowed": false,
      "f1_path2_left_weight": 0.35,
      "f1_path2_right_weight": 1.0,
      "f2_path2_x_range": [
        879,
        889
      ],
      "f2_path2_target_col": 9,
      "f2_path2_y_px": 158,
      "f2_path2_y_direct_px": 157,
      "f2_path2_direct_used": false,
      "f2_path2_direct_allowed": false,
      "f2_path2_left_weight": 0.4,
      "f2_path2_right_weight": 1.0,
      "f4_path2_x_range": [
        879,
        889
      ],
      "f4_path2_target_col": 9,
      "f4_path2_y_px": 231,
      "f4_path2_y_direct_px": 238,
      "f4_path2_direct_used": false,
      "f4_path2_direct_allowed": false,
      "f4_path2_left_weight": 0.4,
      "f4_path2_right_weight": 1.0,
      "f1_local_snap_x": 889,
      "f1_local_snap_y_px": 97,
      "f1_local_snap_search_px": 8,
      "f1_local_snap_search_up_px": 4,
      "f1_local_snap_search_down_px": 12,
      "f1_local_snap_prefer_lower_weight": 0.02,
      "f3_local_snap_x": 889,
      "f3_local_snap_y_px": 181,
      "f3_local_snap_search_px": 6,
      "f3_local_snap_search_up_px": 6,
      "f3_local_snap_search_down_px": 6,
      "f3_local_snap_prefer_lower_weight": 0.0,
      "f4_local_snap_x": 889,
      "f4_local_snap_y_px": 238,
      "f4_local_snap_search_px": 8,
      "f4_local_snap_search_up_px": 6,
      "f4_local_snap_search_down_px": 14,
      "f4_local_snap_prefer_lower_weight": 0.05,
      "f2_local_snap_x": 889,
      "f2_local_snap_y_px": 157,
      "f2_local_snap_search_px": 8,
      "f2_local_snap_search_up_px": 14,
      "f2_local_snap_search_down_px": 2,
      "f2_local_snap_prefer_lower_weight": 0.0,
      "f2_consensus_x_range": [
        883,
        889
      ],
      "f2_consensus_y_px": 158,
      "f2_consensus_anchor_y_px": 157,
      "f2_consensus_seed_y_px": 158,
      "f2_consensus_support_cols": 7,
      "f2_consensus_support_ratio": 1.0,
      "f2_consensus_jump_px": 1,
      "f2_consensus_tol_px": 5,
      "f2_consensus_reason": "accepted",
      "f2_consensus_applied": true,
      "f3_consensus_x_range": [
        883,
        889
      ],
      "f3_consensus_y_px": 180,
      "f3_consensus_anchor_y_px": 181,
      "f3_consensus_seed_y_px": 180,
      "f3_consensus_support_cols": 7,
      "f3_consensus_support_ratio": 1.0,
      "f3_consensus_jump_px": 1,
      "f3_consensus_tol_px": 5,
      "f3_consensus_reason": "accepted",
      "f3_consensus_applied": true,
      "f4_consensus_x_range": [
        883,
        889
      ],
      "f4_consensus_y_px": 233,
      "f4_consensus_anchor_y_px": 238,
      "f4_consensus_seed_y_px": 233,
      "f4_consensus_support_cols": 7,
      "f4_consensus_support_ratio": 1.0,
      "f4_consensus_jump_px": 5,
      "f4_consensus_tol_px": 6,
      "f4_consensus_reason": "accepted",
      "f4_consensus_applied": true,
      "scale_ranges": {
        "F1": [
          7.2,
          8.4
        ],
        "F2": [
          13.1,
          14.5
        ],
        "F3": [
          18.6,
          20.2
        ],
        "F4": [
          24.1,
          26.5
        ]
      }
    },
    "A": {
      "x_day0": 59,
      "x_day1": 372,
      "x_day2": 684,
      "day_w": 312.5,
      "x_day0_time": 59,
      "x_day1_time": 351,
      "x_day2_time": 643,
      "day_w_time": 292.0,
      "x_plot_end": 935,
      "x1_static": 936,
      "x1_dyn": 935,
      "x1_dyn_used": true,
      "pph": 12.166666666666666,