{
  "saved_at_utc": "2026-06-24T23:41:54.107306+00:00",
  "source": "tomsk_sos70_param_charts",
  "freq_max_hz": 40.0,
  "values": {
    "scale_ranges": {
      "F": {
        "F1": [
          7.2,
          8.4
        ],
        "F2": [
          13.1,
          14.5
        ],
        "F3": [
          18.6,
          20.2
        ],
        "F4": [
          24.1,
          26.5
        ]
      },
      "A": {
        "A1": [
          1.0,
          45.0
        ],
        "A2": [
          1.0,
          61.5
        ],
        "A3": [
          2.2,
          12.2
        ],
        "A4": [
          1.1,
          10.2
        ]
      },
      "Q": {
        "Q1": [
          4.0,
          38.0
        ],
        "Q2": [
          5.0,
          17.5
        ],
        "Q3": [
          7.0,
          23.0
        ],
        "Q4": [
          5.0,
          30.0
        ]
      }
    },
    "scale_units": {
      "F_hz": "Hz",
      "A_value": "idx",
      "Q_value": "idx"
    },
    "F_norm": {
      "F1": 0.14285714285714285,
      "F2": 0.3867595818815331,
      "F3": 0.43902439024390244,
      "F4": 0.7421602787456446
    },
    "F_y_px": {
      "F1": 76,
      "F2": 146,
      "F3": 161,
      "F4": 248
    },
    "F_lane_norm": {
      "F1": 0.6140350877192983,
      "F2": 0.8076923076923077,
      "F3": 0.06521739130434782,
      "F4": 0.8913043478260869
    },
    "F_hz": {
      "F1": 7.663157894736842,
      "F2": 13.36923076923077,
      "F3": 20.09565217391304,
      "F4": 24.360869565217392
    },
    "A_norm": {
      "A1": 0.14982578397212543,
      "A2": 0.397212543554007,
      "A3": 0.6306620209059234,
      "A4": 0.9094076655052264
    },
    "A_y_px": {
      "A1": 78,
      "A2": 149,
      "A3": 216,
      "A4": 296
    },
    "A_lane_norm": {
      "A1": 0.40963855421686746,
      "A2": 0.5816326530612245,
      "A3": 0.6185567010309279,
      "A4": 0.7252747252747253
    },
    "A_value": {
      "A1": 26.97590361445783,
      "A2": 26.31122448979592,
      "A3": 6.014432989690721,
      "A4": 3.5999999999999996
    },
    "Q_norm": {
      "Q1": 0.30313588850174217,
      "Q2": 0.47735191637630664,
      "Q3": 0.6550522648083623,
      "Q4": 0.8815331010452961
    },
    "Q_y_px": {
      "Q1": 122,
      "Q2": 172,
      "Q3": 223,
      "Q4": 288
    },
    "Q_lane_norm": {
      "Q1": 0.8202247191011236,
      "Q2": 0.7010309278350515,
      "Q3": 0.6504854368932039,
      "Q4": 0.611764705882353
    },
    "Q_value": {
      "Q1": 10.112359550561798,
      "Q2": 8.737113402061857,
      "Q3": 12.592233009708737,
      "Q4": 14.705882352941176
    }
  },
  "debug": {
    "F": {
      "x_day0": 59,
      "x_day1": 356,
      "x_day2": 653,
      "day_w": 297.0,
      "x_day0_time": 59,
      "x_day1_time": 351,
      "x_day2_time": 643,
      "day_w_time": 292.0,
      "x_plot_end": 935,
      "x1_static": 936,
      "x1_dyn": 935,
      "x1_dyn_used": true,
      "pph": 12.166666666666666,
      "pph_source": "day_width (tick-mismatch-fallback)",
      "pph_tick": 19.0,
      "tick_pph_rel_err": 0.5616438356164384,
      "tick_pph_valid": false,
      "tick_count": 50,
      "tick_quality": 0.6944444444444444,
      "tick_used": false,
      "x_frontier": 871,
      "frontier_method": "activity_scan",
      "frontier_activity_thr": 0.4058676213026047,
      "frontier_activity_right_tail": 0.05710182711482048,
      "frontier_activity_run_px": 8,
      "guard_px": 4,
      "left_guard": 645,
      "right_guard": 867,
      "x_time": 724,
      "x_ideal": 724,
      "x_now": 724,
      "x_now_method": "harmonized_pair_cluster",
      "hour_now_tsst": 6.698055555555555,
      "rollover_hour_min": 3.0,
      "rollover_hour_max": 8.5,
      "delta_min_to_guard": 705.2054794520548,
      "delta_min_to_frontier": 724.9315068493152,
      "frontier_day_fill": 0.7808219178082192,
      "rollover_candidate": false,
      "bias_minutes_applied": 0.0,
      "measured_bias_minutes": null,
      "age_hours": null,
      "status": "ok",
      "x_now_before_harmonize": 724,
      "x_pick": 723,
      "x_pick_edge": 724,
      "x_pick_safe_right": 923,
      "x_overlay": 724,
      "f1_path_x_range": [
        710,
        724
      ],
      "f1_path_target_col": 13,
      "f1_path_y_px": 77,
      "f4_path_x_range": [
        710,
        724
      ],
      "f4_path_target_col": 13,
      "f4_path_y_px": 251,
      "f1_path2_x_range": [
        714,
        724
      ],
      "f1_path2_target_col": 9,
      "f1_path2_y_px": 77,
      "f1_path2_y_direct_px": 44,
      "f1_path2_direct_used": false,
      "f1_path2_direct_allowed": false,
      "f1_path2_left_weight": 0.35,
      "f1_path2_right_weight": 1.0,
      "f2_path2_x_range": [
        714,
        724
      ],
      "f2_path2_target_col": 9,
      "f2_path2_y_px": 143,
      "f2_path2_y_direct_px": 150,
      "f2_path2_direct_used": false,
      "f2_path2_direct_allowed": false,
      "f2_path2_left_weight": 0.4,
      "f2_path2_right_weight": 1.0,
      "f4_path2_x_range": [
        714,
        724
      ],
      "f4_path2_target_col": 9,
      "f4_path2_y_px": 250,
      "f4_path2_y_direct_px": 249,
      "f4_path2_direct_used": false,
      "f4_path2_direct_allowed": false,
      "f4_path2_left_weight": 0.4,
      "f4_path2_right_weight": 1.0,
      "f1_local_snap_x": 724,
      "f1_local_snap_y_px": 76,
      "f1_local_snap_search_px": 8,
      "f1_local_snap_search_up_px": 4,
      "f1_local_snap_search_down_px": 12,
      "f1_local_snap_prefer_lower_weight": 0.02,
      "f3_local_snap_x": 724,
      "f3_local_snap_y_px": 161,
      "f3_local_snap_search_px": 6,
      "f3_local_snap_search_up_px": 6,
      "f3_local_snap_search_down_px": 6,
      "f3_local_snap_prefer_lower_weight": 0.0,
      "f4_local_snap_x": 724,
      "f4_local_snap_y_px": 247,
      "f4_local_snap_search_px": 8,
      "f4_local_snap_search_up_px": 6,
      "f4_local_snap_search_down_px": 14,
      "f4_local_snap_prefer_lower_weight": 0.05,
      "f2_local_snap_x": 724,
      "f2_local_snap_y_px": 142,
      "f2_local_snap_search_px": 8,
      "f2_local_snap_search_up_px": 14,
      "f2_local_snap_search_down_px": 2,
      "f2_local_snap_prefer_lower_weight": 0.0,
      "f2_consensus_x_range": [
        718,
        724
      ],
      "f2_consensus_y_px": 146,
      "f2_consensus_anchor_y_px": 142,
      "f2_consensus_seed_y_px": 143,
      "f2_consensus_support_cols": 6,
      "f2_consensus_support_ratio": 0.8451793497319774,
      "f2_consensus_jump_px": 4,
      "f2_consensus_tol_px": 5,
      "f2_consensus_reason": "accepted",
      "f2_consensus_applied": true,
      "f3_consensus_applied": false,
      "f3_consensus_x_range": [
        718,
        724
      ],
      "f3_consensus_y_px": 204,
      "f3_consensus_anchor_y_px": 161,
      "f3_consensus_seed_y_px": 204,
      "f3_consensus_support_cols": 4,
      "f3_consensus_support_ratio": 0.5197427254591731,
      "f3_consensus_jump_px": 43,
      "f3_consensus_tol_px": 5,
      "f3_consensus_reason": "low_support",
      "f4_consensus_x_range": [
        718,
        724
      ],
      "f4_consensus_y_px": 248,
      "f4_consensus_anchor_y_px": 247,
      "f4_consensus_seed_y_px": 242,
      "f4_consensus_support_cols": 7,
      "f4_consensus_support_ratio": 1.0,
      "f4_consensus_jump_px": 1,
      "f4_consensus_tol_px": 6,
      "f4_consensus_reason": "accepted",
      "f4_consensus_applied": true,
      "scale_ranges": {
        "F1": [
          7.2,
          8.4
        ],
        "F2": [
          13.1,
          14.5
        ],
        "F3": [
          18.6,
          20.2
        ],
        "F4": [
          24.1,
          26.5
        ]
      }
    },
    "A": {
      "x_day0": 59,
      "x_day1": 393,
      "x_day2": 727,
      "day_w": 334.0,
      "x_day0_time": 59,
      "x_day1_time": 351,
      "x_day2_time": 643,
      "day_w_time": 292.0,
      "x_plot_end": 935,
      "x1_static": 936,
      "x1_dyn": 935,