{
  "saved_at_utc": "2026-03-27T07:17:43.674995+00:00",
  "source": "tomsk_sos70_param_charts",
  "freq_max_hz": 40.0,
  "values": {
    "scale_ranges": {
      "F": {
        "F1": [
          7.2,
          8.4
        ],
        "F2": [
          13.1,
          14.5
        ],
        "F3": [
          18.6,
          20.2
        ],
        "F4": [
          24.1,
          26.5
        ]
      },
      "A": {
        "A1": [
          1.0,
          45.0
        ],
        "A2": [
          1.0,
          61.5
        ],
        "A3": [
          2.2,
          12.2
        ],
        "A4": [
          1.1,
          10.2
        ]
      },
      "Q": {
        "Q1": [
          4.0,
          38.0
        ],
        "Q2": [
          5.0,
          17.5
        ],
        "Q3": [
          7.0,
          23.0
        ],
        "Q4": [
          5.0,
          30.0
        ]
      }
    },
    "scale_units": {
      "F_hz": "Hz",
      "A_value": "idx",
      "Q_value": "idx"
    },
    "F_norm": {
      "F1": 0.1951219512195122,
      "F2": 0.3588850174216028,
      "F3": 0.5087108013937283,
      "F4": 0.6829268292682927
    },
    "F_y_px": {
      "F1": 91,
      "F2": 138,
      "F3": 181,
      "F4": 231
    },
    "F_lane_norm": {
      "F1": 0.8771929824561403,
      "F2": 0.6538461538461539,
      "F3": 0.5,
      "F4": 0.5217391304347826
    },
    "F_hz": {
      "F1": 7.347368421052632,
      "F2": 13.584615384615384,
      "F3": 19.4,
      "F4": 25.247826086956522
    },
    "A_norm": {
      "A1": 0.2961672473867596,
      "A2": 0.5052264808362369,
      "A3": 0.6794425087108014,
      "A4": 0.9233449477351916
    },
    "A_y_px": {
      "A1": 120,
      "A2": 180,
      "A3": 230,
      "A4": 300
    },
    "A_lane_norm": {
      "A1": 0.9156626506024096,
      "A2": 0.8979591836734694,
      "A3": 0.7628865979381443,
      "A4": 0.7692307692307693
    },
    "A_value": {
      "A1": 4.710843373493979,
      "A2": 7.173469387755105,
      "A3": 4.5711340206185564,
      "A4": 3.1999999999999993
    },
    "Q_norm": {
      "Q1": 0.2926829268292683,
      "Q2": 0.519163763066202,
      "Q3": 0.710801393728223,
      "Q4": 0.89198606271777
    },
    "Q_y_px": {
      "Q1": 119,
      "Q2": 184,
      "Q3": 239,
      "Q4": 291
    },
    "Q_lane_norm": {
      "Q1": 0.7865168539325843,
      "Q2": 0.8247422680412371,
      "Q3": 0.8058252427184466,
      "Q4": 0.6470588235294118
    },
    "Q_value": {
      "Q1": 11.258426966292134,
      "Q2": 7.190721649484537,
      "Q3": 10.106796116504855,
      "Q4": 13.823529411764707
    }
  },
  "debug": {
    "F": {
      "x_day0": 59,
      "x_day1": 369,
      "x_day2": 679,
      "day_w": 310.0,
      "x_day0_time": 59,
      "x_day1_time": 351,
      "x_day2_time": 643,
      "day_w_time": 292.0,
      "x_plot_end": 935,
      "x1_static": 936,
      "x1_dyn": 935,
      "x1_dyn_used": true,
      "pph": 12.166666666666666,
      "pph_source": "day_width (tick-mismatch-fallback)",
      "pph_tick": 19.0,
      "tick_pph_rel_err": 0.5616438356164384,
      "tick_pph_valid": false,
      "tick_count": 50,
      "tick_quality": 0.6944444444444444,
      "tick_used": false,
      "x_frontier": 820,
      "frontier_method": "activity_scan",
      "frontier_activity_thr": 0.4526548653841019,
      "frontier_activity_right_tail": 0.12542042136192322,
      "frontier_activity_run_px": 8,
      "guard_px": 4,
      "left_guard": 645,
      "right_guard": 816,
      "x_time": 817,
      "x_ideal": 817,
      "x_now": 817,
      "x_now_method": "ideal",
      "hour_now_tsst": 14.295277777777777,
      "rollover_hour_min": 3.0,
      "rollover_hour_max": 8.5,
      "delta_min_to_guard": -4.931506849315069,
      "delta_min_to_frontier": 14.794520547945206,
      "frontier_day_fill": 0.6061643835616438,
      "rollover_candidate": false,
      "bias_minutes_applied": 0.0,
      "measured_bias_minutes": null,
      "age_hours": null,
      "status": "ok",
      "x_pick": 816,
      "x_pick_edge": 817,
      "x_pick_safe_right": 923,
      "x_overlay": 817,
      "f1_path_x_range": [
        803,
        817
      ],
      "f1_path_target_col": 13,
      "f1_path_y_px": 91,
      "f4_path_x_range": [
        803,
        817
      ],
      "f4_path_target_col": 13,
      "f4_path_y_px": 229,
      "f1_path2_x_range": [
        807,
        817
      ],
      "f1_path2_target_col": 9,
      "f1_path2_y_px": 91,
      "f1_path2_y_direct_px": 57,
      "f1_path2_direct_used": false,
      "f1_path2_direct_allowed": false,
      "f1_path2_left_weight": 0.35,
      "f1_path2_right_weight": 1.0,
      "f2_path2_x_range": [
        807,
        817
      ],
      "f2_path2_target_col": 9,
      "f2_path2_y_px": 133,
      "f2_path2_y_direct_px": 133,
      "f2_path2_direct_used": false,
      "f2_path2_direct_allowed": false,
      "f2_path2_left_weight": 0.4,
      "f2_path2_right_weight": 1.0,
      "f4_path2_x_range": [
        807,
        817
      ],
      "f4_path2_target_col": 9,
      "f4_path2_y_px": 229,
      "f4_path2_y_direct_px": 230,
      "f4_path2_direct_used": false,
      "f4_path2_direct_allowed": false,
      "f4_path2_left_weight": 0.4,
      "f4_path2_right_weight": 1.0,
      "f1_local_snap_x": 817,
      "f1_local_snap_y_px": 91,
      "f1_local_snap_search_px": 8,
      "f1_local_snap_search_up_px": 4,
      "f1_local_snap_search_down_px": 12,
      "f1_local_snap_prefer_lower_weight": 0.02,
      "f3_local_snap_x": 817,
      "f3_local_snap_y_px": 181,
      "f3_local_snap_search_px": 6,
      "f3_local_snap_search_up_px": 6,
      "f3_local_snap_search_down_px": 6,
      "f3_local_snap_prefer_lower_weight": 0.0,
      "f4_local_snap_x": 817,
      "f4_local_snap_y_px": 231,
      "f4_local_snap_search_px": 8,
      "f4_local_snap_search_up_px": 6,
      "f4_local_snap_search_down_px": 14,
      "f4_local_snap_prefer_lower_weight": 0.05,
      "f2_local_snap_x": 817,
      "f2_local_snap_y_px": 131,
      "f2_local_snap_search_px": 8,
      "f2_local_snap_search_up_px": 14,
      "f2_local_snap_search_down_px": 2,
      "f2_local_snap_prefer_lower_weight": 0.0,
      "f2_consensus_x_range": [
        811,
        817
      ],
      "f2_consensus_y_px": 138,
      "f2_consensus_anchor_y_px": 131,
      "f2_consensus_seed_y_px": 138,
      "f2_consensus_support_cols": 5,
      "f2_consensus_support_ratio": 0.7291600446813729,
      "f2_consensus_jump_px": 7,
      "f2_consensus_tol_px": 5,
      "f2_consensus_reason": "accepted",
      "f2_consensus_applied": true,
      "f3_consensus_x_range": [
        811,
        817
      ],
      "f3_consensus_y_px": 181,
      "f3_consensus_anchor_y_px": 181,
      "f3_consensus_seed_y_px": 183,
      "f3_consensus_support_cols": 6,
      "f3_consensus_support_ratio": 0.9141437437101642,
      "f3_consensus_jump_px": 0,
      "f3_consensus_tol_px": 5,
      "f3_consensus_reason": "accepted",
      "f3_consensus_applied": true,
      "f4_consensus_applied": false,
      "f4_consensus_x_range": [
        811,
        817
      ],
      "f4_consensus_y_px": 262,
      "f4_consensus_anchor_y_px": 231,
      "f4_consensus_seed_y_px": 262,
      "f4_consensus_support_cols": 5,
      "f4_consensus_support_ratio": 0.6161359563616313,
      "f4_consensus_jump_px": 31,
      "f4_consensus_tol_px": 6,
      "f4_consensus_reason": "excessive_jump",
      "scale_ranges": {
        "F1": [
          7.2,
          8.4
        ],
        "F2": [
          13.1,
          14.5
        ],
        "F3": [
          18.6,
          20.2
        ],
        "F4": [
          24.1,
          26.5
        ]
      }
    },
    "A": {
      "x_day0": 59,
      "x_day1": 372,
      "x_day2": 684,
      "day_w": 312.5,
      "x_day0_time": 59,
      "x_day1_time": 351,
      "x_day2_time": 643,
      "day_w_time": 292.0,
      "x_plot_end": 935,
      "x1_static": 936,
      "x1_dyn": 935,
      "x1_dyn_used": true,
      "pph": 12.166666666666666,