{
  "saved_at_utc": "2026-03-26T14:53:51.841383+00:00",
  "source": "tomsk_sos70_param_charts",
  "freq_max_hz": 40.0,
  "values": {
    "scale_ranges": {
      "F": {
        "F1": [
          7.2,
          8.4
        ],
        "F2": [
          13.1,
          14.5
        ],
        "F3": [
          18.6,
          20.2
        ],
        "F4": [
          24.1,
          26.5
        ]
      },
      "A": {
        "A1": [
          1.0,
          45.0
        ],
        "A2": [
          1.0,
          61.5
        ],
        "A3": [
          2.2,
          12.2
        ],
        "A4": [
          1.1,
          10.2
        ]
      },
      "Q": {
        "Q1": [
          4.0,
          38.0
        ],
        "Q2": [
          5.0,
          17.5
        ],
        "Q3": [
          7.0,
          23.0
        ],
        "Q4": [
          5.0,
          30.0
        ]
      }
    },
    "scale_units": {
      "F_hz": "Hz",
      "A_value": "idx",
      "Q_value": "idx"
    },
    "F_norm": {
      "F1": 0.21602787456445993,
      "F2": 0.2613240418118467,
      "F3": 0.5470383275261324,
      "F4": 0.7003484320557491
    },
    "F_y_px": {
      "F1": 97,
      "F2": 110,
      "F3": 192,
      "F4": 236
    },
    "F_lane_norm": {
      "F1": 0.9824561403508771,
      "F2": 0.11538461538461539,
      "F3": 0.7391304347826086,
      "F4": 0.6304347826086957
    },
    "F_hz": {
      "F1": 7.221052631578948,
      "F2": 14.338461538461539,
      "F3": 19.01739130434783,
      "F4": 24.98695652173913
    },
    "A_norm": {
      "A1": 0.2613240418118467,
      "A2": 0.4738675958188153,
      "A3": 0.6445993031358885,
      "A4": 0.8954703832752613
    },
    "A_y_px": {
      "A1": 110,
      "A2": 171,
      "A3": 220,
      "A4": 292
    },
    "A_lane_norm": {
      "A1": 0.7951807228915663,
      "A2": 0.8061224489795918,
      "A3": 0.6597938144329897,
      "A4": 0.6813186813186813
    },
    "A_value": {
      "A1": 10.012048192771083,
      "A2": 12.729591836734691,
      "A3": 5.602061855670103,
      "A4": 3.999999999999999
    },
    "Q_norm": {
      "Q1": 0.27526132404181186,
      "Q2": 0.5121951219512195,
      "Q3": 0.7317073170731707,
      "Q4": 0.9163763066202091
    },
    "Q_y_px": {
      "Q1": 114,
      "Q2": 182,
      "Q3": 245,
      "Q4": 298
    },
    "Q_lane_norm": {
      "Q1": 0.7303370786516854,
      "Q2": 0.8041237113402062,
      "Q3": 0.8640776699029126,
      "Q4": 0.7294117647058823
    },
    "Q_value": {
      "Q1": 13.168539325842698,
      "Q2": 7.448453608247423,
      "Q3": 9.174757281553399,
      "Q4": 11.764705882352942
    }
  },
  "debug": {
    "F": {
      "x_day0": 59,
      "x_day1": 393,
      "x_day2": 727,
      "day_w": 334.0,
      "x_day0_time": 59,
      "x_day1_time": 351,
      "x_day2_time": 643,
      "day_w_time": 292.0,
      "x_plot_end": 935,
      "x1_static": 936,
      "x1_dyn": 935,
      "x1_dyn_used": true,
      "pph": 12.166666666666666,
      "pph_source": "day_width (tick-mismatch-fallback)",
      "pph_tick": 19.0,
      "tick_pph_rel_err": 0.5616438356164384,
      "tick_pph_valid": false,
      "tick_count": 50,
      "tick_quality": 0.6944444444444444,
      "tick_used": false,
      "x_frontier": 895,
      "frontier_method": "activity_scan",
      "frontier_activity_thr": 0.37191624045372007,
      "frontier_activity_right_tail": 0.06736280024051666,
      "frontier_activity_run_px": 8,
      "guard_px": 4,
      "left_guard": 645,
      "right_guard": 891,
      "x_time": 909,
      "x_ideal": 909,
      "x_now": 889,
      "x_now_method": "harmonized_pair_cluster",
      "hour_now_tsst": 21.8975,
      "rollover_hour_min": 3.0,
      "rollover_hour_max": 8.5,
      "delta_min_to_guard": -88.76712328767124,
      "delta_min_to_frontier": -69.04109589041097,
      "frontier_day_fill": 0.863013698630137,
      "rollover_candidate": false,
      "bias_minutes_applied": 0.0,
      "measured_bias_minutes": null,
      "age_hours": null,
      "status": "ok",
      "x_now_before_harmonize": 891,
      "x_pick": 888,
      "x_pick_edge": 889,
      "x_pick_safe_right": 923,
      "x_overlay": 889,
      "f1_path_x_range": [
        875,
        889
      ],
      "f1_path_target_col": 13,
      "f1_path_y_px": 94,
      "f4_path_x_range": [
        875,
        889
      ],
      "f4_path_target_col": 13,
      "f4_path_y_px": 230,
      "f1_path2_x_range": [
        879,
        889
      ],
      "f1_path2_target_col": 9,
      "f1_path2_y_px": 94,
      "f1_path2_y_direct_px": 95,
      "f1_path2_direct_used": false,
      "f1_path2_direct_allowed": false,
      "f1_path2_left_weight": 0.35,
      "f1_path2_right_weight": 1.0,
      "f2_path2_x_range": [
        879,
        889
      ],
      "f2_path2_target_col": 9,
      "f2_path2_y_px": 113,
      "f2_path2_y_direct_px": 113,
      "f2_path2_direct_used": false,
      "f2_path2_direct_allowed": false,
      "f2_path2_left_weight": 0.4,
      "f2_path2_right_weight": 1.0,
      "f4_path2_x_range": [
        879,
        889
      ],
      "f4_path2_target_col": 9,
      "f4_path2_y_px": 230,
      "f4_path2_y_direct_px": 233,
      "f4_path2_direct_used": false,
      "f4_path2_direct_allowed": false,
      "f4_path2_left_weight": 0.4,
      "f4_path2_right_weight": 1.0,
      "f1_local_snap_x": 889,
      "f1_local_snap_y_px": 97,
      "f1_local_snap_search_px": 8,
      "f1_local_snap_search_up_px": 4,
      "f1_local_snap_search_down_px": 12,
      "f1_local_snap_prefer_lower_weight": 0.02,
      "f3_local_snap_x": 889,
      "f3_local_snap_y_px": 190,
      "f3_local_snap_search_px": 6,
      "f3_local_snap_search_up_px": 6,
      "f3_local_snap_search_down_px": 6,
      "f3_local_snap_prefer_lower_weight": 0.0,
      "f4_local_snap_x": 889,
      "f4_local_snap_y_px": 230,
      "f4_local_snap_search_px": 8,
      "f4_local_snap_search_up_px": 6,
      "f4_local_snap_search_down_px": 14,
      "f4_local_snap_prefer_lower_weight": 0.05,
      "f2_local_snap_x": 889,
      "f2_local_snap_y_px": 110,
      "f2_local_snap_search_px": 8,
      "f2_local_snap_search_up_px": 14,
      "f2_local_snap_search_down_px": 2,
      "f2_local_snap_prefer_lower_weight": 0.0,
      "f2_consensus_x_range": [
        883,
        889
      ],
      "f2_consensus_y_px": 110,
      "f2_consensus_anchor_y_px": 110,
      "f2_consensus_seed_y_px": 111,
      "f2_consensus_support_cols": 7,
      "f2_consensus_support_ratio": 1.0,
      "f2_consensus_jump_px": 0,
      "f2_consensus_tol_px": 5,
      "f2_consensus_reason": "accepted",
      "f2_consensus_applied": true,
      "f3_consensus_x_range": [
        883,
        889
      ],
      "f3_consensus_y_px": 192,
      "f3_consensus_anchor_y_px": 190,
      "f3_consensus_seed_y_px": 188,
      "f3_consensus_support_cols": 4,
      "f3_consensus_support_ratio": 0.6665136292294387,
      "f3_consensus_jump_px": 2,
      "f3_consensus_tol_px": 5,
      "f3_consensus_reason": "accepted",
      "f3_consensus_applied": true,
      "f4_consensus_x_range": [
        883,
        889
      ],
      "f4_consensus_y_px": 236,
      "f4_consensus_anchor_y_px": 230,
      "f4_consensus_seed_y_px": 238,
      "f4_consensus_support_cols": 6,
      "f4_consensus_support_ratio": 0.8433894264348442,
      "f4_consensus_jump_px": 6,
      "f4_consensus_tol_px": 6,
      "f4_consensus_reason": "accepted",
      "f4_consensus_applied": true,
      "scale_ranges": {
        "F1": [
          7.2,
          8.4
        ],
        "F2": [
          13.1,
          14.5
        ],
        "F3": [
          18.6,
          20.2
        ],
        "F4": [
          24.1,
          26.5
        ]
      }
    },
    "A": {
      "x_day0": 59,
      "x_day1": 392,
      "x_day2": 726,
      "day_w": 333.5,
      "x_day0_time": 59,
      "x_day1_time": 351,
      "x_day2_time": 643,
      "day_w_time": 292.0,
      "x_plot_end": 935,
      "x1_static": 936,
      "x1_dyn": 935,