{
  "saved_at_utc": "2026-03-07T14:26:44.390152+00:00",
  "source": "tomsk_sos70_param_charts",
  "freq_max_hz": 40.0,
  "values": {
    "scale_ranges": {
      "F": {
        "F1": [
          7.2,
          8.4
        ],
        "F2": [
          13.1,
          14.5
        ],
        "F3": [
          18.6,
          20.2
        ],
        "F4": [
          24.1,
          26.5
        ]
      },
      "A": {
        "A1": [
          1.0,
          45.0
        ],
        "A2": [
          1.0,
          61.5
        ],
        "A3": [
          2.2,
          12.2
        ],
        "A4": [
          1.1,
          10.2
        ]
      },
      "Q": {
        "Q1": [
          4.0,
          38.0
        ],
        "Q2": [
          5.0,
          17.5
        ],
        "Q3": [
          7.0,
          23.0
        ],
        "Q4": [
          5.0,
          30.0
        ]
      }
    },
    "scale_units": {
      "F_hz": "Hz",
      "A_value": "idx",
      "Q_value": "idx"
    },
    "F_norm": {
      "F1": 0.11498257839721254,
      "F2": 0.41114982578397213,
      "F3": 0.5714285714285714,
      "F4": 0.7526132404181185
    },
    "F_y_px": {
      "F1": 68,
      "F2": 153,
      "F3": 199,
      "F4": 251
    },
    "F_lane_norm": {
      "F1": 0.47368421052631576,
      "F2": 0.9423076923076923,
      "F3": 0.8913043478260869,
      "F4": 0.9565217391304348
    },
    "F_hz": {
      "F1": 7.831578947368421,
      "F2": 13.180769230769231,
      "F3": 18.773913043478263,
      "F4": 24.20434782608696
    },
    "A_norm": {
      "A1": 0.14982578397212543,
      "A2": 0.37282229965156793,
      "A3": 0.6236933797909407,
      "A4": 0.9616724738675958
    },
    "A_y_px": {
      "A1": 78,
      "A2": 142,
      "A3": 214,
      "A4": 311
    },
    "A_lane_norm": {
      "A1": 0.40963855421686746,
      "A2": 0.5102040816326531,
      "A3": 0.5979381443298969,
      "A4": 0.8901098901098901
    },
    "A_value": {
      "A1": 26.97590361445783,
      "A2": 30.632653061224488,
      "A3": 6.22061855670103,
      "A4": 2.0999999999999996
    },
    "Q_norm": {
      "Q1": 0.156794425087108,
      "Q2": 0.3902439024390244,
      "Q3": 0.5853658536585366,
      "Q4": 0.9547038327526133
    },
    "Q_y_px": {
      "Q1": 80,
      "Q2": 147,
      "Q3": 203,
      "Q4": 309
    },
    "Q_lane_norm": {
      "Q1": 0.34831460674157305,
      "Q2": 0.44329896907216493,
      "Q3": 0.4563106796116505,
      "Q4": 0.8588235294117647
    },
    "Q_value": {
      "Q1": 26.157303370786515,
      "Q2": 11.958762886597938,
      "Q3": 15.699029126213592,
      "Q4": 8.529411764705884
    }
  },
  "debug": {
    "F": {
      "x_day0": 59,
      "x_day1": 369,
      "x_day2": 679,
      "day_w": 310.0,
      "x_day0_time": 59,
      "x_day1_time": 351,
      "x_day2_time": 643,
      "day_w_time": 292.0,
      "x_plot_end": 935,
      "x1_static": 936,
      "x1_dyn": 935,
      "x1_dyn_used": true,
      "pph": 12.166666666666666,
      "pph_source": "day_width (tick-mismatch-fallback)",
      "pph_tick": 19.0,
      "tick_pph_rel_err": 0.5616438356164384,
      "tick_pph_valid": false,
      "tick_count": 50,
      "tick_quality": 0.6944444444444444,
      "tick_used": false,
      "x_frontier": 916,
      "frontier_method": "activity_scan",
      "frontier_activity_thr": 0.36127417683601376,
      "frontier_activity_right_tail": 0.09249822795391083,
      "frontier_activity_run_px": 8,
      "guard_px": 4,
      "left_guard": 645,
      "right_guard": 912,
      "x_time": 904,
      "x_ideal": 904,
      "x_now": 904,
      "x_now_method": "ideal",
      "hour_now_tsst": 21.445555555555554,
      "delta_min_to_guard": 39.45205479452055,
      "frontier_day_fill": 0.934931506849315,
      "rollover_candidate": false,
      "bias_minutes_applied": 0.0,
      "measured_bias_minutes": null,
      "age_hours": null,
      "status": "ok",
      "x_pick": 903,
      "x_pick_edge": 904,
      "x_pick_safe_right": 923,
      "x_overlay": 904,
      "f1_path_x_range": [
        890,
        904
      ],
      "f1_path_target_col": 13,
      "f1_path_y_px": 70,
      "f4_path_x_range": [
        890,
        904
      ],
      "f4_path_target_col": 13,
      "f4_path_y_px": 251,
      "f1_path2_x_range": [
        894,
        904
      ],
      "f1_path2_target_col": 9,
      "f1_path2_y_px": 70,
      "f1_path2_y_direct_px": 55,
      "f1_path2_direct_used": false,
      "f1_path2_direct_allowed": false,
      "f1_path2_left_weight": 0.35,
      "f1_path2_right_weight": 1.0,
      "f2_path2_x_range": [
        894,
        904
      ],
      "f2_path2_target_col": 9,
      "f2_path2_y_px": 152,
      "f2_path2_y_direct_px": 124,
      "f2_path2_direct_used": false,
      "f2_path2_direct_allowed": false,
      "f2_path2_left_weight": 0.4,
      "f2_path2_right_weight": 1.0,
      "f4_path2_x_range": [
        894,
        904
      ],
      "f4_path2_target_col": 9,
      "f4_path2_y_px": 251,
      "f4_path2_y_direct_px": 230,
      "f4_path2_direct_used": false,
      "f4_path2_direct_allowed": false,
      "f4_path2_left_weight": 0.4,
      "f4_path2_right_weight": 1.0,
      "f1_local_snap_x": 904,
      "f1_local_snap_y_px": 68,
      "f1_local_snap_search_px": 8,
      "f1_local_snap_search_up_px": 4,
      "f1_local_snap_search_down_px": 12,
      "f1_local_snap_prefer_lower_weight": 0.02,
      "f3_local_snap_x": 904,
      "f3_local_snap_y_px": 199,
      "f3_local_snap_search_px": 6,
      "f3_local_snap_search_up_px": 6,
      "f3_local_snap_search_down_px": 6,
      "f3_local_snap_prefer_lower_weight": 0.0,
      "f4_local_snap_x": 904,
      "f4_local_snap_y_px": 251,
      "f4_local_snap_search_px": 8,
      "f4_local_snap_search_up_px": 6,
      "f4_local_snap_search_down_px": 14,
      "f4_local_snap_prefer_lower_weight": 0.05,
      "f2_local_snap_x": 904,
      "f2_local_snap_y_px": 153,
      "f2_local_snap_search_px": 8,
      "f2_local_snap_search_up_px": 14,
      "f2_local_snap_search_down_px": 2,
      "f2_local_snap_prefer_lower_weight": 0.0,
      "scale_ranges": {
        "F1": [
          7.2,
          8.4
        ],
        "F2": [
          13.1,
          14.5
        ],
        "F3": [
          18.6,
          20.2
        ],
        "F4": [
          24.1,
          26.5
        ]
      }
    },
    "A": {
      "x_day0": 59,
      "x_day1": 368,
      "x_day2": 678,
      "day_w": 309.5,
      "x_day0_time": 59,
      "x_day1_time": 351,
      "x_day2_time": 643,
      "day_w_time": 292.0,
      "x_plot_end": 935,
      "x1_static": 936,
      "x1_dyn": 935,
      "x1_dyn_used": true,
      "pph": 12.166666666666666,
      "pph_source": "day_width (tick-mismatch-fallback)",
      "pph_tick": 19.0,
      "tick_pph_rel_err": 0.5616438356164384,
      "tick_pph_valid": false,
      "tick_count": 50,
      "tick_quality": 0.6944444444444444,
      "tick_used": false,
      "x_frontier": 934,
      "frontier_method": "activity_scan",
      "frontier_activity_thr": 0.2592754393815994,
      "frontier_activity_right_tail": 0.18941041827201843,
      "frontier_activity_run_px": 8,
      "guard_px": 6,
      "left_guard": 645,
      "right_guard": 928,
      "x_time": 904,
      "x_ideal": 904,
      "x_now": 904,
      "x_now_method": "ideal",
      "hour_now_tsst": 21.445555555555554,
      "delta_min_to_guard": 118.35616438356165,
      "frontier_day_fill": 0.9965753424657534,
      "rollover_candidate": false,
      "bias_minutes_applied": 0.0,
      "measured_bias_minutes": null,
      "age_hours": null,
      "status": "ok",
      "x_pick": 900,
      "x_pick_safe_right": 911,
      "x_overlay": 900,
      "a2_path2_x_range": [
        890,
        900
      ],
      "a2_path2_target_col": 9,
      "a2_path2_y_px": 141,
      "a2_path2_y_direct_px": 141,
      "a2_path2_direct_used": true,
      "a2_path2_direct_allowed": true,
      "a2_path2_left_weight": 0.45,
      "a2_path2_right_weight": 1.0,