{
  "saved_at_utc": "2026-03-28T12:19:12.313885+00:00",
  "source": "tomsk_sos70_param_charts",
  "freq_max_hz": 40.0,
  "values": {
    "scale_ranges": {
      "F": {
        "F1": [
          7.2,
          8.4
        ],
        "F2": [
          13.1,
          14.5
        ],
        "F3": [
          18.6,
          20.2
        ],
        "F4": [
          24.1,
          26.5
        ]
      },
      "A": {
        "A1": [
          1.0,
          45.0
        ],
        "A2": [
          1.0,
          61.5
        ],
        "A3": [
          2.2,
          12.2
        ],
        "A4": [
          1.1,
          10.2
        ]
      },
      "Q": {
        "Q1": [
          4.0,
          38.0
        ],
        "Q2": [
          5.0,
          17.5
        ],
        "Q3": [
          7.0,
          23.0
        ],
        "Q4": [
          5.0,
          30.0
        ]
      }
    },
    "scale_units": {
      "F_hz": "Hz",
      "A_value": "idx",
      "Q_value": "idx"
    },
    "F_norm": {
      "F1": 0.0313588850174216,
      "F2": 0.31010452961672474,
      "F3": 0.519163763066202,
      "F4": 0.6829268292682927
    },
    "F_y_px": {
      "F1": 44,
      "F2": 124,
      "F3": 184,
      "F4": 231
    },
    "F_lane_norm": {
      "F1": 0.05263157894736842,
      "F2": 0.38461538461538464,
      "F3": 0.5652173913043478,
      "F4": 0.5217391304347826
    },
    "F_hz": {
      "F1": 8.336842105263159,
      "F2": 13.961538461538462,
      "F3": 19.295652173913044,
      "F4": 25.247826086956522
    },
    "A_norm": {
      "A1": 0.30313588850174217,
      "A2": 0.4843205574912892,
      "A3": 0.6933797909407665,
      "A4": 0.9094076655052264
    },
    "A_y_px": {
      "A1": 122,
      "A2": 174,
      "A3": 234,
      "A4": 296
    },
    "A_lane_norm": {
      "A1": 0.9397590361445783,
      "A2": 0.8367346938775511,
      "A3": 0.8041237113402062,
      "A4": 0.7252747252747253
    },
    "A_value": {
      "A1": 3.6506024096385516,
      "A2": 10.877551020408163,
      "A3": 4.158762886597938,
      "A4": 3.5999999999999996
    },
    "Q_norm": {
      "Q1": 0.20905923344947736,
      "Q2": 0.3344947735191638,
      "Q3": 0.735191637630662,
      "Q4": 0.9616724738675958
    },
    "Q_y_px": {
      "Q1": 95,
      "Q2": 131,
      "Q3": 246,
      "Q4": 311
    },
    "Q_lane_norm": {
      "Q1": 0.5168539325842697,
      "Q2": 0.27835051546391754,
      "Q3": 0.8737864077669902,
      "Q4": 0.8823529411764706
    },
    "Q_value": {
      "Q1": 20.42696629213483,
      "Q2": 14.02061855670103,
      "Q3": 9.019417475728156,
      "Q4": 7.9411764705882355
    }
  },
  "debug": {
    "F": {
      "x_day0": 59,
      "x_day1": 372,
      "x_day2": 685,
      "day_w": 313.0,
      "x_day0_time": 59,
      "x_day1_time": 351,
      "x_day2_time": 643,
      "day_w_time": 292.0,
      "x_plot_end": 935,
      "x1_static": 936,
      "x1_dyn": 935,
      "x1_dyn_used": true,
      "pph": 12.166666666666666,
      "pph_source": "day_width (tick-mismatch-fallback)",
      "pph_tick": 19.0,
      "tick_pph_rel_err": 0.5616438356164384,
      "tick_pph_valid": false,
      "tick_count": 50,
      "tick_quality": 0.6944444444444444,
      "tick_used": false,
      "x_frontier": 870,
      "frontier_method": "activity_scan",
      "frontier_activity_thr": 0.3882861167192459,
      "frontier_activity_right_tail": 0.07376421242952347,
      "frontier_activity_run_px": 8,
      "guard_px": 4,
      "left_guard": 645,
      "right_guard": 866,
      "x_time": 878,
      "x_ideal": 878,
      "x_now": 878,
      "x_now_method": "ideal",
      "hour_now_tsst": 19.32,
      "rollover_hour_min": 3.0,
      "rollover_hour_max": 8.5,
      "delta_min_to_guard": -59.178082191780824,
      "delta_min_to_frontier": -39.45205479452055,
      "frontier_day_fill": 0.7773972602739726,
      "rollover_candidate": false,
      "bias_minutes_applied": 0.0,
      "measured_bias_minutes": null,
      "age_hours": null,
      "status": "ok",
      "x_pick": 877,
      "x_pick_edge": 878,
      "x_pick_safe_right": 923,
      "x_overlay": 878,
      "f1_path_x_range": [
        864,
        878
      ],
      "f1_path_target_col": 13,
      "f1_path_y_px": 43,
      "f4_path_x_range": [
        864,
        878
      ],
      "f4_path_target_col": 13,
      "f4_path_y_px": 231,
      "f1_path2_x_range": [
        868,
        878
      ],
      "f1_path2_target_col": 9,
      "f1_path2_y_px": 44,
      "f1_path2_y_direct_px": 44,
      "f1_path2_direct_used": false,
      "f1_path2_direct_allowed": false,
      "f1_path2_left_weight": 0.35,
      "f1_path2_right_weight": 1.0,
      "f2_path2_x_range": [
        868,
        878
      ],
      "f2_path2_target_col": 9,
      "f2_path2_y_px": 122,
      "f2_path2_y_direct_px": 124,
      "f2_path2_direct_used": false,
      "f2_path2_direct_allowed": false,
      "f2_path2_left_weight": 0.4,
      "f2_path2_right_weight": 1.0,
      "f4_path2_x_range": [
        868,
        878
      ],
      "f4_path2_target_col": 9,
      "f4_path2_y_px": 231,
      "f4_path2_y_direct_px": 226,
      "f4_path2_direct_used": false,
      "f4_path2_direct_allowed": false,
      "f4_path2_left_weight": 0.4,
      "f4_path2_right_weight": 1.0,
      "f1_local_snap_x": 878,
      "f1_local_snap_y_px": 44,
      "f1_local_snap_search_px": 8,
      "f1_local_snap_search_up_px": 4,
      "f1_local_snap_search_down_px": 12,
      "f1_local_snap_prefer_lower_weight": 0.02,
      "f3_local_snap_x": 878,
      "f3_local_snap_y_px": 184,
      "f3_local_snap_search_px": 6,
      "f3_local_snap_search_up_px": 6,
      "f3_local_snap_search_down_px": 6,
      "f3_local_snap_prefer_lower_weight": 0.0,
      "f4_local_snap_x": 878,
      "f4_local_snap_y_px": 231,
      "f4_local_snap_search_px": 8,
      "f4_local_snap_search_up_px": 6,
      "f4_local_snap_search_down_px": 14,
      "f4_local_snap_prefer_lower_weight": 0.05,
      "f2_local_snap_x": 878,
      "f2_local_snap_y_px": 124,
      "f2_local_snap_search_px": 8,
      "f2_local_snap_search_up_px": 14,
      "f2_local_snap_search_down_px": 2,
      "f2_local_snap_prefer_lower_weight": 0.0,
      "f2_consensus_applied": false,
      "f2_consensus_x_range": [
        872,
        878
      ],
      "f2_consensus_y_px": 121,
      "f2_consensus_anchor_y_px": 124,
      "f2_consensus_seed_y_px": 122,
      "f2_consensus_support_cols": 4,
      "f2_consensus_support_ratio": 0.4596312429796444,
      "f2_consensus_jump_px": 3,
      "f2_consensus_tol_px": 5,
      "f2_consensus_reason": "low_support",
      "f3_consensus_applied": false,
      "f3_consensus_x_range": [
        872,
        878
      ],
      "f3_consensus_y_px": 185,
      "f3_consensus_anchor_y_px": 184,
      "f3_consensus_seed_y_px": 187,
      "f3_consensus_support_cols": 3,
      "f3_consensus_support_ratio": 0.40457330581281004,
      "f3_consensus_jump_px": 1,
      "f3_consensus_tol_px": 5,
      "f3_consensus_reason": "low_support",
      "f4_consensus_x_range": [
        872,
        878
      ],
      "f4_consensus_y_px": 231,
      "f4_consensus_anchor_y_px": 231,
      "f4_consensus_seed_y_px": 231,
      "f4_consensus_support_cols": 7,
      "f4_consensus_support_ratio": 1.0,
      "f4_consensus_jump_px": 0,
      "f4_consensus_tol_px": 6,
      "f4_consensus_reason": "accepted",
      "f4_consensus_applied": true,
      "scale_ranges": {
        "F1": [
          7.2,
          8.4
        ],
        "F2": [
          13.1,
          14.5
        ],
        "F3": [
          18.6,
          20.2
        ],
        "F4": [
          24.1,
          26.5
        ]
      }
    },
    "A": {
      "x_day0": 59,
      "x_day1": 372,
      "x_day2": 685,
      "day_w": 313.0,
      "x_day0_time": 59,
      "x_day1_time": 351,
      "x_day2_time": 643,
      "day_w_time": 292.0,
      "x_plot_end": 935,
      "x1_static": 936,
      "x1_dyn": 935,
      "x1_dyn_used": true,
      "pph": 12.166666666666666,