{
  "saved_at_utc": "2026-04-04T11:32:55.171675+00:00",
  "source": "tomsk_sos70_param_charts",
  "freq_max_hz": 40.0,
  "values": {
    "scale_ranges": {
      "F": {
        "F1": [
          7.2,
          8.4
        ],
        "F2": [
          13.1,
          14.5
        ],
        "F3": [
          18.6,
          20.2
        ],
        "F4": [
          24.1,
          26.5
        ]
      },
      "A": {
        "A1": [
          1.0,
          45.0
        ],
        "A2": [
          1.0,
          61.5
        ],
        "A3": [
          2.2,
          12.2
        ],
        "A4": [
          1.1,
          10.2
        ]
      },
      "Q": {
        "Q1": [
          4.0,
          38.0
        ],
        "Q2": [
          5.0,
          17.5
        ],
        "Q3": [
          7.0,
          23.0
        ],
        "Q4": [
          5.0,
          30.0
        ]
      }
    },
    "scale_units": {
      "F_hz": "Hz",
      "A_value": "idx",
      "Q_value": "idx"
    },
    "F_norm": {
      "F1": 0.0313588850174216,
      "F2": 0.32752613240418116,
      "F3": 0.5888501742160279,
      "F4": 0.6829268292682927
    },
    "F_y_px": {
      "F1": 44,
      "F2": 129,
      "F3": 204,
      "F4": 231
    },
    "F_lane_norm": {
      "F1": 0.05263157894736842,
      "F2": 0.4807692307692308,
      "F3": 1.0,
      "F4": 0.5217391304347826
    },
    "F_hz": {
      "F1": 8.336842105263159,
      "F2": 13.826923076923077,
      "F3": 18.6,
      "F4": 25.247826086956522
    },
    "A_norm": {
      "A1": 0.2961672473867596,
      "A2": 0.4912891986062718,
      "A3": 0.7247386759581882,
      "A4": 0.9407665505226481
    },
    "A_y_px": {
      "A1": 120,
      "A2": 176,
      "A3": 243,
      "A4": 305
    },
    "A_lane_norm": {
      "A1": 0.9156626506024096,
      "A2": 0.8571428571428571,
      "A3": 0.8969072164948454,
      "A4": 0.8241758241758241
    },
    "A_value": {
      "A1": 4.710843373493979,
      "A2": 9.642857142857146,
      "A3": 3.2309278350515456,
      "A4": 2.7
    },
    "Q_norm": {
      "Q1": 0.28222996515679444,
      "Q2": 0.4843205574912892,
      "Q3": 0.7038327526132404,
      "Q4": 0.7526132404181185
    },
    "Q_y_px": {
      "Q1": 116,
      "Q2": 174,
      "Q3": 237,
      "Q4": 251
    },
    "Q_lane_norm": {
      "Q1": 0.7528089887640449,
      "Q2": 0.7216494845360825,
      "Q3": 0.7864077669902912,
      "Q4": 0.17647058823529413
    },
    "Q_value": {
      "Q1": 12.404494382022474,
      "Q2": 8.47938144329897,
      "Q3": 10.41747572815534,
      "Q4": 25.588235294117645
    }
  },
  "debug": {
    "F": {
      "x_day0": 59,
      "x_day1": 392,
      "x_day2": 726,
      "day_w": 333.5,
      "x_day0_time": 59,
      "x_day1_time": 351,
      "x_day2_time": 643,
      "day_w_time": 292.0,
      "x_plot_end": 935,
      "x1_static": 936,
      "x1_dyn": 935,
      "x1_dyn_used": true,
      "pph": 12.166666666666666,
      "pph_source": "day_width (tick-mismatch-fallback)",
      "pph_tick": 19.0,
      "tick_pph_rel_err": 0.5616438356164384,
      "tick_pph_valid": false,
      "tick_count": 50,
      "tick_quality": 0.6944444444444444,
      "tick_used": false,
      "x_frontier": 868,
      "frontier_method": "activity_scan",
      "frontier_activity_thr": 0.4348670572042465,
      "frontier_activity_right_tail": 0.05621812865138054,
      "frontier_activity_run_px": 8,
      "guard_px": 4,
      "left_guard": 645,
      "right_guard": 864,
      "x_time": 869,
      "x_ideal": 869,
      "x_now": 869,
      "x_now_method": "ideal",
      "hour_now_tsst": 18.548611111111114,
      "rollover_hour_min": 3.0,
      "rollover_hour_max": 8.5,
      "delta_min_to_guard": -24.657534246575345,
      "delta_min_to_frontier": -4.931506849315069,
      "frontier_day_fill": 0.7705479452054794,
      "rollover_candidate": false,
      "bias_minutes_applied": 0.0,
      "measured_bias_minutes": null,
      "age_hours": null,
      "status": "ok",
      "x_pick": 868,
      "x_pick_edge": 869,
      "x_pick_safe_right": 923,
      "x_overlay": 869,
      "f1_path_x_range": [
        855,
        869
      ],
      "f1_path_target_col": 13,
      "f1_path_y_px": 53,
      "f4_path_x_range": [
        855,
        869
      ],
      "f4_path_target_col": 13,
      "f4_path_y_px": 250,
      "f1_path2_x_range": [
        859,
        869
      ],
      "f1_path2_target_col": 9,
      "f1_path2_y_px": 44,
      "f1_path2_y_direct_px": 44,
      "f1_path2_direct_used": false,
      "f1_path2_direct_allowed": false,
      "f1_path2_left_weight": 0.35,
      "f1_path2_right_weight": 1.0,
      "f2_path2_x_range": [
        859,
        869
      ],
      "f2_path2_target_col": 9,
      "f2_path2_y_px": 132,
      "f2_path2_y_direct_px": 134,
      "f2_path2_direct_used": false,
      "f2_path2_direct_allowed": false,
      "f2_path2_left_weight": 0.4,
      "f2_path2_right_weight": 1.0,
      "f4_path2_x_range": [
        859,
        869
      ],
      "f4_path2_target_col": 9,
      "f4_path2_y_px": 230,
      "f4_path2_y_direct_px": 251,
      "f4_path2_direct_used": false,
      "f4_path2_direct_allowed": false,
      "f4_path2_left_weight": 0.4,
      "f4_path2_right_weight": 1.0,
      "f1_local_snap_x": 869,
      "f1_local_snap_y_px": 44,
      "f1_local_snap_search_px": 8,
      "f1_local_snap_search_up_px": 4,
      "f1_local_snap_search_down_px": 12,
      "f1_local_snap_prefer_lower_weight": 0.02,
      "f3_local_snap_x": 869,
      "f3_local_snap_y_px": 195,
      "f3_local_snap_search_px": 6,
      "f3_local_snap_search_up_px": 6,
      "f3_local_snap_search_down_px": 6,
      "f3_local_snap_prefer_lower_weight": 0.0,
      "f4_local_snap_x": 869,
      "f4_local_snap_y_px": 231,
      "f4_local_snap_search_px": 8,
      "f4_local_snap_search_up_px": 6,
      "f4_local_snap_search_down_px": 14,
      "f4_local_snap_prefer_lower_weight": 0.05,
      "f2_local_snap_x": 869,
      "f2_local_snap_y_px": 132,
      "f2_local_snap_search_px": 8,
      "f2_local_snap_search_up_px": 14,
      "f2_local_snap_search_down_px": 2,
      "f2_local_snap_prefer_lower_weight": 0.0,
      "f2_consensus_x_range": [
        863,
        869
      ],
      "f2_consensus_y_px": 129,
      "f2_consensus_anchor_y_px": 132,
      "f2_consensus_seed_y_px": 128,
      "f2_consensus_support_cols": 5,
      "f2_consensus_support_ratio": 0.6813307415433552,
      "f2_consensus_jump_px": 3,
      "f2_consensus_tol_px": 5,
      "f2_consensus_reason": "accepted",
      "f2_consensus_applied": true,
      "f3_consensus_x_range": [
        863,
        869
      ],
      "f3_consensus_y_px": 204,
      "f3_consensus_anchor_y_px": 195,
      "f3_consensus_seed_y_px": 204,
      "f3_consensus_support_cols": 5,
      "f3_consensus_support_ratio": 0.6244237270771438,
      "f3_consensus_jump_px": 9,
      "f3_consensus_tol_px": 5,
      "f3_consensus_reason": "accepted",
      "f3_consensus_applied": true,
      "f4_consensus_applied": false,
      "f4_consensus_x_range": [
        863,
        869
      ],
      "f4_consensus_y_px": 231,
      "f4_consensus_anchor_y_px": 231,
      "f4_consensus_seed_y_px": 230,
      "f4_consensus_support_cols": 4,
      "f4_consensus_support_ratio": 0.5411372407960102,
      "f4_consensus_jump_px": 0,
      "f4_consensus_tol_px": 6,
      "f4_consensus_reason": "low_support",
      "scale_ranges": {
        "F1": [
          7.2,
          8.4
        ],
        "F2": [
          13.1,
          14.5
        ],
        "F3": [
          18.6,
          20.2
        ],
        "F4": [
          24.1,
          26.5
        ]
      }
    },
    "A": {
      "x_day0": 59,
      "x_day1": 392,
      "x_day2": 726,
      "day_w": 333.5,
      "x_day0_time": 59,
      "x_day1_time": 351,
      "x_day2_time": 643,
      "day_w_time": 292.0,
      "x_plot_end": 935,
      "x1_static": 936,
      "x1_dyn": 935,
      "x1_dyn_used": true,
      "pph": 12.166666666666666,