{
  "saved_at_utc": "2026-03-15T09:46:31.730907+00:00",
  "source": "tomsk_sos70_param_charts",
  "freq_max_hz": 40.0,
  "values": {
    "scale_ranges": {
      "F": {
        "F1": [
          7.2,
          8.4
        ],
        "F2": [
          13.1,
          14.5
        ],
        "F3": [
          18.6,
          20.2
        ],
        "F4": [
          24.1,
          26.5
        ]
      },
      "A": {
        "A1": [
          1.0,
          45.0
        ],
        "A2": [
          1.0,
          61.5
        ],
        "A3": [
          2.2,
          12.2
        ],
        "A4": [
          1.1,
          10.2
        ]
      },
      "Q": {
        "Q1": [
          4.0,
          38.0
        ],
        "Q2": [
          5.0,
          17.5
        ],
        "Q3": [
          7.0,
          23.0
        ],
        "Q4": [
          5.0,
          30.0
        ]
      }
    },
    "scale_units": {
      "F_hz": "Hz",
      "A_value": "idx",
      "Q_value": "idx"
    },
    "F_norm": {
      "F1": 0.1951219512195122,
      "F2": 0.3344947735191638,
      "F3": 0.5226480836236934,
      "F4": 0.7456445993031359
    },
    "F_y_px": {
      "F1": 91,
      "F2": 131,
      "F3": 185,
      "F4": 249
    },
    "F_lane_norm": {
      "F1": 0.8771929824561403,
      "F2": 0.5192307692307693,
      "F3": 0.5869565217391305,
      "F4": 0.9130434782608695
    },
    "F_hz": {
      "F1": 7.347368421052632,
      "F2": 13.773076923076923,
      "F3": 19.26086956521739,
      "F4": 24.308695652173913
    },
    "A_norm": {
      "A1": 0.289198606271777,
      "A2": 0.5121951219512195,
      "A3": 0.7282229965156795,
      "A4": 0.9512195121951219
    },
    "A_y_px": {
      "A1": 118,
      "A2": 182,
      "A3": 244,
      "A4": 308
    },
    "A_lane_norm": {
      "A1": 0.891566265060241,
      "A2": 0.9183673469387755,
      "A3": 0.9072164948453608,
      "A4": 0.8571428571428571
    },
    "A_value": {
      "A1": 5.7710843373494,
      "A2": 5.938775510204081,
      "A3": 3.1278350515463913,
      "A4": 2.4000000000000004
    },
    "Q_norm": {
      "Q1": 0.1289198606271777,
      "Q2": 0.397212543554007,
      "Q3": 0.7317073170731707,
      "Q4": 0.8885017421602788
    },
    "Q_y_px": {
      "Q1": 72,
      "Q2": 149,
      "Q3": 245,
      "Q4": 290
    },
    "Q_lane_norm": {
      "Q1": 0.25842696629213485,
      "Q2": 0.4639175257731959,
      "Q3": 0.8640776699029126,
      "Q4": 0.6352941176470588
    },
    "Q_value": {
      "Q1": 29.213483146067414,
      "Q2": 11.701030927835053,
      "Q3": 9.174757281553399,
      "Q4": 14.11764705882353
    }
  },
  "debug": {
    "F": {
      "x_day0": 59,
      "x_day1": 374,
      "x_day2": 689,
      "day_w": 315.0,
      "x_day0_time": 59,
      "x_day1_time": 351,
      "x_day2_time": 643,
      "day_w_time": 292.0,
      "x_plot_end": 935,
      "x1_static": 936,
      "x1_dyn": 935,
      "x1_dyn_used": true,
      "pph": 12.166666666666666,
      "pph_source": "day_width (tick-mismatch-fallback)",
      "pph_tick": 19.0,
      "tick_pph_rel_err": 0.5616438356164384,
      "tick_pph_valid": false,
      "tick_count": 50,
      "tick_quality": 0.6944444444444444,
      "tick_used": false,
      "x_frontier": 845,
      "frontier_method": "activity_scan",
      "frontier_activity_thr": 0.3907011151313782,
      "frontier_activity_right_tail": 0.08719556033611298,
      "frontier_activity_run_px": 8,
      "guard_px": 4,
      "left_guard": 645,
      "right_guard": 841,
      "x_time": 847,
      "x_ideal": 847,
      "x_now": 847,
      "x_now_method": "ideal",
      "hour_now_tsst": 16.775277777777777,
      "rollover_hour_min": 3.0,
      "rollover_hour_max": 8.5,
      "delta_min_to_guard": -29.589041095890412,
      "delta_min_to_frontier": -9.863013698630137,
      "frontier_day_fill": 0.6917808219178082,
      "rollover_candidate": false,
      "bias_minutes_applied": 0.0,
      "measured_bias_minutes": null,
      "age_hours": null,
      "status": "ok",
      "x_pick": 846,
      "x_pick_edge": 847,
      "x_pick_safe_right": 923,
      "x_overlay": 847,
      "f1_path_x_range": [
        833,
        847
      ],
      "f1_path_target_col": 13,
      "f1_path_y_px": 96,
      "f4_path_x_range": [
        833,
        847
      ],
      "f4_path_target_col": 13,
      "f4_path_y_px": 250,
      "f1_path2_x_range": [
        837,
        847
      ],
      "f1_path2_target_col": 9,
      "f1_path2_y_px": 95,
      "f1_path2_y_direct_px": 69,
      "f1_path2_direct_used": false,
      "f1_path2_direct_allowed": false,
      "f1_path2_left_weight": 0.35,
      "f1_path2_right_weight": 1.0,
      "f2_path2_x_range": [
        837,
        847
      ],
      "f2_path2_target_col": 9,
      "f2_path2_y_px": 131,
      "f2_path2_y_direct_px": 140,
      "f2_path2_direct_used": false,
      "f2_path2_direct_allowed": false,
      "f2_path2_left_weight": 0.4,
      "f2_path2_right_weight": 1.0,
      "f4_path2_x_range": [
        837,
        847
      ],
      "f4_path2_target_col": 9,
      "f4_path2_y_px": 250,
      "f4_path2_y_direct_px": 250,
      "f4_path2_direct_used": false,
      "f4_path2_direct_allowed": false,
      "f4_path2_left_weight": 0.4,
      "f4_path2_right_weight": 1.0,
      "f1_local_snap_x": 847,
      "f1_local_snap_y_px": 91,
      "f1_local_snap_search_px": 8,
      "f1_local_snap_search_up_px": 4,
      "f1_local_snap_search_down_px": 12,
      "f1_local_snap_prefer_lower_weight": 0.02,
      "f3_local_snap_x": 847,
      "f3_local_snap_y_px": 186,
      "f3_local_snap_search_px": 6,
      "f3_local_snap_search_up_px": 6,
      "f3_local_snap_search_down_px": 6,
      "f3_local_snap_prefer_lower_weight": 0.0,
      "f4_local_snap_x": 847,
      "f4_local_snap_y_px": 249,
      "f4_local_snap_search_px": 8,
      "f4_local_snap_search_up_px": 6,
      "f4_local_snap_search_down_px": 14,
      "f4_local_snap_prefer_lower_weight": 0.05,
      "f2_local_snap_x": 847,
      "f2_local_snap_y_px": 131,
      "f2_local_snap_search_px": 8,
      "f2_local_snap_search_up_px": 14,
      "f2_local_snap_search_down_px": 2,
      "f2_local_snap_prefer_lower_weight": 0.0,
      "f2_consensus_x_range": [
        841,
        847
      ],
      "f2_consensus_y_px": 131,
      "f2_consensus_anchor_y_px": 131,
      "f2_consensus_seed_y_px": 130,
      "f2_consensus_support_cols": 5,
      "f2_consensus_support_ratio": 0.697072882638466,
      "f2_consensus_jump_px": 0,
      "f2_consensus_tol_px": 5,
      "f2_consensus_reason": "accepted",
      "f2_consensus_applied": true,
      "f3_consensus_x_range": [
        841,
        847
      ],
      "f3_consensus_y_px": 185,
      "f3_consensus_anchor_y_px": 186,
      "f3_consensus_seed_y_px": 185,
      "f3_consensus_support_cols": 5,
      "f3_consensus_support_ratio": 0.6383781939171608,
      "f3_consensus_jump_px": 1,
      "f3_consensus_tol_px": 5,
      "f3_consensus_reason": "accepted",
      "f3_consensus_applied": true,
      "f4_consensus_x_range": [
        841,
        847
      ],
      "f4_consensus_y_px": 249,
      "f4_consensus_anchor_y_px": 249,
      "f4_consensus_seed_y_px": 250,
      "f4_consensus_support_cols": 4,
      "f4_consensus_support_ratio": 0.624229112916375,
      "f4_consensus_jump_px": 0,
      "f4_consensus_tol_px": 6,
      "f4_consensus_reason": "accepted",
      "f4_consensus_applied": true,
      "scale_ranges": {
        "F1": [
          7.2,
          8.4
        ],
        "F2": [
          13.1,
          14.5
        ],
        "F3": [
          18.6,
          20.2
        ],
        "F4": [
          24.1,
          26.5
        ]
      }
    },
    "A": {
      "x_day0": 59,
      "x_day1": 356,
      "x_day2": 654,
      "day_w": 297.5,
      "x_day0_time": 59,
      "x_day1_time": 351,
      "x_day2_time": 643,
      "day_w_time": 292.0,
      "x_plot_end": 935,
      "x1_static": 936,
      "x1_dyn": 935,
      "x1_dyn_used": true,