{
  "saved_at_utc": "2026-05-31T02:03:31.329903+00:00",
  "source": "tomsk_sos70_param_charts",
  "freq_max_hz": 40.0,
  "values": {
    "scale_ranges": {
      "F": {
        "F1": [
          7.2,
          8.4
        ],
        "F2": [
          13.1,
          14.5
        ],
        "F3": [
          18.6,
          20.2
        ],
        "F4": [
          24.1,
          26.5
        ]
      },
      "A": {
        "A1": [
          1.0,
          45.0
        ],
        "A2": [
          1.0,
          61.5
        ],
        "A3": [
          2.2,
          12.2
        ],
        "A4": [
          1.1,
          10.2
        ]
      },
      "Q": {
        "Q1": [
          4.0,
          38.0
        ],
        "Q2": [
          5.0,
          17.5
        ],
        "Q3": [
          7.0,
          23.0
        ],
        "Q4": [
          5.0,
          30.0
        ]
      }
    },
    "scale_units": {
      "F_hz": "Hz",
      "A_value": "idx",
      "Q_value": "idx"
    },
    "F_norm": {
      "F1": 0.04529616724738676,
      "F2": 0.29965156794425085,
      "F3": 0.5470383275261324,
      "F4": 0.759581881533101
    },
    "F_y_px": {
      "F1": 48,
      "F2": 121,
      "F3": 192,
      "F4": 253
    },
    "F_lane_norm": {
      "F1": 0.12280701754385964,
      "F2": 0.3269230769230769,
      "F3": 0.7391304347826086,
      "F4": 1.0
    },
    "F_hz": {
      "F1": 8.25263157894737,
      "F2": 14.042307692307693,
      "F3": 19.01739130434783,
      "F4": 24.1
    },
    "A_norm": {
      "A1": 0.3170731707317073,
      "A2": 0.5261324041811847,
      "A3": 0.7456445993031359,
      "A4": 0.9512195121951219
    },
    "A_y_px": {
      "A1": 126,
      "A2": 186,
      "A3": 249,
      "A4": 308
    },
    "A_lane_norm": {
      "A1": 0.9879518072289156,
      "A2": 0.9591836734693877,
      "A3": 0.9587628865979382,
      "A4": 0.8571428571428571
    },
    "A_value": {
      "A1": 1.5301204819277103,
      "A2": 3.4693877551020407,
      "A3": 2.612371134020618,
      "A4": 2.4000000000000004
    },
    "Q_norm": {
      "Q1": 0.1289198606271777,
      "Q2": 0.5226480836236934,
      "Q3": 0.710801393728223,
      "Q4": 0.9303135888501742
    },
    "Q_y_px": {
      "Q1": 72,
      "Q2": 185,
      "Q3": 239,
      "Q4": 302
    },
    "Q_lane_norm": {
      "Q1": 0.25842696629213485,
      "Q2": 0.8350515463917526,
      "Q3": 0.8058252427184466,
      "Q4": 0.7764705882352941
    },
    "Q_value": {
      "Q1": 29.213483146067414,
      "Q2": 7.061855670103093,
      "Q3": 10.106796116504855,
      "Q4": 10.588235294117645
    }
  },
  "debug": {
    "F": {
      "x_day0": 59,
      "x_day1": 374,
      "x_day2": 690,
      "day_w": 315.5,
      "x_day0_time": 59,
      "x_day1_time": 351,
      "x_day2_time": 643,
      "day_w_time": 292.0,
      "x_plot_end": 935,
      "x1_static": 936,
      "x1_dyn": 935,
      "x1_dyn_used": true,
      "pph": 12.166666666666666,
      "pph_source": "day_width (tick-mismatch-fallback)",
      "pph_tick": 19.0,
      "tick_pph_rel_err": 0.5616438356164384,
      "tick_pph_valid": false,
      "tick_count": 50,
      "tick_quality": 0.6944444444444444,
      "tick_used": false,
      "x_frontier": 750,
      "frontier_method": "activity_scan",
      "frontier_activity_thr": 0.49595876038074493,
      "frontier_activity_right_tail": 0.17332464456558228,
      "frontier_activity_run_px": 8,
      "guard_px": 4,
      "left_guard": 645,
      "right_guard": 746,
      "x_time": 753,
      "x_ideal": 753,
      "x_now": 753,
      "x_now_method": "ideal",
      "hour_now_tsst": 9.058611111111112,
      "rollover_hour_min": 3.0,
      "rollover_hour_max": 8.5,
      "delta_min_to_guard": -34.520547945205486,
      "delta_min_to_frontier": -14.794520547945206,
      "frontier_day_fill": 0.3664383561643836,
      "rollover_candidate": false,
      "bias_minutes_applied": 0.0,
      "measured_bias_minutes": null,
      "age_hours": null,
      "status": "ok",
      "x_pick": 752,
      "x_pick_edge": 753,
      "x_pick_safe_right": 923,
      "x_overlay": 753,
      "f1_path_x_range": [
        739,
        753
      ],
      "f1_path_target_col": 13,
      "f1_path_y_px": 50,
      "f4_path_x_range": [
        739,
        753
      ],
      "f4_path_target_col": 13,
      "f4_path_y_px": 259,
      "f1_path2_x_range": [
        743,
        753
      ],
      "f1_path2_target_col": 9,
      "f1_path2_y_px": 50,
      "f1_path2_y_direct_px": 90,
      "f1_path2_direct_used": false,
      "f1_path2_direct_allowed": false,
      "f1_path2_left_weight": 0.35,
      "f1_path2_right_weight": 1.0,
      "f2_path2_x_range": [
        743,
        753
      ],
      "f2_path2_target_col": 9,
      "f2_path2_y_px": 118,
      "f2_path2_y_direct_px": 123,
      "f2_path2_direct_used": false,
      "f2_path2_direct_allowed": false,
      "f2_path2_left_weight": 0.4,
      "f2_path2_right_weight": 1.0,
      "f4_path2_x_range": [
        743,
        753
      ],
      "f4_path2_target_col": 9,
      "f4_path2_y_px": 259,
      "f4_path2_y_direct_px": 250,
      "f4_path2_direct_used": false,
      "f4_path2_direct_allowed": false,
      "f4_path2_left_weight": 0.4,
      "f4_path2_right_weight": 1.0,
      "f1_local_snap_x": 753,
      "f1_local_snap_y_px": 48,
      "f1_local_snap_search_px": 8,
      "f1_local_snap_search_up_px": 4,
      "f1_local_snap_search_down_px": 12,
      "f1_local_snap_prefer_lower_weight": 0.02,
      "f3_local_snap_x": 753,
      "f3_local_snap_y_px": 184,
      "f3_local_snap_search_px": 6,
      "f3_local_snap_search_up_px": 6,
      "f3_local_snap_search_down_px": 6,
      "f3_local_snap_prefer_lower_weight": 0.0,
      "f4_local_snap_x": 753,
      "f4_local_snap_y_px": 253,
      "f4_local_snap_search_px": 8,
      "f4_local_snap_search_up_px": 6,
      "f4_local_snap_search_down_px": 14,
      "f4_local_snap_prefer_lower_weight": 0.05,
      "f2_local_snap_x": 753,
      "f2_local_snap_y_px": 110,
      "f2_local_snap_search_px": 8,
      "f2_local_snap_search_up_px": 14,
      "f2_local_snap_search_down_px": 2,
      "f2_local_snap_prefer_lower_weight": 0.0,
      "f2_consensus_x_range": [
        747,
        753
      ],
      "f2_consensus_y_px": 121,
      "f2_consensus_anchor_y_px": 110,
      "f2_consensus_seed_y_px": 121,
      "f2_consensus_support_cols": 6,
      "f2_consensus_support_ratio": 0.8927456658267835,
      "f2_consensus_jump_px": 11,
      "f2_consensus_tol_px": 5,
      "f2_consensus_reason": "accepted",
      "f2_consensus_applied": true,
      "f3_consensus_x_range": [
        747,
        753
      ],
      "f3_consensus_y_px": 192,
      "f3_consensus_anchor_y_px": 184,
      "f3_consensus_seed_y_px": 188,
      "f3_consensus_support_cols": 7,
      "f3_consensus_support_ratio": 1.0,
      "f3_consensus_jump_px": 8,
      "f3_consensus_tol_px": 5,
      "f3_consensus_reason": "accepted",
      "f3_consensus_applied": true,
      "f4_consensus_applied": false,
      "f4_consensus_x_range": [
        747,
        753
      ],
      "f4_consensus_y_px": 249,
      "f4_consensus_anchor_y_px": 253,
      "f4_consensus_seed_y_px": 249,
      "f4_consensus_support_cols": 3,
      "f4_consensus_support_ratio": 0.4816955684007706,
      "f4_consensus_jump_px": 4,
      "f4_consensus_tol_px": 6,
      "f4_consensus_reason": "low_support",
      "scale_ranges": {
        "F1": [
          7.2,
          8.4
        ],
        "F2": [
          13.1,
          14.5
        ],
        "F3": [
          18.6,
          20.2
        ],
        "F4": [
          24.1,
          26.5
        ]
      }
    },
    "A": {
      "x_day0": 59,
      "x_day1": 372,
      "x_day2": 685,
      "day_w": 313.0,
      "x_day0_time": 59,
      "x_day1_time": 351,
      "x_day2_time": 644,
      "day_w_time": 292.3333333333333,
      "x_plot_end": 936,
      "x1_static": 936,
      "x1_dyn": 977,
      "x1_dyn_used": false,
      "pph": 12.180555555555555,