{
  "saved_at_utc": "2026-04-30T21:37:51.427509+00:00",
  "source": "tomsk_sos70_param_charts",
  "freq_max_hz": 40.0,
  "values": {
    "scale_ranges": {
      "F": {
        "F1": [
          7.2,
          8.4
        ],
        "F2": [
          13.1,
          14.5
        ],
        "F3": [
          18.6,
          20.2
        ],
        "F4": [
          24.1,
          26.5
        ]
      },
      "A": {
        "A1": [
          1.0,
          45.0
        ],
        "A2": [
          1.0,
          61.5
        ],
        "A3": [
          2.2,
          12.2
        ],
        "A4": [
          1.1,
          10.2
        ]
      },
      "Q": {
        "Q1": [
          4.0,
          38.0
        ],
        "Q2": [
          5.0,
          17.5
        ],
        "Q3": [
          7.0,
          23.0
        ],
        "Q4": [
          5.0,
          30.0
        ]
      }
    },
    "scale_units": {
      "F_hz": "Hz",
      "A_value": "idx",
      "Q_value": "idx"
    },
    "F_norm": {
      "F1": 0.024390243902439025,
      "F2": 0.40069686411149824,
      "F3": 0.5644599303135889,
      "F4": 0.7456445993031359
    },
    "F_y_px": {
      "F1": 42,
      "F2": 150,
      "F3": 197,
      "F4": 249
    },
    "F_lane_norm": {
      "F1": 0.017543859649122806,
      "F2": 0.8846153846153846,
      "F3": 0.8478260869565217,
      "F4": 0.9130434782608695
    },
    "F_hz": {
      "F1": 8.378947368421054,
      "F2": 13.26153846153846,
      "F3": 18.843478260869567,
      "F4": 24.308695652173913
    },
    "A_norm": {
      "A1": 0.30313588850174217,
      "A2": 0.519163763066202,
      "A3": 0.7282229965156795,
      "A4": 0.9616724738675958
    },
    "A_y_px": {
      "A1": 122,
      "A2": 184,
      "A3": 244,
      "A4": 311
    },
    "A_lane_norm": {
      "A1": 0.9397590361445783,
      "A2": 0.9387755102040817,
      "A3": 0.9072164948453608,
      "A4": 0.8901098901098901
    },
    "A_value": {
      "A1": 3.6506024096385516,
      "A2": 4.7040816326530575,
      "A3": 3.1278350515463913,
      "A4": 2.0999999999999996
    },
    "Q_norm": {
      "Q1": 0.2613240418118467,
      "Q2": 0.5226480836236934,
      "Q3": 0.6655052264808362,
      "Q4": 0.7491289198606271
    },
    "Q_y_px": {
      "Q1": 110,
      "Q2": 185,
      "Q3": 226,
      "Q4": 250
    },
    "Q_lane_norm": {
      "Q1": 0.6853932584269663,
      "Q2": 0.8350515463917526,
      "Q3": 0.6796116504854369,
      "Q4": 0.16470588235294117
    },
    "Q_value": {
      "Q1": 14.696629213483146,
      "Q2": 7.061855670103093,
      "Q3": 12.12621359223301,
      "Q4": 25.88235294117647
    }
  },
  "debug": {
    "F": {
      "x_day0": 59,
      "x_day1": 392,
      "x_day2": 726,
      "day_w": 333.5,
      "x_day0_time": 59,
      "x_day1_time": 351,
      "x_day2_time": 643,
      "day_w_time": 292.0,
      "x_plot_end": 935,
      "x1_static": 936,
      "x1_dyn": 935,
      "x1_dyn_used": true,
      "pph": 12.166666666666666,
      "pph_source": "day_width (tick-mismatch-fallback)",
      "pph_tick": 19.0,
      "tick_pph_rel_err": 0.5616438356164384,
      "tick_pph_valid": false,
      "tick_count": 50,
      "tick_quality": 0.6944444444444444,
      "tick_used": false,
      "x_frontier": 701,
      "frontier_method": "activity_scan",
      "frontier_activity_thr": 0.49717449247837064,
      "frontier_activity_right_tail": 0.19290459156036377,
      "frontier_activity_run_px": 8,
      "guard_px": 4,
      "left_guard": 645,
      "right_guard": 697,
      "x_time": 699,
      "x_ideal": 699,
      "x_now": 699,
      "x_now_method": "harmonized_prefer_non_rollover",
      "hour_now_tsst": 4.630833333333334,
      "rollover_hour_min": 3.0,
      "rollover_hour_max": 8.5,
      "delta_min_to_guard": -9.863013698630137,
      "delta_min_to_frontier": 9.863013698630137,
      "frontier_day_fill": 0.19863013698630136,
      "rollover_candidate": false,
      "bias_minutes_applied": 0.0,
      "measured_bias_minutes": null,
      "age_hours": null,
      "status": "ok",
      "x_now_before_harmonize": 699,
      "x_pick": 698,
      "x_pick_edge": 699,
      "x_pick_safe_right": 923,
      "x_overlay": 699,
      "f1_path_x_range": [
        685,
        699
      ],
      "f1_path_target_col": 13,
      "f1_path_y_px": 60,
      "f4_path_x_range": [
        685,
        699
      ],
      "f4_path_target_col": 13,
      "f4_path_y_px": 251,
      "f1_path2_x_range": [
        689,
        699
      ],
      "f1_path2_target_col": 9,
      "f1_path2_y_px": 44,
      "f1_path2_y_direct_px": 44,
      "f1_path2_direct_used": false,
      "f1_path2_direct_allowed": false,
      "f1_path2_left_weight": 0.35,
      "f1_path2_right_weight": 1.0,
      "f2_path2_x_range": [
        689,
        699
      ],
      "f2_path2_target_col": 9,
      "f2_path2_y_px": 150,
      "f2_path2_y_direct_px": 128,
      "f2_path2_direct_used": false,
      "f2_path2_direct_allowed": false,
      "f2_path2_left_weight": 0.4,
      "f2_path2_right_weight": 1.0,
      "f4_path2_x_range": [
        689,
        699
      ],
      "f4_path2_target_col": 9,
      "f4_path2_y_px": 250,
      "f4_path2_y_direct_px": 250,
      "f4_path2_direct_used": false,
      "f4_path2_direct_allowed": false,
      "f4_path2_left_weight": 0.4,
      "f4_path2_right_weight": 1.0,
      "f1_local_snap_x": 699,
      "f1_local_snap_y_px": 42,
      "f1_local_snap_search_px": 8,
      "f1_local_snap_search_up_px": 4,
      "f1_local_snap_search_down_px": 12,
      "f1_local_snap_prefer_lower_weight": 0.02,
      "f3_local_snap_x": 699,
      "f3_local_snap_y_px": 194,
      "f3_local_snap_search_px": 6,
      "f3_local_snap_search_up_px": 6,
      "f3_local_snap_search_down_px": 6,
      "f3_local_snap_prefer_lower_weight": 0.0,
      "f4_local_snap_x": 699,
      "f4_local_snap_y_px": 250,
      "f4_local_snap_search_px": 8,
      "f4_local_snap_search_up_px": 6,
      "f4_local_snap_search_down_px": 14,
      "f4_local_snap_prefer_lower_weight": 0.05,
      "f2_local_snap_x": 699,
      "f2_local_snap_y_px": 150,
      "f2_local_snap_search_px": 8,
      "f2_local_snap_search_up_px": 14,
      "f2_local_snap_search_down_px": 2,
      "f2_local_snap_prefer_lower_weight": 0.0,
      "f2_consensus_applied": false,
      "f2_consensus_x_range": [
        693,
        699
      ],
      "f2_consensus_y_px": 130,
      "f2_consensus_anchor_y_px": 150,
      "f2_consensus_seed_y_px": 133,
      "f2_consensus_support_cols": 3,
      "f2_consensus_support_ratio": 0.4797061144725468,
      "f2_consensus_jump_px": 20,
      "f2_consensus_tol_px": 5,
      "f2_consensus_reason": "low_support",
      "f3_consensus_x_range": [
        693,
        699
      ],
      "f3_consensus_y_px": 197,
      "f3_consensus_anchor_y_px": 194,
      "f3_consensus_seed_y_px": 195,
      "f3_consensus_support_cols": 6,
      "f3_consensus_support_ratio": 0.8125628814809847,
      "f3_consensus_jump_px": 3,
      "f3_consensus_tol_px": 5,
      "f3_consensus_reason": "accepted",
      "f3_consensus_applied": true,
      "f4_consensus_x_range": [
        693,
        699
      ],
      "f4_consensus_y_px": 249,
      "f4_consensus_anchor_y_px": 250,
      "f4_consensus_seed_y_px": 251,
      "f4_consensus_support_cols": 6,
      "f4_consensus_support_ratio": 0.8107168510271513,
      "f4_consensus_jump_px": 1,
      "f4_consensus_tol_px": 6,
      "f4_consensus_reason": "accepted",
      "f4_consensus_applied": true,
      "scale_ranges": {
        "F1": [
          7.2,
          8.4
        ],
        "F2": [
          13.1,
          14.5
        ],
        "F3": [
          18.6,
          20.2
        ],
        "F4": [
          24.1,
          26.5
        ]
      }
    },
    "A": {
      "x_day0": 59,
      "x_day1": 392,
      "x_day2": 726,
      "day_w": 333.5,
      "x_day0_time": 59,
      "x_day1_time": 351,
      "x_day2_time": 643,
      "day_w_time": 292.0,
      "x_plot_end": 935,