{
  "saved_at_utc": "2026-03-23T20:48:11.019154+00:00",
  "source": "tomsk_sos70_param_charts",
  "freq_max_hz": 40.0,
  "values": {
    "scale_ranges": {
      "F": {
        "F1": [
          7.2,
          8.4
        ],
        "F2": [
          13.1,
          14.5
        ],
        "F3": [
          18.6,
          20.2
        ],
        "F4": [
          24.1,
          26.5
        ]
      },
      "A": {
        "A1": [
          1.0,
          45.0
        ],
        "A2": [
          1.0,
          61.5
        ],
        "A3": [
          2.2,
          12.2
        ],
        "A4": [
          1.1,
          10.2
        ]
      },
      "Q": {
        "Q1": [
          4.0,
          38.0
        ],
        "Q2": [
          5.0,
          17.5
        ],
        "Q3": [
          7.0,
          23.0
        ],
        "Q4": [
          5.0,
          30.0
        ]
      }
    },
    "scale_units": {
      "F_hz": "Hz",
      "A_value": "idx",
      "Q_value": "idx"
    },
    "F_norm": {
      "F1": 0.03484320557491289,
      "F2": 0.3344947735191638,
      "F3": 0.519163763066202,
      "F4": 0.7526132404181185
    },
    "F_y_px": {
      "F1": 45,
      "F2": 131,
      "F3": 184,
      "F4": 251
    },
    "F_lane_norm": {
      "F1": 0.07017543859649122,
      "F2": 0.5192307692307693,
      "F3": 0.5652173913043478,
      "F4": 0.9565217391304348
    },
    "F_hz": {
      "F1": 8.31578947368421,
      "F2": 13.773076923076923,
      "F3": 19.295652173913044,
      "F4": 24.20434782608696
    },
    "A_norm": {
      "A1": 0.289198606271777,
      "A2": 0.4181184668989547,
      "A3": 0.5052264808362369,
      "A4": 0.8397212543554007
    },
    "A_y_px": {
      "A1": 118,
      "A2": 155,
      "A3": 180,
      "A4": 276
    },
    "A_lane_norm": {
      "A1": 0.891566265060241,
      "A2": 0.6428571428571429,
      "A3": 0.24742268041237114,
      "A4": 0.5054945054945055
    },
    "A_value": {
      "A1": 5.7710843373494,
      "A2": 22.607142857142854,
      "A3": 9.725773195876288,
      "A4": 5.6
    },
    "Q_norm": {
      "Q1": 0.31010452961672474,
      "Q2": 0.4738675958188153,
      "Q3": 0.5052264808362369,
      "Q4": 0.7560975609756098
    },
    "Q_y_px": {
      "Q1": 124,
      "Q2": 171,
      "Q3": 180,
      "Q4": 252
    },
    "Q_lane_norm": {
      "Q1": 0.8426966292134831,
      "Q2": 0.6907216494845361,
      "Q3": 0.23300970873786409,
      "Q4": 0.18823529411764706
    },
    "Q_value": {
      "Q1": 9.348314606741575,
      "Q2": 8.8659793814433,
      "Q3": 19.271844660194176,
      "Q4": 25.294117647058822
    }
  },
  "debug": {
    "F": {
      "x_day0": 59,
      "x_day1": 392,
      "x_day2": 726,
      "day_w": 333.5,
      "x_day0_time": 59,
      "x_day1_time": 351,
      "x_day2_time": 643,
      "day_w_time": 292.0,
      "x_plot_end": 935,
      "x1_static": 936,
      "x1_dyn": 935,
      "x1_dyn_used": true,
      "pph": 12.166666666666666,
      "pph_source": "day_width (tick-mismatch-fallback)",
      "pph_tick": 19.0,
      "tick_pph_rel_err": 0.5616438356164384,
      "tick_pph_valid": false,
      "tick_count": 50,
      "tick_quality": 0.6944444444444444,
      "tick_used": false,
      "x_frontier": 692,
      "frontier_method": "activity_scan",
      "frontier_activity_thr": 0.45258358120918274,
      "frontier_activity_right_tail": 0.1867215782403946,
      "frontier_activity_run_px": 8,
      "guard_px": 4,
      "left_guard": 645,
      "right_guard": 688,
      "x_time": 689,
      "x_ideal": 689,
      "x_now": 689,
      "x_now_method": "harmonized_prefer_non_rollover",
      "hour_now_tsst": 3.8027777777777776,
      "rollover_hour_min": 3.0,
      "rollover_hour_max": 8.5,
      "delta_min_to_guard": -4.931506849315069,
      "delta_min_to_frontier": 14.794520547945206,
      "frontier_day_fill": 0.1678082191780822,
      "rollover_candidate": false,
      "bias_minutes_applied": 0.0,
      "measured_bias_minutes": null,
      "age_hours": null,
      "status": "ok",
      "x_now_before_harmonize": 689,
      "x_pick": 688,
      "x_pick_edge": 689,
      "x_pick_safe_right": 923,
      "x_overlay": 689,
      "f1_path_x_range": [
        675,
        689
      ],
      "f1_path_target_col": 13,
      "f1_path_y_px": 45,
      "f4_path_x_range": [
        675,
        689
      ],
      "f4_path_target_col": 13,
      "f4_path_y_px": 251,
      "f1_path2_x_range": [
        679,
        689
      ],
      "f1_path2_target_col": 9,
      "f1_path2_y_px": 45,
      "f1_path2_y_direct_px": 44,
      "f1_path2_direct_used": false,
      "f1_path2_direct_allowed": false,
      "f1_path2_left_weight": 0.35,
      "f1_path2_right_weight": 1.0,
      "f2_path2_x_range": [
        679,
        689
      ],
      "f2_path2_target_col": 9,
      "f2_path2_y_px": 129,
      "f2_path2_y_direct_px": 113,
      "f2_path2_direct_used": false,
      "f2_path2_direct_allowed": false,
      "f2_path2_left_weight": 0.4,
      "f2_path2_right_weight": 1.0,
      "f4_path2_x_range": [
        679,
        689
      ],
      "f4_path2_target_col": 9,
      "f4_path2_y_px": 251,
      "f4_path2_y_direct_px": 248,
      "f4_path2_direct_used": false,
      "f4_path2_direct_allowed": false,
      "f4_path2_left_weight": 0.4,
      "f4_path2_right_weight": 1.0,
      "f1_local_snap_x": 689,
      "f1_local_snap_y_px": 45,
      "f1_local_snap_search_px": 8,
      "f1_local_snap_search_up_px": 4,
      "f1_local_snap_search_down_px": 12,
      "f1_local_snap_prefer_lower_weight": 0.02,
      "f3_local_snap_x": 689,
      "f3_local_snap_y_px": 184,
      "f3_local_snap_search_px": 6,
      "f3_local_snap_search_up_px": 6,
      "f3_local_snap_search_down_px": 6,
      "f3_local_snap_prefer_lower_weight": 0.0,
      "f4_local_snap_x": 689,
      "f4_local_snap_y_px": 250,
      "f4_local_snap_search_px": 8,
      "f4_local_snap_search_up_px": 6,
      "f4_local_snap_search_down_px": 14,
      "f4_local_snap_prefer_lower_weight": 0.05,
      "f2_local_snap_x": 689,
      "f2_local_snap_y_px": 131,
      "f2_local_snap_search_px": 8,
      "f2_local_snap_search_up_px": 14,
      "f2_local_snap_search_down_px": 2,
      "f2_local_snap_prefer_lower_weight": 0.0,
      "f2_consensus_applied": false,
      "f2_consensus_support_cols": 2,
      "f2_consensus_anchor_y_px": 131,
      "f2_consensus_seed_y_px": 110,
      "f2_consensus_reason": "insufficient_inliers",
      "f3_consensus_x_range": [
        683,
        689
      ],
      "f3_consensus_y_px": 184,
      "f3_consensus_anchor_y_px": 184,
      "f3_consensus_seed_y_px": 184,
      "f3_consensus_support_cols": 7,
      "f3_consensus_support_ratio": 1.0,
      "f3_consensus_jump_px": 0,
      "f3_consensus_tol_px": 5,
      "f3_consensus_reason": "accepted",
      "f3_consensus_applied": true,
      "f4_consensus_x_range": [
        683,
        689
      ],
      "f4_consensus_y_px": 251,
      "f4_consensus_anchor_y_px": 250,
      "f4_consensus_seed_y_px": 252,
      "f4_consensus_support_cols": 5,
      "f4_consensus_support_ratio": 0.7992455148449273,
      "f4_consensus_jump_px": 1,
      "f4_consensus_tol_px": 6,
      "f4_consensus_reason": "accepted",
      "f4_consensus_applied": true,
      "scale_ranges": {
        "F1": [
          7.2,
          8.4
        ],
        "F2": [
          13.1,
          14.5
        ],
        "F3": [
          18.6,
          20.2
        ],
        "F4": [
          24.1,
          26.5
        ]
      }
    },
    "A": {
      "x_day0": 59,
      "x_day1": 392,
      "x_day2": 726,
      "day_w": 333.5,
      "x_day0_time": 59,
      "x_day1_time": 351,
      "x_day2_time": 643,
      "day_w_time": 292.0,
      "x_plot_end": 935,
      "x1_static": 936,
      "x1_dyn": 935,
      "x1_dyn_used": true,
      "pph": 12.166666666666666,
      "pph_source": "day_width (tick-mismatch-fallback)",
      "pph_tick": 19.0,
      "tick_pph_rel_err": 0.5616438356164384,
      "tick_pph_valid": false,