{
  "saved_at_utc": "2026-05-11T22:50:07.862557+00:00",
  "source": "tomsk_sos70_param_charts",
  "freq_max_hz": 40.0,
  "values": {
    "scale_ranges": {
      "F": {
        "F1": [
          7.2,
          8.4
        ],
        "F2": [
          13.1,
          14.5
        ],
        "F3": [
          18.6,
          20.2
        ],
        "F4": [
          24.1,
          26.5
        ]
      },
      "A": {
        "A1": [
          1.0,
          45.0
        ],
        "A2": [
          1.0,
          61.5
        ],
        "A3": [
          2.2,
          12.2
        ],
        "A4": [
          1.1,
          10.2
        ]
      },
      "Q": {
        "Q1": [
          4.0,
          38.0
        ],
        "Q2": [
          5.0,
          17.5
        ],
        "Q3": [
          7.0,
          23.0
        ],
        "Q4": [
          5.0,
          30.0
        ]
      }
    },
    "scale_units": {
      "F_hz": "Hz",
      "A_value": "idx",
      "Q_value": "idx"
    },
    "F_norm": {
      "F1": 0.059233449477351915,
      "F2": 0.33797909407665505,
      "F3": 0.4808362369337979,
      "F4": 0.7839721254355401
    },
    "F_y_px": {
      "F1": 52,
      "F2": 132,
      "F3": 173,
      "F4": 260
    },
    "F_lane_norm": {
      "F1": 0.19298245614035087,
      "F2": 0.5384615384615384,
      "F3": 0.32608695652173914,
      "F4": 1.0
    },
    "F_hz": {
      "F1": 8.16842105263158,
      "F2": 13.746153846153845,
      "F3": 19.678260869565218,
      "F4": 24.1
    },
    "A_norm": {
      "A1": 0.3170731707317073,
      "A2": 0.5296167247386759,
      "A3": 0.7386759581881533,
      "A4": 0.9407665505226481
    },
    "A_y_px": {
      "A1": 126,
      "A2": 187,
      "A3": 247,
      "A4": 305
    },
    "A_lane_norm": {
      "A1": 0.9879518072289156,
      "A2": 0.9693877551020408,
      "A3": 0.9381443298969072,
      "A4": 0.8241758241758241
    },
    "A_value": {
      "A1": 1.5301204819277103,
      "A2": 2.852040816326536,
      "A3": 2.8185567010309267,
      "A4": 2.7
    },
    "Q_norm": {
      "Q1": 0.30313588850174217,
      "Q2": 0.49825783972125437,
      "Q3": 0.6341463414634146,
      "Q4": 0.9163763066202091
    },
    "Q_y_px": {
      "Q1": 122,
      "Q2": 178,
      "Q3": 217,
      "Q4": 298
    },
    "Q_lane_norm": {
      "Q1": 0.8202247191011236,
      "Q2": 0.7628865979381443,
      "Q3": 0.5922330097087378,
      "Q4": 0.7294117647058823
    },
    "Q_value": {
      "Q1": 10.112359550561798,
      "Q2": 7.963917525773196,
      "Q3": 13.524271844660195,
      "Q4": 11.764705882352942
    }
  },
  "debug": {
    "F": {
      "x_day0": 59,
      "x_day1": 392,
      "x_day2": 726,
      "day_w": 333.5,
      "x_day0_time": 59,
      "x_day1_time": 351,
      "x_day2_time": 643,
      "day_w_time": 292.0,
      "x_plot_end": 935,
      "x1_static": 936,
      "x1_dyn": 935,
      "x1_dyn_used": true,
      "pph": 12.166666666666666,
      "pph_source": "day_width (tick-mismatch-fallback)",
      "pph_tick": 19.0,
      "tick_pph_rel_err": 0.5616438356164384,
      "tick_pph_valid": false,
      "tick_count": 50,
      "tick_quality": 0.6944444444444444,
      "tick_used": false,
      "x_frontier": 704,
      "frontier_method": "activity_scan",
      "frontier_activity_thr": 0.506573212146759,
      "frontier_activity_right_tail": 0.18270619213581085,
      "frontier_activity_run_px": 8,
      "guard_px": 4,
      "left_guard": 645,
      "right_guard": 700,
      "x_time": 714,
      "x_ideal": 714,
      "x_now": 698,
      "x_now_method": "harmonized_pair_cluster",
      "hour_now_tsst": 5.835277777777778,
      "rollover_hour_min": 3.0,
      "rollover_hour_max": 8.5,
      "delta_min_to_guard": -69.04109589041097,
      "delta_min_to_frontier": -49.31506849315069,
      "frontier_day_fill": 0.2089041095890411,
      "rollover_candidate": false,
      "bias_minutes_applied": 0.0,
      "measured_bias_minutes": null,
      "age_hours": null,
      "status": "ok",
      "x_now_before_harmonize": 700,
      "x_pick": 697,
      "x_pick_edge": 698,
      "x_pick_safe_right": 923,
      "x_overlay": 698,
      "f1_path_x_range": [
        684,
        698
      ],
      "f1_path_target_col": 13,
      "f1_path_y_px": 43,
      "f4_path_x_range": [
        684,
        698
      ],
      "f4_path_target_col": 13,
      "f4_path_y_px": 252,
      "f1_path2_x_range": [
        688,
        698
      ],
      "f1_path2_target_col": 9,
      "f1_path2_y_px": 49,
      "f1_path2_y_direct_px": 69,
      "f1_path2_direct_used": false,
      "f1_path2_direct_allowed": false,
      "f1_path2_left_weight": 0.35,
      "f1_path2_right_weight": 1.0,
      "f2_path2_x_range": [
        688,
        698
      ],
      "f2_path2_target_col": 9,
      "f2_path2_y_px": 127,
      "f2_path2_y_direct_px": 129,
      "f2_path2_direct_used": false,
      "f2_path2_direct_allowed": false,
      "f2_path2_left_weight": 0.4,
      "f2_path2_right_weight": 1.0,
      "f4_path2_x_range": [
        688,
        698
      ],
      "f4_path2_target_col": 9,
      "f4_path2_y_px": 252,
      "f4_path2_y_direct_px": 258,
      "f4_path2_direct_used": false,
      "f4_path2_direct_allowed": false,
      "f4_path2_left_weight": 0.4,
      "f4_path2_right_weight": 1.0,
      "f1_local_snap_x": 698,
      "f1_local_snap_y_px": 52,
      "f1_local_snap_search_px": 8,
      "f1_local_snap_search_up_px": 4,
      "f1_local_snap_search_down_px": 12,
      "f1_local_snap_prefer_lower_weight": 0.02,
      "f3_local_snap_x": 698,
      "f3_local_snap_y_px": 173,
      "f3_local_snap_search_px": 6,
      "f3_local_snap_search_up_px": 6,
      "f3_local_snap_search_down_px": 6,
      "f3_local_snap_prefer_lower_weight": 0.0,
      "f4_local_snap_x": 698,
      "f4_local_snap_y_px": 252,
      "f4_local_snap_search_px": 8,
      "f4_local_snap_search_up_px": 6,
      "f4_local_snap_search_down_px": 14,
      "f4_local_snap_prefer_lower_weight": 0.05,
      "f2_local_snap_x": 698,
      "f2_local_snap_y_px": 128,
      "f2_local_snap_search_px": 8,
      "f2_local_snap_search_up_px": 14,
      "f2_local_snap_search_down_px": 2,
      "f2_local_snap_prefer_lower_weight": 0.0,
      "f2_consensus_x_range": [
        692,
        698
      ],
      "f2_consensus_y_px": 132,
      "f2_consensus_anchor_y_px": 128,
      "f2_consensus_seed_y_px": 134,
      "f2_consensus_support_cols": 4,
      "f2_consensus_support_ratio": 0.5864721036499371,
      "f2_consensus_jump_px": 4,
      "f2_consensus_tol_px": 5,
      "f2_consensus_reason": "accepted",
      "f2_consensus_applied": true,
      "f3_consensus_x_range": [
        692,
        698
      ],
      "f3_consensus_y_px": 173,
      "f3_consensus_anchor_y_px": 173,
      "f3_consensus_seed_y_px": 174,
      "f3_consensus_support_cols": 7,
      "f3_consensus_support_ratio": 1.0,
      "f3_consensus_jump_px": 0,
      "f3_consensus_tol_px": 5,
      "f3_consensus_reason": "accepted",
      "f3_consensus_applied": true,
      "f4_consensus_x_range": [
        692,
        698
      ],
      "f4_consensus_y_px": 260,
      "f4_consensus_anchor_y_px": 252,
      "f4_consensus_seed_y_px": 259,
      "f4_consensus_support_cols": 6,
      "f4_consensus_support_ratio": 0.8020147843210989,
      "f4_consensus_jump_px": 8,
      "f4_consensus_tol_px": 6,
      "f4_consensus_reason": "accepted",
      "f4_consensus_applied": true,
      "scale_ranges": {
        "F1": [
          7.2,
          8.4
        ],
        "F2": [
          13.1,
          14.5
        ],
        "F3": [
          18.6,
          20.2
        ],
        "F4": [
          24.1,
          26.5
        ]
      }
    },
    "A": {
      "x_day0": 59,
      "x_day1": 392,
      "x_day2": 726,
      "day_w": 333.5,
      "x_day0_time": 59,
      "x_day1_time": 351,
      "x_day2_time": 643,
      "day_w_time": 292.0,
      "x_plot_end": 935,
      "x1_static": 936,
      "x1_dyn": 935,
      "x1_dyn_used": true,