{
  "saved_at_utc": "2026-04-29T18:49:56.012202+00:00",
  "source": "tomsk_sos70_param_charts",
  "freq_max_hz": 40.0,
  "values": {
    "scale_ranges": {
      "F": {
        "F1": [
          7.2,
          8.4
        ],
        "F2": [
          13.1,
          14.5
        ],
        "F3": [
          18.6,
          20.2
        ],
        "F4": [
          24.1,
          26.5
        ]
      },
      "A": {
        "A1": [
          1.0,
          45.0
        ],
        "A2": [
          1.0,
          61.5
        ],
        "A3": [
          2.2,
          12.2
        ],
        "A4": [
          1.1,
          10.2
        ]
      },
      "Q": {
        "Q1": [
          4.0,
          38.0
        ],
        "Q2": [
          5.0,
          17.5
        ],
        "Q3": [
          7.0,
          23.0
        ],
        "Q4": [
          5.0,
          30.0
        ]
      }
    },
    "scale_units": {
      "F_hz": "Hz",
      "A_value": "idx",
      "Q_value": "idx"
    },
    "F_norm": {
      "F1": 0.11498257839721254,
      "F2": 0.42160278745644597,
      "F3": 0.46689895470383275,
      "F4": 0.6794425087108014
    },
    "F_y_px": {
      "F1": 68,
      "F2": 156,
      "F3": 169,
      "F4": 230
    },
    "F_lane_norm": {
      "F1": 0.47368421052631576,
      "F2": 1.0,
      "F3": 0.2391304347826087,
      "F4": 0.5
    },
    "F_hz": {
      "F1": 7.831578947368421,
      "F2": 13.1,
      "F3": 19.817391304347826,
      "F4": 25.3
    },
    "A_norm": {
      "A1": 0.30662020905923343,
      "A2": 0.5121951219512195,
      "A3": 0.710801393728223,
      "A4": 0.7770034843205574
    },
    "A_y_px": {
      "A1": 123,
      "A2": 182,
      "A3": 239,
      "A4": 258
    },
    "A_lane_norm": {
      "A1": 0.9518072289156626,
      "A2": 0.9183673469387755,
      "A3": 0.8556701030927835,
      "A4": 0.3076923076923077
    },
    "A_value": {
      "A1": 3.1204819277108484,
      "A2": 5.938775510204081,
      "A3": 3.6432989690721644,
      "A4": 7.399999999999999
    },
    "Q_norm": {
      "Q1": 0.28222996515679444,
      "Q2": 0.45993031358885017,
      "Q3": 0.662020905923345,
      "Q4": 0.8222996515679443
    },
    "Q_y_px": {
      "Q1": 116,
      "Q2": 167,
      "Q3": 225,
      "Q4": 271
    },
    "Q_lane_norm": {
      "Q1": 0.7528089887640449,
      "Q2": 0.6494845360824743,
      "Q3": 0.6699029126213593,
      "Q4": 0.4117647058823529
    },
    "Q_value": {
      "Q1": 12.404494382022474,
      "Q2": 9.381443298969073,
      "Q3": 12.281553398058252,
      "Q4": 19.705882352941178
    }
  },
  "debug": {
    "F": {
      "x_day0": 59,
      "x_day1": 372,
      "x_day2": 684,
      "day_w": 312.5,
      "x_day0_time": 59,
      "x_day1_time": 351,
      "x_day2_time": 644,
      "day_w_time": 292.3333333333333,
      "x_plot_end": 936,
      "x1_static": 936,
      "x1_dyn": 977,
      "x1_dyn_used": false,
      "pph": 12.180555555555555,
      "pph_source": "day_width (tick-mismatch-fallback)",
      "pph_tick": 19.0,
      "tick_pph_rel_err": 0.5598631698973775,
      "tick_pph_valid": false,
      "tick_count": 50,
      "tick_quality": 0.6944444444444444,
      "tick_used": false,
      "x_frontier": 655,
      "frontier_method": "activity_scan",
      "frontier_activity_thr": 0.5031032890081405,
      "frontier_activity_right_tail": 0.27558040618896484,
      "frontier_activity_run_px": 8,
      "guard_px": 4,
      "left_guard": 646,
      "right_guard": 651,
      "x_time": 666,
      "x_ideal": 666,
      "x_now": 651,
      "x_now_method": "guard_invalid",
      "hour_now_tsst": 1.8319444444444444,
      "rollover_hour_min": 3.0,
      "rollover_hour_max": 8.5,
      "delta_min_to_guard": -73.88825541619156,
      "delta_min_to_frontier": -54.18472063854048,
      "frontier_day_fill": 0.03762827822120867,
      "rollover_candidate": false,
      "bias_minutes_applied": 0.0,
      "measured_bias_minutes": null,
      "age_hours": null,
      "status": "no_recent_data",
      "x_pick": 650,
      "x_pick_edge": 651,
      "x_pick_safe_right": 924,
      "x_overlay": 651,
      "f1_path_x_range": [
        637,
        651
      ],
      "f1_path_target_col": 13,
      "f1_path_y_px": 61,
      "f4_path_x_range": [
        637,
        651
      ],
      "f4_path_target_col": 13,
      "f4_path_y_px": 230,
      "f1_path2_x_range": [
        641,
        651
      ],
      "f1_path2_target_col": 9,
      "f1_path2_y_px": 61,
      "f1_path2_y_direct_px": 62,
      "f1_path2_direct_used": false,
      "f1_path2_direct_allowed": false,
      "f1_path2_left_weight": 0.35,
      "f1_path2_right_weight": 1.0,
      "f2_path2_x_range": [
        641,
        651
      ],
      "f2_path2_target_col": 9,
      "f2_path2_y_px": 156,
      "f2_path2_y_direct_px": 136,
      "f2_path2_direct_used": false,
      "f2_path2_direct_allowed": false,
      "f2_path2_left_weight": 0.4,
      "f2_path2_right_weight": 1.0,
      "f4_path2_x_range": [
        641,
        651
      ],
      "f4_path2_target_col": 9,
      "f4_path2_y_px": 230,
      "f4_path2_y_direct_px": 230,
      "f4_path2_direct_used": false,
      "f4_path2_direct_allowed": false,
      "f4_path2_left_weight": 0.4,
      "f4_path2_right_weight": 1.0,
      "f1_local_snap_x": 651,
      "f1_local_snap_y_px": 68,
      "f1_local_snap_search_px": 8,
      "f1_local_snap_search_up_px": 4,
      "f1_local_snap_search_down_px": 12,
      "f1_local_snap_prefer_lower_weight": 0.02,
      "f3_local_snap_x": 651,
      "f3_local_snap_y_px": 170,
      "f3_local_snap_search_px": 6,
      "f3_local_snap_search_up_px": 6,
      "f3_local_snap_search_down_px": 6,
      "f3_local_snap_prefer_lower_weight": 0.0,
      "f4_local_snap_x": 651,
      "f4_local_snap_y_px": 230,
      "f4_local_snap_search_px": 8,
      "f4_local_snap_search_up_px": 6,
      "f4_local_snap_search_down_px": 14,
      "f4_local_snap_prefer_lower_weight": 0.05,
      "f2_local_snap_x": 651,
      "f2_local_snap_y_px": 156,
      "f2_local_snap_search_px": 8,
      "f2_local_snap_search_up_px": 14,
      "f2_local_snap_search_down_px": 2,
      "f2_local_snap_prefer_lower_weight": 0.0,
      "f2_consensus_applied": false,
      "f2_consensus_support_cols": 2,
      "f2_consensus_anchor_y_px": 156,
      "f2_consensus_seed_y_px": 112,
      "f2_consensus_reason": "insufficient_inliers",
      "f3_consensus_x_range": [
        645,
        651
      ],
      "f3_consensus_y_px": 169,
      "f3_consensus_anchor_y_px": 170,
      "f3_consensus_seed_y_px": 164,
      "f3_consensus_support_cols": 7,
      "f3_consensus_support_ratio": 1.0,
      "f3_consensus_jump_px": 1,
      "f3_consensus_tol_px": 5,
      "f3_consensus_reason": "accepted",
      "f3_consensus_applied": true,
      "f4_consensus_x_range": [
        645,
        651
      ],
      "f4_consensus_y_px": 230,
      "f4_consensus_anchor_y_px": 230,
      "f4_consensus_seed_y_px": 230,
      "f4_consensus_support_cols": 5,
      "f4_consensus_support_ratio": 0.6835590089318022,
      "f4_consensus_jump_px": 0,
      "f4_consensus_tol_px": 6,
      "f4_consensus_reason": "accepted",
      "f4_consensus_applied": true,
      "scale_ranges": {
        "F1": [
          7.2,
          8.4
        ],
        "F2": [
          13.1,
          14.5
        ],
        "F3": [
          18.6,
          20.2
        ],
        "F4": [
          24.1,
          26.5
        ]
      }
    },
    "A": {
      "x_day0": 59,
      "x_day1": 372,
      "x_day2": 684,
      "day_w": 312.5,
      "x_day0_time": 59,
      "x_day1_time": 351,
      "x_day2_time": 643,
      "day_w_time": 292.0,
      "x_plot_end": 935,
      "x1_static": 936,
      "x1_dyn": 935,
      "x1_dyn_used": true,
      "pph": 12.166666666666666,
      "pph_source": "day_width (tick-mismatch-fallback)",
      "pph_tick": 19.0,
      "tick_pph_rel_err": 0.5616438356164384,
      "tick_pph_valid": false,
      "tick_count": 50,
      "tick_quality": 0.6944444444444444,