{
  "saved_at_utc": "2026-05-29T08:07:26.169992+00:00",
  "source": "tomsk_sos70_param_charts",
  "freq_max_hz": 40.0,
  "values": {
    "scale_ranges": {
      "F": {
        "F1": [
          7.2,
          8.4
        ],
        "F2": [
          13.1,
          14.5
        ],
        "F3": [
          18.6,
          20.2
        ],
        "F4": [
          24.1,
          26.5
        ]
      },
      "A": {
        "A1": [
          1.0,
          45.0
        ],
        "A2": [
          1.0,
          61.5
        ],
        "A3": [
          2.2,
          12.2
        ],
        "A4": [
          1.1,
          10.2
        ]
      },
      "Q": {
        "Q1": [
          4.0,
          38.0
        ],
        "Q2": [
          5.0,
          17.5
        ],
        "Q3": [
          7.0,
          23.0
        ],
        "Q4": [
          5.0,
          30.0
        ]
      }
    },
    "scale_units": {
      "F_hz": "Hz",
      "A_value": "idx",
      "Q_value": "idx"
    },
    "F_norm": {
      "F1": 0.0313588850174216,
      "F2": 0.40069686411149824,
      "F3": 0.5853658536585366,
      "F4": 0.6794425087108014
    },
    "F_y_px": {
      "F1": 44,
      "F2": 150,
      "F3": 203,
      "F4": 230
    },
    "F_lane_norm": {
      "F1": 0.05263157894736842,
      "F2": 0.8846153846153846,
      "F3": 0.9782608695652174,
      "F4": 0.5
    },
    "F_hz": {
      "F1": 8.336842105263159,
      "F2": 13.26153846153846,
      "F3": 18.634782608695655,
      "F4": 25.3
    },
    "A_norm": {
      "A1": 0.28222996515679444,
      "A2": 0.5121951219512195,
      "A3": 0.7003484320557491,
      "A4": 0.8989547038327527
    },
    "A_y_px": {
      "A1": 116,
      "A2": 182,
      "A3": 236,
      "A4": 293
    },
    "A_lane_norm": {
      "A1": 0.8674698795180723,
      "A2": 0.9183673469387755,
      "A3": 0.8247422680412371,
      "A4": 0.6923076923076923
    },
    "A_value": {
      "A1": 6.831325301204821,
      "A2": 5.938775510204081,
      "A3": 3.952577319587629,
      "A4": 3.8999999999999995
    },
    "Q_norm": {
      "Q1": 0.2857142857142857,
      "Q2": 0.5017421602787456,
      "Q3": 0.5923344947735192,
      "Q4": 0.8118466898954704
    },
    "Q_y_px": {
      "Q1": 117,
      "Q2": 179,
      "Q3": 205,
      "Q4": 268
    },
    "Q_lane_norm": {
      "Q1": 0.7640449438202247,
      "Q2": 0.7731958762886598,
      "Q3": 0.47572815533980584,
      "Q4": 0.3764705882352941
    },
    "Q_value": {
      "Q1": 12.022471910112362,
      "Q2": 7.835051546391751,
      "Q3": 15.388349514563107,
      "Q4": 20.588235294117645
    }
  },
  "debug": {
    "F": {
      "x_day0": 59,
      "x_day1": 380,
      "x_day2": 701,
      "day_w": 321.0,
      "x_day0_time": 59,
      "x_day1_time": 351,
      "x_day2_time": 643,
      "day_w_time": 292.0,
      "x_plot_end": 935,
      "x1_static": 936,
      "x1_dyn": 935,
      "x1_dyn_used": true,
      "pph": 12.166666666666666,
      "pph_source": "day_width (tick-mismatch-fallback)",
      "pph_tick": 19.0,
      "tick_pph_rel_err": 0.5616438356164384,
      "tick_pph_valid": false,
      "tick_count": 50,
      "tick_quality": 0.6944444444444444,
      "tick_used": false,
      "x_frontier": 828,
      "frontier_method": "activity_scan",
      "frontier_activity_thr": 0.5006058603525162,
      "frontier_activity_right_tail": 0.09087925404310226,
      "frontier_activity_run_px": 8,
      "guard_px": 4,
      "left_guard": 645,
      "right_guard": 824,
      "x_time": 827,
      "x_ideal": 827,
      "x_now": 827,
      "x_now_method": "ideal",
      "hour_now_tsst": 15.123888888888889,
      "rollover_hour_min": 3.0,
      "rollover_hour_max": 8.5,
      "delta_min_to_guard": -14.794520547945206,
      "delta_min_to_frontier": 4.931506849315069,
      "frontier_day_fill": 0.6335616438356164,
      "rollover_candidate": false,
      "bias_minutes_applied": 0.0,
      "measured_bias_minutes": null,
      "age_hours": null,
      "status": "ok",
      "x_pick": 826,
      "x_pick_edge": 827,
      "x_pick_safe_right": 923,
      "x_overlay": 827,
      "f1_path_x_range": [
        813,
        827
      ],
      "f1_path_target_col": 13,
      "f1_path_y_px": 43,
      "f4_path_x_range": [
        813,
        827
      ],
      "f4_path_target_col": 13,
      "f4_path_y_px": 230,
      "f1_path2_x_range": [
        817,
        827
      ],
      "f1_path2_target_col": 9,
      "f1_path2_y_px": 44,
      "f1_path2_y_direct_px": 44,
      "f1_path2_direct_used": false,
      "f1_path2_direct_allowed": false,
      "f1_path2_left_weight": 0.35,
      "f1_path2_right_weight": 1.0,
      "f2_path2_x_range": [
        817,
        827
      ],
      "f2_path2_target_col": 9,
      "f2_path2_y_px": 150,
      "f2_path2_y_direct_px": 142,
      "f2_path2_direct_used": false,
      "f2_path2_direct_allowed": false,
      "f2_path2_left_weight": 0.4,
      "f2_path2_right_weight": 1.0,
      "f4_path2_x_range": [
        817,
        827
      ],
      "f4_path2_target_col": 9,
      "f4_path2_y_px": 230,
      "f4_path2_y_direct_px": 249,
      "f4_path2_direct_used": false,
      "f4_path2_direct_allowed": false,
      "f4_path2_left_weight": 0.4,
      "f4_path2_right_weight": 1.0,
      "f1_local_snap_x": 827,
      "f1_local_snap_y_px": 44,
      "f1_local_snap_search_px": 8,
      "f1_local_snap_search_up_px": 4,
      "f1_local_snap_search_down_px": 12,
      "f1_local_snap_prefer_lower_weight": 0.02,
      "f3_local_snap_x": 827,
      "f3_local_snap_y_px": 203,
      "f3_local_snap_search_px": 6,
      "f3_local_snap_search_up_px": 6,
      "f3_local_snap_search_down_px": 6,
      "f3_local_snap_prefer_lower_weight": 0.0,
      "f4_local_snap_x": 827,
      "f4_local_snap_y_px": 230,
      "f4_local_snap_search_px": 8,
      "f4_local_snap_search_up_px": 6,
      "f4_local_snap_search_down_px": 14,
      "f4_local_snap_prefer_lower_weight": 0.05,
      "f2_local_snap_x": 827,
      "f2_local_snap_y_px": 150,
      "f2_local_snap_search_px": 8,
      "f2_local_snap_search_up_px": 14,
      "f2_local_snap_search_down_px": 2,
      "f2_local_snap_prefer_lower_weight": 0.0,
      "f2_consensus_applied": false,
      "f2_consensus_support_cols": 2,
      "f2_consensus_anchor_y_px": 150,
      "f2_consensus_seed_y_px": 110,
      "f2_consensus_reason": "insufficient_inliers",
      "f3_consensus_x_range": [
        821,
        827
      ],
      "f3_consensus_y_px": 203,
      "f3_consensus_anchor_y_px": 203,
      "f3_consensus_seed_y_px": 204,
      "f3_consensus_support_cols": 5,
      "f3_consensus_support_ratio": 0.6993011691976885,
      "f3_consensus_jump_px": 0,
      "f3_consensus_tol_px": 5,
      "f3_consensus_reason": "accepted",
      "f3_consensus_applied": true,
      "f4_consensus_applied": false,
      "f4_consensus_x_range": [
        821,
        827
      ],
      "f4_consensus_y_px": 230,
      "f4_consensus_anchor_y_px": 230,
      "f4_consensus_seed_y_px": 230,
      "f4_consensus_support_cols": 3,
      "f4_consensus_support_ratio": 0.3852331631224842,
      "f4_consensus_jump_px": 0,
      "f4_consensus_tol_px": 6,
      "f4_consensus_reason": "low_support",
      "scale_ranges": {
        "F1": [
          7.2,
          8.4
        ],
        "F2": [
          13.1,
          14.5
        ],
        "F3": [
          18.6,
          20.2
        ],
        "F4": [
          24.1,
          26.5
        ]
      }
    },
    "A": {
      "x_day0": 59,
      "x_day1": 372,
      "x_day2": 684,
      "day_w": 312.5,
      "x_day0_time": 59,
      "x_day1_time": 351,
      "x_day2_time": 643,
      "day_w_time": 292.0,
      "x_plot_end": 935,
      "x1_static": 936,
      "x1_dyn": 935,
      "x1_dyn_used": true,
      "pph": 12.166666666666666,
      "pph_source": "day_width (tick-mismatch-fallback)",
      "pph_tick": 19.0,
      "tick_pph_rel_err": 0.5616438356164384,
      "tick_pph_valid": false,
      "tick_count": 50,