{
  "saved_at_utc": "2026-03-29T05:39:04.981688+00:00",
  "source": "tomsk_sos70_param_charts",
  "freq_max_hz": 40.0,
  "values": {
    "scale_ranges": {
      "F": {
        "F1": [
          7.2,
          8.4
        ],
        "F2": [
          13.1,
          14.5
        ],
        "F3": [
          18.6,
          20.2
        ],
        "F4": [
          24.1,
          26.5
        ]
      },
      "A": {
        "A1": [
          1.0,
          45.0
        ],
        "A2": [
          1.0,
          61.5
        ],
        "A3": [
          2.2,
          12.2
        ],
        "A4": [
          1.1,
          10.2
        ]
      },
      "Q": {
        "Q1": [
          4.0,
          38.0
        ],
        "Q2": [
          5.0,
          17.5
        ],
        "Q3": [
          7.0,
          23.0
        ],
        "Q4": [
          5.0,
          30.0
        ]
      }
    },
    "scale_units": {
      "F_hz": "Hz",
      "A_value": "idx",
      "Q_value": "idx"
    },
    "F_norm": {
      "F1": 0.156794425087108,
      "F2": 0.31010452961672474,
      "F3": 0.554006968641115,
      "F4": 0.6794425087108014
    },
    "F_y_px": {
      "F1": 80,
      "F2": 124,
      "F3": 194,
      "F4": 230
    },
    "F_lane_norm": {
      "F1": 0.6842105263157895,
      "F2": 0.38461538461538464,
      "F3": 0.782608695652174,
      "F4": 0.5
    },
    "F_hz": {
      "F1": 7.578947368421053,
      "F2": 13.961538461538462,
      "F3": 18.94782608695652,
      "F4": 25.3
    },
    "A_norm": {
      "A1": 0.30313588850174217,
      "A2": 0.45993031358885017,
      "A3": 0.6933797909407665,
      "A4": 0.9024390243902439
    },
    "A_y_px": {
      "A1": 122,
      "A2": 167,
      "A3": 234,
      "A4": 294
    },
    "A_lane_norm": {
      "A1": 0.9397590361445783,
      "A2": 0.7653061224489796,
      "A3": 0.8041237113402062,
      "A4": 0.7032967032967034
    },
    "A_value": {
      "A1": 3.6506024096385516,
      "A2": 15.19897959183674,
      "A3": 4.158762886597938,
      "A4": 3.799999999999999
    },
    "Q_norm": {
      "Q1": 0.27526132404181186,
      "Q2": 0.3344947735191638,
      "Q3": 0.7038327526132404,
      "Q4": 0.7491289198606271
    },
    "Q_y_px": {
      "Q1": 114,
      "Q2": 131,
      "Q3": 237,
      "Q4": 250
    },
    "Q_lane_norm": {
      "Q1": 0.7303370786516854,
      "Q2": 0.27835051546391754,
      "Q3": 0.7864077669902912,
      "Q4": 0.16470588235294117
    },
    "Q_value": {
      "Q1": 13.168539325842698,
      "Q2": 14.02061855670103,
      "Q3": 10.41747572815534,
      "Q4": 25.88235294117647
    }
  },
  "debug": {
    "F": {
      "x_day0": 59,
      "x_day1": 384,
      "x_day2": 708,
      "day_w": 324.5,
      "x_day0_time": 59,
      "x_day1_time": 351,
      "x_day2_time": 643,
      "day_w_time": 292.0,
      "x_plot_end": 935,
      "x1_static": 936,
      "x1_dyn": 935,
      "x1_dyn_used": true,
      "pph": 12.166666666666666,
      "pph_source": "day_width (tick-mismatch-fallback)",
      "pph_tick": 19.0,
      "tick_pph_rel_err": 0.5616438356164384,
      "tick_pph_valid": false,
      "tick_count": 50,
      "tick_quality": 0.6944444444444444,
      "tick_used": false,
      "x_frontier": 797,
      "frontier_method": "activity_scan",
      "frontier_activity_thr": 0.46404923796653746,
      "frontier_activity_right_tail": 0.15272513031959534,
      "frontier_activity_run_px": 8,
      "guard_px": 4,
      "left_guard": 645,
      "right_guard": 793,
      "x_time": 797,
      "x_ideal": 797,
      "x_now": 797,
      "x_now_method": "ideal",
      "hour_now_tsst": 12.651111111111112,
      "rollover_hour_min": 3.0,
      "rollover_hour_max": 8.5,
      "delta_min_to_guard": -19.726027397260275,
      "delta_min_to_frontier": 0.0,
      "frontier_day_fill": 0.5273972602739726,
      "rollover_candidate": false,
      "bias_minutes_applied": 0.0,
      "measured_bias_minutes": null,
      "age_hours": null,
      "status": "ok",
      "x_pick": 796,
      "x_pick_edge": 797,
      "x_pick_safe_right": 923,
      "x_overlay": 797,
      "f1_path_x_range": [
        783,
        797
      ],
      "f1_path_target_col": 13,
      "f1_path_y_px": 82,
      "f4_path_x_range": [
        783,
        797
      ],
      "f4_path_target_col": 13,
      "f4_path_y_px": 251,
      "f1_path2_x_range": [
        787,
        797
      ],
      "f1_path2_target_col": 9,
      "f1_path2_y_px": 82,
      "f1_path2_y_direct_px": 50,
      "f1_path2_direct_used": false,
      "f1_path2_direct_allowed": false,
      "f1_path2_left_weight": 0.35,
      "f1_path2_right_weight": 1.0,
      "f2_path2_x_range": [
        787,
        797
      ],
      "f2_path2_target_col": 9,
      "f2_path2_y_px": 123,
      "f2_path2_y_direct_px": 121,
      "f2_path2_direct_used": false,
      "f2_path2_direct_allowed": false,
      "f2_path2_left_weight": 0.4,
      "f2_path2_right_weight": 1.0,
      "f4_path2_x_range": [
        787,
        797
      ],
      "f4_path2_target_col": 9,
      "f4_path2_y_px": 230,
      "f4_path2_y_direct_px": 230,
      "f4_path2_direct_used": false,
      "f4_path2_direct_allowed": false,
      "f4_path2_left_weight": 0.4,
      "f4_path2_right_weight": 1.0,
      "f1_local_snap_x": 797,
      "f1_local_snap_y_px": 80,
      "f1_local_snap_search_px": 8,
      "f1_local_snap_search_up_px": 4,
      "f1_local_snap_search_down_px": 12,
      "f1_local_snap_prefer_lower_weight": 0.02,
      "f3_local_snap_x": 797,
      "f3_local_snap_y_px": 197,
      "f3_local_snap_search_px": 6,
      "f3_local_snap_search_up_px": 6,
      "f3_local_snap_search_down_px": 6,
      "f3_local_snap_prefer_lower_weight": 0.0,
      "f4_local_snap_x": 797,
      "f4_local_snap_y_px": 230,
      "f4_local_snap_search_px": 8,
      "f4_local_snap_search_up_px": 6,
      "f4_local_snap_search_down_px": 14,
      "f4_local_snap_prefer_lower_weight": 0.05,
      "f2_local_snap_x": 797,
      "f2_local_snap_y_px": 110,
      "f2_local_snap_search_px": 8,
      "f2_local_snap_search_up_px": 14,
      "f2_local_snap_search_down_px": 2,
      "f2_local_snap_prefer_lower_weight": 0.0,
      "f2_consensus_x_range": [
        791,
        797
      ],
      "f2_consensus_y_px": 124,
      "f2_consensus_anchor_y_px": 110,
      "f2_consensus_seed_y_px": 126,
      "f2_consensus_support_cols": 6,
      "f2_consensus_support_ratio": 0.8195072301640426,
      "f2_consensus_jump_px": 14,
      "f2_consensus_tol_px": 5,
      "f2_consensus_reason": "accepted",
      "f2_consensus_applied": true,
      "f3_consensus_x_range": [
        791,
        797
      ],
      "f3_consensus_y_px": 194,
      "f3_consensus_anchor_y_px": 197,
      "f3_consensus_seed_y_px": 196,
      "f3_consensus_support_cols": 7,
      "f3_consensus_support_ratio": 1.0,
      "f3_consensus_jump_px": 3,
      "f3_consensus_tol_px": 5,
      "f3_consensus_reason": "accepted",
      "f3_consensus_applied": true,
      "f4_consensus_applied": false,
      "f4_consensus_x_range": [
        791,
        797
      ],
      "f4_consensus_y_px": 229,
      "f4_consensus_anchor_y_px": 230,
      "f4_consensus_seed_y_px": 229,
      "f4_consensus_support_cols": 3,
      "f4_consensus_support_ratio": 0.5376339894757357,
      "f4_consensus_jump_px": 1,
      "f4_consensus_tol_px": 6,
      "f4_consensus_reason": "low_support",
      "scale_ranges": {
        "F1": [
          7.2,
          8.4
        ],
        "F2": [
          13.1,
          14.5
        ],
        "F3": [
          18.6,
          20.2
        ],
        "F4": [
          24.1,
          26.5
        ]
      }
    },
    "A": {
      "x_day0": 59,
      "x_day1": 368,
      "x_day2": 678,
      "day_w": 309.5,
      "x_day0_time": 59,
      "x_day1_time": 351,
      "x_day2_time": 643,
      "day_w_time": 292.0,
      "x_plot_end": 935,
      "x1_static": 936,
      "x1_dyn": 935,
      "x1_dyn_used": true,
      "pph": 12.166666666666666,