{
  "saved_at_utc": "2026-03-12T17:08:26.407415+00:00",
  "source": "tomsk_sos70_param_charts",
  "freq_max_hz": 40.0,
  "values": {
    "scale_ranges": {
      "F": {
        "F1": [
          7.2,
          8.4
        ],
        "F2": [
          13.1,
          14.5
        ],
        "F3": [
          18.6,
          20.2
        ],
        "F4": [
          24.1,
          26.5
        ]
      },
      "A": {
        "A1": [
          1.0,
          45.0
        ],
        "A2": [
          1.0,
          61.5
        ],
        "A3": [
          2.2,
          12.2
        ],
        "A4": [
          1.1,
          10.2
        ]
      },
      "Q": {
        "Q1": [
          4.0,
          38.0
        ],
        "Q2": [
          5.0,
          17.5
        ],
        "Q3": [
          7.0,
          23.0
        ],
        "Q4": [
          5.0,
          30.0
        ]
      }
    },
    "scale_units": {
      "F_hz": "Hz",
      "A_value": "idx",
      "Q_value": "idx"
    },
    "F_norm": {
      "F1": 0.05574912891986063,
      "F2": 0.397212543554007,
      "F3": 0.5121951219512195,
      "F4": 0.6829268292682927
    },
    "F_y_px": {
      "F1": 51,
      "F2": 149,
      "F3": 182,
      "F4": 231
    },
    "F_lane_norm": {
      "F1": 0.17543859649122806,
      "F2": 0.8653846153846154,
      "F3": 0.5217391304347826,
      "F4": 0.5217391304347826
    },
    "F_hz": {
      "F1": 8.189473684210526,
      "F2": 13.288461538461538,
      "F3": 19.36521739130435,
      "F4": 25.247826086956522
    },
    "A_norm": {
      "A1": 0.3170731707317073,
      "A2": 0.49477351916376305,
      "A3": 0.7386759581881533,
      "A4": 0.9547038327526133
    },
    "A_y_px": {
      "A1": 126,
      "A2": 177,
      "A3": 247,
      "A4": 309
    },
    "A_lane_norm": {
      "A1": 0.9879518072289156,
      "A2": 0.8673469387755102,
      "A3": 0.9381443298969072,
      "A4": 0.8681318681318682
    },
    "A_value": {
      "A1": 1.5301204819277103,
      "A2": 9.025510204081634,
      "A3": 2.8185567010309267,
      "A4": 2.299999999999999
    },
    "Q_norm": {
      "Q1": 0.15331010452961671,
      "Q2": 0.5435540069686411,
      "Q3": 0.6376306620209059,
      "Q4": 0.9512195121951219
    },
    "Q_y_px": {
      "Q1": 79,
      "Q2": 191,
      "Q3": 218,
      "Q4": 308
    },
    "Q_lane_norm": {
      "Q1": 0.33707865168539325,
      "Q2": 0.8969072164948454,
      "Q3": 0.6019417475728155,
      "Q4": 0.8470588235294118
    },
    "Q_value": {
      "Q1": 26.539325842696627,
      "Q2": 6.288659793814432,
      "Q3": 13.368932038834952,
      "Q4": 8.823529411764707
    }
  },
  "debug": {
    "F": {
      "x_day0": 59,
      "x_day1": 390,
      "x_day2": 721,
      "day_w": 331.0,
      "x_day0_time": 59,
      "x_day1_time": 351,
      "x_day2_time": 644,
      "day_w_time": 292.3333333333333,
      "x_plot_end": 936,
      "x1_static": 936,
      "x1_dyn": 1006,
      "x1_dyn_used": false,
      "pph": 12.180555555555555,
      "pph_source": "day_width (tick-mismatch-fallback)",
      "pph_tick": 19.0,
      "tick_pph_rel_err": 0.5598631698973775,
      "tick_pph_valid": false,
      "tick_count": 50,
      "tick_quality": 0.6944444444444444,
      "tick_used": false,
      "x_frontier": 935,
      "frontier_method": "activity_scan",
      "frontier_activity_thr": 0.38681106120347974,
      "frontier_activity_right_tail": 0.532845139503479,
      "frontier_activity_run_px": 8,
      "guard_px": 4,
      "left_guard": 646,
      "right_guard": 931,
      "x_time": 646,
      "x_ideal": 646,
      "x_now": 646,
      "x_now_method": "ideal",
      "hour_now_tsst": 0.14055555555555554,
      "rollover_hour_min": 3.0,
      "rollover_hour_max": 8.5,
      "delta_min_to_guard": 1403.8768529076397,
      "delta_min_to_frontier": 1423.5803876852908,
      "frontier_day_fill": 0.9954389965792475,
      "rollover_candidate": false,
      "bias_minutes_applied": 0.0,
      "measured_bias_minutes": null,
      "age_hours": null,
      "status": "ok",
      "x_pick": 645,
      "x_pick_edge": 646,
      "x_pick_safe_right": 924,
      "x_overlay": 646,
      "f1_path_x_range": [
        632,
        646
      ],
      "f1_path_target_col": 13,
      "f1_path_y_px": 43,
      "f4_path_x_range": [
        632,
        646
      ],
      "f4_path_target_col": 13,
      "f4_path_y_px": 230,
      "f1_path2_x_range": [
        636,
        646
      ],
      "f1_path2_target_col": 9,
      "f1_path2_y_px": 50,
      "f1_path2_y_direct_px": 50,
      "f1_path2_direct_used": false,
      "f1_path2_direct_allowed": false,
      "f1_path2_left_weight": 0.35,
      "f1_path2_right_weight": 1.0,
      "f2_path2_x_range": [
        636,
        646
      ],
      "f2_path2_target_col": 9,
      "f2_path2_y_px": 147,
      "f2_path2_y_direct_px": 113,
      "f2_path2_direct_used": false,
      "f2_path2_direct_allowed": false,
      "f2_path2_left_weight": 0.4,
      "f2_path2_right_weight": 1.0,
      "f4_path2_x_range": [
        636,
        646
      ],
      "f4_path2_target_col": 9,
      "f4_path2_y_px": 231,
      "f4_path2_y_direct_px": 249,
      "f4_path2_direct_used": false,
      "f4_path2_direct_allowed": false,
      "f4_path2_left_weight": 0.4,
      "f4_path2_right_weight": 1.0,
      "f1_local_snap_x": 646,
      "f1_local_snap_y_px": 51,
      "f1_local_snap_search_px": 8,
      "f1_local_snap_search_up_px": 4,
      "f1_local_snap_search_down_px": 12,
      "f1_local_snap_prefer_lower_weight": 0.02,
      "f3_local_snap_x": 646,
      "f3_local_snap_y_px": 182,
      "f3_local_snap_search_px": 6,
      "f3_local_snap_search_up_px": 6,
      "f3_local_snap_search_down_px": 6,
      "f3_local_snap_prefer_lower_weight": 0.0,
      "f4_local_snap_x": 646,
      "f4_local_snap_y_px": 231,
      "f4_local_snap_search_px": 8,
      "f4_local_snap_search_up_px": 6,
      "f4_local_snap_search_down_px": 14,
      "f4_local_snap_prefer_lower_weight": 0.05,
      "f2_local_snap_x": 646,
      "f2_local_snap_y_px": 149,
      "f2_local_snap_search_px": 8,
      "f2_local_snap_search_up_px": 14,
      "f2_local_snap_search_down_px": 2,
      "f2_local_snap_prefer_lower_weight": 0.0,
      "scale_ranges": {
        "F1": [
          7.2,
          8.4
        ],
        "F2": [
          13.1,
          14.5
        ],
        "F3": [
          18.6,
          20.2
        ],
        "F4": [
          24.1,
          26.5
        ]
      }
    },
    "A": {
      "x_day0": 59,
      "x_day1": 356,
      "x_day2": 654,
      "day_w": 297.5,
      "x_day0_time": 59,
      "x_day1_time": 351,
      "x_day2_time": 644,
      "day_w_time": 292.3333333333333,
      "x_plot_end": 936,
      "x1_static": 936,
      "x1_dyn": 977,
      "x1_dyn_used": false,
      "pph": 12.180555555555555,
      "pph_source": "day_width (tick-mismatch-fallback)",
      "pph_tick": 19.0,
      "tick_pph_rel_err": 0.5598631698973775,
      "tick_pph_valid": false,
      "tick_count": 50,
      "tick_quality": 0.6944444444444444,
      "tick_used": false,
      "x_frontier": 935,
      "frontier_method": "activity_scan",
      "frontier_activity_thr": 0.32246675789356233,
      "frontier_activity_right_tail": 0.4714146554470062,
      "frontier_activity_run_px": 8,
      "guard_px": 6,
      "left_guard": 646,
      "right_guard": 929,
      "x_time": 646,
      "x_ideal": 646,
      "x_now": 646,
      "x_now_method": "ideal",
      "hour_now_tsst": 0.14055555555555554,
      "rollover_hour_min": 3.0,
      "rollover_hour_max": 8.5,
      "delta_min_to_guard": 1394.0250855188142,
      "delta_min_to_frontier": 1423.5803876852908,
      "frontier_day_fill": 0.9954389965792475,
      "rollover_candidate": false,
      "bias_minutes_applied": 0.0,
      "measured_bias_minutes": null,
      "age_hours": null,
      "status": "ok",
      "x_pick": 642,
      "x_pick_safe_right": 912,
      "x_overlay": 642,
      "a2_path2_x_range": [
        632,
        642
      ],