{
  "saved_at_utc": "2026-03-17T22:34:05.070412+00:00",
  "source": "tomsk_sos70_param_charts",
  "freq_max_hz": 40.0,
  "values": {
    "scale_ranges": {
      "F": {
        "F1": [
          7.2,
          8.4
        ],
        "F2": [
          13.1,
          14.5
        ],
        "F3": [
          18.6,
          20.2
        ],
        "F4": [
          24.1,
          26.5
        ]
      },
      "A": {
        "A1": [
          1.0,
          45.0
        ],
        "A2": [
          1.0,
          61.5
        ],
        "A3": [
          2.2,
          12.2
        ],
        "A4": [
          1.1,
          10.2
        ]
      },
      "Q": {
        "Q1": [
          4.0,
          38.0
        ],
        "Q2": [
          5.0,
          17.5
        ],
        "Q3": [
          7.0,
          23.0
        ],
        "Q4": [
          5.0,
          30.0
        ]
      }
    },
    "scale_units": {
      "F_hz": "Hz",
      "A_value": "idx",
      "Q_value": "idx"
    },
    "F_norm": {
      "F1": 0.03484320557491289,
      "F2": 0.29965156794425085,
      "F3": 0.49825783972125437,
      "F4": 0.7421602787456446
    },
    "F_y_px": {
      "F1": 45,
      "F2": 121,
      "F3": 178,
      "F4": 248
    },
    "F_lane_norm": {
      "F1": 0.07017543859649122,
      "F2": 0.3269230769230769,
      "F3": 0.43478260869565216,
      "F4": 0.8913043478260869
    },
    "F_hz": {
      "F1": 8.31578947368421,
      "F2": 14.042307692307693,
      "F3": 19.504347826086956,
      "F4": 24.360869565217392
    },
    "A_norm": {
      "A1": 0.313588850174216,
      "A2": 0.519163763066202,
      "A3": 0.7247386759581882,
      "A4": 0.9616724738675958
    },
    "A_y_px": {
      "A1": 125,
      "A2": 184,
      "A3": 243,
      "A4": 311
    },
    "A_lane_norm": {
      "A1": 0.9759036144578314,
      "A2": 0.9387755102040817,
      "A3": 0.8969072164948454,
      "A4": 0.8901098901098901
    },
    "A_value": {
      "A1": 2.0602409638554207,
      "A2": 4.7040816326530575,
      "A3": 3.2309278350515456,
      "A4": 2.0999999999999996
    },
    "Q_norm": {
      "Q1": 0.3240418118466899,
      "Q2": 0.4912891986062718,
      "Q3": 0.6689895470383276,
      "Q4": 0.8815331010452961
    },
    "Q_y_px": {
      "Q1": 128,
      "Q2": 176,
      "Q3": 227,
      "Q4": 288
    },
    "Q_lane_norm": {
      "Q1": 0.8876404494382022,
      "Q2": 0.7422680412371134,
      "Q3": 0.6893203883495146,
      "Q4": 0.611764705882353
    },
    "Q_value": {
      "Q1": 7.820224719101127,
      "Q2": 8.221649484536082,
      "Q3": 11.970873786407767,
      "Q4": 14.705882352941176
    }
  },
  "debug": {
    "F": {
      "x_day0": 59,
      "x_day1": 392,
      "x_day2": 726,
      "day_w": 333.5,
      "x_day0_time": 59,
      "x_day1_time": 351,
      "x_day2_time": 643,
      "day_w_time": 292.0,
      "x_plot_end": 935,
      "x1_static": 936,
      "x1_dyn": 935,
      "x1_dyn_used": true,
      "pph": 12.166666666666666,
      "pph_source": "day_width (tick-mismatch-fallback)",
      "pph_tick": 19.0,
      "tick_pph_rel_err": 0.5616438356164384,
      "tick_pph_valid": false,
      "tick_count": 50,
      "tick_quality": 0.6944444444444444,
      "tick_used": false,
      "x_frontier": 704,
      "frontier_method": "activity_scan",
      "frontier_activity_thr": 0.47890319824218747,
      "frontier_activity_right_tail": 0.19736310839653015,
      "frontier_activity_run_px": 8,
      "guard_px": 4,
      "left_guard": 645,
      "right_guard": 700,
      "x_time": 711,
      "x_ideal": 711,
      "x_now": 711,
      "x_now_method": "harmonized_prefer_non_rollover",
      "hour_now_tsst": 5.567777777777778,
      "rollover_hour_min": 3.0,
      "rollover_hour_max": 8.5,
      "delta_min_to_guard": -54.24657534246576,
      "delta_min_to_frontier": -34.520547945205486,
      "frontier_day_fill": 0.2089041095890411,
      "rollover_candidate": false,
      "bias_minutes_applied": 0.0,
      "measured_bias_minutes": null,
      "age_hours": null,
      "status": "ok",
      "x_now_before_harmonize": 711,
      "x_pick": 710,
      "x_pick_edge": 711,
      "x_pick_safe_right": 923,
      "x_overlay": 711,
      "f1_path_x_range": [
        697,
        711
      ],
      "f1_path_target_col": 13,
      "f1_path_y_px": 45,
      "f4_path_x_range": [
        697,
        711
      ],
      "f4_path_target_col": 13,
      "f4_path_y_px": 261,
      "f1_path2_x_range": [
        701,
        711
      ],
      "f1_path2_target_col": 9,
      "f1_path2_y_px": 45,
      "f1_path2_y_direct_px": 94,
      "f1_path2_direct_used": false,
      "f1_path2_direct_allowed": false,
      "f1_path2_left_weight": 0.35,
      "f1_path2_right_weight": 1.0,
      "f2_path2_x_range": [
        701,
        711
      ],
      "f2_path2_target_col": 9,
      "f2_path2_y_px": 121,
      "f2_path2_y_direct_px": 121,
      "f2_path2_direct_used": false,
      "f2_path2_direct_allowed": false,
      "f2_path2_left_weight": 0.4,
      "f2_path2_right_weight": 1.0,
      "f4_path2_x_range": [
        701,
        711
      ],
      "f4_path2_target_col": 9,
      "f4_path2_y_px": 260,
      "f4_path2_y_direct_px": 250,
      "f4_path2_direct_used": false,
      "f4_path2_direct_allowed": false,
      "f4_path2_left_weight": 0.4,
      "f4_path2_right_weight": 1.0,
      "f1_local_snap_x": 711,
      "f1_local_snap_y_px": 45,
      "f1_local_snap_search_px": 8,
      "f1_local_snap_search_up_px": 4,
      "f1_local_snap_search_down_px": 12,
      "f1_local_snap_prefer_lower_weight": 0.02,
      "f3_local_snap_x": 711,
      "f3_local_snap_y_px": 178,
      "f3_local_snap_search_px": 6,
      "f3_local_snap_search_up_px": 6,
      "f3_local_snap_search_down_px": 6,
      "f3_local_snap_prefer_lower_weight": 0.0,
      "f4_local_snap_x": 711,
      "f4_local_snap_y_px": 263,
      "f4_local_snap_search_px": 8,
      "f4_local_snap_search_up_px": 6,
      "f4_local_snap_search_down_px": 14,
      "f4_local_snap_prefer_lower_weight": 0.05,
      "f2_local_snap_x": 711,
      "f2_local_snap_y_px": 121,
      "f2_local_snap_search_px": 8,
      "f2_local_snap_search_up_px": 14,
      "f2_local_snap_search_down_px": 2,
      "f2_local_snap_prefer_lower_weight": 0.0,
      "f2_consensus_x_range": [
        705,
        711
      ],
      "f2_consensus_y_px": 121,
      "f2_consensus_anchor_y_px": 121,
      "f2_consensus_seed_y_px": 123,
      "f2_consensus_support_cols": 6,
      "f2_consensus_support_ratio": 0.8024978595093623,
      "f2_consensus_jump_px": 0,
      "f2_consensus_tol_px": 5,
      "f2_consensus_reason": "accepted",
      "f2_consensus_applied": true,
      "f3_consensus_applied": false,
      "f3_consensus_x_range": [
        705,
        711
      ],
      "f3_consensus_y_px": 176,
      "f3_consensus_anchor_y_px": 178,
      "f3_consensus_seed_y_px": 173,
      "f3_consensus_support_cols": 4,
      "f3_consensus_support_ratio": 0.4843613964826745,
      "f3_consensus_jump_px": 2,
      "f3_consensus_tol_px": 5,
      "f3_consensus_reason": "low_support",
      "f4_consensus_x_range": [
        705,
        711
      ],
      "f4_consensus_y_px": 248,
      "f4_consensus_anchor_y_px": 263,
      "f4_consensus_seed_y_px": 254,
      "f4_consensus_support_cols": 4,
      "f4_consensus_support_ratio": 0.6336373202385128,
      "f4_consensus_jump_px": 15,
      "f4_consensus_tol_px": 6,
      "f4_consensus_reason": "accepted",
      "f4_consensus_applied": true,
      "scale_ranges": {
        "F1": [
          7.2,
          8.4
        ],
        "F2": [
          13.1,
          14.5
        ],
        "F3": [
          18.6,
          20.2
        ],
        "F4": [
          24.1,
          26.5
        ]
      }
    },
    "A": {
      "x_day0": 59,
      "x_day1": 392,
      "x_day2": 726,
      "day_w": 333.5,
      "x_day0_time": 59,
      "x_day1_time": 351,
      "x_day2_time": 643,
      "day_w_time": 292.0,
      "x_plot_end": 935,