{
  "saved_at_utc": "2026-06-26T05:34:40.963757+00:00",
  "source": "tomsk_sos70_param_charts",
  "freq_max_hz": 40.0,
  "values": {
    "scale_ranges": {
      "F": {
        "F1": [
          7.2,
          8.4
        ],
        "F2": [
          13.1,
          14.5
        ],
        "F3": [
          18.6,
          20.2
        ],
        "F4": [
          24.1,
          26.5
        ]
      },
      "A": {
        "A1": [
          1.0,
          45.0
        ],
        "A2": [
          1.0,
          61.5
        ],
        "A3": [
          2.2,
          12.2
        ],
        "A4": [
          1.1,
          10.2
        ]
      },
      "Q": {
        "Q1": [
          4.0,
          38.0
        ],
        "Q2": [
          5.0,
          17.5
        ],
        "Q3": [
          7.0,
          23.0
        ],
        "Q4": [
          5.0,
          30.0
        ]
      }
    },
    "scale_units": {
      "F_hz": "Hz",
      "A_value": "idx",
      "Q_value": "idx"
    },
    "F_norm": {
      "F1": 0.1254355400696864,
      "F2": 0.3310104529616725,
      "F3": 0.5644599303135889,
      "F4": 0.6655052264808362
    },
    "F_y_px": {
      "F1": 71,
      "F2": 130,
      "F3": 197,
      "F4": 226
    },
    "F_lane_norm": {
      "F1": 0.5263157894736842,
      "F2": 0.5,
      "F3": 0.8478260869565217,
      "F4": 0.41304347826086957
    },
    "F_hz": {
      "F1": 7.768421052631579,
      "F2": 13.8,
      "F3": 18.843478260869567,
      "F4": 25.508695652173913
    },
    "A_norm": {
      "A1": 0.2787456445993031,
      "A2": 0.5121951219512195,
      "A3": 0.6968641114982579,
      "A4": 0.9128919860627178
    },
    "A_y_px": {
      "A1": 115,
      "A2": 182,
      "A3": 235,
      "A4": 297
    },
    "A_lane_norm": {
      "A1": 0.8554216867469879,
      "A2": 0.9183673469387755,
      "A3": 0.8144329896907216,
      "A4": 0.7362637362637363
    },
    "A_value": {
      "A1": 7.361445783132531,
      "A2": 5.938775510204081,
      "A3": 4.055670103092783,
      "A4": 3.499999999999999
    },
    "Q_norm": {
      "Q1": 0.1289198606271777,
      "Q2": 0.47038327526132406,
      "Q3": 0.6515679442508711,
      "Q4": 0.8815331010452961
    },
    "Q_y_px": {
      "Q1": 72,
      "Q2": 170,
      "Q3": 222,
      "Q4": 288
    },
    "Q_lane_norm": {
      "Q1": 0.25842696629213485,
      "Q2": 0.6804123711340206,
      "Q3": 0.6407766990291263,
      "Q4": 0.611764705882353
    },
    "Q_value": {
      "Q1": 29.213483146067414,
      "Q2": 8.994845360824742,
      "Q3": 12.74757281553398,
      "Q4": 14.705882352941176
    }
  },
  "debug": {
    "F": {
      "x_day0": 59,
      "x_day1": 374,
      "x_day2": 690,
      "day_w": 315.5,
      "x_day0_time": 59,
      "x_day1_time": 351,
      "x_day2_time": 643,
      "day_w_time": 292.0,
      "x_plot_end": 935,
      "x1_static": 936,
      "x1_dyn": 935,
      "x1_dyn_used": true,
      "pph": 12.166666666666666,
      "pph_source": "day_width (tick-mismatch-fallback)",
      "pph_tick": 19.0,
      "tick_pph_rel_err": 0.5616438356164384,
      "tick_pph_valid": false,
      "tick_count": 50,
      "tick_quality": 0.6944444444444444,
      "tick_used": false,
      "x_frontier": 797,
      "frontier_method": "activity_scan",
      "frontier_activity_thr": 0.45668725967407225,
      "frontier_activity_right_tail": 0.1462433636188507,
      "frontier_activity_run_px": 8,
      "guard_px": 4,
      "left_guard": 645,
      "right_guard": 793,
      "x_time": 796,
      "x_ideal": 796,
      "x_now": 796,
      "x_now_method": "ideal",
      "hour_now_tsst": 12.577777777777778,
      "rollover_hour_min": 3.0,
      "rollover_hour_max": 8.5,
      "delta_min_to_guard": -14.794520547945206,
      "delta_min_to_frontier": 4.931506849315069,
      "frontier_day_fill": 0.5273972602739726,
      "rollover_candidate": false,
      "bias_minutes_applied": 0.0,
      "measured_bias_minutes": null,
      "age_hours": null,
      "status": "ok",
      "x_pick": 795,
      "x_pick_edge": 796,
      "x_pick_safe_right": 923,
      "x_overlay": 796,
      "f1_path_x_range": [
        782,
        796
      ],
      "f1_path_target_col": 13,
      "f1_path_y_px": 70,
      "f4_path_x_range": [
        782,
        796
      ],
      "f4_path_target_col": 13,
      "f4_path_y_px": 250,
      "f1_path2_x_range": [
        786,
        796
      ],
      "f1_path2_target_col": 9,
      "f1_path2_y_px": 70,
      "f1_path2_y_direct_px": 70,
      "f1_path2_direct_used": false,
      "f1_path2_direct_allowed": false,
      "f1_path2_left_weight": 0.35,
      "f1_path2_right_weight": 1.0,
      "f2_path2_x_range": [
        786,
        796
      ],
      "f2_path2_target_col": 9,
      "f2_path2_y_px": 132,
      "f2_path2_y_direct_px": 142,
      "f2_path2_direct_used": false,
      "f2_path2_direct_allowed": false,
      "f2_path2_left_weight": 0.4,
      "f2_path2_right_weight": 1.0,
      "f4_path2_x_range": [
        786,
        796
      ],
      "f4_path2_target_col": 9,
      "f4_path2_y_px": 250,
      "f4_path2_y_direct_px": 230,
      "f4_path2_direct_used": false,
      "f4_path2_direct_allowed": false,
      "f4_path2_left_weight": 0.4,
      "f4_path2_right_weight": 1.0,
      "f1_local_snap_x": 796,
      "f1_local_snap_y_px": 71,
      "f1_local_snap_search_px": 8,
      "f1_local_snap_search_up_px": 4,
      "f1_local_snap_search_down_px": 12,
      "f1_local_snap_prefer_lower_weight": 0.02,
      "f3_local_snap_x": 796,
      "f3_local_snap_y_px": 197,
      "f3_local_snap_search_px": 6,
      "f3_local_snap_search_up_px": 6,
      "f3_local_snap_search_down_px": 6,
      "f3_local_snap_prefer_lower_weight": 0.0,
      "f4_local_snap_x": 796,
      "f4_local_snap_y_px": 250,
      "f4_local_snap_search_px": 8,
      "f4_local_snap_search_up_px": 6,
      "f4_local_snap_search_down_px": 14,
      "f4_local_snap_prefer_lower_weight": 0.05,
      "f2_local_snap_x": 796,
      "f2_local_snap_y_px": 130,
      "f2_local_snap_search_px": 8,
      "f2_local_snap_search_up_px": 14,
      "f2_local_snap_search_down_px": 2,
      "f2_local_snap_prefer_lower_weight": 0.0,
      "f2_consensus_applied": false,
      "f2_consensus_support_cols": 2,
      "f2_consensus_anchor_y_px": 130,
      "f2_consensus_seed_y_px": 141,
      "f2_consensus_reason": "insufficient_inliers",
      "f3_consensus_applied": false,
      "f3_consensus_x_range": [
        790,
        796
      ],
      "f3_consensus_y_px": 196,
      "f3_consensus_anchor_y_px": 197,
      "f3_consensus_seed_y_px": 195,
      "f3_consensus_support_cols": 3,
      "f3_consensus_support_ratio": 0.5154195966600776,
      "f3_consensus_jump_px": 1,
      "f3_consensus_tol_px": 5,
      "f3_consensus_reason": "low_support",
      "f4_consensus_x_range": [
        790,
        796
      ],
      "f4_consensus_y_px": 226,
      "f4_consensus_anchor_y_px": 250,
      "f4_consensus_seed_y_px": 226,
      "f4_consensus_support_cols": 6,
      "f4_consensus_support_ratio": 0.806883291674678,
      "f4_consensus_jump_px": 24,
      "f4_consensus_tol_px": 6,
      "f4_consensus_reason": "accepted",
      "f4_consensus_applied": true,
      "scale_ranges": {
        "F1": [
          7.2,
          8.4
        ],
        "F2": [
          13.1,
          14.5
        ],
        "F3": [
          18.6,
          20.2
        ],
        "F4": [
          24.1,
          26.5
        ]
      }
    },
    "A": {
      "x_day0": 59,
      "x_day1": 372,
      "x_day2": 684,
      "day_w": 312.5,
      "x_day0_time": 59,
      "x_day1_time": 351,
      "x_day2_time": 643,
      "day_w_time": 292.0,
      "x_plot_end": 935,
      "x1_static": 936,
      "x1_dyn": 935,
      "x1_dyn_used": true,
      "pph": 12.166666666666666,
      "pph_source": "day_width (tick-mismatch-fallback)",
      "pph_tick": 19.0,
      "tick_pph_rel_err": 0.5616438356164384,
      "tick_pph_valid": false,
      "tick_count": 50,