{
  "saved_at_utc": "2026-05-16T01:09:40.470544+00:00",
  "source": "tomsk_sos70_param_charts",
  "freq_max_hz": 40.0,
  "values": {
    "scale_ranges": {
      "F": {
        "F1": [
          7.2,
          8.4
        ],
        "F2": [
          13.1,
          14.5
        ],
        "F3": [
          18.6,
          20.2
        ],
        "F4": [
          24.1,
          26.5
        ]
      },
      "A": {
        "A1": [
          1.0,
          45.0
        ],
        "A2": [
          1.0,
          61.5
        ],
        "A3": [
          2.2,
          12.2
        ],
        "A4": [
          1.1,
          10.2
        ]
      },
      "Q": {
        "Q1": [
          4.0,
          38.0
        ],
        "Q2": [
          5.0,
          17.5
        ],
        "Q3": [
          7.0,
          23.0
        ],
        "Q4": [
          5.0,
          30.0
        ]
      }
    },
    "scale_units": {
      "F_hz": "Hz",
      "A_value": "idx",
      "Q_value": "idx"
    },
    "F_norm": {
      "F1": 0.1986062717770035,
      "F2": 0.36585365853658536,
      "F3": 0.5156794425087108,
      "F4": 0.7526132404181185
    },
    "F_y_px": {
      "F1": 92,
      "F2": 140,
      "F3": 183,
      "F4": 251
    },
    "F_lane_norm": {
      "F1": 0.8947368421052632,
      "F2": 0.6923076923076923,
      "F3": 0.5434782608695652,
      "F4": 0.9565217391304348
    },
    "F_hz": {
      "F1": 7.326315789473684,
      "F2": 13.53076923076923,
      "F3": 19.330434782608695,
      "F4": 24.20434782608696
    },
    "A_norm": {
      "A1": 0.24738675958188153,
      "A2": 0.4738675958188153,
      "A3": 0.6968641114982579,
      "A4": 0.926829268292683
    },
    "A_y_px": {
      "A1": 106,
      "A2": 171,
      "A3": 235,
      "A4": 301
    },
    "A_lane_norm": {
      "A1": 0.7469879518072289,
      "A2": 0.8061224489795918,
      "A3": 0.8144329896907216,
      "A4": 0.7802197802197802
    },
    "A_value": {
      "A1": 12.132530120481931,
      "A2": 12.729591836734691,
      "A3": 4.055670103092783,
      "A4": 3.0999999999999996
    },
    "Q_norm": {
      "Q1": 0.2578397212543554,
      "Q2": 0.5017421602787456,
      "Q3": 0.6585365853658537,
      "Q4": 0.8222996515679443
    },
    "Q_y_px": {
      "Q1": 109,
      "Q2": 179,
      "Q3": 224,
      "Q4": 271
    },
    "Q_lane_norm": {
      "Q1": 0.6741573033707865,
      "Q2": 0.7731958762886598,
      "Q3": 0.6601941747572816,
      "Q4": 0.4117647058823529
    },
    "Q_value": {
      "Q1": 15.078651685393258,
      "Q2": 7.835051546391751,
      "Q3": 12.436893203883495,
      "Q4": 19.705882352941178
    }
  },
  "debug": {
    "F": {
      "x_day0": 59,
      "x_day1": 374,
      "x_day2": 690,
      "day_w": 315.5,
      "x_day0_time": 59,
      "x_day1_time": 351,
      "x_day2_time": 643,
      "day_w_time": 292.0,
      "x_plot_end": 935,
      "x1_static": 936,
      "x1_dyn": 935,
      "x1_dyn_used": true,
      "pph": 12.166666666666666,
      "pph_source": "day_width (tick-mismatch-fallback)",
      "pph_tick": 19.0,
      "tick_pph_rel_err": 0.5616438356164384,
      "tick_pph_valid": false,
      "tick_count": 50,
      "tick_quality": 0.6944444444444444,
      "tick_used": false,
      "x_frontier": 733,
      "frontier_method": "activity_scan",
      "frontier_activity_thr": 0.49988030195236205,
      "frontier_activity_right_tail": 0.18732954561710358,
      "frontier_activity_run_px": 8,
      "guard_px": 4,
      "left_guard": 645,
      "right_guard": 729,
      "x_time": 742,
      "x_ideal": 742,
      "x_now": 742,
      "x_now_method": "harmonized_pair_cluster",
      "hour_now_tsst": 8.161111111111111,
      "rollover_hour_min": 3.0,
      "rollover_hour_max": 8.5,
      "delta_min_to_guard": -64.10958904109589,
      "delta_min_to_frontier": -44.38356164383562,
      "frontier_day_fill": 0.3082191780821918,
      "rollover_candidate": false,
      "bias_minutes_applied": 0.0,
      "measured_bias_minutes": null,
      "age_hours": null,
      "status": "ok",
      "x_now_before_harmonize": 742,
      "x_pick": 741,
      "x_pick_edge": 742,
      "x_pick_safe_right": 923,
      "x_overlay": 742,
      "f1_path_x_range": [
        728,
        742
      ],
      "f1_path_target_col": 13,
      "f1_path_y_px": 89,
      "f4_path_x_range": [
        728,
        742
      ],
      "f4_path_target_col": 13,
      "f4_path_y_px": 251,
      "f1_path2_x_range": [
        732,
        742
      ],
      "f1_path2_target_col": 9,
      "f1_path2_y_px": 90,
      "f1_path2_y_direct_px": 90,
      "f1_path2_direct_used": false,
      "f1_path2_direct_allowed": false,
      "f1_path2_left_weight": 0.35,
      "f1_path2_right_weight": 1.0,
      "f2_path2_x_range": [
        732,
        742
      ],
      "f2_path2_target_col": 9,
      "f2_path2_y_px": 142,
      "f2_path2_y_direct_px": 134,
      "f2_path2_direct_used": false,
      "f2_path2_direct_allowed": false,
      "f2_path2_left_weight": 0.4,
      "f2_path2_right_weight": 1.0,
      "f4_path2_x_range": [
        732,
        742
      ],
      "f4_path2_target_col": 9,
      "f4_path2_y_px": 251,
      "f4_path2_y_direct_px": 250,
      "f4_path2_direct_used": false,
      "f4_path2_direct_allowed": false,
      "f4_path2_left_weight": 0.4,
      "f4_path2_right_weight": 1.0,
      "f1_local_snap_x": 742,
      "f1_local_snap_y_px": 92,
      "f1_local_snap_search_px": 8,
      "f1_local_snap_search_up_px": 4,
      "f1_local_snap_search_down_px": 12,
      "f1_local_snap_prefer_lower_weight": 0.02,
      "f3_local_snap_x": 742,
      "f3_local_snap_y_px": 183,
      "f3_local_snap_search_px": 6,
      "f3_local_snap_search_up_px": 6,
      "f3_local_snap_search_down_px": 6,
      "f3_local_snap_prefer_lower_weight": 0.0,
      "f4_local_snap_x": 742,
      "f4_local_snap_y_px": 251,
      "f4_local_snap_search_px": 8,
      "f4_local_snap_search_up_px": 6,
      "f4_local_snap_search_down_px": 14,
      "f4_local_snap_prefer_lower_weight": 0.05,
      "f2_local_snap_x": 742,
      "f2_local_snap_y_px": 139,
      "f2_local_snap_search_px": 8,
      "f2_local_snap_search_up_px": 14,
      "f2_local_snap_search_down_px": 2,
      "f2_local_snap_prefer_lower_weight": 0.0,
      "f2_consensus_x_range": [
        736,
        742
      ],
      "f2_consensus_y_px": 140,
      "f2_consensus_anchor_y_px": 139,
      "f2_consensus_seed_y_px": 140,
      "f2_consensus_support_cols": 6,
      "f2_consensus_support_ratio": 0.8148362322114299,
      "f2_consensus_jump_px": 1,
      "f2_consensus_tol_px": 5,
      "f2_consensus_reason": "accepted",
      "f2_consensus_applied": true,
      "f3_consensus_applied": false,
      "f3_consensus_support_cols": 2,
      "f3_consensus_anchor_y_px": 183,
      "f3_consensus_seed_y_px": 166,
      "f3_consensus_reason": "insufficient_inliers",
      "f4_consensus_x_range": [
        736,
        742
      ],
      "f4_consensus_y_px": 251,
      "f4_consensus_anchor_y_px": 251,
      "f4_consensus_seed_y_px": 251,
      "f4_consensus_support_cols": 4,
      "f4_consensus_support_ratio": 0.6804772213215808,
      "f4_consensus_jump_px": 0,
      "f4_consensus_tol_px": 6,
      "f4_consensus_reason": "accepted",
      "f4_consensus_applied": true,
      "scale_ranges": {
        "F1": [
          7.2,
          8.4
        ],
        "F2": [
          13.1,
          14.5
        ],
        "F3": [
          18.6,
          20.2
        ],
        "F4": [
          24.1,
          26.5
        ]
      }
    },
    "A": {
      "x_day0": 59,
      "x_day1": 372,
      "x_day2": 684,
      "day_w": 312.5,
      "x_day0_time": 59,
      "x_day1_time": 351,
      "x_day2_time": 643,
      "day_w_time": 292.0,
      "x_plot_end": 935,
      "x1_static": 936,
      "x1_dyn": 935,
      "x1_dyn_used": true,
      "pph": 12.166666666666666,
      "pph_source": "day_width (tick-mismatch-fallback)",
      "pph_tick": 19.0,
      "tick_pph_rel_err": 0.5616438356164384,