{
  "saved_at_utc": "2026-03-11T05:00:43.113331+00:00",
  "source": "tomsk_sos70_param_charts",
  "freq_max_hz": 40.0,
  "values": {
    "scale_ranges": {
      "F": {
        "F1": [
          7.2,
          8.4
        ],
        "F2": [
          13.1,
          14.5
        ],
        "F3": [
          18.6,
          20.2
        ],
        "F4": [
          24.1,
          26.5
        ]
      },
      "A": {
        "A1": [
          1.0,
          45.0
        ],
        "A2": [
          1.0,
          61.5
        ],
        "A3": [
          2.2,
          12.2
        ],
        "A4": [
          1.1,
          10.2
        ]
      },
      "Q": {
        "Q1": [
          4.0,
          38.0
        ],
        "Q2": [
          5.0,
          17.5
        ],
        "Q3": [
          7.0,
          23.0
        ],
        "Q4": [
          5.0,
          30.0
        ]
      }
    },
    "scale_units": {
      "F_hz": "Hz",
      "A_value": "idx",
      "Q_value": "idx"
    },
    "F_norm": {
      "F1": 0.0313588850174216,
      "F2": 0.42160278745644597,
      "F3": 0.5505226480836237,
      "F4": 0.7317073170731707
    },
    "F_y_px": {
      "F1": 44,
      "F2": 156,
      "F3": 193,
      "F4": 245
    },
    "F_lane_norm": {
      "F1": 0.05263157894736842,
      "F2": 1.0,
      "F3": 0.7608695652173914,
      "F4": 0.8260869565217391
    },
    "F_hz": {
      "F1": 8.336842105263159,
      "F2": 13.1,
      "F3": 18.982608695652175,
      "F4": 24.51739130434783
    },
    "A_norm": {
      "A1": 0.30662020905923343,
      "A2": 0.49477351916376305,
      "A3": 0.7317073170731707,
      "A4": 0.9372822299651568
    },
    "A_y_px": {
      "A1": 123,
      "A2": 177,
      "A3": 245,
      "A4": 304
    },
    "A_lane_norm": {
      "A1": 0.9518072289156626,
      "A2": 0.8673469387755102,
      "A3": 0.9175257731958762,
      "A4": 0.8131868131868132
    },
    "A_value": {
      "A1": 3.1204819277108484,
      "A2": 9.025510204081634,
      "A3": 3.024742268041237,
      "A4": 2.8
    },
    "Q_norm": {
      "Q1": 0.2787456445993031,
      "Q2": 0.4355400696864111,
      "Q3": 0.6968641114982579,
      "Q4": 0.8153310104529616
    },
    "Q_y_px": {
      "Q1": 115,
      "Q2": 160,
      "Q3": 235,
      "Q4": 269
    },
    "Q_lane_norm": {
      "Q1": 0.7415730337078652,
      "Q2": 0.5773195876288659,
      "Q3": 0.7669902912621359,
      "Q4": 0.38823529411764707
    },
    "Q_value": {
      "Q1": 12.786516853932582,
      "Q2": 10.283505154639176,
      "Q3": 10.728155339805825,
      "Q4": 20.294117647058822
    }
  },
  "debug": {
    "F": {
      "x_day0": 59,
      "x_day1": 384,
      "x_day2": 708,
      "day_w": 324.5,
      "x_day0_time": 59,
      "x_day1_time": 351,
      "x_day2_time": 643,
      "day_w_time": 292.0,
      "x_plot_end": 935,
      "x1_static": 936,
      "x1_dyn": 935,
      "x1_dyn_used": true,
      "pph": 12.166666666666666,
      "pph_source": "day_width (tick-mismatch-fallback)",
      "pph_tick": 19.0,
      "tick_pph_rel_err": 0.5616438356164384,
      "tick_pph_valid": false,
      "tick_count": 50,
      "tick_quality": 0.6944444444444444,
      "tick_used": false,
      "x_frontier": 784,
      "frontier_method": "activity_scan",
      "frontier_activity_thr": 0.46114274859428406,
      "frontier_activity_right_tail": 0.15427091717720032,
      "frontier_activity_run_px": 8,
      "guard_px": 4,
      "left_guard": 645,
      "right_guard": 780,
      "x_time": 789,
      "x_ideal": 789,
      "x_now": 780,
      "x_now_method": "snap_to_guard",
      "hour_now_tsst": 12.011666666666667,
      "rollover_hour_min": 3.0,
      "rollover_hour_max": 8.5,
      "delta_min_to_guard": -44.38356164383562,
      "frontier_day_fill": 0.4828767123287671,
      "rollover_candidate": false,
      "bias_minutes_applied": 0.0,
      "measured_bias_minutes": null,
      "age_hours": null,
      "status": "ok",
      "x_pick": 779,
      "x_pick_edge": 780,
      "x_pick_safe_right": 923,
      "x_overlay": 780,
      "f1_path_x_range": [
        766,
        780
      ],
      "f1_path_target_col": 13,
      "f1_path_y_px": 43,
      "f4_path_x_range": [
        766,
        780
      ],
      "f4_path_target_col": 13,
      "f4_path_y_px": 231,
      "f1_path2_x_range": [
        770,
        780
      ],
      "f1_path2_target_col": 9,
      "f1_path2_y_px": 44,
      "f1_path2_y_direct_px": 44,
      "f1_path2_direct_used": false,
      "f1_path2_direct_allowed": false,
      "f1_path2_left_weight": 0.35,
      "f1_path2_right_weight": 1.0,
      "f2_path2_x_range": [
        770,
        780
      ],
      "f2_path2_target_col": 9,
      "f2_path2_y_px": 159,
      "f2_path2_y_direct_px": 158,
      "f2_path2_direct_used": false,
      "f2_path2_direct_allowed": false,
      "f2_path2_left_weight": 0.4,
      "f2_path2_right_weight": 1.0,
      "f4_path2_x_range": [
        770,
        780
      ],
      "f4_path2_target_col": 9,
      "f4_path2_y_px": 231,
      "f4_path2_y_direct_px": 250,
      "f4_path2_direct_used": false,
      "f4_path2_direct_allowed": false,
      "f4_path2_left_weight": 0.4,
      "f4_path2_right_weight": 1.0,
      "f1_local_snap_x": 780,
      "f1_local_snap_y_px": 44,
      "f1_local_snap_search_px": 8,
      "f1_local_snap_search_up_px": 4,
      "f1_local_snap_search_down_px": 12,
      "f1_local_snap_prefer_lower_weight": 0.02,
      "f3_local_snap_x": 780,
      "f3_local_snap_y_px": 193,
      "f3_local_snap_search_px": 6,
      "f3_local_snap_search_up_px": 6,
      "f3_local_snap_search_down_px": 6,
      "f3_local_snap_prefer_lower_weight": 0.0,
      "f4_local_snap_x": 780,
      "f4_local_snap_y_px": 245,
      "f4_local_snap_search_px": 8,
      "f4_local_snap_search_up_px": 6,
      "f4_local_snap_search_down_px": 14,
      "f4_local_snap_prefer_lower_weight": 0.05,
      "f2_local_snap_x": 780,
      "f2_local_snap_y_px": 156,
      "f2_local_snap_search_px": 8,
      "f2_local_snap_search_up_px": 14,
      "f2_local_snap_search_down_px": 2,
      "f2_local_snap_prefer_lower_weight": 0.0,
      "scale_ranges": {
        "F1": [
          7.2,
          8.4
        ],
        "F2": [
          13.1,
          14.5
        ],
        "F3": [
          18.6,
          20.2
        ],
        "F4": [
          24.1,
          26.5
        ]
      }
    },
    "A": {
      "x_day0": 59,
      "x_day1": 386,
      "x_day2": 714,
      "day_w": 327.5,
      "x_day0_time": 59,
      "x_day1_time": 351,
      "x_day2_time": 644,
      "day_w_time": 292.3333333333333,
      "x_plot_end": 936,
      "x1_static": 936,
      "x1_dyn": 977,
      "x1_dyn_used": false,
      "pph": 12.180555555555555,
      "pph_source": "day_width (tick-mismatch-fallback)",
      "pph_tick": 19.0,
      "tick_pph_rel_err": 0.5598631698973775,
      "tick_pph_valid": false,
      "tick_count": 50,
      "tick_quality": 0.6944444444444444,
      "tick_used": false,
      "x_frontier": 935,
      "frontier_method": "activity_scan",
      "frontier_activity_thr": 0.27285874783992764,
      "frontier_activity_right_tail": 0.31603869795799255,
      "frontier_activity_run_px": 8,
      "guard_px": 6,
      "left_guard": 646,
      "right_guard": 929,
      "x_time": 790,
      "x_ideal": 790,
      "x_now": 790,
      "x_now_method": "ideal",
      "hour_now_tsst": 12.011666666666667,
      "rollover_hour_min": 3.0,
      "rollover_hour_max": 8.5,
      "delta_min_to_guard": 684.6978335233752,
      "frontier_day_fill": 0.9954389965792475,
      "rollover_candidate": false,
      "bias_minutes_applied": 0.0,
      "measured_bias_minutes": null,
      "age_hours": null,
      "status": "ok",
      "x_pick": 786,
      "x_pick_safe_right": 912,
      "x_overlay": 786,
      "a2_path2_x_range": [
        776,
        786
      ],
      "a2_path2_target_col": 9,
      "a2_path2_y_px": 178,
      "a2_path2_y_direct_px": 178,
      "a2_path2_direct_used": false,