{
  "saved_at_utc": "2026-05-24T09:02:42.131004+00:00",
  "source": "tomsk_sos70_param_charts",
  "freq_max_hz": 40.0,
  "values": {
    "scale_ranges": {
      "F": {
        "F1": [
          7.2,
          8.4
        ],
        "F2": [
          13.1,
          14.5
        ],
        "F3": [
          18.6,
          20.2
        ],
        "F4": [
          24.1,
          26.5
        ]
      },
      "A": {
        "A1": [
          1.0,
          45.0
        ],
        "A2": [
          1.0,
          61.5
        ],
        "A3": [
          2.2,
          12.2
        ],
        "A4": [
          1.1,
          10.2
        ]
      },
      "Q": {
        "Q1": [
          4.0,
          38.0
        ],
        "Q2": [
          5.0,
          17.5
        ],
        "Q3": [
          7.0,
          23.0
        ],
        "Q4": [
          5.0,
          30.0
        ]
      }
    },
    "scale_units": {
      "F_hz": "Hz",
      "A_value": "idx",
      "Q_value": "idx"
    },
    "F_norm": {
      "F1": 0.1986062717770035,
      "F2": 0.4355400696864111,
      "F3": 0.49477351916376305,
      "F4": 0.6794425087108014
    },
    "F_y_px": {
      "F1": 92,
      "F2": 160,
      "F3": 177,
      "F4": 230
    },
    "F_lane_norm": {
      "F1": 0.8947368421052632,
      "F2": 1.0,
      "F3": 0.41304347826086957,
      "F4": 0.5
    },
    "F_hz": {
      "F1": 7.326315789473684,
      "F2": 13.1,
      "F3": 19.53913043478261,
      "F4": 25.3
    },
    "A_norm": {
      "A1": 0.2857142857142857,
      "A2": 0.5121951219512195,
      "A3": 0.710801393728223,
      "A4": 0.9303135888501742
    },
    "A_y_px": {
      "A1": 117,
      "A2": 182,
      "A3": 239,
      "A4": 302
    },
    "A_lane_norm": {
      "A1": 0.8795180722891566,
      "A2": 0.9183673469387755,
      "A3": 0.8556701030927835,
      "A4": 0.7912087912087912
    },
    "A_value": {
      "A1": 6.30120481927711,
      "A2": 5.938775510204081,
      "A3": 3.6432989690721644,
      "A4": 3.0
    },
    "Q_norm": {
      "Q1": 0.1951219512195122,
      "Q2": 0.44947735191637633,
      "Q3": 0.7038327526132404,
      "Q4": 0.9233449477351916
    },
    "Q_y_px": {
      "Q1": 91,
      "Q2": 164,
      "Q3": 237,
      "Q4": 300
    },
    "Q_lane_norm": {
      "Q1": 0.47191011235955055,
      "Q2": 0.6185567010309279,
      "Q3": 0.7864077669902912,
      "Q4": 0.7529411764705882
    },
    "Q_value": {
      "Q1": 21.95505617977528,
      "Q2": 9.768041237113401,
      "Q3": 10.41747572815534,
      "Q4": 11.176470588235293
    }
  },
  "debug": {
    "F": {
      "x_day0": 59,
      "x_day1": 369,
      "x_day2": 679,
      "day_w": 310.0,
      "x_day0_time": 59,
      "x_day1_time": 351,
      "x_day2_time": 643,
      "day_w_time": 292.0,
      "x_plot_end": 935,
      "x1_static": 936,
      "x1_dyn": 935,
      "x1_dyn_used": true,
      "pph": 12.166666666666666,
      "pph_source": "day_width (tick-mismatch-fallback)",
      "pph_tick": 19.0,
      "tick_pph_rel_err": 0.5616438356164384,
      "tick_pph_valid": false,
      "tick_count": 50,
      "tick_quality": 0.6944444444444444,
      "tick_used": false,
      "x_frontier": 835,
      "frontier_method": "activity_scan",
      "frontier_activity_thr": 0.44043588638305664,
      "frontier_activity_right_tail": 0.08440572023391724,
      "frontier_activity_run_px": 8,
      "guard_px": 4,
      "left_guard": 645,
      "right_guard": 831,
      "x_time": 838,
      "x_ideal": 838,
      "x_now": 838,
      "x_now_method": "ideal",
      "hour_now_tsst": 16.044722222222223,
      "rollover_hour_min": 3.0,
      "rollover_hour_max": 8.5,
      "delta_min_to_guard": -34.520547945205486,
      "delta_min_to_frontier": -14.794520547945206,
      "frontier_day_fill": 0.6575342465753424,
      "rollover_candidate": false,
      "bias_minutes_applied": 0.0,
      "measured_bias_minutes": null,
      "age_hours": null,
      "status": "ok",
      "x_pick": 837,
      "x_pick_edge": 838,
      "x_pick_safe_right": 923,
      "x_overlay": 838,
      "f1_path_x_range": [
        824,
        838
      ],
      "f1_path_target_col": 13,
      "f1_path_y_px": 81,
      "f4_path_x_range": [
        824,
        838
      ],
      "f4_path_target_col": 13,
      "f4_path_y_px": 230,
      "f1_path2_x_range": [
        828,
        838
      ],
      "f1_path2_target_col": 9,
      "f1_path2_y_px": 90,
      "f1_path2_y_direct_px": 90,
      "f1_path2_direct_used": false,
      "f1_path2_direct_allowed": false,
      "f1_path2_left_weight": 0.35,
      "f1_path2_right_weight": 1.0,
      "f2_path2_x_range": [
        828,
        838
      ],
      "f2_path2_target_col": 9,
      "f2_path2_y_px": 160,
      "f2_path2_y_direct_px": 135,
      "f2_path2_direct_used": false,
      "f2_path2_direct_allowed": false,
      "f2_path2_left_weight": 0.4,
      "f2_path2_right_weight": 1.0,
      "f4_path2_x_range": [
        828,
        838
      ],
      "f4_path2_target_col": 9,
      "f4_path2_y_px": 230,
      "f4_path2_y_direct_px": 231,
      "f4_path2_direct_used": false,
      "f4_path2_direct_allowed": false,
      "f4_path2_left_weight": 0.4,
      "f4_path2_right_weight": 1.0,
      "f1_local_snap_x": 838,
      "f1_local_snap_y_px": 92,
      "f1_local_snap_search_px": 8,
      "f1_local_snap_search_up_px": 4,
      "f1_local_snap_search_down_px": 12,
      "f1_local_snap_prefer_lower_weight": 0.02,
      "f3_local_snap_x": 838,
      "f3_local_snap_y_px": 177,
      "f3_local_snap_search_px": 6,
      "f3_local_snap_search_up_px": 6,
      "f3_local_snap_search_down_px": 6,
      "f3_local_snap_prefer_lower_weight": 0.0,
      "f4_local_snap_x": 838,
      "f4_local_snap_y_px": 231,
      "f4_local_snap_search_px": 8,
      "f4_local_snap_search_up_px": 6,
      "f4_local_snap_search_down_px": 14,
      "f4_local_snap_prefer_lower_weight": 0.05,
      "f2_local_snap_x": 838,
      "f2_local_snap_y_px": 159,
      "f2_local_snap_search_px": 8,
      "f2_local_snap_search_up_px": 14,
      "f2_local_snap_search_down_px": 2,
      "f2_local_snap_prefer_lower_weight": 0.0,
      "f2_consensus_x_range": [
        832,
        838
      ],
      "f2_consensus_y_px": 160,
      "f2_consensus_anchor_y_px": 159,
      "f2_consensus_seed_y_px": 162,
      "f2_consensus_support_cols": 6,
      "f2_consensus_support_ratio": 0.8029234985815262,
      "f2_consensus_jump_px": 1,
      "f2_consensus_tol_px": 5,
      "f2_consensus_reason": "accepted",
      "f2_consensus_applied": true,
      "f3_consensus_x_range": [
        832,
        838
      ],
      "f3_consensus_y_px": 177,
      "f3_consensus_anchor_y_px": 177,
      "f3_consensus_seed_y_px": 174,
      "f3_consensus_support_cols": 5,
      "f3_consensus_support_ratio": 0.8052278706611219,
      "f3_consensus_jump_px": 0,
      "f3_consensus_tol_px": 5,
      "f3_consensus_reason": "accepted",
      "f3_consensus_applied": true,
      "f4_consensus_x_range": [
        832,
        838
      ],
      "f4_consensus_y_px": 230,
      "f4_consensus_anchor_y_px": 231,
      "f4_consensus_seed_y_px": 228,
      "f4_consensus_support_cols": 7,
      "f4_consensus_support_ratio": 1.0,
      "f4_consensus_jump_px": 1,
      "f4_consensus_tol_px": 6,
      "f4_consensus_reason": "accepted",
      "f4_consensus_applied": true,
      "scale_ranges": {
        "F1": [
          7.2,
          8.4
        ],
        "F2": [
          13.1,
          14.5
        ],
        "F3": [
          18.6,
          20.2
        ],
        "F4": [
          24.1,
          26.5
        ]
      }
    },
    "A": {
      "x_day0": 59,
      "x_day1": 368,
      "x_day2": 678,
      "day_w": 309.5,
      "x_day0_time": 59,
      "x_day1_time": 351,
      "x_day2_time": 643,
      "day_w_time": 292.0,
      "x_plot_end": 935,
      "x1_static": 936,
      "x1_dyn": 935,
      "x1_dyn_used": true,
      "pph": 12.166666666666666,
      "pph_source": "day_width (tick-mismatch-fallback)",