{
  "saved_at_utc": "2026-06-05T18:25:11.634386+00:00",
  "source": "tomsk_sos70_param_charts",
  "freq_max_hz": 40.0,
  "values": {
    "scale_ranges": {
      "F": {
        "F1": [
          7.2,
          8.4
        ],
        "F2": [
          13.1,
          14.5
        ],
        "F3": [
          18.6,
          20.2
        ],
        "F4": [
          24.1,
          26.5
        ]
      },
      "A": {
        "A1": [
          1.0,
          45.0
        ],
        "A2": [
          1.0,
          61.5
        ],
        "A3": [
          2.2,
          12.2
        ],
        "A4": [
          1.1,
          10.2
        ]
      },
      "Q": {
        "Q1": [
          4.0,
          38.0
        ],
        "Q2": [
          5.0,
          17.5
        ],
        "Q3": [
          7.0,
          23.0
        ],
        "Q4": [
          5.0,
          30.0
        ]
      }
    },
    "scale_units": {
      "F_hz": "Hz",
      "A_value": "idx",
      "Q_value": "idx"
    },
    "F_norm": {
      "F1": 0.20905923344947736,
      "F2": 0.3344947735191638,
      "F3": 0.4529616724738676,
      "F4": 0.6829268292682927
    },
    "F_y_px": {
      "F1": 95,
      "F2": 131,
      "F3": 165,
      "F4": 231
    },
    "F_lane_norm": {
      "F1": 0.9473684210526315,
      "F2": 0.5192307692307693,
      "F3": 0.15217391304347827,
      "F4": 0.5217391304347826
    },
    "F_hz": {
      "F1": 7.2631578947368425,
      "F2": 13.773076923076923,
      "F3": 19.956521739130434,
      "F4": 25.247826086956522
    },
    "A_norm": {
      "A1": 0.1951219512195122,
      "A2": 0.40069686411149824,
      "A3": 0.4564459930313589,
      "A4": 0.9581881533101045
    },
    "A_y_px": {
      "A1": 91,
      "A2": 150,
      "A3": 166,
      "A4": 310
    },
    "A_lane_norm": {
      "A1": 0.5662650602409639,
      "A2": 0.5918367346938775,
      "A3": 0.10309278350515463,
      "A4": 0.8791208791208791
    },
    "A_value": {
      "A1": 20.08433734939759,
      "A2": 25.693877551020407,
      "A3": 11.169072164948453,
      "A4": 2.2
    },
    "Q_norm": {
      "Q1": 0.1986062717770035,
      "Q2": 0.3344947735191638,
      "Q3": 0.4529616724738676,
      "Q4": 0.9581881533101045
    },
    "Q_y_px": {
      "Q1": 92,
      "Q2": 131,
      "Q3": 165,
      "Q4": 310
    },
    "Q_lane_norm": {
      "Q1": 0.48314606741573035,
      "Q2": 0.27835051546391754,
      "Q3": 0.08737864077669903,
      "Q4": 0.8705882352941177
    },
    "Q_value": {
      "Q1": 21.573033707865168,
      "Q2": 14.02061855670103,
      "Q3": 21.601941747572816,
      "Q4": 8.235294117647058
    }
  },
  "debug": {
    "F": {
      "x_day0": 59,
      "x_day1": 372,
      "x_day2": 684,
      "day_w": 312.5,
      "x_day0_time": 59,
      "x_day1_time": 351,
      "x_day2_time": 643,
      "day_w_time": 292.0,
      "x_plot_end": 935,
      "x1_static": 936,
      "x1_dyn": 935,
      "x1_dyn_used": true,
      "pph": 12.166666666666666,
      "pph_source": "day_width (tick-mismatch-fallback)",
      "pph_tick": 19.0,
      "tick_pph_rel_err": 0.5616438356164384,
      "tick_pph_valid": false,
      "tick_count": 50,
      "tick_quality": 0.6944444444444444,
      "tick_used": false,
      "x_frontier": 894,
      "frontier_method": "activity_scan",
      "frontier_activity_thr": 0.5095594465732575,
      "frontier_activity_right_tail": 0.17725998163223267,
      "frontier_activity_run_px": 8,
      "guard_px": 4,
      "left_guard": 645,
      "right_guard": 890,
      "x_time": 660,
      "x_ideal": 660,
      "x_now": 660,
      "x_now_method": "ideal",
      "hour_now_tsst": 1.4197222222222223,
      "rollover_hour_min": 3.0,
      "rollover_hour_max": 8.5,
      "delta_min_to_guard": 1134.2465753424658,
      "delta_min_to_frontier": 1153.972602739726,
      "frontier_day_fill": 0.8595890410958904,
      "rollover_candidate": false,
      "bias_minutes_applied": 0.0,
      "measured_bias_minutes": null,
      "age_hours": null,
      "status": "ok",
      "x_pick": 659,
      "x_pick_edge": 660,
      "x_pick_safe_right": 923,
      "x_overlay": 660,
      "f1_path_x_range": [
        646,
        660
      ],
      "f1_path_target_col": 13,
      "f1_path_y_px": 90,
      "f4_path_x_range": [
        646,
        660
      ],
      "f4_path_target_col": 13,
      "f4_path_y_px": 230,
      "f1_path2_x_range": [
        650,
        660
      ],
      "f1_path2_target_col": 9,
      "f1_path2_y_px": 90,
      "f1_path2_y_direct_px": 67,
      "f1_path2_direct_used": false,
      "f1_path2_direct_allowed": false,
      "f1_path2_left_weight": 0.35,
      "f1_path2_right_weight": 1.0,
      "f2_path2_x_range": [
        650,
        660
      ],
      "f2_path2_target_col": 9,
      "f2_path2_y_px": 130,
      "f2_path2_y_direct_px": 131,
      "f2_path2_direct_used": false,
      "f2_path2_direct_allowed": false,
      "f2_path2_left_weight": 0.4,
      "f2_path2_right_weight": 1.0,
      "f4_path2_x_range": [
        650,
        660
      ],
      "f4_path2_target_col": 9,
      "f4_path2_y_px": 230,
      "f4_path2_y_direct_px": 250,
      "f4_path2_direct_used": false,
      "f4_path2_direct_allowed": false,
      "f4_path2_left_weight": 0.4,
      "f4_path2_right_weight": 1.0,
      "f1_local_snap_x": 660,
      "f1_local_snap_y_px": 95,
      "f1_local_snap_search_px": 8,
      "f1_local_snap_search_up_px": 4,
      "f1_local_snap_search_down_px": 12,
      "f1_local_snap_prefer_lower_weight": 0.02,
      "f3_local_snap_x": 660,
      "f3_local_snap_y_px": 165,
      "f3_local_snap_search_px": 6,
      "f3_local_snap_search_up_px": 6,
      "f3_local_snap_search_down_px": 6,
      "f3_local_snap_prefer_lower_weight": 0.0,
      "f4_local_snap_x": 660,
      "f4_local_snap_y_px": 231,
      "f4_local_snap_search_px": 8,
      "f4_local_snap_search_up_px": 6,
      "f4_local_snap_search_down_px": 14,
      "f4_local_snap_prefer_lower_weight": 0.05,
      "f2_local_snap_x": 660,
      "f2_local_snap_y_px": 131,
      "f2_local_snap_search_px": 8,
      "f2_local_snap_search_up_px": 14,
      "f2_local_snap_search_down_px": 2,
      "f2_local_snap_prefer_lower_weight": 0.0,
      "f2_consensus_x_range": [
        654,
        660
      ],
      "f2_consensus_y_px": 131,
      "f2_consensus_anchor_y_px": 131,
      "f2_consensus_seed_y_px": 127,
      "f2_consensus_support_cols": 5,
      "f2_consensus_support_ratio": 0.696655701754386,
      "f2_consensus_jump_px": 0,
      "f2_consensus_tol_px": 5,
      "f2_consensus_reason": "accepted",
      "f2_consensus_applied": true,
      "f3_consensus_x_range": [
        654,
        660
      ],
      "f3_consensus_y_px": 165,
      "f3_consensus_anchor_y_px": 165,
      "f3_consensus_seed_y_px": 166,
      "f3_consensus_support_cols": 5,
      "f3_consensus_support_ratio": 0.7625134657885677,
      "f3_consensus_jump_px": 0,
      "f3_consensus_tol_px": 5,
      "f3_consensus_reason": "accepted",
      "f3_consensus_applied": true,
      "f4_consensus_x_range": [
        654,
        660
      ],
      "f4_consensus_y_px": 231,
      "f4_consensus_anchor_y_px": 231,
      "f4_consensus_seed_y_px": 231,
      "f4_consensus_support_cols": 6,
      "f4_consensus_support_ratio": 0.8096212896622312,
      "f4_consensus_jump_px": 0,
      "f4_consensus_tol_px": 6,
      "f4_consensus_reason": "accepted",
      "f4_consensus_applied": true,
      "scale_ranges": {
        "F1": [
          7.2,
          8.4
        ],
        "F2": [
          13.1,
          14.5
        ],
        "F3": [
          18.6,
          20.2
        ],
        "F4": [
          24.1,
          26.5
        ]
      }
    },
    "A": {
      "x_day0": 59,
      "x_day1": 372,
      "x_day2": 684,
      "day_w": 312.5,
      "x_day0_time": 59,
      "x_day1_time": 351,
      "x_day2_time": 643,
      "day_w_time": 292.0,
      "x_plot_end": 935,
      "x1_static": 936,
      "x1_dyn": 935,
      "x1_dyn_used": true,